=== HOLLOWS ENGINE ===
FPS: 0 | Pixel: 0.0ms | Input: 0.000ms | Texture: 0.000ms
Camera: [0.00, 0.00, 6.00]

--- DATA (valid / total) ---
  Bool               1 / 1
  Int                5 / 5
  I64                2 / 2
  F32                5 / 5
  F64                2 / 2
  CString            6 / 6
  Vec3               1 / 1
  Vertex             140 / 140
  Model              1 / 1
  Texture            1 / 1
  Bounds             43270 / 43270
  Debug_Stats        1 / 1
  FrameData          1 / 1
  Strings_Builder    1 / 1
  DataPoint          1 / 1
  Field              3 / 3
  Metadata           43441 / 43441
  TOTAL              86882 / 86882

--- FETCHES (edit / copy / set) ---
  Int                1452 / 0 / 0
  I64                2 / 0 / 0
  F32                1 / 0 / 0
  F64                1 / 0 / 0
  CString            5 / 0 / 0
  Vec3               6 / 0 / 0
  Model              1 / 0 / 0
  Texture            3 / 0 / 0
  Bounds             54702 / 0 / 0
  Debug_Stats        3 / 0 / 0
  Strings_Builder    1 / 0 / 0
  DataPoint          3 / 0 / 0
  Field              5 / 0 / 0

--- FIELD OCCUPANCY ---
  Field[0] 'world_field' levels:4 dims:3
    bounds X:[-8.0000,8.0000] Y:[-8.0000,8.0000] Z:[-8.0000,8.0000]
    level 0: 1 / 1 cells occupied
    level 1: 2 / 8 cells occupied
    level 2: 4 / 64 cells occupied
    level 3: 6 / 512 cells occupied
    level 4: 6 / 4096 cells occupied
  Field[1] 'model_field' levels:4 dims:3
    bounds X:[-1.0000,1.0000] Y:[-1.0000,1.0000] Z:[-1.0000,1.0000]
    level 0: 1 / 1 cells occupied
    level 1: 6 / 8 cells occupied
    level 2: 28 / 64 cells occupied
    level 3: 96 / 512 cells occupied
    level 4: 140 / 4096 cells occupied
  Field[2] 'screen_field' levels:0 dims:2
    bounds X:[0.0000,800.0000] Y:[0.0000,600.0000] Z:[0.0000,1.0000]
    level 0: 0 / 1 cells occupied

[F2: enable fetch timing]

---
=== HOLLOWS ENGINE ===
FPS: 393 | Pixel: 1.9ms | Input: 0.000ms | Texture: 0.542ms
Camera: [0.00, 0.00, 6.00]

--- DATA (valid / total) ---
  Bool               1 / 1
  Int                5 / 5
  I64                2 / 2
  F32                5 / 5
  F64                2 / 2
  CString            6 / 6
  Vec3               1 / 1
  Vertex             140 / 140
  Model              1 / 1
  Texture            1 / 1
  Bounds             43270 / 43270
  Debug_Stats        1 / 1
  FrameData          1 / 1
  Strings_Builder    1 / 1
  DataPoint          1 / 1
  Field              3 / 3
  Metadata           43441 / 43441
  TOTAL              86882 / 86882

--- FETCHES (edit / copy / set) ---
  Int                600705 / 0 / 0
  I64                1664 / 0 / 0
  F32                832 / 0 / 0
  F64                832 / 0 / 0
  Vec3               2497 / 0 / 0
  Texture            832 / 0 / 0
  Bounds             40753856 / 0 / 0
  Debug_Stats        4160 / 0 / 0
  DataPoint          832 / 0 / 0
  Field              832 / 0 / 0

--- FIELD OCCUPANCY ---
  Field[0] 'world_field' levels:4 dims:3
    bounds X:[-8.0000,8.0000] Y:[-8.0000,8.0000] Z:[-8.0000,8.0000]
    level 0: 1 / 1 cells occupied
    level 1: 2 / 8 cells occupied
    level 2: 4 / 64 cells occupied
    level 3: 6 / 512 cells occupied
    level 4: 6 / 4096 cells occupied
  Field[1] 'model_field' levels:4 dims:3
    bounds X:[-1.0000,1.0000] Y:[-1.0000,1.0000] Z:[-1.0000,1.0000]
    level 0: 1 / 1 cells occupied
    level 1: 6 / 8 cells occupied
    level 2: 28 / 64 cells occupied
    level 3: 96 / 512 cells occupied
    level 4: 140 / 4096 cells occupied
  Field[2] 'screen_field' levels:0 dims:2
    bounds X:[0.0000,800.0000] Y:[0.0000,600.0000] Z:[0.0000,1.0000]
    level 0: 0 / 1 cells occupied

[F2: enable fetch timing]

---
=== HOLLOWS ENGINE ===
FPS: 385 | Pixel: 2.1ms | Input: 0.000ms | Texture: 0.489ms
Camera: [0.00, 0.04, 5.56]

--- DATA (valid / total) ---
  Bool               1 / 1
  Int                5 / 5
  I64                2 / 2
  F32                5 / 5
  F64                2 / 2
  CString            6 / 6
  Vec3               1 / 1
  Vertex             140 / 140
  Model              1 / 1
  Texture            1 / 1
  Bounds             52218 / 52218
  Debug_Stats        1 / 1
  FrameData          1 / 1
  Strings_Builder    1 / 1
  DataPoint          1 / 1
  Field              3 / 3
  Metadata           52389 / 52389
  TOTAL              104778 / 104778

--- FETCHES (edit / copy / set) ---
  Int                599983 / 0 / 0
  I64                1662 / 0 / 0
  F32                831 / 0 / 0
  F64                831 / 0 / 0
  Vec3               2494 / 0 / 0
  Texture            831 / 0 / 0
  Bounds             42156618 / 0 / 0
  Debug_Stats        4155 / 0 / 0
  DataPoint          831 / 0 / 0
  Field              831 / 0 / 0

--- FIELD OCCUPANCY ---
  Field[0] 'world_field' levels:4 dims:3
    bounds X:[-8.0000,8.0000] Y:[-8.0000,8.0000] Z:[-8.0000,8.0000]
    level 0: 1 / 1 cells occupied
    level 1: 2 / 8 cells occupied
    level 2: 4 / 64 cells occupied
    level 3: 6 / 512 cells occupied
    level 4: 6 / 4096 cells occupied
  Field[1] 'model_field' levels:4 dims:3
    bounds X:[-1.0000,1.0000] Y:[-1.0000,1.0000] Z:[-1.0000,1.0000]
    level 0: 1 / 1 cells occupied
    level 1: 6 / 8 cells occupied
    level 2: 28 / 64 cells occupied
    level 3: 96 / 512 cells occupied
    level 4: 140 / 4096 cells occupied
  Field[2] 'screen_field' levels:0 dims:2
    bounds X:[0.0000,800.0000] Y:[0.0000,600.0000] Z:[0.0000,1.0000]
    level 0: 0 / 1 cells occupied

[F2: enable fetch timing]

---
=== HOLLOWS ENGINE ===
FPS: 256 | Pixel: 3.4ms | Input: 0.000ms | Texture: 0.491ms
Camera: [0.00, -0.18, 4.50]

--- DATA (valid / total) ---
  Bool               1 / 1
  Int                5 / 5
  I64                2 / 2
  F32                5 / 5
  F64                2 / 2
  CString            6 / 6
  Vec3               1 / 1
  Vertex             140 / 140
  Model              1 / 1
  Texture            1 / 1
  Bounds             92250 / 92250
  Debug_Stats        1 / 1
  FrameData          1 / 1
  Strings_Builder    1 / 1
  DataPoint          1 / 1
  Field              3 / 3
  Metadata           92421 / 92421
  TOTAL              184842 / 184842

--- FETCHES (edit / copy / set) ---
  Int                441865 / 0 / 0
  I64                1224 / 0 / 0
  F32                612 / 0 / 0
  F64                612 / 0 / 0
  Vec3               1837 / 0 / 0
  Texture            612 / 0 / 0
  Bounds             48756236 / 0 / 0
  Debug_Stats        3060 / 0 / 0
  DataPoint          612 / 0 / 0
  Field              612 / 0 / 0

--- FIELD OCCUPANCY ---
  Field[0] 'world_field' levels:4 dims:3
    bounds X:[-8.0000,8.0000] Y:[-8.0000,8.0000] Z:[-8.0000,8.0000]
    level 0: 1 / 1 cells occupied
    level 1: 2 / 8 cells occupied
    level 2: 4 / 64 cells occupied
    level 3: 6 / 512 cells occupied
    level 4: 6 / 4096 cells occupied
  Field[1] 'model_field' levels:4 dims:3
    bounds X:[-1.0000,1.0000] Y:[-1.0000,1.0000] Z:[-1.0000,1.0000]
    level 0: 1 / 1 cells occupied
    level 1: 6 / 8 cells occupied
    level 2: 28 / 64 cells occupied
    level 3: 96 / 512 cells occupied
    level 4: 140 / 4096 cells occupied
  Field[2] 'screen_field' levels:0 dims:2
    bounds X:[0.0000,800.0000] Y:[0.0000,600.0000] Z:[0.0000,1.0000]
    level 0: 0 / 1 cells occupied

[F2: enable fetch timing]

---
=== HOLLOWS ENGINE ===
FPS: 1044 | Pixel: 0.4ms | Input: 0.000ms | Texture: 0.489ms
Camera: [0.00, -0.18, 1.89]

--- DATA (valid / total) ---
  Bool               1 / 1
  Int                5 / 5
  I64                2 / 2
  F32                5 / 5
  F64                2 / 2
  CString            6 / 6
  Vec3               1 / 1
  Vertex             140 / 140
  Model              1 / 1
  Texture            1 / 1
  Bounds             259762 / 259762
  Debug_Stats        1 / 1
  FrameData          1 / 1
  Strings_Builder    1 / 1
  DataPoint          1 / 1
  Field              3 / 3
  Metadata           259933 / 259933
  TOTAL              519866 / 519866

--- FETCHES (edit / copy / set) ---
  Int                591169 / 0 / 0
  I64                1728 / 0 / 0
  F32                864 / 0 / 0
  F64                864 / 0 / 0
  Vec3               2593 / 0 / 0
  Texture            864 / 0 / 0
  Bounds             36380925 / 0 / 0
  Debug_Stats        4320 / 0 / 0
  DataPoint          864 / 0 / 0
  Field              864 / 0 / 0

--- FIELD OCCUPANCY ---
  Field[0] 'world_field' levels:4 dims:3
    bounds X:[-8.0000,8.0000] Y:[-8.0000,8.0000] Z:[-8.0000,8.0000]
    level 0: 1 / 1 cells occupied
    level 1: 2 / 8 cells occupied
    level 2: 4 / 64 cells occupied
    level 3: 6 / 512 cells occupied
    level 4: 6 / 4096 cells occupied
  Field[1] 'model_field' levels:4 dims:3
    bounds X:[-1.0000,1.0000] Y:[-1.0000,1.0000] Z:[-1.0000,1.0000]
    level 0: 1 / 1 cells occupied
    level 1: 6 / 8 cells occupied
    level 2: 28 / 64 cells occupied
    level 3: 96 / 512 cells occupied
    level 4: 140 / 4096 cells occupied
  Field[2] 'screen_field' levels:0 dims:2
    bounds X:[0.0000,800.0000] Y:[0.0000,600.0000] Z:[0.0000,1.0000]
    level 0: 0 / 1 cells occupied

[F2: enable fetch timing]

---
=== HOLLOWS ENGINE ===
FPS: 208 | Pixel: 4.2ms | Input: 0.000ms | Texture: 0.492ms
Camera: [0.00, -0.18, 4.12]

--- DATA (valid / total) ---
  Bool               1 / 1
  Int                5 / 5
  I64                2 / 2
  F32                5 / 5
  F64                2 / 2
  CString            6 / 6
  Vec3               1 / 1
  Vertex             140 / 140
  Model              1 / 1
  Texture            1 / 1
  Bounds             260289 / 260289
  Debug_Stats        1 / 1
  FrameData          1 / 1
  Strings_Builder    1 / 1
  DataPoint          1 / 1
  Field              3 / 3
  Metadata           260460 / 260460
  TOTAL              520920 / 520920

--- FETCHES (edit / copy / set) ---
  Int                734245 / 0 / 0
  I64                2244 / 0 / 0
  F32                1122 / 0 / 0
  F64                1122 / 0 / 0
  Vec3               3367 / 0 / 0
  Texture            1122 / 0 / 0
  Bounds             30156669 / 0 / 0
  Debug_Stats        5610 / 0 / 0
  DataPoint          1122 / 0 / 0
  Field              1122 / 0 / 0

--- FIELD OCCUPANCY ---
  Field[0] 'world_field' levels:4 dims:3
    bounds X:[-8.0000,8.0000] Y:[-8.0000,8.0000] Z:[-8.0000,8.0000]
    level 0: 1 / 1 cells occupied
    level 1: 2 / 8 cells occupied
    level 2: 4 / 64 cells occupied
    level 3: 6 / 512 cells occupied
    level 4: 6 / 4096 cells occupied
  Field[1] 'model_field' levels:4 dims:3
    bounds X:[-1.0000,1.0000] Y:[-1.0000,1.0000] Z:[-1.0000,1.0000]
    level 0: 1 / 1 cells occupied
    level 1: 6 / 8 cells occupied
    level 2: 28 / 64 cells occupied
    level 3: 96 / 512 cells occupied
    level 4: 140 / 4096 cells occupied
  Field[2] 'screen_field' levels:0 dims:2
    bounds X:[0.0000,800.0000] Y:[0.0000,600.0000] Z:[0.0000,1.0000]
    level 0: 0 / 1 cells occupied

[F2: enable fetch timing]

---
=== HOLLOWS ENGINE ===
FPS: 273 | Pixel: 3.0ms | Input: 0.000ms | Texture: 0.495ms
Camera: [0.00, -0.18, 4.68]

--- DATA (valid / total) ---
  Bool               1 / 1
  Int                5 / 5
  I64                2 / 2
  F32                5 / 5
  F64                2 / 2
  CString            6 / 6
  Vec3               1 / 1
  Vertex             140 / 140
  Model              1 / 1
  Texture            1 / 1
  Bounds             260289 / 260289
  Debug_Stats        1 / 1
  FrameData          1 / 1
  Strings_Builder    1 / 1
  DataPoint          1 / 1
  Field              3 / 3
  Metadata           260460 / 260460
  TOTAL              520920 / 520920

--- FETCHES (edit / copy / set) ---
  Int                331399 / 0 / 0
  I64                918 / 0 / 0
  F32                459 / 0 / 0
  F64                459 / 0 / 0
  Vec3               1378 / 0 / 0
  Texture            459 / 0 / 0
  Bounds             53418978 / 0 / 0
  Debug_Stats        2295 / 0 / 0
  DataPoint          459 / 0 / 0
  Field              459 / 0 / 0

--- FIELD OCCUPANCY ---
  Field[0] 'world_field' levels:4 dims:3
    bounds X:[-8.0000,8.0000] Y:[-8.0000,8.0000] Z:[-8.0000,8.0000]
    level 0: 1 / 1 cells occupied
    level 1: 2 / 8 cells occupied
    level 2: 4 / 64 cells occupied
    level 3: 6 / 512 cells occupied
    level 4: 6 / 4096 cells occupied
  Field[1] 'model_field' levels:4 dims:3
    bounds X:[-1.0000,1.0000] Y:[-1.0000,1.0000] Z:[-1.0000,1.0000]
    level 0: 1 / 1 cells occupied
    level 1: 6 / 8 cells occupied
    level 2: 28 / 64 cells occupied
    level 3: 96 / 512 cells occupied
    level 4: 140 / 4096 cells occupied
  Field[2] 'screen_field' levels:0 dims:2
    bounds X:[0.0000,800.0000] Y:[0.0000,600.0000] Z:[0.0000,1.0000]
    level 0: 0 / 1 cells occupied

[F2: enable fetch timing]

---
=== HOLLOWS ENGINE ===
FPS: 270 | Pixel: 3.1ms | Input: 0.000ms | Texture: 0.496ms
Camera: [0.00, -0.18, 4.67]

--- DATA (valid / total) ---
  Bool               1 / 1
  Int                5 / 5
  I64                2 / 2
  F32                5 / 5
  F64                2 / 2
  CString            6 / 6
  Vec3               1 / 1
  Vertex             140 / 140
  Model              1 / 1
  Texture            1 / 1
  Bounds             260289 / 260289
  Debug_Stats        1 / 1
  FrameData          1 / 1
  Strings_Builder    1 / 1
  DataPoint          1 / 1
  Field              3 / 3
  Metadata           260460 / 260460
  TOTAL              520920 / 520920

--- FETCHES (edit / copy / set) ---
  Int                341507 / 0 / 0
  I64                946 / 0 / 0
  F32                473 / 0 / 0
  F64                473 / 0 / 0
  Vec3               1420 / 0 / 0
  Texture            473 / 0 / 0
  Bounds             53423880 / 0 / 0
  Debug_Stats        2365 / 0 / 0
  DataPoint          473 / 0 / 0
  Field              473 / 0 / 0

--- FIELD OCCUPANCY ---
  Field[0] 'world_field' levels:4 dims:3
    bounds X:[-8.0000,8.0000] Y:[-8.0000,8.0000] Z:[-8.0000,8.0000]
    level 0: 1 / 1 cells occupied
    level 1: 2 / 8 cells occupied
    level 2: 4 / 64 cells occupied
    level 3: 6 / 512 cells occupied
    level 4: 6 / 4096 cells occupied
  Field[1] 'model_field' levels:4 dims:3
    bounds X:[-1.0000,1.0000] Y:[-1.0000,1.0000] Z:[-1.0000,1.0000]
    level 0: 1 / 1 cells occupied
    level 1: 6 / 8 cells occupied
    level 2: 28 / 64 cells occupied
    level 3: 96 / 512 cells occupied
    level 4: 140 / 4096 cells occupied
  Field[2] 'screen_field' levels:0 dims:2
    bounds X:[0.0000,800.0000] Y:[0.0000,600.0000] Z:[0.0000,1.0000]
    level 0: 0 / 1 cells occupied

[F2: enable fetch timing]

---
=== HOLLOWS ENGINE ===
FPS: 212 | Pixel: 4.2ms | Input: 0.000ms | Texture: 0.501ms
Camera: [0.00, -0.18, 4.14]

--- DATA (valid / total) ---
  Bool               1 / 1
  Int                5 / 5
  I64                2 / 2
  F32                5 / 5
  F64                2 / 2
  CString            6 / 6
  Vec3               1 / 1
  Vertex             140 / 140
  Model              1 / 1
  Texture            1 / 1
  Bounds             260289 / 260289
  Debug_Stats        1 / 1
  FrameData          1 / 1
  Strings_Builder    1 / 1
  DataPoint          1 / 1
  Field              3 / 3
  Metadata           260460 / 260460
  TOTAL              520920 / 520920

--- FETCHES (edit / copy / set) ---
  Int                278693 / 0 / 0
  I64                772 / 0 / 0
  F32                386 / 0 / 0
  F64                386 / 0 / 0
  Vec3               1159 / 0 / 0
  Texture            386 / 0 / 0
  Bounds             54986626 / 0 / 0
  Debug_Stats        1930 / 0 / 0
  DataPoint          386 / 0 / 0
  Field              386 / 0 / 0

--- FIELD OCCUPANCY ---
  Field[0] 'world_field' levels:4 dims:3
    bounds X:[-8.0000,8.0000] Y:[-8.0000,8.0000] Z:[-8.0000,8.0000]
    level 0: 1 / 1 cells occupied
    level 1: 2 / 8 cells occupied
    level 2: 4 / 64 cells occupied
    level 3: 6 / 512 cells occupied
    level 4: 6 / 4096 cells occupied
  Field[1] 'model_field' levels:4 dims:3
    bounds X:[-1.0000,1.0000] Y:[-1.0000,1.0000] Z:[-1.0000,1.0000]
    level 0: 1 / 1 cells occupied
    level 1: 6 / 8 cells occupied
    level 2: 28 / 64 cells occupied
    level 3: 96 / 512 cells occupied
    level 4: 140 / 4096 cells occupied
  Field[2] 'screen_field' levels:0 dims:2
    bounds X:[0.0000,800.0000] Y:[0.0000,600.0000] Z:[0.0000,1.0000]
    level 0: 0 / 1 cells occupied

[F2: enable fetch timing]

---
=== HOLLOWS ENGINE ===
FPS: 183 | Pixel: 4.9ms | Input: 0.000ms | Texture: 0.494ms
Camera: [0.00, -0.18, 3.89]

--- DATA (valid / total) ---
  Bool               1 / 1
  Int                5 / 5
  I64                2 / 2
  F32                5 / 5
  F64                2 / 2
  CString            6 / 6
  Vec3               1 / 1
  Vertex             140 / 140
  Model              1 / 1
  Texture            1 / 1
  Bounds             260289 / 260289
  Debug_Stats        1 / 1
  FrameData          1 / 1
  Strings_Builder    1 / 1
  DataPoint          1 / 1
  Field              3 / 3
  Metadata           260460 / 260460
  TOTAL              520920 / 520920

--- FETCHES (edit / copy / set) ---
  Int                333565 / 0 / 0
  I64                924 / 0 / 0
  F32                462 / 0 / 0
  F64                462 / 0 / 0
  Vec3               1387 / 0 / 0
  Texture            462 / 0 / 0
  Bounds             53577085 / 0 / 0
  Debug_Stats        2310 / 0 / 0
  DataPoint          462 / 0 / 0
  Field              462 / 0 / 0

--- FIELD OCCUPANCY ---
  Field[0] 'world_field' levels:4 dims:3
    bounds X:[-8.0000,8.0000] Y:[-8.0000,8.0000] Z:[-8.0000,8.0000]
    level 0: 1 / 1 cells occupied
    level 1: 2 / 8 cells occupied
    level 2: 4 / 64 cells occupied
    level 3: 6 / 512 cells occupied
    level 4: 6 / 4096 cells occupied
  Field[1] 'model_field' levels:4 dims:3
    bounds X:[-1.0000,1.0000] Y:[-1.0000,1.0000] Z:[-1.0000,1.0000]
    level 0: 1 / 1 cells occupied
    level 1: 6 / 8 cells occupied
    level 2: 28 / 64 cells occupied
    level 3: 96 / 512 cells occupied
    level 4: 140 / 4096 cells occupied
  Field[2] 'screen_field' levels:0 dims:2
    bounds X:[0.0000,800.0000] Y:[0.0000,600.0000] Z:[0.0000,1.0000]
    level 0: 0 / 1 cells occupied

[F2: enable fetch timing]

---
=== HOLLOWS ENGINE ===
FPS: 274 | Pixel: 3.0ms | Input: 0.000ms | Texture: 0.508ms
Camera: [0.00, -0.18, 4.71]

--- DATA (valid / total) ---
  Bool               1 / 1
  Int                5 / 5
  I64                2 / 2
  F32                5 / 5
  F64                2 / 2
  CString            6 / 6
  Vec3               1 / 1
  Vertex             140 / 140
  Model              1 / 1
  Texture            1 / 1
  Bounds             260289 / 260289
  Debug_Stats        1 / 1
  FrameData          1 / 1
  Strings_Builder    1 / 1
  DataPoint          1 / 1
  Field              3 / 3
  Metadata           260460 / 260460
  TOTAL              520920 / 520920

--- FETCHES (edit / copy / set) ---
  Int                430313 / 0 / 0
  I64                1192 / 0 / 0
  F32                596 / 0 / 0
  F64                596 / 0 / 0
  Vec3               1789 / 0 / 0
  Texture            596 / 0 / 0
  Bounds             48899451 / 0 / 0
  Debug_Stats        2980 / 0 / 0
  DataPoint          596 / 0 / 0
  Field              596 / 0 / 0

--- FIELD OCCUPANCY ---
  Field[0] 'world_field' levels:4 dims:3
    bounds X:[-8.0000,8.0000] Y:[-8.0000,8.0000] Z:[-8.0000,8.0000]
    level 0: 1 / 1 cells occupied
    level 1: 2 / 8 cells occupied
    level 2: 4 / 64 cells occupied
    level 3: 6 / 512 cells occupied
    level 4: 6 / 4096 cells occupied
  Field[1] 'model_field' levels:4 dims:3
    bounds X:[-1.0000,1.0000] Y:[-1.0000,1.0000] Z:[-1.0000,1.0000]
    level 0: 1 / 1 cells occupied
    level 1: 6 / 8 cells occupied
    level 2: 28 / 64 cells occupied
    level 3: 96 / 512 cells occupied
    level 4: 140 / 4096 cells occupied
  Field[2] 'screen_field' levels:0 dims:2
    bounds X:[0.0000,800.0000] Y:[0.0000,600.0000] Z:[0.0000,1.0000]
    level 0: 0 / 1 cells occupied

[F2: enable fetch timing]

---
=== HOLLOWS ENGINE ===
FPS: 265 | Pixel: 3.2ms | Input: 0.000ms | Texture: 0.499ms
Camera: [0.00, -0.18, 4.60]

--- DATA (valid / total) ---
  Bool               1 / 1
  Int                5 / 5
  I64                2 / 2
  F32                5 / 5
  F64                2 / 2
  CString            6 / 6
  Vec3               1 / 1
  Vertex             140 / 140
  Model              1 / 1
  Texture            1 / 1
  Bounds             260289 / 260289
  Debug_Stats        1 / 1
  FrameData          1 / 1
  Strings_Builder    1 / 1
  DataPoint          1 / 1
  Field              3 / 3
  Metadata           260460 / 260460
  TOTAL              520920 / 520920

--- FETCHES (edit / copy / set) ---
  Int                382661 / 0 / 0
  I64                1060 / 0 / 0
  F32                530 / 0 / 0
  F64                530 / 0 / 0
  Vec3               1591 / 0 / 0
  Texture            530 / 0 / 0
  Bounds             52261324 / 0 / 0
  Debug_Stats        2650 / 0 / 0
  DataPoint          530 / 0 / 0
  Field              530 / 0 / 0

--- FIELD OCCUPANCY ---
  Field[0] 'world_field' levels:4 dims:3
    bounds X:[-8.0000,8.0000] Y:[-8.0000,8.0000] Z:[-8.0000,8.0000]
    level 0: 1 / 1 cells occupied
    level 1: 2 / 8 cells occupied
    level 2: 4 / 64 cells occupied
    level 3: 6 / 512 cells occupied
    level 4: 6 / 4096 cells occupied
  Field[1] 'model_field' levels:4 dims:3
    bounds X:[-1.0000,1.0000] Y:[-1.0000,1.0000] Z:[-1.0000,1.0000]
    level 0: 1 / 1 cells occupied
    level 1: 6 / 8 cells occupied
    level 2: 28 / 64 cells occupied
    level 3: 96 / 512 cells occupied
    level 4: 140 / 4096 cells occupied
  Field[2] 'screen_field' levels:0 dims:2
    bounds X:[0.0000,800.0000] Y:[0.0000,600.0000] Z:[0.0000,1.0000]
    level 0: 0 / 1 cells occupied

[F2: enable fetch timing]

---
=== HOLLOWS ENGINE ===
FPS: 261 | Pixel: 3.3ms | Input: 0.000ms | Texture: 0.508ms
Camera: [0.00, -0.18, 4.60]

--- DATA (valid / total) ---
  Bool               1 / 1
  Int                5 / 5
  I64                2 / 2
  F32                5 / 5
  F64                2 / 2
  CString            6 / 6
  Vec3               1 / 1
  Vertex             140 / 140
  Model              1 / 1
  Texture            1 / 1
  Bounds             260289 / 260289
  Debug_Stats        1 / 1
  FrameData          1 / 1
  Strings_Builder    1 / 1
  DataPoint          1 / 1
  Field              3 / 3
  Metadata           260460 / 260460
  TOTAL              520920 / 520920

--- FETCHES (edit / copy / set) ---
  Int                371836 / 0 / 0
  I64                1030 / 0 / 0
  F32                515 / 0 / 0
  F64                515 / 0 / 0
  CString            2 / 0 / 0
  Vec3               1547 / 0 / 0
  Texture            515 / 0 / 0
  Bounds             50818655 / 0 / 0
  Debug_Stats        2576 / 0 / 0
  DataPoint          515 / 0 / 0
  Field              515 / 0 / 0

--- FIELD OCCUPANCY ---
  Field[0] 'world_field' levels:4 dims:3
    bounds X:[-8.0000,8.0000] Y:[-8.0000,8.0000] Z:[-8.0000,8.0000]
    level 0: 1 / 1 cells occupied
    level 1: 2 / 8 cells occupied
    level 2: 4 / 64 cells occupied
    level 3: 6 / 512 cells occupied
    level 4: 6 / 4096 cells occupied
  Field[1] 'model_field' levels:4 dims:3
    bounds X:[-1.0000,1.0000] Y:[-1.0000,1.0000] Z:[-1.0000,1.0000]
    level 0: 1 / 1 cells occupied
    level 1: 6 / 8 cells occupied
    level 2: 28 / 64 cells occupied
    level 3: 96 / 512 cells occupied
    level 4: 140 / 4096 cells occupied
  Field[2] 'screen_field' levels:0 dims:2
    bounds X:[0.0000,800.0000] Y:[0.0000,600.0000] Z:[0.0000,1.0000]
    level 0: 0 / 1 cells occupied

[F2: enable fetch timing]

---
=== HOLLOWS ENGINE ===
FPS: 264 | Pixel: 3.2ms | Input: 0.000ms | Texture: 0.494ms
Camera: [0.00, -0.18, 4.60]

--- DATA (valid / total) ---
  Bool               1 / 1
  Int                5 / 5
  I64                2 / 2
  F32                5 / 5
  F64                2 / 2
  CString            6 / 6
  Vec3               1 / 1
  Vertex             140 / 140
  Model              1 / 1
  Texture            1 / 1
  Bounds             260289 / 260289
  Debug_Stats        1 / 1
  FrameData          1 / 1
  Strings_Builder    1 / 1
  DataPoint          1 / 1
  Field              3 / 3
  Metadata           260460 / 260460
  TOTAL              520920 / 520920

--- FETCHES (edit / copy / set) ---
  Int                383383 / 0 / 0
  I64                1062 / 0 / 0
  F32                531 / 0 / 0
  F64                531 / 0 / 0
  Vec3               1594 / 0 / 0
  Texture            531 / 0 / 0
  Bounds             52397487 / 0 / 0
  Debug_Stats        2655 / 0 / 0
  DataPoint          531 / 0 / 0
  Field              531 / 0 / 0

--- FIELD OCCUPANCY ---
  Field[0] 'world_field' levels:4 dims:3
    bounds X:[-8.0000,8.0000] Y:[-8.0000,8.0000] Z:[-8.0000,8.0000]
    level 0: 1 / 1 cells occupied
    level 1: 2 / 8 cells occupied
    level 2: 4 / 64 cells occupied
    level 3: 6 / 512 cells occupied
    level 4: 6 / 4096 cells occupied
  Field[1] 'model_field' levels:4 dims:3
    bounds X:[-1.0000,1.0000] Y:[-1.0000,1.0000] Z:[-1.0000,1.0000]
    level 0: 1 / 1 cells occupied
    level 1: 6 / 8 cells occupied
    level 2: 28 / 64 cells occupied
    level 3: 96 / 512 cells occupied
    level 4: 140 / 4096 cells occupied
  Field[2] 'screen_field' levels:0 dims:2
    bounds X:[0.0000,800.0000] Y:[0.0000,600.0000] Z:[0.0000,1.0000]
    level 0: 0 / 1 cells occupied

[F2: enable fetch timing]

---
=== HOLLOWS ENGINE ===
FPS: 261 | Pixel: 3.2ms | Input: 0.000ms | Texture: 0.501ms
Camera: [0.00, -0.18, 4.60]

--- DATA (valid / total) ---
  Bool               1 / 1
  Int                5 / 5
  I64                2 / 2
  F32                5 / 5
  F64                2 / 2
  CString            6 / 6
  Vec3               1 / 1
  Vertex             140 / 140
  Model              1 / 1
  Texture            1 / 1
  Bounds             260289 / 260289
  Debug_Stats        1 / 1
  FrameData          1 / 1
  Strings_Builder    1 / 1
  DataPoint          1 / 1
  Field              3 / 3
  Metadata           260460 / 260460
  TOTAL              520920 / 520920

--- FETCHES (edit / copy / set) ---
  Int                383383 / 0 / 0
  I64                1062 / 0 / 0
  F32                531 / 0 / 0
  F64                531 / 0 / 0
  Vec3               1594 / 0 / 0
  Texture            531 / 0 / 0
  Bounds             52397487 / 0 / 0
  Debug_Stats        2655 / 0 / 0
  DataPoint          531 / 0 / 0
  Field              531 / 0 / 0

--- FIELD OCCUPANCY ---
  Field[0] 'world_field' levels:4 dims:3
    bounds X:[-8.0000,8.0000] Y:[-8.0000,8.0000] Z:[-8.0000,8.0000]
    level 0: 1 / 1 cells occupied
    level 1: 2 / 8 cells occupied
    level 2: 4 / 64 cells occupied
    level 3: 6 / 512 cells occupied
    level 4: 6 / 4096 cells occupied
  Field[1] 'model_field' levels:4 dims:3
    bounds X:[-1.0000,1.0000] Y:[-1.0000,1.0000] Z:[-1.0000,1.0000]
    level 0: 1 / 1 cells occupied
    level 1: 6 / 8 cells occupied
    level 2: 28 / 64 cells occupied
    level 3: 96 / 512 cells occupied
    level 4: 140 / 4096 cells occupied
  Field[2] 'screen_field' levels:0 dims:2
    bounds X:[0.0000,800.0000] Y:[0.0000,600.0000] Z:[0.0000,1.0000]
    level 0: 0 / 1 cells occupied

[F2: enable fetch timing]

---
=== HOLLOWS ENGINE ===
FPS: 267 | Pixel: 3.2ms | Input: 0.000ms | Texture: 0.489ms
Camera: [0.00, -0.18, 4.60]

--- DATA (valid / total) ---
  Bool               1 / 1
  Int                5 / 5
  I64                2 / 2
  F32                5 / 5
  F64                2 / 2
  CString            6 / 6
  Vec3               1 / 1
  Vertex             140 / 140
  Model              1 / 1
  Texture            1 / 1
  Bounds             260289 / 260289
  Debug_Stats        1 / 1
  FrameData          1 / 1
  Strings_Builder    1 / 1
  DataPoint          1 / 1
  Field              3 / 3
  Metadata           260460 / 260460
  TOTAL              520920 / 520920

--- FETCHES (edit / copy / set) ---
  Int                382661 / 0 / 0
  I64                1060 / 0 / 0
  F32                530 / 0 / 0
  F64                530 / 0 / 0
  Vec3               1591 / 0 / 0
  Texture            530 / 0 / 0
  Bounds             52298810 / 0 / 0
  Debug_Stats        2650 / 0 / 0
  DataPoint          530 / 0 / 0
  Field              530 / 0 / 0

--- FIELD OCCUPANCY ---
  Field[0] 'world_field' levels:4 dims:3
    bounds X:[-8.0000,8.0000] Y:[-8.0000,8.0000] Z:[-8.0000,8.0000]
    level 0: 1 / 1 cells occupied
    level 1: 2 / 8 cells occupied
    level 2: 4 / 64 cells occupied
    level 3: 6 / 512 cells occupied
    level 4: 6 / 4096 cells occupied
  Field[1] 'model_field' levels:4 dims:3
    bounds X:[-1.0000,1.0000] Y:[-1.0000,1.0000] Z:[-1.0000,1.0000]
    level 0: 1 / 1 cells occupied
    level 1: 6 / 8 cells occupied
    level 2: 28 / 64 cells occupied
    level 3: 96 / 512 cells occupied
    level 4: 140 / 4096 cells occupied
  Field[2] 'screen_field' levels:0 dims:2
    bounds X:[0.0000,800.0000] Y:[0.0000,600.0000] Z:[0.0000,1.0000]
    level 0: 0 / 1 cells occupied

[F2: enable fetch timing]

---
=== HOLLOWS ENGINE ===
FPS: 265 | Pixel: 3.2ms | Input: 0.000ms | Texture: 0.493ms
Camera: [0.00, -0.18, 4.60]

--- DATA (valid / total) ---
  Bool               1 / 1
  Int                5 / 5
  I64                2 / 2
  F32                5 / 5
  F64                2 / 2
  CString            6 / 6
  Vec3               1 / 1
  Vertex             140 / 140
  Model              1 / 1
  Texture            1 / 1
  Bounds             260289 / 260289
  Debug_Stats        1 / 1
  FrameData          1 / 1
  Strings_Builder    1 / 1
  DataPoint          1 / 1
  Field              3 / 3
  Metadata           260460 / 260460
  TOTAL              520920 / 520920

--- FETCHES (edit / copy / set) ---
  Int                383383 / 0 / 0
  I64                1062 / 0 / 0
  F32                531 / 0 / 0
  F64                531 / 0 / 0
  Vec3               1594 / 0 / 0
  Texture            531 / 0 / 0
  Bounds             52397487 / 0 / 0
  Debug_Stats        2655 / 0 / 0
  DataPoint          531 / 0 / 0
  Field              531 / 0 / 0

--- FIELD OCCUPANCY ---
  Field[0] 'world_field' levels:4 dims:3
    bounds X:[-8.0000,8.0000] Y:[-8.0000,8.0000] Z:[-8.0000,8.0000]
    level 0: 1 / 1 cells occupied
    level 1: 2 / 8 cells occupied
    level 2: 4 / 64 cells occupied
    level 3: 6 / 512 cells occupied
    level 4: 6 / 4096 cells occupied
  Field[1] 'model_field' levels:4 dims:3
    bounds X:[-1.0000,1.0000] Y:[-1.0000,1.0000] Z:[-1.0000,1.0000]
    level 0: 1 / 1 cells occupied
    level 1: 6 / 8 cells occupied
    level 2: 28 / 64 cells occupied
    level 3: 96 / 512 cells occupied
    level 4: 140 / 4096 cells occupied
  Field[2] 'screen_field' levels:0 dims:2
    bounds X:[0.0000,800.0000] Y:[0.0000,600.0000] Z:[0.0000,1.0000]
    level 0: 0 / 1 cells occupied

[F2: enable fetch timing]

---
=== HOLLOWS ENGINE ===
FPS: 265 | Pixel: 3.2ms | Input: 0.000ms | Texture: 0.492ms
Camera: [0.00, -0.18, 4.60]

--- DATA (valid / total) ---
  Bool               1 / 1
  Int                5 / 5
  I64                2 / 2
  F32                5 / 5
  F64                2 / 2
  CString            6 / 6
  Vec3               1 / 1
  Vertex             140 / 140
  Model              1 / 1
  Texture            1 / 1
  Bounds             260289 / 260289
  Debug_Stats        1 / 1
  FrameData          1 / 1
  Strings_Builder    1 / 1
  DataPoint          1 / 1
  Field              3 / 3
  Metadata           260460 / 260460
  TOTAL              520920 / 520920

--- FETCHES (edit / copy / set) ---
  Int                382661 / 0 / 0
  I64                1060 / 0 / 0
  F32                530 / 0 / 0
  F64                530 / 0 / 0
  Vec3               1591 / 0 / 0
  Texture            530 / 0 / 0
  Bounds             52298810 / 0 / 0
  Debug_Stats        2650 / 0 / 0
  DataPoint          530 / 0 / 0
  Field              530 / 0 / 0

--- FIELD OCCUPANCY ---
  Field[0] 'world_field' levels:4 dims:3
    bounds X:[-8.0000,8.0000] Y:[-8.0000,8.0000] Z:[-8.0000,8.0000]
    level 0: 1 / 1 cells occupied
    level 1: 2 / 8 cells occupied
    level 2: 4 / 64 cells occupied
    level 3: 6 / 512 cells occupied
    level 4: 6 / 4096 cells occupied
  Field[1] 'model_field' levels:4 dims:3
    bounds X:[-1.0000,1.0000] Y:[-1.0000,1.0000] Z:[-1.0000,1.0000]
    level 0: 1 / 1 cells occupied
    level 1: 6 / 8 cells occupied
    level 2: 28 / 64 cells occupied
    level 3: 96 / 512 cells occupied
    level 4: 140 / 4096 cells occupied
  Field[2] 'screen_field' levels:0 dims:2
    bounds X:[0.0000,800.0000] Y:[0.0000,600.0000] Z:[0.0000,1.0000]
    level 0: 0 / 1 cells occupied

[F2: enable fetch timing]

---
=== HOLLOWS ENGINE ===
FPS: 266 | Pixel: 3.2ms | Input: 0.000ms | Texture: 0.496ms
Camera: [0.00, -0.18, 4.60]

--- DATA (valid / total) ---
  Bool               1 / 1
  Int                5 / 5
  I64                2 / 2
  F32                5 / 5
  F64                2 / 2
  CString            6 / 6
  Vec3               1 / 1
  Vertex             140 / 140
  Model              1 / 1
  Texture            1 / 1
  Bounds             260289 / 260289
  Debug_Stats        1 / 1
  FrameData          1 / 1
  Strings_Builder    1 / 1
  DataPoint          1 / 1
  Field              3 / 3
  Metadata           260460 / 260460
  TOTAL              520920 / 520920

--- FETCHES (edit / copy / set) ---
  Int                384105 / 0 / 0
  I64                1064 / 0 / 0
  F32                532 / 0 / 0
  F64                532 / 0 / 0
  Vec3               1597 / 0 / 0
  Texture            532 / 0 / 0
  Bounds             52496164 / 0 / 0
  Debug_Stats        2660 / 0 / 0
  DataPoint          532 / 0 / 0
  Field              532 / 0 / 0

--- FIELD OCCUPANCY ---
  Field[0] 'world_field' levels:4 dims:3
    bounds X:[-8.0000,8.0000] Y:[-8.0000,8.0000] Z:[-8.0000,8.0000]
    level 0: 1 / 1 cells occupied
    level 1: 2 / 8 cells occupied
    level 2: 4 / 64 cells occupied
    level 3: 6 / 512 cells occupied
    level 4: 6 / 4096 cells occupied
  Field[1] 'model_field' levels:4 dims:3
    bounds X:[-1.0000,1.0000] Y:[-1.0000,1.0000] Z:[-1.0000,1.0000]
    level 0: 1 / 1 cells occupied
    level 1: 6 / 8 cells occupied
    level 2: 28 / 64 cells occupied
    level 3: 96 / 512 cells occupied
    level 4: 140 / 4096 cells occupied
  Field[2] 'screen_field' levels:0 dims:2
    bounds X:[0.0000,800.0000] Y:[0.0000,600.0000] Z:[0.0000,1.0000]
    level 0: 0 / 1 cells occupied

[F2: enable fetch timing]

---
=== HOLLOWS ENGINE ===
FPS: 266 | Pixel: 3.2ms | Input: 0.000ms | Texture: 0.496ms
Camera: [0.00, -0.18, 4.60]

--- DATA (valid / total) ---
  Bool               1 / 1
  Int                5 / 5
  I64                2 / 2
  F32                5 / 5
  F64                2 / 2
  CString            6 / 6
  Vec3               1 / 1
  Vertex             140 / 140
  Model              1 / 1
  Texture            1 / 1
  Bounds             260289 / 260289
  Debug_Stats        1 / 1
  FrameData          1 / 1
  Strings_Builder    1 / 1
  DataPoint          1 / 1
  Field              3 / 3
  Metadata           260460 / 260460
  TOTAL              520920 / 520920

--- FETCHES (edit / copy / set) ---
  Int                383383 / 0 / 0
  I64                1062 / 0 / 0
  F32                531 / 0 / 0
  F64                531 / 0 / 0
  Vec3               1594 / 0 / 0
  Texture            531 / 0 / 0
  Bounds             52397487 / 0 / 0
  Debug_Stats        2655 / 0 / 0
  DataPoint          531 / 0 / 0
  Field              531 / 0 / 0

--- FIELD OCCUPANCY ---
  Field[0] 'world_field' levels:4 dims:3
    bounds X:[-8.0000,8.0000] Y:[-8.0000,8.0000] Z:[-8.0000,8.0000]
    level 0: 1 / 1 cells occupied
    level 1: 2 / 8 cells occupied
    level 2: 4 / 64 cells occupied
    level 3: 6 / 512 cells occupied
    level 4: 6 / 4096 cells occupied
  Field[1] 'model_field' levels:4 dims:3
    bounds X:[-1.0000,1.0000] Y:[-1.0000,1.0000] Z:[-1.0000,1.0000]
    level 0: 1 / 1 cells occupied
    level 1: 6 / 8 cells occupied
    level 2: 28 / 64 cells occupied
    level 3: 96 / 512 cells occupied
    level 4: 140 / 4096 cells occupied
  Field[2] 'screen_field' levels:0 dims:2
    bounds X:[0.0000,800.0000] Y:[0.0000,600.0000] Z:[0.0000,1.0000]
    level 0: 0 / 1 cells occupied

[F2: enable fetch timing]

---
=== HOLLOWS ENGINE ===
FPS: 265 | Pixel: 3.2ms | Input: 0.000ms | Texture: 0.494ms
Camera: [0.00, -0.18, 4.60]

--- DATA (valid / total) ---
  Bool               1 / 1
  Int                5 / 5
  I64                2 / 2
  F32                5 / 5
  F64                2 / 2
  CString            6 / 6
  Vec3               1 / 1
  Vertex             140 / 140
  Model              1 / 1
  Texture            1 / 1
  Bounds             260289 / 260289
  Debug_Stats        1 / 1
  FrameData          1 / 1
  Strings_Builder    1 / 1
  DataPoint          1 / 1
  Field              3 / 3
  Metadata           260460 / 260460
  TOTAL              520920 / 520920

--- FETCHES (edit / copy / set) ---
  Int                372553 / 0 / 0
  I64                1032 / 0 / 0
  F32                516 / 0 / 0
  F64                516 / 0 / 0
  Vec3               1549 / 0 / 0
  Texture            516 / 0 / 0
  Bounds             50917332 / 0 / 0
  Debug_Stats        2580 / 0 / 0
  DataPoint          516 / 0 / 0
  Field              516 / 0 / 0

--- FIELD OCCUPANCY ---
  Field[0] 'world_field' levels:4 dims:3
    bounds X:[-8.0000,8.0000] Y:[-8.0000,8.0000] Z:[-8.0000,8.0000]
    level 0: 1 / 1 cells occupied
    level 1: 2 / 8 cells occupied
    level 2: 4 / 64 cells occupied
    level 3: 6 / 512 cells occupied
    level 4: 6 / 4096 cells occupied
  Field[1] 'model_field' levels:4 dims:3
    bounds X:[-1.0000,1.0000] Y:[-1.0000,1.0000] Z:[-1.0000,1.0000]
    level 0: 1 / 1 cells occupied
    level 1: 6 / 8 cells occupied
    level 2: 28 / 64 cells occupied
    level 3: 96 / 512 cells occupied
    level 4: 140 / 4096 cells occupied
  Field[2] 'screen_field' levels:0 dims:2
    bounds X:[0.0000,800.0000] Y:[0.0000,600.0000] Z:[0.0000,1.0000]
    level 0: 0 / 1 cells occupied

[F2: enable fetch timing]

---
=== HOLLOWS ENGINE ===
FPS: 265 | Pixel: 3.2ms | Input: 0.000ms | Texture: 0.501ms
Camera: [0.00, -0.18, 4.60]

--- DATA (valid / total) ---
  Bool               1 / 1
  Int                5 / 5
  I64                2 / 2
  F32                5 / 5
  F64                2 / 2
  CString            6 / 6
  Vec3               1 / 1
  Vertex             140 / 140
  Model              1 / 1
  Texture            1 / 1
  Bounds             260289 / 260289
  Debug_Stats        1 / 1
  FrameData          1 / 1
  Strings_Builder    1 / 1
  DataPoint          1 / 1
  Field              3 / 3
  Metadata           260460 / 260460
  TOTAL              520920 / 520920

--- FETCHES (edit / copy / set) ---
  Int                376163 / 0 / 0
  I64                1042 / 0 / 0
  F32                521 / 0 / 0
  F64                521 / 0 / 0
  Vec3               1564 / 0 / 0
  Texture            521 / 0 / 0
  Bounds             51410717 / 0 / 0
  Debug_Stats        2605 / 0 / 0
  DataPoint          521 / 0 / 0
  Field              521 / 0 / 0

--- FIELD OCCUPANCY ---
  Field[0] 'world_field' levels:4 dims:3
    bounds X:[-8.0000,8.0000] Y:[-8.0000,8.0000] Z:[-8.0000,8.0000]
    level 0: 1 / 1 cells occupied
    level 1: 2 / 8 cells occupied
    level 2: 4 / 64 cells occupied
    level 3: 6 / 512 cells occupied
    level 4: 6 / 4096 cells occupied
  Field[1] 'model_field' levels:4 dims:3
    bounds X:[-1.0000,1.0000] Y:[-1.0000,1.0000] Z:[-1.0000,1.0000]
    level 0: 1 / 1 cells occupied
    level 1: 6 / 8 cells occupied
    level 2: 28 / 64 cells occupied
    level 3: 96 / 512 cells occupied
    level 4: 140 / 4096 cells occupied
  Field[2] 'screen_field' levels:0 dims:2
    bounds X:[0.0000,800.0000] Y:[0.0000,600.0000] Z:[0.0000,1.0000]
    level 0: 0 / 1 cells occupied

[F2: enable fetch timing]

---
=== HOLLOWS ENGINE ===
FPS: 266 | Pixel: 3.2ms | Input: 0.000ms | Texture: 0.494ms
Camera: [0.00, -0.18, 4.60]

--- DATA (valid / total) ---
  Bool               1 / 1
  Int                5 / 5
  I64                2 / 2
  F32                5 / 5
  F64                2 / 2
  CString            6 / 6
  Vec3               1 / 1
  Vertex             140 / 140
  Model              1 / 1
  Texture            1 / 1
  Bounds             260289 / 260289
  Debug_Stats        1 / 1
  FrameData          1 / 1
  Strings_Builder    1 / 1
  DataPoint          1 / 1
  Field              3 / 3
  Metadata           260460 / 260460
  TOTAL              520920 / 520920

--- FETCHES (edit / copy / set) ---
  Int                376163 / 0 / 0
  I64                1042 / 0 / 0
  F32                521 / 0 / 0
  F64                521 / 0 / 0
  Vec3               1564 / 0 / 0
  Texture            521 / 0 / 0
  Bounds             51410717 / 0 / 0
  Debug_Stats        2605 / 0 / 0
  DataPoint          521 / 0 / 0
  Field              521 / 0 / 0

--- FIELD OCCUPANCY ---
  Field[0] 'world_field' levels:4 dims:3
    bounds X:[-8.0000,8.0000] Y:[-8.0000,8.0000] Z:[-8.0000,8.0000]
    level 0: 1 / 1 cells occupied
    level 1: 2 / 8 cells occupied
    level 2: 4 / 64 cells occupied
    level 3: 6 / 512 cells occupied
    level 4: 6 / 4096 cells occupied
  Field[1] 'model_field' levels:4 dims:3
    bounds X:[-1.0000,1.0000] Y:[-1.0000,1.0000] Z:[-1.0000,1.0000]
    level 0: 1 / 1 cells occupied
    level 1: 6 / 8 cells occupied
    level 2: 28 / 64 cells occupied
    level 3: 96 / 512 cells occupied
    level 4: 140 / 4096 cells occupied
  Field[2] 'screen_field' levels:0 dims:2
    bounds X:[0.0000,800.0000] Y:[0.0000,600.0000] Z:[0.0000,1.0000]
    level 0: 0 / 1 cells occupied

[F2: enable fetch timing]

---
=== HOLLOWS ENGINE ===
FPS: 265 | Pixel: 3.2ms | Input: 0.000ms | Texture: 0.496ms
Camera: [0.00, -0.18, 4.60]

--- DATA (valid / total) ---
  Bool               1 / 1
  Int                5 / 5
  I64                2 / 2
  F32                5 / 5
  F64                2 / 2
  CString            6 / 6
  Vec3               1 / 1
  Vertex             140 / 140
  Model              1 / 1
  Texture            1 / 1
  Bounds             260289 / 260289
  Debug_Stats        1 / 1
  FrameData          1 / 1
  Strings_Builder    1 / 1
  DataPoint          1 / 1
  Field              3 / 3
  Metadata           260460 / 260460
  TOTAL              520920 / 520920

--- FETCHES (edit / copy / set) ---
  Int                367499 / 0 / 0
  I64                1018 / 0 / 0
  F32                509 / 0 / 0
  F64                509 / 0 / 0
  Vec3               1528 / 0 / 0
  Texture            509 / 0 / 0
  Bounds             50226593 / 0 / 0
  Debug_Stats        2545 / 0 / 0
  DataPoint          509 / 0 / 0
  Field              509 / 0 / 0

--- FIELD OCCUPANCY ---
  Field[0] 'world_field' levels:4 dims:3
    bounds X:[-8.0000,8.0000] Y:[-8.0000,8.0000] Z:[-8.0000,8.0000]
    level 0: 1 / 1 cells occupied
    level 1: 2 / 8 cells occupied
    level 2: 4 / 64 cells occupied
    level 3: 6 / 512 cells occupied
    level 4: 6 / 4096 cells occupied
  Field[1] 'model_field' levels:4 dims:3
    bounds X:[-1.0000,1.0000] Y:[-1.0000,1.0000] Z:[-1.0000,1.0000]
    level 0: 1 / 1 cells occupied
    level 1: 6 / 8 cells occupied
    level 2: 28 / 64 cells occupied
    level 3: 96 / 512 cells occupied
    level 4: 140 / 4096 cells occupied
  Field[2] 'screen_field' levels:0 dims:2
    bounds X:[0.0000,800.0000] Y:[0.0000,600.0000] Z:[0.0000,1.0000]
    level 0: 0 / 1 cells occupied

[F2: enable fetch timing]

---
=== HOLLOWS ENGINE ===
FPS: 266 | Pixel: 3.2ms | Input: 0.000ms | Texture: 0.491ms
Camera: [0.00, -0.18, 4.60]

--- DATA (valid / total) ---
  Bool               1 / 1
  Int                5 / 5
  I64                2 / 2
  F32                5 / 5
  F64                2 / 2
  CString            6 / 6
  Vec3               1 / 1
  Vertex             140 / 140
  Model              1 / 1
  Texture            1 / 1
  Bounds             260289 / 260289
  Debug_Stats        1 / 1
  FrameData          1 / 1
  Strings_Builder    1 / 1
  DataPoint          1 / 1
  Field              3 / 3
  Metadata           260460 / 260460
  TOTAL              520920 / 520920

--- FETCHES (edit / copy / set) ---
  Int                378329 / 0 / 0
  I64                1048 / 0 / 0
  F32                524 / 0 / 0
  F64                524 / 0 / 0
  Vec3               1573 / 0 / 0
  Texture            524 / 0 / 0
  Bounds             51706748 / 0 / 0
  Debug_Stats        2620 / 0 / 0
  DataPoint          524 / 0 / 0
  Field              524 / 0 / 0

--- FIELD OCCUPANCY ---
  Field[0] 'world_field' levels:4 dims:3
    bounds X:[-8.0000,8.0000] Y:[-8.0000,8.0000] Z:[-8.0000,8.0000]
    level 0: 1 / 1 cells occupied
    level 1: 2 / 8 cells occupied
    level 2: 4 / 64 cells occupied
    level 3: 6 / 512 cells occupied
    level 4: 6 / 4096 cells occupied
  Field[1] 'model_field' levels:4 dims:3
    bounds X:[-1.0000,1.0000] Y:[-1.0000,1.0000] Z:[-1.0000,1.0000]
    level 0: 1 / 1 cells occupied
    level 1: 6 / 8 cells occupied
    level 2: 28 / 64 cells occupied
    level 3: 96 / 512 cells occupied
    level 4: 140 / 4096 cells occupied
  Field[2] 'screen_field' levels:0 dims:2
    bounds X:[0.0000,800.0000] Y:[0.0000,600.0000] Z:[0.0000,1.0000]
    level 0: 0 / 1 cells occupied

[F2: enable fetch timing]

---
=== HOLLOWS ENGINE ===
FPS: 266 | Pixel: 3.2ms | Input: 0.000ms | Texture: 0.497ms
Camera: [0.00, -0.18, 4.60]

--- DATA (valid / total) ---
  Bool               1 / 1
  Int                5 / 5
  I64                2 / 2
  F32                5 / 5
  F64                2 / 2
  CString            6 / 6
  Vec3               1 / 1
  Vertex             140 / 140
  Model              1 / 1
  Texture            1 / 1
  Bounds             260289 / 260289
  Debug_Stats        1 / 1
  FrameData          1 / 1
  Strings_Builder    1 / 1
  DataPoint          1 / 1
  Field              3 / 3
  Metadata           260460 / 260460
  TOTAL              520920 / 520920

--- FETCHES (edit / copy / set) ---
  Int                384105 / 0 / 0
  I64                1064 / 0 / 0
  F32                532 / 0 / 0
  F64                532 / 0 / 0
  Vec3               1597 / 0 / 0
  Texture            532 / 0 / 0
  Bounds             52496164 / 0 / 0
  Debug_Stats        2660 / 0 / 0
  DataPoint          532 / 0 / 0
  Field              532 / 0 / 0

--- FIELD OCCUPANCY ---
  Field[0] 'world_field' levels:4 dims:3
    bounds X:[-8.0000,8.0000] Y:[-8.0000,8.0000] Z:[-8.0000,8.0000]
    level 0: 1 / 1 cells occupied
    level 1: 2 / 8 cells occupied
    level 2: 4 / 64 cells occupied
    level 3: 6 / 512 cells occupied
    level 4: 6 / 4096 cells occupied
  Field[1] 'model_field' levels:4 dims:3
    bounds X:[-1.0000,1.0000] Y:[-1.0000,1.0000] Z:[-1.0000,1.0000]
    level 0: 1 / 1 cells occupied
    level 1: 6 / 8 cells occupied
    level 2: 28 / 64 cells occupied
    level 3: 96 / 512 cells occupied
    level 4: 140 / 4096 cells occupied
  Field[2] 'screen_field' levels:0 dims:2
    bounds X:[0.0000,800.0000] Y:[0.0000,600.0000] Z:[0.0000,1.0000]
    level 0: 0 / 1 cells occupied

[F2: enable fetch timing]

---
=== HOLLOWS ENGINE ===
FPS: 268 | Pixel: 3.2ms | Input: 0.000ms | Texture: 0.472ms
Camera: [0.00, -0.18, 4.60]

--- DATA (valid / total) ---
  Bool               1 / 1
  Int                5 / 5
  I64                2 / 2
  F32                5 / 5
  F64                2 / 2
  CString            6 / 6
  Vec3               1 / 1
  Vertex             140 / 140
  Model              1 / 1
  Texture            1 / 1
  Bounds             260289 / 260289
  Debug_Stats        1 / 1
  FrameData          1 / 1
  Strings_Builder    1 / 1
  DataPoint          1 / 1
  Field              3 / 3
  Metadata           260460 / 260460
  TOTAL              520920 / 520920

--- FETCHES (edit / copy / set) ---
  Int                378329 / 0 / 0
  I64                1048 / 0 / 0
  F32                524 / 0 / 0
  F64                524 / 0 / 0
  Vec3               1573 / 0 / 0
  Texture            524 / 0 / 0
  Bounds             51706748 / 0 / 0
  Debug_Stats        2620 / 0 / 0
  DataPoint          524 / 0 / 0
  Field              524 / 0 / 0

--- FIELD OCCUPANCY ---
  Field[0] 'world_field' levels:4 dims:3
    bounds X:[-8.0000,8.0000] Y:[-8.0000,8.0000] Z:[-8.0000,8.0000]
    level 0: 1 / 1 cells occupied
    level 1: 2 / 8 cells occupied
    level 2: 4 / 64 cells occupied
    level 3: 6 / 512 cells occupied
    level 4: 6 / 4096 cells occupied
  Field[1] 'model_field' levels:4 dims:3
    bounds X:[-1.0000,1.0000] Y:[-1.0000,1.0000] Z:[-1.0000,1.0000]
    level 0: 1 / 1 cells occupied
    level 1: 6 / 8 cells occupied
    level 2: 28 / 64 cells occupied
    level 3: 96 / 512 cells occupied
    level 4: 140 / 4096 cells occupied
  Field[2] 'screen_field' levels:0 dims:2
    bounds X:[0.0000,800.0000] Y:[0.0000,600.0000] Z:[0.0000,1.0000]
    level 0: 0 / 1 cells occupied

[F2: enable fetch timing]

---
=== HOLLOWS ENGINE ===
FPS: 265 | Pixel: 3.2ms | Input: 0.000ms | Texture: 0.497ms
Camera: [0.00, -0.18, 4.60]

--- DATA (valid / total) ---
  Bool               1 / 1
  Int                5 / 5
  I64                2 / 2
  F32                5 / 5
  F64                2 / 2
  CString            6 / 6
  Vec3               1 / 1
  Vertex             140 / 140
  Model              1 / 1
  Texture            1 / 1
  Bounds             260289 / 260289
  Debug_Stats        1 / 1
  FrameData          1 / 1
  Strings_Builder    1 / 1
  DataPoint          1 / 1
  Field              3 / 3
  Metadata           260460 / 260460
  TOTAL              520920 / 520920

--- FETCHES (edit / copy / set) ---
  Int                380495 / 0 / 0
  I64                1054 / 0 / 0
  F32                527 / 0 / 0
  F64                527 / 0 / 0
  Vec3               1582 / 0 / 0
  Texture            527 / 0 / 0
  Bounds             52002779 / 0 / 0
  Debug_Stats        2635 / 0 / 0
  DataPoint          527 / 0 / 0
  Field              527 / 0 / 0

--- FIELD OCCUPANCY ---
  Field[0] 'world_field' levels:4 dims:3
    bounds X:[-8.0000,8.0000] Y:[-8.0000,8.0000] Z:[-8.0000,8.0000]
    level 0: 1 / 1 cells occupied
    level 1: 2 / 8 cells occupied
    level 2: 4 / 64 cells occupied
    level 3: 6 / 512 cells occupied
    level 4: 6 / 4096 cells occupied
  Field[1] 'model_field' levels:4 dims:3
    bounds X:[-1.0000,1.0000] Y:[-1.0000,1.0000] Z:[-1.0000,1.0000]
    level 0: 1 / 1 cells occupied
    level 1: 6 / 8 cells occupied
    level 2: 28 / 64 cells occupied
    level 3: 96 / 512 cells occupied
    level 4: 140 / 4096 cells occupied
  Field[2] 'screen_field' levels:0 dims:2
    bounds X:[0.0000,800.0000] Y:[0.0000,600.0000] Z:[0.0000,1.0000]
    level 0: 0 / 1 cells occupied

[F2: enable fetch timing]

---
=== HOLLOWS ENGINE ===
FPS: 266 | Pixel: 3.2ms | Input: 0.000ms | Texture: 0.493ms
Camera: [0.00, -0.18, 4.60]

--- DATA (valid / total) ---
  Bool               1 / 1
  Int                5 / 5
  I64                2 / 2
  F32                5 / 5
  F64                2 / 2
  CString            6 / 6
  Vec3               1 / 1
  Vertex             140 / 140
  Model              1 / 1
  Texture            1 / 1
  Bounds             260289 / 260289
  Debug_Stats        1 / 1
  FrameData          1 / 1
  Strings_Builder    1 / 1
  DataPoint          1 / 1
  Field              3 / 3
  Metadata           260460 / 260460
  TOTAL              520920 / 520920

--- FETCHES (edit / copy / set) ---
  Int                383383 / 0 / 0
  I64                1062 / 0 / 0
  F32                531 / 0 / 0
  F64                531 / 0 / 0
  Vec3               1594 / 0 / 0
  Texture            531 / 0 / 0
  Bounds             52397487 / 0 / 0
  Debug_Stats        2655 / 0 / 0
  DataPoint          531 / 0 / 0
  Field              531 / 0 / 0

--- FIELD OCCUPANCY ---
  Field[0] 'world_field' levels:4 dims:3
    bounds X:[-8.0000,8.0000] Y:[-8.0000,8.0000] Z:[-8.0000,8.0000]
    level 0: 1 / 1 cells occupied
    level 1: 2 / 8 cells occupied
    level 2: 4 / 64 cells occupied
    level 3: 6 / 512 cells occupied
    level 4: 6 / 4096 cells occupied
  Field[1] 'model_field' levels:4 dims:3
    bounds X:[-1.0000,1.0000] Y:[-1.0000,1.0000] Z:[-1.0000,1.0000]
    level 0: 1 / 1 cells occupied
    level 1: 6 / 8 cells occupied
    level 2: 28 / 64 cells occupied
    level 3: 96 / 512 cells occupied
    level 4: 140 / 4096 cells occupied
  Field[2] 'screen_field' levels:0 dims:2
    bounds X:[0.0000,800.0000] Y:[0.0000,600.0000] Z:[0.0000,1.0000]
    level 0: 0 / 1 cells occupied

[F2: enable fetch timing]

---
=== HOLLOWS ENGINE ===
FPS: 266 | Pixel: 3.2ms | Input: 0.000ms | Texture: 0.493ms
Camera: [0.00, -0.18, 4.60]

--- DATA (valid / total) ---
  Bool               1 / 1
  Int                5 / 5
  I64                2 / 2
  F32                5 / 5
  F64                2 / 2
  CString            6 / 6
  Vec3               1 / 1
  Vertex             140 / 140
  Model              1 / 1
  Texture            1 / 1
  Bounds             260289 / 260289
  Debug_Stats        1 / 1
  FrameData          1 / 1
  Strings_Builder    1 / 1
  DataPoint          1 / 1
  Field              3 / 3
  Metadata           260460 / 260460
  TOTAL              520920 / 520920

--- FETCHES (edit / copy / set) ---
  Int                382661 / 0 / 0
  I64                1060 / 0 / 0
  F32                530 / 0 / 0
  F64                530 / 0 / 0
  Vec3               1591 / 0 / 0
  Texture            530 / 0 / 0
  Bounds             52298810 / 0 / 0
  Debug_Stats        2650 / 0 / 0
  DataPoint          530 / 0 / 0
  Field              530 / 0 / 0

--- FIELD OCCUPANCY ---
  Field[0] 'world_field' levels:4 dims:3
    bounds X:[-8.0000,8.0000] Y:[-8.0000,8.0000] Z:[-8.0000,8.0000]
    level 0: 1 / 1 cells occupied
    level 1: 2 / 8 cells occupied
    level 2: 4 / 64 cells occupied
    level 3: 6 / 512 cells occupied
    level 4: 6 / 4096 cells occupied
  Field[1] 'model_field' levels:4 dims:3
    bounds X:[-1.0000,1.0000] Y:[-1.0000,1.0000] Z:[-1.0000,1.0000]
    level 0: 1 / 1 cells occupied
    level 1: 6 / 8 cells occupied
    level 2: 28 / 64 cells occupied
    level 3: 96 / 512 cells occupied
    level 4: 140 / 4096 cells occupied
  Field[2] 'screen_field' levels:0 dims:2
    bounds X:[0.0000,800.0000] Y:[0.0000,600.0000] Z:[0.0000,1.0000]
    level 0: 0 / 1 cells occupied

[F2: enable fetch timing]

---
=== HOLLOWS ENGINE ===
FPS: 266 | Pixel: 3.2ms | Input: 0.000ms | Texture: 0.498ms
Camera: [0.00, -0.18, 4.60]

--- DATA (valid / total) ---
  Bool               1 / 1
  Int                5 / 5
  I64                2 / 2
  F32                5 / 5
  F64                2 / 2
  CString            6 / 6
  Vec3               1 / 1
  Vertex             140 / 140
  Model              1 / 1
  Texture            1 / 1
  Bounds             260289 / 260289
  Debug_Stats        1 / 1
  FrameData          1 / 1
  Strings_Builder    1 / 1
  DataPoint          1 / 1
  Field              3 / 3
  Metadata           260460 / 260460
  TOTAL              520920 / 520920

--- FETCHES (edit / copy / set) ---
  Int                379051 / 0 / 0
  I64                1050 / 0 / 0
  F32                525 / 0 / 0
  F64                525 / 0 / 0
  Vec3               1576 / 0 / 0
  Texture            525 / 0 / 0
  Bounds             51805425 / 0 / 0
  Debug_Stats        2625 / 0 / 0
  DataPoint          525 / 0 / 0
  Field              525 / 0 / 0

--- FIELD OCCUPANCY ---
  Field[0] 'world_field' levels:4 dims:3
    bounds X:[-8.0000,8.0000] Y:[-8.0000,8.0000] Z:[-8.0000,8.0000]
    level 0: 1 / 1 cells occupied
    level 1: 2 / 8 cells occupied
    level 2: 4 / 64 cells occupied
    level 3: 6 / 512 cells occupied
    level 4: 6 / 4096 cells occupied
  Field[1] 'model_field' levels:4 dims:3
    bounds X:[-1.0000,1.0000] Y:[-1.0000,1.0000] Z:[-1.0000,1.0000]
    level 0: 1 / 1 cells occupied
    level 1: 6 / 8 cells occupied
    level 2: 28 / 64 cells occupied
    level 3: 96 / 512 cells occupied
    level 4: 140 / 4096 cells occupied
  Field[2] 'screen_field' levels:0 dims:2
    bounds X:[0.0000,800.0000] Y:[0.0000,600.0000] Z:[0.0000,1.0000]
    level 0: 0 / 1 cells occupied

[F2: enable fetch timing]

---
=== HOLLOWS ENGINE ===
FPS: 266 | Pixel: 3.2ms | Input: 0.000ms | Texture: 0.495ms
Camera: [0.00, -0.18, 4.60]

--- DATA (valid / total) ---
  Bool               1 / 1
  Int                5 / 5
  I64                2 / 2
  F32                5 / 5
  F64                2 / 2
  CString            6 / 6
  Vec3               1 / 1
  Vertex             140 / 140
  Model              1 / 1
  Texture            1 / 1
  Bounds             260289 / 260289
  Debug_Stats        1 / 1
  FrameData          1 / 1
  Strings_Builder    1 / 1
  DataPoint          1 / 1
  Field              3 / 3
  Metadata           260460 / 260460
  TOTAL              520920 / 520920

--- FETCHES (edit / copy / set) ---
  Int                382661 / 0 / 0
  I64                1060 / 0 / 0
  F32                530 / 0 / 0
  F64                530 / 0 / 0
  Vec3               1591 / 0 / 0
  Texture            530 / 0 / 0
  Bounds             52298810 / 0 / 0
  Debug_Stats        2650 / 0 / 0
  DataPoint          530 / 0 / 0
  Field              530 / 0 / 0

--- FIELD OCCUPANCY ---
  Field[0] 'world_field' levels:4 dims:3
    bounds X:[-8.0000,8.0000] Y:[-8.0000,8.0000] Z:[-8.0000,8.0000]
    level 0: 1 / 1 cells occupied
    level 1: 2 / 8 cells occupied
    level 2: 4 / 64 cells occupied
    level 3: 6 / 512 cells occupied
    level 4: 6 / 4096 cells occupied
  Field[1] 'model_field' levels:4 dims:3
    bounds X:[-1.0000,1.0000] Y:[-1.0000,1.0000] Z:[-1.0000,1.0000]
    level 0: 1 / 1 cells occupied
    level 1: 6 / 8 cells occupied
    level 2: 28 / 64 cells occupied
    level 3: 96 / 512 cells occupied
    level 4: 140 / 4096 cells occupied
  Field[2] 'screen_field' levels:0 dims:2
    bounds X:[0.0000,800.0000] Y:[0.0000,600.0000] Z:[0.0000,1.0000]
    level 0: 0 / 1 cells occupied

[F2: enable fetch timing]

---
=== HOLLOWS ENGINE ===
FPS: 256 | Pixel: 3.2ms | Input: 0.000ms | Texture: 0.491ms
Camera: [0.00, -0.18, 4.60]

--- DATA (valid / total) ---
  Bool               1 / 1
  Int                5 / 5
  I64                2 / 2
  F32                5 / 5
  F64                2 / 2
  CString            6 / 6
  Vec3               1 / 1
  Vertex             140 / 140
  Model              1 / 1
  Texture            1 / 1
  Bounds             260289 / 260289
  Debug_Stats        1 / 1
  FrameData          1 / 1
  Strings_Builder    1 / 1
  DataPoint          1 / 1
  Field              3 / 3
  Metadata           260460 / 260460
  TOTAL              520920 / 520920

--- FETCHES (edit / copy / set) ---
  Int                382661 / 0 / 0
  I64                1060 / 0 / 0
  F32                530 / 0 / 0
  F64                530 / 0 / 0
  Vec3               1591 / 0 / 0
  Texture            530 / 0 / 0
  Bounds             52298810 / 0 / 0
  Debug_Stats        2650 / 0 / 0
  DataPoint          530 / 0 / 0
  Field              530 / 0 / 0

--- FIELD OCCUPANCY ---
  Field[0] 'world_field' levels:4 dims:3
    bounds X:[-8.0000,8.0000] Y:[-8.0000,8.0000] Z:[-8.0000,8.0000]
    level 0: 1 / 1 cells occupied
    level 1: 2 / 8 cells occupied
    level 2: 4 / 64 cells occupied
    level 3: 6 / 512 cells occupied
    level 4: 6 / 4096 cells occupied
  Field[1] 'model_field' levels:4 dims:3
    bounds X:[-1.0000,1.0000] Y:[-1.0000,1.0000] Z:[-1.0000,1.0000]
    level 0: 1 / 1 cells occupied
    level 1: 6 / 8 cells occupied
    level 2: 28 / 64 cells occupied
    level 3: 96 / 512 cells occupied
    level 4: 140 / 4096 cells occupied
  Field[2] 'screen_field' levels:0 dims:2
    bounds X:[0.0000,800.0000] Y:[0.0000,600.0000] Z:[0.0000,1.0000]
    level 0: 0 / 1 cells occupied

[F2: enable fetch timing]

---
=== HOLLOWS ENGINE ===
FPS: 262 | Pixel: 3.2ms | Input: 0.000ms | Texture: 0.493ms
Camera: [0.00, -0.18, 4.60]

--- DATA (valid / total) ---
  Bool               1 / 1
  Int                5 / 5
  I64                2 / 2
  F32                5 / 5
  F64                2 / 2
  CString            6 / 6
  Vec3               1 / 1
  Vertex             140 / 140
  Model              1 / 1
  Texture            1 / 1
  Bounds             260289 / 260289
  Debug_Stats        1 / 1
  FrameData          1 / 1
  Strings_Builder    1 / 1
  DataPoint          1 / 1
  Field              3 / 3
  Metadata           260460 / 260460
  TOTAL              520920 / 520920

--- FETCHES (edit / copy / set) ---
  Int                382661 / 0 / 0
  I64                1060 / 0 / 0
  F32                530 / 0 / 0
  F64                530 / 0 / 0
  Vec3               1591 / 0 / 0
  Texture            530 / 0 / 0
  Bounds             52298810 / 0 / 0
  Debug_Stats        2650 / 0 / 0
  DataPoint          530 / 0 / 0
  Field              530 / 0 / 0

--- FIELD OCCUPANCY ---
  Field[0] 'world_field' levels:4 dims:3
    bounds X:[-8.0000,8.0000] Y:[-8.0000,8.0000] Z:[-8.0000,8.0000]
    level 0: 1 / 1 cells occupied
    level 1: 2 / 8 cells occupied
    level 2: 4 / 64 cells occupied
    level 3: 6 / 512 cells occupied
    level 4: 6 / 4096 cells occupied
  Field[1] 'model_field' levels:4 dims:3
    bounds X:[-1.0000,1.0000] Y:[-1.0000,1.0000] Z:[-1.0000,1.0000]
    level 0: 1 / 1 cells occupied
    level 1: 6 / 8 cells occupied
    level 2: 28 / 64 cells occupied
    level 3: 96 / 512 cells occupied
    level 4: 140 / 4096 cells occupied
  Field[2] 'screen_field' levels:0 dims:2
    bounds X:[0.0000,800.0000] Y:[0.0000,600.0000] Z:[0.0000,1.0000]
    level 0: 0 / 1 cells occupied

[F2: enable fetch timing]

---
=== HOLLOWS ENGINE ===
FPS: 266 | Pixel: 3.2ms | Input: 0.000ms | Texture: 0.497ms
Camera: [0.00, -0.18, 4.60]

--- DATA (valid / total) ---
  Bool               1 / 1
  Int                5 / 5
  I64                2 / 2
  F32                5 / 5
  F64                2 / 2
  CString            6 / 6
  Vec3               1 / 1
  Vertex             140 / 140
  Model              1 / 1
  Texture            1 / 1
  Bounds             260289 / 260289
  Debug_Stats        1 / 1
  FrameData          1 / 1
  Strings_Builder    1 / 1
  DataPoint          1 / 1
  Field              3 / 3
  Metadata           260460 / 260460
  TOTAL              520920 / 520920

--- FETCHES (edit / copy / set) ---
  Int                379051 / 0 / 0
  I64                1050 / 0 / 0
  F32                525 / 0 / 0
  F64                525 / 0 / 0
  Vec3               1576 / 0 / 0
  Texture            525 / 0 / 0
  Bounds             51805425 / 0 / 0
  Debug_Stats        2625 / 0 / 0
  DataPoint          525 / 0 / 0
  Field              525 / 0 / 0

--- FIELD OCCUPANCY ---
  Field[0] 'world_field' levels:4 dims:3
    bounds X:[-8.0000,8.0000] Y:[-8.0000,8.0000] Z:[-8.0000,8.0000]
    level 0: 1 / 1 cells occupied
    level 1: 2 / 8 cells occupied
    level 2: 4 / 64 cells occupied
    level 3: 6 / 512 cells occupied
    level 4: 6 / 4096 cells occupied
  Field[1] 'model_field' levels:4 dims:3
    bounds X:[-1.0000,1.0000] Y:[-1.0000,1.0000] Z:[-1.0000,1.0000]
    level 0: 1 / 1 cells occupied
    level 1: 6 / 8 cells occupied
    level 2: 28 / 64 cells occupied
    level 3: 96 / 512 cells occupied
    level 4: 140 / 4096 cells occupied
  Field[2] 'screen_field' levels:0 dims:2
    bounds X:[0.0000,800.0000] Y:[0.0000,600.0000] Z:[0.0000,1.0000]
    level 0: 0 / 1 cells occupied

[F2: enable fetch timing]

---
=== HOLLOWS ENGINE ===
FPS: 265 | Pixel: 3.2ms | Input: 0.000ms | Texture: 0.501ms
Camera: [0.00, -0.18, 4.60]

--- DATA (valid / total) ---
  Bool               1 / 1
  Int                5 / 5
  I64                2 / 2
  F32                5 / 5
  F64                2 / 2
  CString            6 / 6
  Vec3               1 / 1
  Vertex             140 / 140
  Model              1 / 1
  Texture            1 / 1
  Bounds             260289 / 260289
  Debug_Stats        1 / 1
  FrameData          1 / 1
  Strings_Builder    1 / 1
  DataPoint          1 / 1
  Field              3 / 3
  Metadata           260460 / 260460
  TOTAL              520920 / 520920

--- FETCHES (edit / copy / set) ---
  Int                376885 / 0 / 0
  I64                1044 / 0 / 0
  F32                522 / 0 / 0
  F64                522 / 0 / 0
  Vec3               1567 / 0 / 0
  Texture            522 / 0 / 0
  Bounds             51509394 / 0 / 0
  Debug_Stats        2610 / 0 / 0
  DataPoint          522 / 0 / 0
  Field              522 / 0 / 0

--- FIELD OCCUPANCY ---
  Field[0] 'world_field' levels:4 dims:3
    bounds X:[-8.0000,8.0000] Y:[-8.0000,8.0000] Z:[-8.0000,8.0000]
    level 0: 1 / 1 cells occupied
    level 1: 2 / 8 cells occupied
    level 2: 4 / 64 cells occupied
    level 3: 6 / 512 cells occupied
    level 4: 6 / 4096 cells occupied
  Field[1] 'model_field' levels:4 dims:3
    bounds X:[-1.0000,1.0000] Y:[-1.0000,1.0000] Z:[-1.0000,1.0000]
    level 0: 1 / 1 cells occupied
    level 1: 6 / 8 cells occupied
    level 2: 28 / 64 cells occupied
    level 3: 96 / 512 cells occupied
    level 4: 140 / 4096 cells occupied
  Field[2] 'screen_field' levels:0 dims:2
    bounds X:[0.0000,800.0000] Y:[0.0000,600.0000] Z:[0.0000,1.0000]
    level 0: 0 / 1 cells occupied

[F2: enable fetch timing]

---
=== HOLLOWS ENGINE ===
FPS: 266 | Pixel: 3.2ms | Input: 0.000ms | Texture: 0.493ms
Camera: [0.00, -0.18, 4.60]

--- DATA (valid / total) ---
  Bool               1 / 1
  Int                5 / 5
  I64                2 / 2
  F32                5 / 5
  F64                2 / 2
  CString            6 / 6
  Vec3               1 / 1
  Vertex             140 / 140
  Model              1 / 1
  Texture            1 / 1
  Bounds             260289 / 260289
  Debug_Stats        1 / 1
  FrameData          1 / 1
  Strings_Builder    1 / 1
  DataPoint          1 / 1
  Field              3 / 3
  Metadata           260460 / 260460
  TOTAL              520920 / 520920

--- FETCHES (edit / copy / set) ---
  Int                381939 / 0 / 0
  I64                1058 / 0 / 0
  F32                529 / 0 / 0
  F64                529 / 0 / 0
  Vec3               1588 / 0 / 0
  Texture            529 / 0 / 0
  Bounds             52200133 / 0 / 0
  Debug_Stats        2645 / 0 / 0
  DataPoint          529 / 0 / 0
  Field              529 / 0 / 0

--- FIELD OCCUPANCY ---
  Field[0] 'world_field' levels:4 dims:3
    bounds X:[-8.0000,8.0000] Y:[-8.0000,8.0000] Z:[-8.0000,8.0000]
    level 0: 1 / 1 cells occupied
    level 1: 2 / 8 cells occupied
    level 2: 4 / 64 cells occupied
    level 3: 6 / 512 cells occupied
    level 4: 6 / 4096 cells occupied
  Field[1] 'model_field' levels:4 dims:3
    bounds X:[-1.0000,1.0000] Y:[-1.0000,1.0000] Z:[-1.0000,1.0000]
    level 0: 1 / 1 cells occupied
    level 1: 6 / 8 cells occupied
    level 2: 28 / 64 cells occupied
    level 3: 96 / 512 cells occupied
    level 4: 140 / 4096 cells occupied
  Field[2] 'screen_field' levels:0 dims:2
    bounds X:[0.0000,800.0000] Y:[0.0000,600.0000] Z:[0.0000,1.0000]
    level 0: 0 / 1 cells occupied

[F2: enable fetch timing]

---
=== HOLLOWS ENGINE ===
FPS: 266 | Pixel: 3.2ms | Input: 0.000ms | Texture: 0.495ms
Camera: [0.00, -0.18, 4.60]

--- DATA (valid / total) ---
  Bool               1 / 1
  Int                5 / 5
  I64                2 / 2
  F32                5 / 5
  F64                2 / 2
  CString            6 / 6
  Vec3               1 / 1
  Vertex             140 / 140
  Model              1 / 1
  Texture            1 / 1
  Bounds             260289 / 260289
  Debug_Stats        1 / 1
  FrameData          1 / 1
  Strings_Builder    1 / 1
  DataPoint          1 / 1
  Field              3 / 3
  Metadata           260460 / 260460
  TOTAL              520920 / 520920

--- FETCHES (edit / copy / set) ---
  Int                381217 / 0 / 0
  I64                1056 / 0 / 0
  F32                528 / 0 / 0
  F64                528 / 0 / 0
  Vec3               1585 / 0 / 0
  Texture            528 / 0 / 0
  Bounds             52101456 / 0 / 0
  Debug_Stats        2640 / 0 / 0
  DataPoint          528 / 0 / 0
  Field              528 / 0 / 0

--- FIELD OCCUPANCY ---
  Field[0] 'world_field' levels:4 dims:3
    bounds X:[-8.0000,8.0000] Y:[-8.0000,8.0000] Z:[-8.0000,8.0000]
    level 0: 1 / 1 cells occupied
    level 1: 2 / 8 cells occupied
    level 2: 4 / 64 cells occupied
    level 3: 6 / 512 cells occupied
    level 4: 6 / 4096 cells occupied
  Field[1] 'model_field' levels:4 dims:3
    bounds X:[-1.0000,1.0000] Y:[-1.0000,1.0000] Z:[-1.0000,1.0000]
    level 0: 1 / 1 cells occupied
    level 1: 6 / 8 cells occupied
    level 2: 28 / 64 cells occupied
    level 3: 96 / 512 cells occupied
    level 4: 140 / 4096 cells occupied
  Field[2] 'screen_field' levels:0 dims:2
    bounds X:[0.0000,800.0000] Y:[0.0000,600.0000] Z:[0.0000,1.0000]
    level 0: 0 / 1 cells occupied

[F2: enable fetch timing]

---
=== HOLLOWS ENGINE ===
FPS: 266 | Pixel: 3.2ms | Input: 0.000ms | Texture: 0.495ms
Camera: [0.00, -0.18, 4.60]

--- DATA (valid / total) ---
  Bool               1 / 1
  Int                5 / 5
  I64                2 / 2
  F32                5 / 5
  F64                2 / 2
  CString            6 / 6
  Vec3               1 / 1
  Vertex             140 / 140
  Model              1 / 1
  Texture            1 / 1
  Bounds             260289 / 260289
  Debug_Stats        1 / 1
  FrameData          1 / 1
  Strings_Builder    1 / 1
  DataPoint          1 / 1
  Field              3 / 3
  Metadata           260460 / 260460
  TOTAL              520920 / 520920

--- FETCHES (edit / copy / set) ---
  Int                380495 / 0 / 0
  I64                1054 / 0 / 0
  F32                527 / 0 / 0
  F64                527 / 0 / 0
  Vec3               1582 / 0 / 0
  Texture            527 / 0 / 0
  Bounds             52002779 / 0 / 0
  Debug_Stats        2635 / 0 / 0
  DataPoint          527 / 0 / 0
  Field              527 / 0 / 0

--- FIELD OCCUPANCY ---
  Field[0] 'world_field' levels:4 dims:3
    bounds X:[-8.0000,8.0000] Y:[-8.0000,8.0000] Z:[-8.0000,8.0000]
    level 0: 1 / 1 cells occupied
    level 1: 2 / 8 cells occupied
    level 2: 4 / 64 cells occupied
    level 3: 6 / 512 cells occupied
    level 4: 6 / 4096 cells occupied
  Field[1] 'model_field' levels:4 dims:3
    bounds X:[-1.0000,1.0000] Y:[-1.0000,1.0000] Z:[-1.0000,1.0000]
    level 0: 1 / 1 cells occupied
    level 1: 6 / 8 cells occupied
    level 2: 28 / 64 cells occupied
    level 3: 96 / 512 cells occupied
    level 4: 140 / 4096 cells occupied
  Field[2] 'screen_field' levels:0 dims:2
    bounds X:[0.0000,800.0000] Y:[0.0000,600.0000] Z:[0.0000,1.0000]
    level 0: 0 / 1 cells occupied

[F2: enable fetch timing]

---
=== HOLLOWS ENGINE ===
FPS: 265 | Pixel: 3.2ms | Input: 0.000ms | Texture: 0.500ms
Camera: [0.00, -0.18, 4.60]

--- DATA (valid / total) ---
  Bool               1 / 1
  Int                5 / 5
  I64                2 / 2
  F32                5 / 5
  F64                2 / 2
  CString            6 / 6
  Vec3               1 / 1
  Vertex             140 / 140
  Model              1 / 1
  Texture            1 / 1
  Bounds             260289 / 260289
  Debug_Stats        1 / 1
  FrameData          1 / 1
  Strings_Builder    1 / 1
  DataPoint          1 / 1
  Field              3 / 3
  Metadata           260460 / 260460
  TOTAL              520920 / 520920

--- FETCHES (edit / copy / set) ---
  Int                381939 / 0 / 0
  I64                1058 / 0 / 0
  F32                529 / 0 / 0
  F64                529 / 0 / 0
  Vec3               1588 / 0 / 0
  Texture            529 / 0 / 0
  Bounds             52200133 / 0 / 0
  Debug_Stats        2645 / 0 / 0
  DataPoint          529 / 0 / 0
  Field              529 / 0 / 0

--- FIELD OCCUPANCY ---
  Field[0] 'world_field' levels:4 dims:3
    bounds X:[-8.0000,8.0000] Y:[-8.0000,8.0000] Z:[-8.0000,8.0000]
    level 0: 1 / 1 cells occupied
    level 1: 2 / 8 cells occupied
    level 2: 4 / 64 cells occupied
    level 3: 6 / 512 cells occupied
    level 4: 6 / 4096 cells occupied
  Field[1] 'model_field' levels:4 dims:3
    bounds X:[-1.0000,1.0000] Y:[-1.0000,1.0000] Z:[-1.0000,1.0000]
    level 0: 1 / 1 cells occupied
    level 1: 6 / 8 cells occupied
    level 2: 28 / 64 cells occupied
    level 3: 96 / 512 cells occupied
    level 4: 140 / 4096 cells occupied
  Field[2] 'screen_field' levels:0 dims:2
    bounds X:[0.0000,800.0000] Y:[0.0000,600.0000] Z:[0.0000,1.0000]
    level 0: 0 / 1 cells occupied

[F2: enable fetch timing]

---
=== HOLLOWS ENGINE ===
FPS: 266 | Pixel: 3.2ms | Input: 0.000ms | Texture: 0.492ms
Camera: [0.00, -0.18, 4.60]

--- DATA (valid / total) ---
  Bool               1 / 1
  Int                5 / 5
  I64                2 / 2
  F32                5 / 5
  F64                2 / 2
  CString            6 / 6
  Vec3               1 / 1
  Vertex             140 / 140
  Model              1 / 1
  Texture            1 / 1
  Bounds             260289 / 260289
  Debug_Stats        1 / 1
  FrameData          1 / 1
  Strings_Builder    1 / 1
  DataPoint          1 / 1
  Field              3 / 3
  Metadata           260460 / 260460
  TOTAL              520920 / 520920

--- FETCHES (edit / copy / set) ---
  Int                379051 / 0 / 0
  I64                1050 / 0 / 0
  F32                525 / 0 / 0
  F64                525 / 0 / 0
  Vec3               1576 / 0 / 0
  Texture            525 / 0 / 0
  Bounds             51805425 / 0 / 0
  Debug_Stats        2625 / 0 / 0
  DataPoint          525 / 0 / 0
  Field              525 / 0 / 0

--- FIELD OCCUPANCY ---
  Field[0] 'world_field' levels:4 dims:3
    bounds X:[-8.0000,8.0000] Y:[-8.0000,8.0000] Z:[-8.0000,8.0000]
    level 0: 1 / 1 cells occupied
    level 1: 2 / 8 cells occupied
    level 2: 4 / 64 cells occupied
    level 3: 6 / 512 cells occupied
    level 4: 6 / 4096 cells occupied
  Field[1] 'model_field' levels:4 dims:3
    bounds X:[-1.0000,1.0000] Y:[-1.0000,1.0000] Z:[-1.0000,1.0000]
    level 0: 1 / 1 cells occupied
    level 1: 6 / 8 cells occupied
    level 2: 28 / 64 cells occupied
    level 3: 96 / 512 cells occupied
    level 4: 140 / 4096 cells occupied
  Field[2] 'screen_field' levels:0 dims:2
    bounds X:[0.0000,800.0000] Y:[0.0000,600.0000] Z:[0.0000,1.0000]
    level 0: 0 / 1 cells occupied

[F2: enable fetch timing]

---
=== HOLLOWS ENGINE ===
FPS: 266 | Pixel: 3.2ms | Input: 0.000ms | Texture: 0.491ms
Camera: [0.00, -0.18, 4.60]

--- DATA (valid / total) ---
  Bool               1 / 1
  Int                5 / 5
  I64                2 / 2
  F32                5 / 5
  F64                2 / 2
  CString            6 / 6
  Vec3               1 / 1
  Vertex             140 / 140
  Model              1 / 1
  Texture            1 / 1
  Bounds             260289 / 260289
  Debug_Stats        1 / 1
  FrameData          1 / 1
  Strings_Builder    1 / 1
  DataPoint          1 / 1
  Field              3 / 3
  Metadata           260460 / 260460
  TOTAL              520920 / 520920

--- FETCHES (edit / copy / set) ---
  Int                384105 / 0 / 0
  I64                1064 / 0 / 0
  F32                532 / 0 / 0
  F64                532 / 0 / 0
  Vec3               1597 / 0 / 0
  Texture            532 / 0 / 0
  Bounds             52496164 / 0 / 0
  Debug_Stats        2660 / 0 / 0
  DataPoint          532 / 0 / 0
  Field              532 / 0 / 0

--- FIELD OCCUPANCY ---
  Field[0] 'world_field' levels:4 dims:3
    bounds X:[-8.0000,8.0000] Y:[-8.0000,8.0000] Z:[-8.0000,8.0000]
    level 0: 1 / 1 cells occupied
    level 1: 2 / 8 cells occupied
    level 2: 4 / 64 cells occupied
    level 3: 6 / 512 cells occupied
    level 4: 6 / 4096 cells occupied
  Field[1] 'model_field' levels:4 dims:3
    bounds X:[-1.0000,1.0000] Y:[-1.0000,1.0000] Z:[-1.0000,1.0000]
    level 0: 1 / 1 cells occupied
    level 1: 6 / 8 cells occupied
    level 2: 28 / 64 cells occupied
    level 3: 96 / 512 cells occupied
    level 4: 140 / 4096 cells occupied
  Field[2] 'screen_field' levels:0 dims:2
    bounds X:[0.0000,800.0000] Y:[0.0000,600.0000] Z:[0.0000,1.0000]
    level 0: 0 / 1 cells occupied

[F2: enable fetch timing]

---
=== HOLLOWS ENGINE ===
FPS: 265 | Pixel: 3.2ms | Input: 0.000ms | Texture: 0.497ms
Camera: [0.00, -0.18, 4.60]

--- DATA (valid / total) ---
  Bool               1 / 1
  Int                5 / 5
  I64                2 / 2
  F32                5 / 5
  F64                2 / 2
  CString            6 / 6
  Vec3               1 / 1
  Vertex             140 / 140
  Model              1 / 1
  Texture            1 / 1
  Bounds             260289 / 260289
  Debug_Stats        1 / 1
  FrameData          1 / 1
  Strings_Builder    1 / 1
  DataPoint          1 / 1
  Field              3 / 3
  Metadata           260460 / 260460
  TOTAL              520920 / 520920

--- FETCHES (edit / copy / set) ---
  Int                382661 / 0 / 0
  I64                1060 / 0 / 0
  F32                530 / 0 / 0
  F64                530 / 0 / 0
  Vec3               1591 / 0 / 0
  Texture            530 / 0 / 0
  Bounds             52298810 / 0 / 0
  Debug_Stats        2650 / 0 / 0
  DataPoint          530 / 0 / 0
  Field              530 / 0 / 0

--- FIELD OCCUPANCY ---
  Field[0] 'world_field' levels:4 dims:3
    bounds X:[-8.0000,8.0000] Y:[-8.0000,8.0000] Z:[-8.0000,8.0000]
    level 0: 1 / 1 cells occupied
    level 1: 2 / 8 cells occupied
    level 2: 4 / 64 cells occupied
    level 3: 6 / 512 cells occupied
    level 4: 6 / 4096 cells occupied
  Field[1] 'model_field' levels:4 dims:3
    bounds X:[-1.0000,1.0000] Y:[-1.0000,1.0000] Z:[-1.0000,1.0000]
    level 0: 1 / 1 cells occupied
    level 1: 6 / 8 cells occupied
    level 2: 28 / 64 cells occupied
    level 3: 96 / 512 cells occupied
    level 4: 140 / 4096 cells occupied
  Field[2] 'screen_field' levels:0 dims:2
    bounds X:[0.0000,800.0000] Y:[0.0000,600.0000] Z:[0.0000,1.0000]
    level 0: 0 / 1 cells occupied

[F2: enable fetch timing]

---
=== HOLLOWS ENGINE ===
FPS: 240 | Pixel: 3.4ms | Input: 0.000ms | Texture: 0.540ms
Camera: [0.00, -0.18, 4.60]

--- DATA (valid / total) ---
  Bool               1 / 1
  Int                5 / 5
  I64                2 / 2
  F32                5 / 5
  F64                2 / 2
  CString            6 / 6
  Vec3               1 / 1
  Vertex             140 / 140
  Model              1 / 1
  Texture            1 / 1
  Bounds             260289 / 260289
  Debug_Stats        1 / 1
  FrameData          1 / 1
  Strings_Builder    1 / 1
  DataPoint          1 / 1
  Field              3 / 3
  Metadata           260460 / 260460
  TOTAL              520920 / 520920

--- FETCHES (edit / copy / set) ---
  Int                376885 / 0 / 0
  I64                1044 / 0 / 0
  F32                522 / 0 / 0
  F64                522 / 0 / 0
  Vec3               1567 / 0 / 0
  Texture            522 / 0 / 0
  Bounds             51509394 / 0 / 0
  Debug_Stats        2610 / 0 / 0
  DataPoint          522 / 0 / 0
  Field              522 / 0 / 0

--- FIELD OCCUPANCY ---
  Field[0] 'world_field' levels:4 dims:3
    bounds X:[-8.0000,8.0000] Y:[-8.0000,8.0000] Z:[-8.0000,8.0000]
    level 0: 1 / 1 cells occupied
    level 1: 2 / 8 cells occupied
    level 2: 4 / 64 cells occupied
    level 3: 6 / 512 cells occupied
    level 4: 6 / 4096 cells occupied
  Field[1] 'model_field' levels:4 dims:3
    bounds X:[-1.0000,1.0000] Y:[-1.0000,1.0000] Z:[-1.0000,1.0000]
    level 0: 1 / 1 cells occupied
    level 1: 6 / 8 cells occupied
    level 2: 28 / 64 cells occupied
    level 3: 96 / 512 cells occupied
    level 4: 140 / 4096 cells occupied
  Field[2] 'screen_field' levels:0 dims:2
    bounds X:[0.0000,800.0000] Y:[0.0000,600.0000] Z:[0.0000,1.0000]
    level 0: 0 / 1 cells occupied

[F2: enable fetch timing]

---
=== HOLLOWS ENGINE ===
FPS: 265 | Pixel: 3.2ms | Input: 0.000ms | Texture: 0.498ms
Camera: [0.00, -0.18, 4.60]

--- DATA (valid / total) ---
  Bool               1 / 1
  Int                5 / 5
  I64                2 / 2
  F32                5 / 5
  F64                2 / 2
  CString            6 / 6
  Vec3               1 / 1
  Vertex             140 / 140
  Model              1 / 1
  Texture            1 / 1
  Bounds             260289 / 260289
  Debug_Stats        1 / 1
  FrameData          1 / 1
  Strings_Builder    1 / 1
  DataPoint          1 / 1
  Field              3 / 3
  Metadata           260460 / 260460
  TOTAL              520920 / 520920

--- FETCHES (edit / copy / set) ---
  Int                381217 / 0 / 0
  I64                1056 / 0 / 0
  F32                528 / 0 / 0
  F64                528 / 0 / 0
  Vec3               1585 / 0 / 0
  Texture            528 / 0 / 0
  Bounds             52101456 / 0 / 0
  Debug_Stats        2640 / 0 / 0
  DataPoint          528 / 0 / 0
  Field              528 / 0 / 0

--- FIELD OCCUPANCY ---
  Field[0] 'world_field' levels:4 dims:3
    bounds X:[-8.0000,8.0000] Y:[-8.0000,8.0000] Z:[-8.0000,8.0000]
    level 0: 1 / 1 cells occupied
    level 1: 2 / 8 cells occupied
    level 2: 4 / 64 cells occupied
    level 3: 6 / 512 cells occupied
    level 4: 6 / 4096 cells occupied
  Field[1] 'model_field' levels:4 dims:3
    bounds X:[-1.0000,1.0000] Y:[-1.0000,1.0000] Z:[-1.0000,1.0000]
    level 0: 1 / 1 cells occupied
    level 1: 6 / 8 cells occupied
    level 2: 28 / 64 cells occupied
    level 3: 96 / 512 cells occupied
    level 4: 140 / 4096 cells occupied
  Field[2] 'screen_field' levels:0 dims:2
    bounds X:[0.0000,800.0000] Y:[0.0000,600.0000] Z:[0.0000,1.0000]
    level 0: 0 / 1 cells occupied

[F2: enable fetch timing]

---
=== HOLLOWS ENGINE ===
FPS: 242 | Pixel: 3.5ms | Input: 0.000ms | Texture: 0.545ms
Camera: [0.00, -0.18, 4.60]

--- DATA (valid / total) ---
  Bool               1 / 1
  Int                5 / 5
  I64                2 / 2
  F32                5 / 5
  F64                2 / 2
  CString            6 / 6
  Vec3               1 / 1
  Vertex             140 / 140
  Model              1 / 1
  Texture            1 / 1
  Bounds             260289 / 260289
  Debug_Stats        1 / 1
  FrameData          1 / 1
  Strings_Builder    1 / 1
  DataPoint          1 / 1
  Field              3 / 3
  Metadata           260460 / 260460
  TOTAL              520920 / 520920

--- FETCHES (edit / copy / set) ---
  Int                379773 / 0 / 0
  I64                1052 / 0 / 0
  F32                526 / 0 / 0
  F64                526 / 0 / 0
  Vec3               1579 / 0 / 0
  Texture            526 / 0 / 0
  Bounds             51904102 / 0 / 0
  Debug_Stats        2630 / 0 / 0
  DataPoint          526 / 0 / 0
  Field              526 / 0 / 0

--- FIELD OCCUPANCY ---
  Field[0] 'world_field' levels:4 dims:3
    bounds X:[-8.0000,8.0000] Y:[-8.0000,8.0000] Z:[-8.0000,8.0000]
    level 0: 1 / 1 cells occupied
    level 1: 2 / 8 cells occupied
    level 2: 4 / 64 cells occupied
    level 3: 6 / 512 cells occupied
    level 4: 6 / 4096 cells occupied
  Field[1] 'model_field' levels:4 dims:3
    bounds X:[-1.0000,1.0000] Y:[-1.0000,1.0000] Z:[-1.0000,1.0000]
    level 0: 1 / 1 cells occupied
    level 1: 6 / 8 cells occupied
    level 2: 28 / 64 cells occupied
    level 3: 96 / 512 cells occupied
    level 4: 140 / 4096 cells occupied
  Field[2] 'screen_field' levels:0 dims:2
    bounds X:[0.0000,800.0000] Y:[0.0000,600.0000] Z:[0.0000,1.0000]
    level 0: 0 / 1 cells occupied

[F2: enable fetch timing]

---
=== HOLLOWS ENGINE ===
FPS: 268 | Pixel: 3.2ms | Input: 0.000ms | Texture: 0.460ms
Camera: [0.00, -0.18, 4.60]

--- DATA (valid / total) ---
  Bool               1 / 1
  Int                5 / 5
  I64                2 / 2
  F32                5 / 5
  F64                2 / 2
  CString            6 / 6
  Vec3               1 / 1
  Vertex             140 / 140
  Model              1 / 1
  Texture            1 / 1
  Bounds             260289 / 260289
  Debug_Stats        1 / 1
  FrameData          1 / 1
  Strings_Builder    1 / 1
  DataPoint          1 / 1
  Field              3 / 3
  Metadata           260460 / 260460
  TOTAL              520920 / 520920

--- FETCHES (edit / copy / set) ---
  Int                376163 / 0 / 0
  I64                1042 / 0 / 0
  F32                521 / 0 / 0
  F64                521 / 0 / 0
  Vec3               1564 / 0 / 0
  Texture            521 / 0 / 0
  Bounds             51410717 / 0 / 0
  Debug_Stats        2605 / 0 / 0
  DataPoint          521 / 0 / 0
  Field              521 / 0 / 0

--- FIELD OCCUPANCY ---
  Field[0] 'world_field' levels:4 dims:3
    bounds X:[-8.0000,8.0000] Y:[-8.0000,8.0000] Z:[-8.0000,8.0000]
    level 0: 1 / 1 cells occupied
    level 1: 2 / 8 cells occupied
    level 2: 4 / 64 cells occupied
    level 3: 6 / 512 cells occupied
    level 4: 6 / 4096 cells occupied
  Field[1] 'model_field' levels:4 dims:3
    bounds X:[-1.0000,1.0000] Y:[-1.0000,1.0000] Z:[-1.0000,1.0000]
    level 0: 1 / 1 cells occupied
    level 1: 6 / 8 cells occupied
    level 2: 28 / 64 cells occupied
    level 3: 96 / 512 cells occupied
    level 4: 140 / 4096 cells occupied
  Field[2] 'screen_field' levels:0 dims:2
    bounds X:[0.0000,800.0000] Y:[0.0000,600.0000] Z:[0.0000,1.0000]
    level 0: 0 / 1 cells occupied

[F2: enable fetch timing]

---
=== HOLLOWS ENGINE ===
FPS: 264 | Pixel: 3.2ms | Input: 0.000ms | Texture: 0.488ms
Camera: [0.00, -0.18, 4.60]

--- DATA (valid / total) ---
  Bool               1 / 1
  Int                5 / 5
  I64                2 / 2
  F32                5 / 5
  F64                2 / 2
  CString            6 / 6
  Vec3               1 / 1
  Vertex             140 / 140
  Model              1 / 1
  Texture            1 / 1
  Bounds             260289 / 260289
  Debug_Stats        1 / 1
  FrameData          1 / 1
  Strings_Builder    1 / 1
  DataPoint          1 / 1
  Field              3 / 3
  Metadata           260460 / 260460
  TOTAL              520920 / 520920

--- FETCHES (edit / copy / set) ---
  Int                375441 / 0 / 0
  I64                1040 / 0 / 0
  F32                520 / 0 / 0
  F64                520 / 0 / 0
  Vec3               1561 / 0 / 0
  Texture            520 / 0 / 0
  Bounds             51312040 / 0 / 0
  Debug_Stats        2600 / 0 / 0
  DataPoint          520 / 0 / 0
  Field              520 / 0 / 0

--- FIELD OCCUPANCY ---
  Field[0] 'world_field' levels:4 dims:3
    bounds X:[-8.0000,8.0000] Y:[-8.0000,8.0000] Z:[-8.0000,8.0000]
    level 0: 1 / 1 cells occupied
    level 1: 2 / 8 cells occupied
    level 2: 4 / 64 cells occupied
    level 3: 6 / 512 cells occupied
    level 4: 6 / 4096 cells occupied
  Field[1] 'model_field' levels:4 dims:3
    bounds X:[-1.0000,1.0000] Y:[-1.0000,1.0000] Z:[-1.0000,1.0000]
    level 0: 1 / 1 cells occupied
    level 1: 6 / 8 cells occupied
    level 2: 28 / 64 cells occupied
    level 3: 96 / 512 cells occupied
    level 4: 140 / 4096 cells occupied
  Field[2] 'screen_field' levels:0 dims:2
    bounds X:[0.0000,800.0000] Y:[0.0000,600.0000] Z:[0.0000,1.0000]
    level 0: 0 / 1 cells occupied

[F2: enable fetch timing]

---
=== HOLLOWS ENGINE ===
FPS: 264 | Pixel: 3.2ms | Input: 0.000ms | Texture: 0.496ms
Camera: [0.00, -0.18, 4.60]

--- DATA (valid / total) ---
  Bool               1 / 1
  Int                5 / 5
  I64                2 / 2
  F32                5 / 5
  F64                2 / 2
  CString            6 / 6
  Vec3               1 / 1
  Vertex             140 / 140
  Model              1 / 1
  Texture            1 / 1
  Bounds             260289 / 260289
  Debug_Stats        1 / 1
  FrameData          1 / 1
  Strings_Builder    1 / 1
  DataPoint          1 / 1
  Field              3 / 3
  Metadata           260460 / 260460
  TOTAL              520920 / 520920

--- FETCHES (edit / copy / set) ---
  Int                381939 / 0 / 0
  I64                1058 / 0 / 0
  F32                529 / 0 / 0
  F64                529 / 0 / 0
  Vec3               1588 / 0 / 0
  Texture            529 / 0 / 0
  Bounds             52200133 / 0 / 0
  Debug_Stats        2645 / 0 / 0
  DataPoint          529 / 0 / 0
  Field              529 / 0 / 0

--- FIELD OCCUPANCY ---
  Field[0] 'world_field' levels:4 dims:3
    bounds X:[-8.0000,8.0000] Y:[-8.0000,8.0000] Z:[-8.0000,8.0000]
    level 0: 1 / 1 cells occupied
    level 1: 2 / 8 cells occupied
    level 2: 4 / 64 cells occupied
    level 3: 6 / 512 cells occupied
    level 4: 6 / 4096 cells occupied
  Field[1] 'model_field' levels:4 dims:3
    bounds X:[-1.0000,1.0000] Y:[-1.0000,1.0000] Z:[-1.0000,1.0000]
    level 0: 1 / 1 cells occupied
    level 1: 6 / 8 cells occupied
    level 2: 28 / 64 cells occupied
    level 3: 96 / 512 cells occupied
    level 4: 140 / 4096 cells occupied
  Field[2] 'screen_field' levels:0 dims:2
    bounds X:[0.0000,800.0000] Y:[0.0000,600.0000] Z:[0.0000,1.0000]
    level 0: 0 / 1 cells occupied

[F2: enable fetch timing]

---
=== HOLLOWS ENGINE ===
FPS: 266 | Pixel: 3.2ms | Input: 0.000ms | Texture: 0.496ms
Camera: [0.00, -0.18, 4.60]

--- DATA (valid / total) ---
  Bool               1 / 1
  Int                5 / 5
  I64                2 / 2
  F32                5 / 5
  F64                2 / 2
  CString            6 / 6
  Vec3               1 / 1
  Vertex             140 / 140
  Model              1 / 1
  Texture            1 / 1
  Bounds             260289 / 260289
  Debug_Stats        1 / 1
  FrameData          1 / 1
  Strings_Builder    1 / 1
  DataPoint          1 / 1
  Field              3 / 3
  Metadata           260460 / 260460
  TOTAL              520920 / 520920

--- FETCHES (edit / copy / set) ---
  Int                382661 / 0 / 0
  I64                1060 / 0 / 0
  F32                530 / 0 / 0
  F64                530 / 0 / 0
  Vec3               1591 / 0 / 0
  Texture            530 / 0 / 0
  Bounds             52298810 / 0 / 0
  Debug_Stats        2650 / 0 / 0
  DataPoint          530 / 0 / 0
  Field              530 / 0 / 0

--- FIELD OCCUPANCY ---
  Field[0] 'world_field' levels:4 dims:3
    bounds X:[-8.0000,8.0000] Y:[-8.0000,8.0000] Z:[-8.0000,8.0000]
    level 0: 1 / 1 cells occupied
    level 1: 2 / 8 cells occupied
    level 2: 4 / 64 cells occupied
    level 3: 6 / 512 cells occupied
    level 4: 6 / 4096 cells occupied
  Field[1] 'model_field' levels:4 dims:3
    bounds X:[-1.0000,1.0000] Y:[-1.0000,1.0000] Z:[-1.0000,1.0000]
    level 0: 1 / 1 cells occupied
    level 1: 6 / 8 cells occupied
    level 2: 28 / 64 cells occupied
    level 3: 96 / 512 cells occupied
    level 4: 140 / 4096 cells occupied
  Field[2] 'screen_field' levels:0 dims:2
    bounds X:[0.0000,800.0000] Y:[0.0000,600.0000] Z:[0.0000,1.0000]
    level 0: 0 / 1 cells occupied

[F2: enable fetch timing]

---
=== HOLLOWS ENGINE ===
FPS: 263 | Pixel: 3.2ms | Input: 0.000ms | Texture: 0.494ms
Camera: [0.00, -0.18, 4.60]

--- DATA (valid / total) ---
  Bool               1 / 1
  Int                5 / 5
  I64                2 / 2
  F32                5 / 5
  F64                2 / 2
  CString            6 / 6
  Vec3               1 / 1
  Vertex             140 / 140
  Model              1 / 1
  Texture            1 / 1
  Bounds             260289 / 260289
  Debug_Stats        1 / 1
  FrameData          1 / 1
  Strings_Builder    1 / 1
  DataPoint          1 / 1
  Field              3 / 3
  Metadata           260460 / 260460
  TOTAL              520920 / 520920

--- FETCHES (edit / copy / set) ---
  Int                379773 / 0 / 0
  I64                1052 / 0 / 0
  F32                526 / 0 / 0
  F64                526 / 0 / 0
  Vec3               1579 / 0 / 0
  Texture            526 / 0 / 0
  Bounds             51904102 / 0 / 0
  Debug_Stats        2630 / 0 / 0
  DataPoint          526 / 0 / 0
  Field              526 / 0 / 0

--- FIELD OCCUPANCY ---
  Field[0] 'world_field' levels:4 dims:3
    bounds X:[-8.0000,8.0000] Y:[-8.0000,8.0000] Z:[-8.0000,8.0000]
    level 0: 1 / 1 cells occupied
    level 1: 2 / 8 cells occupied
    level 2: 4 / 64 cells occupied
    level 3: 6 / 512 cells occupied
    level 4: 6 / 4096 cells occupied
  Field[1] 'model_field' levels:4 dims:3
    bounds X:[-1.0000,1.0000] Y:[-1.0000,1.0000] Z:[-1.0000,1.0000]
    level 0: 1 / 1 cells occupied
    level 1: 6 / 8 cells occupied
    level 2: 28 / 64 cells occupied
    level 3: 96 / 512 cells occupied
    level 4: 140 / 4096 cells occupied
  Field[2] 'screen_field' levels:0 dims:2
    bounds X:[0.0000,800.0000] Y:[0.0000,600.0000] Z:[0.0000,1.0000]
    level 0: 0 / 1 cells occupied

[F2: enable fetch timing]

---
=== HOLLOWS ENGINE ===
FPS: 265 | Pixel: 3.2ms | Input: 0.000ms | Texture: 0.501ms
Camera: [0.00, -0.18, 4.60]

--- DATA (valid / total) ---
  Bool               1 / 1
  Int                5 / 5
  I64                2 / 2
  F32                5 / 5
  F64                2 / 2
  CString            6 / 6
  Vec3               1 / 1
  Vertex             140 / 140
  Model              1 / 1
  Texture            1 / 1
  Bounds             260289 / 260289
  Debug_Stats        1 / 1
  FrameData          1 / 1
  Strings_Builder    1 / 1
  DataPoint          1 / 1
  Field              3 / 3
  Metadata           260460 / 260460
  TOTAL              520920 / 520920

--- FETCHES (edit / copy / set) ---
  Int                381939 / 0 / 0
  I64                1058 / 0 / 0
  F32                529 / 0 / 0
  F64                529 / 0 / 0
  Vec3               1588 / 0 / 0
  Texture            529 / 0 / 0
  Bounds             52200133 / 0 / 0
  Debug_Stats        2645 / 0 / 0
  DataPoint          529 / 0 / 0
  Field              529 / 0 / 0

--- FIELD OCCUPANCY ---
  Field[0] 'world_field' levels:4 dims:3
    bounds X:[-8.0000,8.0000] Y:[-8.0000,8.0000] Z:[-8.0000,8.0000]
    level 0: 1 / 1 cells occupied
    level 1: 2 / 8 cells occupied
    level 2: 4 / 64 cells occupied
    level 3: 6 / 512 cells occupied
    level 4: 6 / 4096 cells occupied
  Field[1] 'model_field' levels:4 dims:3
    bounds X:[-1.0000,1.0000] Y:[-1.0000,1.0000] Z:[-1.0000,1.0000]
    level 0: 1 / 1 cells occupied
    level 1: 6 / 8 cells occupied
    level 2: 28 / 64 cells occupied
    level 3: 96 / 512 cells occupied
    level 4: 140 / 4096 cells occupied
  Field[2] 'screen_field' levels:0 dims:2
    bounds X:[0.0000,800.0000] Y:[0.0000,600.0000] Z:[0.0000,1.0000]
    level 0: 0 / 1 cells occupied

[F2: enable fetch timing]

---
=== HOLLOWS ENGINE ===
FPS: 267 | Pixel: 3.2ms | Input: 0.000ms | Texture: 0.466ms
Camera: [0.00, -0.18, 4.60]

--- DATA (valid / total) ---
  Bool               1 / 1
  Int                5 / 5
  I64                2 / 2
  F32                5 / 5
  F64                2 / 2
  CString            6 / 6
  Vec3               1 / 1
  Vertex             140 / 140
  Model              1 / 1
  Texture            1 / 1
  Bounds             260289 / 260289
  Debug_Stats        1 / 1
  FrameData          1 / 1
  Strings_Builder    1 / 1
  DataPoint          1 / 1
  Field              3 / 3
  Metadata           260460 / 260460
  TOTAL              520920 / 520920

--- FETCHES (edit / copy / set) ---
  Int                376163 / 0 / 0
  I64                1042 / 0 / 0
  F32                521 / 0 / 0
  F64                521 / 0 / 0
  Vec3               1564 / 0 / 0
  Texture            521 / 0 / 0
  Bounds             51410717 / 0 / 0
  Debug_Stats        2605 / 0 / 0
  DataPoint          521 / 0 / 0
  Field              521 / 0 / 0

--- FIELD OCCUPANCY ---
  Field[0] 'world_field' levels:4 dims:3
    bounds X:[-8.0000,8.0000] Y:[-8.0000,8.0000] Z:[-8.0000,8.0000]
    level 0: 1 / 1 cells occupied
    level 1: 2 / 8 cells occupied
    level 2: 4 / 64 cells occupied
    level 3: 6 / 512 cells occupied
    level 4: 6 / 4096 cells occupied
  Field[1] 'model_field' levels:4 dims:3
    bounds X:[-1.0000,1.0000] Y:[-1.0000,1.0000] Z:[-1.0000,1.0000]
    level 0: 1 / 1 cells occupied
    level 1: 6 / 8 cells occupied
    level 2: 28 / 64 cells occupied
    level 3: 96 / 512 cells occupied
    level 4: 140 / 4096 cells occupied
  Field[2] 'screen_field' levels:0 dims:2
    bounds X:[0.0000,800.0000] Y:[0.0000,600.0000] Z:[0.0000,1.0000]
    level 0: 0 / 1 cells occupied

[F2: enable fetch timing]

---
=== HOLLOWS ENGINE ===
FPS: 265 | Pixel: 3.2ms | Input: 0.000ms | Texture: 0.498ms
Camera: [0.00, -0.18, 4.60]

--- DATA (valid / total) ---
  Bool               1 / 1
  Int                5 / 5
  I64                2 / 2
  F32                5 / 5
  F64                2 / 2
  CString            6 / 6
  Vec3               1 / 1
  Vertex             140 / 140
  Model              1 / 1
  Texture            1 / 1
  Bounds             260289 / 260289
  Debug_Stats        1 / 1
  FrameData          1 / 1
  Strings_Builder    1 / 1
  DataPoint          1 / 1
  Field              3 / 3
  Metadata           260460 / 260460
  TOTAL              520920 / 520920

--- FETCHES (edit / copy / set) ---
  Int                382661 / 0 / 0
  I64                1060 / 0 / 0
  F32                530 / 0 / 0
  F64                530 / 0 / 0
  Vec3               1591 / 0 / 0
  Texture            530 / 0 / 0
  Bounds             52298810 / 0 / 0
  Debug_Stats        2650 / 0 / 0
  DataPoint          530 / 0 / 0
  Field              530 / 0 / 0

--- FIELD OCCUPANCY ---
  Field[0] 'world_field' levels:4 dims:3
    bounds X:[-8.0000,8.0000] Y:[-8.0000,8.0000] Z:[-8.0000,8.0000]
    level 0: 1 / 1 cells occupied
    level 1: 2 / 8 cells occupied
    level 2: 4 / 64 cells occupied
    level 3: 6 / 512 cells occupied
    level 4: 6 / 4096 cells occupied
  Field[1] 'model_field' levels:4 dims:3
    bounds X:[-1.0000,1.0000] Y:[-1.0000,1.0000] Z:[-1.0000,1.0000]
    level 0: 1 / 1 cells occupied
    level 1: 6 / 8 cells occupied
    level 2: 28 / 64 cells occupied
    level 3: 96 / 512 cells occupied
    level 4: 140 / 4096 cells occupied
  Field[2] 'screen_field' levels:0 dims:2
    bounds X:[0.0000,800.0000] Y:[0.0000,600.0000] Z:[0.0000,1.0000]
    level 0: 0 / 1 cells occupied

[F2: enable fetch timing]

---
=== HOLLOWS ENGINE ===
FPS: 266 | Pixel: 3.2ms | Input: 0.000ms | Texture: 0.491ms
Camera: [0.00, -0.18, 4.60]

--- DATA (valid / total) ---
  Bool               1 / 1
  Int                5 / 5
  I64                2 / 2
  F32                5 / 5
  F64                2 / 2
  CString            6 / 6
  Vec3               1 / 1
  Vertex             140 / 140
  Model              1 / 1
  Texture            1 / 1
  Bounds             260289 / 260289
  Debug_Stats        1 / 1
  FrameData          1 / 1
  Strings_Builder    1 / 1
  DataPoint          1 / 1
  Field              3 / 3
  Metadata           260460 / 260460
  TOTAL              520920 / 520920

--- FETCHES (edit / copy / set) ---
  Int                376163 / 0 / 0
  I64                1042 / 0 / 0
  F32                521 / 0 / 0
  F64                521 / 0 / 0
  Vec3               1564 / 0 / 0
  Texture            521 / 0 / 0
  Bounds             51410717 / 0 / 0
  Debug_Stats        2605 / 0 / 0
  DataPoint          521 / 0 / 0
  Field              521 / 0 / 0

--- FIELD OCCUPANCY ---
  Field[0] 'world_field' levels:4 dims:3
    bounds X:[-8.0000,8.0000] Y:[-8.0000,8.0000] Z:[-8.0000,8.0000]
    level 0: 1 / 1 cells occupied
    level 1: 2 / 8 cells occupied
    level 2: 4 / 64 cells occupied
    level 3: 6 / 512 cells occupied
    level 4: 6 / 4096 cells occupied
  Field[1] 'model_field' levels:4 dims:3
    bounds X:[-1.0000,1.0000] Y:[-1.0000,1.0000] Z:[-1.0000,1.0000]
    level 0: 1 / 1 cells occupied
    level 1: 6 / 8 cells occupied
    level 2: 28 / 64 cells occupied
    level 3: 96 / 512 cells occupied
    level 4: 140 / 4096 cells occupied
  Field[2] 'screen_field' levels:0 dims:2
    bounds X:[0.0000,800.0000] Y:[0.0000,600.0000] Z:[0.0000,1.0000]
    level 0: 0 / 1 cells occupied

[F2: enable fetch timing]

---
=== HOLLOWS ENGINE ===
FPS: 266 | Pixel: 3.2ms | Input: 0.000ms | Texture: 0.490ms
Camera: [0.00, -0.18, 4.60]

--- DATA (valid / total) ---
  Bool               1 / 1
  Int                5 / 5
  I64                2 / 2
  F32                5 / 5
  F64                2 / 2
  CString            6 / 6
  Vec3               1 / 1
  Vertex             140 / 140
  Model              1 / 1
  Texture            1 / 1
  Bounds             260289 / 260289
  Debug_Stats        1 / 1
  FrameData          1 / 1
  Strings_Builder    1 / 1
  DataPoint          1 / 1
  Field              3 / 3
  Metadata           260460 / 260460
  TOTAL              520920 / 520920

--- FETCHES (edit / copy / set) ---
  Int                381217 / 0 / 0
  I64                1056 / 0 / 0
  F32                528 / 0 / 0
  F64                528 / 0 / 0
  Vec3               1585 / 0 / 0
  Texture            528 / 0 / 0
  Bounds             52101456 / 0 / 0
  Debug_Stats        2640 / 0 / 0
  DataPoint          528 / 0 / 0
  Field              528 / 0 / 0

--- FIELD OCCUPANCY ---
  Field[0] 'world_field' levels:4 dims:3
    bounds X:[-8.0000,8.0000] Y:[-8.0000,8.0000] Z:[-8.0000,8.0000]
    level 0: 1 / 1 cells occupied
    level 1: 2 / 8 cells occupied
    level 2: 4 / 64 cells occupied
    level 3: 6 / 512 cells occupied
    level 4: 6 / 4096 cells occupied
  Field[1] 'model_field' levels:4 dims:3
    bounds X:[-1.0000,1.0000] Y:[-1.0000,1.0000] Z:[-1.0000,1.0000]
    level 0: 1 / 1 cells occupied
    level 1: 6 / 8 cells occupied
    level 2: 28 / 64 cells occupied
    level 3: 96 / 512 cells occupied
    level 4: 140 / 4096 cells occupied
  Field[2] 'screen_field' levels:0 dims:2
    bounds X:[0.0000,800.0000] Y:[0.0000,600.0000] Z:[0.0000,1.0000]
    level 0: 0 / 1 cells occupied

[F2: enable fetch timing]

---
=== HOLLOWS ENGINE ===
FPS: 267 | Pixel: 3.2ms | Input: 0.000ms | Texture: 0.488ms
Camera: [0.00, -0.18, 4.60]

--- DATA (valid / total) ---
  Bool               1 / 1
  Int                5 / 5
  I64                2 / 2
  F32                5 / 5
  F64                2 / 2
  CString            6 / 6
  Vec3               1 / 1
  Vertex             140 / 140
  Model              1 / 1
  Texture            1 / 1
  Bounds             260289 / 260289
  Debug_Stats        1 / 1
  FrameData          1 / 1
  Strings_Builder    1 / 1
  DataPoint          1 / 1
  Field              3 / 3
  Metadata           260460 / 260460
  TOTAL              520920 / 520920

--- FETCHES (edit / copy / set) ---
  Int                378329 / 0 / 0
  I64                1048 / 0 / 0
  F32                524 / 0 / 0
  F64                524 / 0 / 0
  Vec3               1573 / 0 / 0
  Texture            524 / 0 / 0
  Bounds             51706748 / 0 / 0
  Debug_Stats        2620 / 0 / 0
  DataPoint          524 / 0 / 0
  Field              524 / 0 / 0

--- FIELD OCCUPANCY ---
  Field[0] 'world_field' levels:4 dims:3
    bounds X:[-8.0000,8.0000] Y:[-8.0000,8.0000] Z:[-8.0000,8.0000]
    level 0: 1 / 1 cells occupied
    level 1: 2 / 8 cells occupied
    level 2: 4 / 64 cells occupied
    level 3: 6 / 512 cells occupied
    level 4: 6 / 4096 cells occupied
  Field[1] 'model_field' levels:4 dims:3
    bounds X:[-1.0000,1.0000] Y:[-1.0000,1.0000] Z:[-1.0000,1.0000]
    level 0: 1 / 1 cells occupied
    level 1: 6 / 8 cells occupied
    level 2: 28 / 64 cells occupied
    level 3: 96 / 512 cells occupied
    level 4: 140 / 4096 cells occupied
  Field[2] 'screen_field' levels:0 dims:2
    bounds X:[0.0000,800.0000] Y:[0.0000,600.0000] Z:[0.0000,1.0000]
    level 0: 0 / 1 cells occupied

[F2: enable fetch timing]

---
=== HOLLOWS ENGINE ===
FPS: 265 | Pixel: 3.2ms | Input: 0.000ms | Texture: 0.496ms
Camera: [0.00, -0.18, 4.60]

--- DATA (valid / total) ---
  Bool               1 / 1
  Int                5 / 5
  I64                2 / 2
  F32                5 / 5
  F64                2 / 2
  CString            6 / 6
  Vec3               1 / 1
  Vertex             140 / 140
  Model              1 / 1
  Texture            1 / 1
  Bounds             260289 / 260289
  Debug_Stats        1 / 1
  FrameData          1 / 1
  Strings_Builder    1 / 1
  DataPoint          1 / 1
  Field              3 / 3
  Metadata           260460 / 260460
  TOTAL              520920 / 520920

--- FETCHES (edit / copy / set) ---
  Int                382661 / 0 / 0
  I64                1060 / 0 / 0
  F32                530 / 0 / 0
  F64                530 / 0 / 0
  Vec3               1591 / 0 / 0
  Texture            530 / 0 / 0
  Bounds             52298810 / 0 / 0
  Debug_Stats        2650 / 0 / 0
  DataPoint          530 / 0 / 0
  Field              530 / 0 / 0

--- FIELD OCCUPANCY ---
  Field[0] 'world_field' levels:4 dims:3
    bounds X:[-8.0000,8.0000] Y:[-8.0000,8.0000] Z:[-8.0000,8.0000]
    level 0: 1 / 1 cells occupied
    level 1: 2 / 8 cells occupied
    level 2: 4 / 64 cells occupied
    level 3: 6 / 512 cells occupied
    level 4: 6 / 4096 cells occupied
  Field[1] 'model_field' levels:4 dims:3
    bounds X:[-1.0000,1.0000] Y:[-1.0000,1.0000] Z:[-1.0000,1.0000]
    level 0: 1 / 1 cells occupied
    level 1: 6 / 8 cells occupied
    level 2: 28 / 64 cells occupied
    level 3: 96 / 512 cells occupied
    level 4: 140 / 4096 cells occupied
  Field[2] 'screen_field' levels:0 dims:2
    bounds X:[0.0000,800.0000] Y:[0.0000,600.0000] Z:[0.0000,1.0000]
    level 0: 0 / 1 cells occupied

[F2: enable fetch timing]

---
=== HOLLOWS ENGINE ===
FPS: 267 | Pixel: 3.2ms | Input: 0.000ms | Texture: 0.495ms
Camera: [0.00, -0.18, 4.60]

--- DATA (valid / total) ---
  Bool               1 / 1
  Int                5 / 5
  I64                2 / 2
  F32                5 / 5
  F64                2 / 2
  CString            6 / 6
  Vec3               1 / 1
  Vertex             140 / 140
  Model              1 / 1
  Texture            1 / 1
  Bounds             260289 / 260289
  Debug_Stats        1 / 1
  FrameData          1 / 1
  Strings_Builder    1 / 1
  DataPoint          1 / 1
  Field              3 / 3
  Metadata           260460 / 260460
  TOTAL              520920 / 520920

--- FETCHES (edit / copy / set) ---
  Int                376163 / 0 / 0
  I64                1042 / 0 / 0
  F32                521 / 0 / 0
  F64                521 / 0 / 0
  Vec3               1564 / 0 / 0
  Texture            521 / 0 / 0
  Bounds             51410717 / 0 / 0
  Debug_Stats        2605 / 0 / 0
  DataPoint          521 / 0 / 0
  Field              521 / 0 / 0

--- FIELD OCCUPANCY ---
  Field[0] 'world_field' levels:4 dims:3
    bounds X:[-8.0000,8.0000] Y:[-8.0000,8.0000] Z:[-8.0000,8.0000]
    level 0: 1 / 1 cells occupied
    level 1: 2 / 8 cells occupied
    level 2: 4 / 64 cells occupied
    level 3: 6 / 512 cells occupied
    level 4: 6 / 4096 cells occupied
  Field[1] 'model_field' levels:4 dims:3
    bounds X:[-1.0000,1.0000] Y:[-1.0000,1.0000] Z:[-1.0000,1.0000]
    level 0: 1 / 1 cells occupied
    level 1: 6 / 8 cells occupied
    level 2: 28 / 64 cells occupied
    level 3: 96 / 512 cells occupied
    level 4: 140 / 4096 cells occupied
  Field[2] 'screen_field' levels:0 dims:2
    bounds X:[0.0000,800.0000] Y:[0.0000,600.0000] Z:[0.0000,1.0000]
    level 0: 0 / 1 cells occupied

[F2: enable fetch timing]

---
=== HOLLOWS ENGINE ===
FPS: 267 | Pixel: 3.2ms | Input: 0.000ms | Texture: 0.488ms
Camera: [0.00, -0.18, 4.60]

--- DATA (valid / total) ---
  Bool               1 / 1
  Int                5 / 5
  I64                2 / 2
  F32                5 / 5
  F64                2 / 2
  CString            6 / 6
  Vec3               1 / 1
  Vertex             140 / 140
  Model              1 / 1
  Texture            1 / 1
  Bounds             260289 / 260289
  Debug_Stats        1 / 1
  FrameData          1 / 1
  Strings_Builder    1 / 1
  DataPoint          1 / 1
  Field              3 / 3
  Metadata           260460 / 260460
  TOTAL              520920 / 520920

--- FETCHES (edit / copy / set) ---
  Int                375441 / 0 / 0
  I64                1040 / 0 / 0
  F32                520 / 0 / 0
  F64                520 / 0 / 0
  Vec3               1561 / 0 / 0
  Texture            520 / 0 / 0
  Bounds             51312040 / 0 / 0
  Debug_Stats        2600 / 0 / 0
  DataPoint          520 / 0 / 0
  Field              520 / 0 / 0

--- FIELD OCCUPANCY ---
  Field[0] 'world_field' levels:4 dims:3
    bounds X:[-8.0000,8.0000] Y:[-8.0000,8.0000] Z:[-8.0000,8.0000]
    level 0: 1 / 1 cells occupied
    level 1: 2 / 8 cells occupied
    level 2: 4 / 64 cells occupied
    level 3: 6 / 512 cells occupied
    level 4: 6 / 4096 cells occupied
  Field[1] 'model_field' levels:4 dims:3
    bounds X:[-1.0000,1.0000] Y:[-1.0000,1.0000] Z:[-1.0000,1.0000]
    level 0: 1 / 1 cells occupied
    level 1: 6 / 8 cells occupied
    level 2: 28 / 64 cells occupied
    level 3: 96 / 512 cells occupied
    level 4: 140 / 4096 cells occupied
  Field[2] 'screen_field' levels:0 dims:2
    bounds X:[0.0000,800.0000] Y:[0.0000,600.0000] Z:[0.0000,1.0000]
    level 0: 0 / 1 cells occupied

[F2: enable fetch timing]

---
=== HOLLOWS ENGINE ===
FPS: 237 | Pixel: 3.3ms | Input: 0.000ms | Texture: 0.537ms
Camera: [0.00, -0.18, 4.60]

--- DATA (valid / total) ---
  Bool               1 / 1
  Int                5 / 5
  I64                2 / 2
  F32                5 / 5
  F64                2 / 2
  CString            6 / 6
  Vec3               1 / 1
  Vertex             140 / 140
  Model              1 / 1
  Texture            1 / 1
  Bounds             260289 / 260289
  Debug_Stats        1 / 1
  FrameData          1 / 1
  Strings_Builder    1 / 1
  DataPoint          1 / 1
  Field              3 / 3
  Metadata           260460 / 260460
  TOTAL              520920 / 520920

--- FETCHES (edit / copy / set) ---
  Int                376163 / 0 / 0
  I64                1042 / 0 / 0
  F32                521 / 0 / 0
  F64                521 / 0 / 0
  Vec3               1564 / 0 / 0
  Texture            521 / 0 / 0
  Bounds             51410717 / 0 / 0
  Debug_Stats        2605 / 0 / 0
  DataPoint          521 / 0 / 0
  Field              521 / 0 / 0

--- FIELD OCCUPANCY ---
  Field[0] 'world_field' levels:4 dims:3
    bounds X:[-8.0000,8.0000] Y:[-8.0000,8.0000] Z:[-8.0000,8.0000]
    level 0: 1 / 1 cells occupied
    level 1: 2 / 8 cells occupied
    level 2: 4 / 64 cells occupied
    level 3: 6 / 512 cells occupied
    level 4: 6 / 4096 cells occupied
  Field[1] 'model_field' levels:4 dims:3
    bounds X:[-1.0000,1.0000] Y:[-1.0000,1.0000] Z:[-1.0000,1.0000]
    level 0: 1 / 1 cells occupied
    level 1: 6 / 8 cells occupied
    level 2: 28 / 64 cells occupied
    level 3: 96 / 512 cells occupied
    level 4: 140 / 4096 cells occupied
  Field[2] 'screen_field' levels:0 dims:2
    bounds X:[0.0000,800.0000] Y:[0.0000,600.0000] Z:[0.0000,1.0000]
    level 0: 0 / 1 cells occupied

[F2: enable fetch timing]

---
=== HOLLOWS ENGINE ===
FPS: 264 | Pixel: 3.2ms | Input: 0.000ms | Texture: 0.499ms
Camera: [0.00, -0.18, 4.60]

--- DATA (valid / total) ---
  Bool               1 / 1
  Int                5 / 5
  I64                2 / 2
  F32                5 / 5
  F64                2 / 2
  CString            6 / 6
  Vec3               1 / 1
  Vertex             140 / 140
  Model              1 / 1
  Texture            1 / 1
  Bounds             260289 / 260289
  Debug_Stats        1 / 1
  FrameData          1 / 1
  Strings_Builder    1 / 1
  DataPoint          1 / 1
  Field              3 / 3
  Metadata           260460 / 260460
  TOTAL              520920 / 520920

--- FETCHES (edit / copy / set) ---
  Int                380495 / 0 / 0
  I64                1054 / 0 / 0
  F32                527 / 0 / 0
  F64                527 / 0 / 0
  Vec3               1582 / 0 / 0
  Texture            527 / 0 / 0
  Bounds             52002779 / 0 / 0
  Debug_Stats        2635 / 0 / 0
  DataPoint          527 / 0 / 0
  Field              527 / 0 / 0

--- FIELD OCCUPANCY ---
  Field[0] 'world_field' levels:4 dims:3
    bounds X:[-8.0000,8.0000] Y:[-8.0000,8.0000] Z:[-8.0000,8.0000]
    level 0: 1 / 1 cells occupied
    level 1: 2 / 8 cells occupied
    level 2: 4 / 64 cells occupied
    level 3: 6 / 512 cells occupied
    level 4: 6 / 4096 cells occupied
  Field[1] 'model_field' levels:4 dims:3
    bounds X:[-1.0000,1.0000] Y:[-1.0000,1.0000] Z:[-1.0000,1.0000]
    level 0: 1 / 1 cells occupied
    level 1: 6 / 8 cells occupied
    level 2: 28 / 64 cells occupied
    level 3: 96 / 512 cells occupied
    level 4: 140 / 4096 cells occupied
  Field[2] 'screen_field' levels:0 dims:2
    bounds X:[0.0000,800.0000] Y:[0.0000,600.0000] Z:[0.0000,1.0000]
    level 0: 0 / 1 cells occupied

[F2: enable fetch timing]

---
=== HOLLOWS ENGINE ===
FPS: 257 | Pixel: 3.2ms | Input: 0.000ms | Texture: 0.501ms
Camera: [0.00, -0.18, 4.60]

--- DATA (valid / total) ---
  Bool               1 / 1
  Int                5 / 5
  I64                2 / 2
  F32                5 / 5
  F64                2 / 2
  CString            6 / 6
  Vec3               1 / 1
  Vertex             140 / 140
  Model              1 / 1
  Texture            1 / 1
  Bounds             260289 / 260289
  Debug_Stats        1 / 1
  FrameData          1 / 1
  Strings_Builder    1 / 1
  DataPoint          1 / 1
  Field              3 / 3
  Metadata           260460 / 260460
  TOTAL              520920 / 520920

--- FETCHES (edit / copy / set) ---
  Int                376163 / 0 / 0
  I64                1042 / 0 / 0
  F32                521 / 0 / 0
  F64                521 / 0 / 0
  Vec3               1564 / 0 / 0
  Texture            521 / 0 / 0
  Bounds             51410717 / 0 / 0
  Debug_Stats        2605 / 0 / 0
  DataPoint          521 / 0 / 0
  Field              521 / 0 / 0

--- FIELD OCCUPANCY ---
  Field[0] 'world_field' levels:4 dims:3
    bounds X:[-8.0000,8.0000] Y:[-8.0000,8.0000] Z:[-8.0000,8.0000]
    level 0: 1 / 1 cells occupied
    level 1: 2 / 8 cells occupied
    level 2: 4 / 64 cells occupied
    level 3: 6 / 512 cells occupied
    level 4: 6 / 4096 cells occupied
  Field[1] 'model_field' levels:4 dims:3
    bounds X:[-1.0000,1.0000] Y:[-1.0000,1.0000] Z:[-1.0000,1.0000]
    level 0: 1 / 1 cells occupied
    level 1: 6 / 8 cells occupied
    level 2: 28 / 64 cells occupied
    level 3: 96 / 512 cells occupied
    level 4: 140 / 4096 cells occupied
  Field[2] 'screen_field' levels:0 dims:2
    bounds X:[0.0000,800.0000] Y:[0.0000,600.0000] Z:[0.0000,1.0000]
    level 0: 0 / 1 cells occupied

[F2: enable fetch timing]

---
=== HOLLOWS ENGINE ===
FPS: 264 | Pixel: 3.2ms | Input: 0.000ms | Texture: 0.500ms
Camera: [0.00, -0.18, 4.60]

--- DATA (valid / total) ---
  Bool               1 / 1
  Int                5 / 5
  I64                2 / 2
  F32                5 / 5
  F64                2 / 2
  CString            6 / 6
  Vec3               1 / 1
  Vertex             140 / 140
  Model              1 / 1
  Texture            1 / 1
  Bounds             260289 / 260289
  Debug_Stats        1 / 1
  FrameData          1 / 1
  Strings_Builder    1 / 1
  DataPoint          1 / 1
  Field              3 / 3
  Metadata           260460 / 260460
  TOTAL              520920 / 520920

--- FETCHES (edit / copy / set) ---
  Int                380495 / 0 / 0
  I64                1054 / 0 / 0
  F32                527 / 0 / 0
  F64                527 / 0 / 0
  Vec3               1582 / 0 / 0
  Texture            527 / 0 / 0
  Bounds             52002779 / 0 / 0
  Debug_Stats        2635 / 0 / 0
  DataPoint          527 / 0 / 0
  Field              527 / 0 / 0

--- FIELD OCCUPANCY ---
  Field[0] 'world_field' levels:4 dims:3
    bounds X:[-8.0000,8.0000] Y:[-8.0000,8.0000] Z:[-8.0000,8.0000]
    level 0: 1 / 1 cells occupied
    level 1: 2 / 8 cells occupied
    level 2: 4 / 64 cells occupied
    level 3: 6 / 512 cells occupied
    level 4: 6 / 4096 cells occupied
  Field[1] 'model_field' levels:4 dims:3
    bounds X:[-1.0000,1.0000] Y:[-1.0000,1.0000] Z:[-1.0000,1.0000]
    level 0: 1 / 1 cells occupied
    level 1: 6 / 8 cells occupied
    level 2: 28 / 64 cells occupied
    level 3: 96 / 512 cells occupied
    level 4: 140 / 4096 cells occupied
  Field[2] 'screen_field' levels:0 dims:2
    bounds X:[0.0000,800.0000] Y:[0.0000,600.0000] Z:[0.0000,1.0000]
    level 0: 0 / 1 cells occupied

[F2: enable fetch timing]

---
=== HOLLOWS ENGINE ===
FPS: 264 | Pixel: 3.2ms | Input: 0.000ms | Texture: 0.492ms
Camera: [0.00, -0.18, 4.60]

--- DATA (valid / total) ---
  Bool               1 / 1
  Int                5 / 5
  I64                2 / 2
  F32                5 / 5
  F64                2 / 2
  CString            6 / 6
  Vec3               1 / 1
  Vertex             140 / 140
  Model              1 / 1
  Texture            1 / 1
  Bounds             260289 / 260289
  Debug_Stats        1 / 1
  FrameData          1 / 1
  Strings_Builder    1 / 1
  DataPoint          1 / 1
  Field              3 / 3
  Metadata           260460 / 260460
  TOTAL              520920 / 520920

--- FETCHES (edit / copy / set) ---
  Int                379051 / 0 / 0
  I64                1050 / 0 / 0
  F32                525 / 0 / 0
  F64                525 / 0 / 0
  Vec3               1576 / 0 / 0
  Texture            525 / 0 / 0
  Bounds             51805425 / 0 / 0
  Debug_Stats        2625 / 0 / 0
  DataPoint          525 / 0 / 0
  Field              525 / 0 / 0

--- FIELD OCCUPANCY ---
  Field[0] 'world_field' levels:4 dims:3
    bounds X:[-8.0000,8.0000] Y:[-8.0000,8.0000] Z:[-8.0000,8.0000]
    level 0: 1 / 1 cells occupied
    level 1: 2 / 8 cells occupied
    level 2: 4 / 64 cells occupied
    level 3: 6 / 512 cells occupied
    level 4: 6 / 4096 cells occupied
  Field[1] 'model_field' levels:4 dims:3
    bounds X:[-1.0000,1.0000] Y:[-1.0000,1.0000] Z:[-1.0000,1.0000]
    level 0: 1 / 1 cells occupied
    level 1: 6 / 8 cells occupied
    level 2: 28 / 64 cells occupied
    level 3: 96 / 512 cells occupied
    level 4: 140 / 4096 cells occupied
  Field[2] 'screen_field' levels:0 dims:2
    bounds X:[0.0000,800.0000] Y:[0.0000,600.0000] Z:[0.0000,1.0000]
    level 0: 0 / 1 cells occupied

[F2: enable fetch timing]

---
=== HOLLOWS ENGINE ===
FPS: 265 | Pixel: 3.2ms | Input: 0.000ms | Texture: 0.501ms
Camera: [0.00, -0.18, 4.60]

--- DATA (valid / total) ---
  Bool               1 / 1
  Int                5 / 5
  I64                2 / 2
  F32                5 / 5
  F64                2 / 2
  CString            6 / 6
  Vec3               1 / 1
  Vertex             140 / 140
  Model              1 / 1
  Texture            1 / 1
  Bounds             260289 / 260289
  Debug_Stats        1 / 1
  FrameData          1 / 1
  Strings_Builder    1 / 1
  DataPoint          1 / 1
  Field              3 / 3
  Metadata           260460 / 260460
  TOTAL              520920 / 520920

--- FETCHES (edit / copy / set) ---
  Int                373997 / 0 / 0
  I64                1036 / 0 / 0
  F32                518 / 0 / 0
  F64                518 / 0 / 0
  Vec3               1555 / 0 / 0
  Texture            518 / 0 / 0
  Bounds             51114686 / 0 / 0
  Debug_Stats        2590 / 0 / 0
  DataPoint          518 / 0 / 0
  Field              518 / 0 / 0

--- FIELD OCCUPANCY ---
  Field[0] 'world_field' levels:4 dims:3
    bounds X:[-8.0000,8.0000] Y:[-8.0000,8.0000] Z:[-8.0000,8.0000]
    level 0: 1 / 1 cells occupied
    level 1: 2 / 8 cells occupied
    level 2: 4 / 64 cells occupied
    level 3: 6 / 512 cells occupied
    level 4: 6 / 4096 cells occupied
  Field[1] 'model_field' levels:4 dims:3
    bounds X:[-1.0000,1.0000] Y:[-1.0000,1.0000] Z:[-1.0000,1.0000]
    level 0: 1 / 1 cells occupied
    level 1: 6 / 8 cells occupied
    level 2: 28 / 64 cells occupied
    level 3: 96 / 512 cells occupied
    level 4: 140 / 4096 cells occupied
  Field[2] 'screen_field' levels:0 dims:2
    bounds X:[0.0000,800.0000] Y:[0.0000,600.0000] Z:[0.0000,1.0000]
    level 0: 0 / 1 cells occupied

[F2: enable fetch timing]

---
=== HOLLOWS ENGINE ===
FPS: 126 | Pixel: 3.2ms | Input: 0.000ms | Texture: 0.499ms
Camera: [0.00, -0.18, 4.60]

--- DATA (valid / total) ---
  Bool               1 / 1
  Int                5 / 5
  I64                2 / 2
  F32                5 / 5
  F64                2 / 2
  CString            6 / 6
  Vec3               1 / 1
  Vertex             140 / 140
  Model              1 / 1
  Texture            1 / 1
  Bounds             260289 / 260289
  Debug_Stats        1 / 1
  FrameData          1 / 1
  Strings_Builder    1 / 1
  DataPoint          1 / 1
  Field              3 / 3
  Metadata           260460 / 260460
  TOTAL              520920 / 520920

--- FETCHES (edit / copy / set) ---
  Int                373997 / 0 / 0
  I64                1036 / 0 / 0
  F32                518 / 0 / 0
  F64                518 / 0 / 0
  Vec3               1555 / 0 / 0
  Texture            518 / 0 / 0
  Bounds             51114686 / 0 / 0
  Debug_Stats        2590 / 0 / 0
  DataPoint          518 / 0 / 0
  Field              518 / 0 / 0

--- FIELD OCCUPANCY ---
  Field[0] 'world_field' levels:4 dims:3
    bounds X:[-8.0000,8.0000] Y:[-8.0000,8.0000] Z:[-8.0000,8.0000]
    level 0: 1 / 1 cells occupied
    level 1: 2 / 8 cells occupied
    level 2: 4 / 64 cells occupied
    level 3: 6 / 512 cells occupied
    level 4: 6 / 4096 cells occupied
  Field[1] 'model_field' levels:4 dims:3
    bounds X:[-1.0000,1.0000] Y:[-1.0000,1.0000] Z:[-1.0000,1.0000]
    level 0: 1 / 1 cells occupied
    level 1: 6 / 8 cells occupied
    level 2: 28 / 64 cells occupied
    level 3: 96 / 512 cells occupied
    level 4: 140 / 4096 cells occupied
  Field[2] 'screen_field' levels:0 dims:2
    bounds X:[0.0000,800.0000] Y:[0.0000,600.0000] Z:[0.0000,1.0000]
    level 0: 0 / 1 cells occupied

[F2: enable fetch timing]

---
=== HOLLOWS ENGINE ===
FPS: 265 | Pixel: 3.2ms | Input: 0.000ms | Texture: 0.502ms
Camera: [0.00, -0.18, 4.60]

--- DATA (valid / total) ---
  Bool               1 / 1
  Int                5 / 5
  I64                2 / 2
  F32                5 / 5
  F64                2 / 2
  CString            6 / 6
  Vec3               1 / 1
  Vertex             140 / 140
  Model              1 / 1
  Texture            1 / 1
  Bounds             260289 / 260289
  Debug_Stats        1 / 1
  FrameData          1 / 1
  Strings_Builder    1 / 1
  DataPoint          1 / 1
  Field              3 / 3
  Metadata           260460 / 260460
  TOTAL              520920 / 520920

--- FETCHES (edit / copy / set) ---
  Int                381939 / 0 / 0
  I64                1058 / 0 / 0
  F32                529 / 0 / 0
  F64                529 / 0 / 0
  Vec3               1588 / 0 / 0
  Texture            529 / 0 / 0
  Bounds             52200133 / 0 / 0
  Debug_Stats        2645 / 0 / 0
  DataPoint          529 / 0 / 0
  Field              529 / 0 / 0

--- FIELD OCCUPANCY ---
  Field[0] 'world_field' levels:4 dims:3
    bounds X:[-8.0000,8.0000] Y:[-8.0000,8.0000] Z:[-8.0000,8.0000]
    level 0: 1 / 1 cells occupied
    level 1: 2 / 8 cells occupied
    level 2: 4 / 64 cells occupied
    level 3: 6 / 512 cells occupied
    level 4: 6 / 4096 cells occupied
  Field[1] 'model_field' levels:4 dims:3
    bounds X:[-1.0000,1.0000] Y:[-1.0000,1.0000] Z:[-1.0000,1.0000]
    level 0: 1 / 1 cells occupied
    level 1: 6 / 8 cells occupied
    level 2: 28 / 64 cells occupied
    level 3: 96 / 512 cells occupied
    level 4: 140 / 4096 cells occupied
  Field[2] 'screen_field' levels:0 dims:2
    bounds X:[0.0000,800.0000] Y:[0.0000,600.0000] Z:[0.0000,1.0000]
    level 0: 0 / 1 cells occupied

[F2: enable fetch timing]

---
=== HOLLOWS ENGINE ===
FPS: 259 | Pixel: 3.2ms | Input: 0.000ms | Texture: 0.501ms
Camera: [0.00, -0.18, 4.60]

--- DATA (valid / total) ---
  Bool               1 / 1
  Int                5 / 5
  I64                2 / 2
  F32                5 / 5
  F64                2 / 2
  CString            6 / 6
  Vec3               1 / 1
  Vertex             140 / 140
  Model              1 / 1
  Texture            1 / 1
  Bounds             260289 / 260289
  Debug_Stats        1 / 1
  FrameData          1 / 1
  Strings_Builder    1 / 1
  DataPoint          1 / 1
  Field              3 / 3
  Metadata           260460 / 260460
  TOTAL              520920 / 520920

--- FETCHES (edit / copy / set) ---
  Int                365333 / 0 / 0
  I64                1012 / 0 / 0
  F32                506 / 0 / 0
  F64                506 / 0 / 0
  Vec3               1519 / 0 / 0
  Texture            506 / 0 / 0
  Bounds             49930562 / 0 / 0
  Debug_Stats        2530 / 0 / 0
  DataPoint          506 / 0 / 0
  Field              506 / 0 / 0

--- FIELD OCCUPANCY ---
  Field[0] 'world_field' levels:4 dims:3
    bounds X:[-8.0000,8.0000] Y:[-8.0000,8.0000] Z:[-8.0000,8.0000]
    level 0: 1 / 1 cells occupied
    level 1: 2 / 8 cells occupied
    level 2: 4 / 64 cells occupied
    level 3: 6 / 512 cells occupied
    level 4: 6 / 4096 cells occupied
  Field[1] 'model_field' levels:4 dims:3
    bounds X:[-1.0000,1.0000] Y:[-1.0000,1.0000] Z:[-1.0000,1.0000]
    level 0: 1 / 1 cells occupied
    level 1: 6 / 8 cells occupied
    level 2: 28 / 64 cells occupied
    level 3: 96 / 512 cells occupied
    level 4: 140 / 4096 cells occupied
  Field[2] 'screen_field' levels:0 dims:2
    bounds X:[0.0000,800.0000] Y:[0.0000,600.0000] Z:[0.0000,1.0000]
    level 0: 0 / 1 cells occupied

[F2: enable fetch timing]

---
=== HOLLOWS ENGINE ===
FPS: 267 | Pixel: 3.2ms | Input: 0.000ms | Texture: 0.491ms
Camera: [0.00, -0.18, 4.60]

--- DATA (valid / total) ---
  Bool               1 / 1
  Int                5 / 5
  I64                2 / 2
  F32                5 / 5
  F64                2 / 2
  CString            6 / 6
  Vec3               1 / 1
  Vertex             140 / 140
  Model              1 / 1
  Texture            1 / 1
  Bounds             260289 / 260289
  Debug_Stats        1 / 1
  FrameData          1 / 1
  Strings_Builder    1 / 1
  DataPoint          1 / 1
  Field              3 / 3
  Metadata           260460 / 260460
  TOTAL              520920 / 520920

--- FETCHES (edit / copy / set) ---
  Int                370387 / 0 / 0
  I64                1026 / 0 / 0
  F32                513 / 0 / 0
  F64                513 / 0 / 0
  Vec3               1540 / 0 / 0
  Texture            513 / 0 / 0
  Bounds             50621301 / 0 / 0
  Debug_Stats        2565 / 0 / 0
  DataPoint          513 / 0 / 0
  Field              513 / 0 / 0

--- FIELD OCCUPANCY ---
  Field[0] 'world_field' levels:4 dims:3
    bounds X:[-8.0000,8.0000] Y:[-8.0000,8.0000] Z:[-8.0000,8.0000]
    level 0: 1 / 1 cells occupied
    level 1: 2 / 8 cells occupied
    level 2: 4 / 64 cells occupied
    level 3: 6 / 512 cells occupied
    level 4: 6 / 4096 cells occupied
  Field[1] 'model_field' levels:4 dims:3
    bounds X:[-1.0000,1.0000] Y:[-1.0000,1.0000] Z:[-1.0000,1.0000]
    level 0: 1 / 1 cells occupied
    level 1: 6 / 8 cells occupied
    level 2: 28 / 64 cells occupied
    level 3: 96 / 512 cells occupied
    level 4: 140 / 4096 cells occupied
  Field[2] 'screen_field' levels:0 dims:2
    bounds X:[0.0000,800.0000] Y:[0.0000,600.0000] Z:[0.0000,1.0000]
    level 0: 0 / 1 cells occupied

[F2: enable fetch timing]

---
=== HOLLOWS ENGINE ===
FPS: 259 | Pixel: 3.2ms | Input: 0.000ms | Texture: 0.489ms
Camera: [0.00, -0.18, 4.60]

--- DATA (valid / total) ---
  Bool               1 / 1
  Int                5 / 5
  I64                2 / 2
  F32                5 / 5
  F64                2 / 2
  CString            6 / 6
  Vec3               1 / 1
  Vertex             140 / 140
  Model              1 / 1
  Texture            1 / 1
  Bounds             260289 / 260289
  Debug_Stats        1 / 1
  FrameData          1 / 1
  Strings_Builder    1 / 1
  DataPoint          1 / 1
  Field              3 / 3
  Metadata           260460 / 260460
  TOTAL              520920 / 520920

--- FETCHES (edit / copy / set) ---
  Int                379051 / 0 / 0
  I64                1050 / 0 / 0
  F32                525 / 0 / 0
  F64                525 / 0 / 0
  Vec3               1576 / 0 / 0
  Texture            525 / 0 / 0
  Bounds             51805425 / 0 / 0
  Debug_Stats        2625 / 0 / 0
  DataPoint          525 / 0 / 0
  Field              525 / 0 / 0

--- FIELD OCCUPANCY ---
  Field[0] 'world_field' levels:4 dims:3
    bounds X:[-8.0000,8.0000] Y:[-8.0000,8.0000] Z:[-8.0000,8.0000]
    level 0: 1 / 1 cells occupied
    level 1: 2 / 8 cells occupied
    level 2: 4 / 64 cells occupied
    level 3: 6 / 512 cells occupied
    level 4: 6 / 4096 cells occupied
  Field[1] 'model_field' levels:4 dims:3
    bounds X:[-1.0000,1.0000] Y:[-1.0000,1.0000] Z:[-1.0000,1.0000]
    level 0: 1 / 1 cells occupied
    level 1: 6 / 8 cells occupied
    level 2: 28 / 64 cells occupied
    level 3: 96 / 512 cells occupied
    level 4: 140 / 4096 cells occupied
  Field[2] 'screen_field' levels:0 dims:2
    bounds X:[0.0000,800.0000] Y:[0.0000,600.0000] Z:[0.0000,1.0000]
    level 0: 0 / 1 cells occupied

[F2: enable fetch timing]

---
=== HOLLOWS ENGINE ===
FPS: 265 | Pixel: 3.2ms | Input: 0.000ms | Texture: 0.499ms
Camera: [0.00, -0.18, 4.60]

--- DATA (valid / total) ---
  Bool               1 / 1
  Int                5 / 5
  I64                2 / 2
  F32                5 / 5
  F64                2 / 2
  CString            6 / 6
  Vec3               1 / 1
  Vertex             140 / 140
  Model              1 / 1
  Texture            1 / 1
  Bounds             260289 / 260289
  Debug_Stats        1 / 1
  FrameData          1 / 1
  Strings_Builder    1 / 1
  DataPoint          1 / 1
  Field              3 / 3
  Metadata           260460 / 260460
  TOTAL              520920 / 520920

--- FETCHES (edit / copy / set) ---
  Int                379051 / 0 / 0
  I64                1050 / 0 / 0
  F32                525 / 0 / 0
  F64                525 / 0 / 0
  Vec3               1576 / 0 / 0
  Texture            525 / 0 / 0
  Bounds             51805425 / 0 / 0
  Debug_Stats        2625 / 0 / 0
  DataPoint          525 / 0 / 0
  Field              525 / 0 / 0

--- FIELD OCCUPANCY ---
  Field[0] 'world_field' levels:4 dims:3
    bounds X:[-8.0000,8.0000] Y:[-8.0000,8.0000] Z:[-8.0000,8.0000]
    level 0: 1 / 1 cells occupied
    level 1: 2 / 8 cells occupied
    level 2: 4 / 64 cells occupied
    level 3: 6 / 512 cells occupied
    level 4: 6 / 4096 cells occupied
  Field[1] 'model_field' levels:4 dims:3
    bounds X:[-1.0000,1.0000] Y:[-1.0000,1.0000] Z:[-1.0000,1.0000]
    level 0: 1 / 1 cells occupied
    level 1: 6 / 8 cells occupied
    level 2: 28 / 64 cells occupied
    level 3: 96 / 512 cells occupied
    level 4: 140 / 4096 cells occupied
  Field[2] 'screen_field' levels:0 dims:2
    bounds X:[0.0000,800.0000] Y:[0.0000,600.0000] Z:[0.0000,1.0000]
    level 0: 0 / 1 cells occupied

[F2: enable fetch timing]

---
=== HOLLOWS ENGINE ===
FPS: 268 | Pixel: 3.2ms | Input: 0.000ms | Texture: 0.468ms
Camera: [0.00, -0.18, 4.60]

--- DATA (valid / total) ---
  Bool               1 / 1
  Int                5 / 5
  I64                2 / 2
  F32                5 / 5
  F64                2 / 2
  CString            6 / 6
  Vec3               1 / 1
  Vertex             140 / 140
  Model              1 / 1
  Texture            1 / 1
  Bounds             260289 / 260289
  Debug_Stats        1 / 1
  FrameData          1 / 1
  Strings_Builder    1 / 1
  DataPoint          1 / 1
  Field              3 / 3
  Metadata           260460 / 260460
  TOTAL              520920 / 520920

--- FETCHES (edit / copy / set) ---
  Int                373275 / 0 / 0
  I64                1034 / 0 / 0
  F32                517 / 0 / 0
  F64                517 / 0 / 0
  Vec3               1552 / 0 / 0
  Texture            517 / 0 / 0
  Bounds             51016009 / 0 / 0
  Debug_Stats        2585 / 0 / 0
  DataPoint          517 / 0 / 0
  Field              517 / 0 / 0

--- FIELD OCCUPANCY ---
  Field[0] 'world_field' levels:4 dims:3
    bounds X:[-8.0000,8.0000] Y:[-8.0000,8.0000] Z:[-8.0000,8.0000]
    level 0: 1 / 1 cells occupied
    level 1: 2 / 8 cells occupied
    level 2: 4 / 64 cells occupied
    level 3: 6 / 512 cells occupied
    level 4: 6 / 4096 cells occupied
  Field[1] 'model_field' levels:4 dims:3
    bounds X:[-1.0000,1.0000] Y:[-1.0000,1.0000] Z:[-1.0000,1.0000]
    level 0: 1 / 1 cells occupied
    level 1: 6 / 8 cells occupied
    level 2: 28 / 64 cells occupied
    level 3: 96 / 512 cells occupied
    level 4: 140 / 4096 cells occupied
  Field[2] 'screen_field' levels:0 dims:2
    bounds X:[0.0000,800.0000] Y:[0.0000,600.0000] Z:[0.0000,1.0000]
    level 0: 0 / 1 cells occupied

[F2: enable fetch timing]

---
=== HOLLOWS ENGINE ===
FPS: 267 | Pixel: 3.2ms | Input: 0.000ms | Texture: 0.464ms
Camera: [0.00, -0.18, 4.60]

--- DATA (valid / total) ---
  Bool               1 / 1
  Int                5 / 5
  I64                2 / 2
  F32                5 / 5
  F64                2 / 2
  CString            6 / 6
  Vec3               1 / 1
  Vertex             140 / 140
  Model              1 / 1
  Texture            1 / 1
  Bounds             260289 / 260289
  Debug_Stats        1 / 1
  FrameData          1 / 1
  Strings_Builder    1 / 1
  DataPoint          1 / 1
  Field              3 / 3
  Metadata           260460 / 260460
  TOTAL              520920 / 520920

--- FETCHES (edit / copy / set) ---
  Int                381939 / 0 / 0
  I64                1058 / 0 / 0
  F32                529 / 0 / 0
  F64                529 / 0 / 0
  Vec3               1588 / 0 / 0
  Texture            529 / 0 / 0
  Bounds             52200133 / 0 / 0
  Debug_Stats        2645 / 0 / 0
  DataPoint          529 / 0 / 0
  Field              529 / 0 / 0

--- FIELD OCCUPANCY ---
  Field[0] 'world_field' levels:4 dims:3
    bounds X:[-8.0000,8.0000] Y:[-8.0000,8.0000] Z:[-8.0000,8.0000]
    level 0: 1 / 1 cells occupied
    level 1: 2 / 8 cells occupied
    level 2: 4 / 64 cells occupied
    level 3: 6 / 512 cells occupied
    level 4: 6 / 4096 cells occupied
  Field[1] 'model_field' levels:4 dims:3
    bounds X:[-1.0000,1.0000] Y:[-1.0000,1.0000] Z:[-1.0000,1.0000]
    level 0: 1 / 1 cells occupied
    level 1: 6 / 8 cells occupied
    level 2: 28 / 64 cells occupied
    level 3: 96 / 512 cells occupied
    level 4: 140 / 4096 cells occupied
  Field[2] 'screen_field' levels:0 dims:2
    bounds X:[0.0000,800.0000] Y:[0.0000,600.0000] Z:[0.0000,1.0000]
    level 0: 0 / 1 cells occupied

[F2: enable fetch timing]

---
=== HOLLOWS ENGINE ===
FPS: 265 | Pixel: 3.2ms | Input: 0.000ms | Texture: 0.500ms
Camera: [0.00, -0.18, 4.60]

--- DATA (valid / total) ---
  Bool               1 / 1
  Int                5 / 5
  I64                2 / 2
  F32                5 / 5
  F64                2 / 2
  CString            6 / 6
  Vec3               1 / 1
  Vertex             140 / 140
  Model              1 / 1
  Texture            1 / 1
  Bounds             260289 / 260289
  Debug_Stats        1 / 1
  FrameData          1 / 1
  Strings_Builder    1 / 1
  DataPoint          1 / 1
  Field              3 / 3
  Metadata           260460 / 260460
  TOTAL              520920 / 520920

--- FETCHES (edit / copy / set) ---
  Int                373997 / 0 / 0
  I64                1036 / 0 / 0
  F32                518 / 0 / 0
  F64                518 / 0 / 0
  Vec3               1555 / 0 / 0
  Texture            518 / 0 / 0
  Bounds             51114686 / 0 / 0
  Debug_Stats        2590 / 0 / 0
  DataPoint          518 / 0 / 0
  Field              518 / 0 / 0

--- FIELD OCCUPANCY ---
  Field[0] 'world_field' levels:4 dims:3
    bounds X:[-8.0000,8.0000] Y:[-8.0000,8.0000] Z:[-8.0000,8.0000]
    level 0: 1 / 1 cells occupied
    level 1: 2 / 8 cells occupied
    level 2: 4 / 64 cells occupied
    level 3: 6 / 512 cells occupied
    level 4: 6 / 4096 cells occupied
  Field[1] 'model_field' levels:4 dims:3
    bounds X:[-1.0000,1.0000] Y:[-1.0000,1.0000] Z:[-1.0000,1.0000]
    level 0: 1 / 1 cells occupied
    level 1: 6 / 8 cells occupied
    level 2: 28 / 64 cells occupied
    level 3: 96 / 512 cells occupied
    level 4: 140 / 4096 cells occupied
  Field[2] 'screen_field' levels:0 dims:2
    bounds X:[0.0000,800.0000] Y:[0.0000,600.0000] Z:[0.0000,1.0000]
    level 0: 0 / 1 cells occupied

[F2: enable fetch timing]

---
=== HOLLOWS ENGINE ===
FPS: 267 | Pixel: 3.2ms | Input: 0.000ms | Texture: 0.491ms
Camera: [0.00, -0.18, 4.60]

--- DATA (valid / total) ---
  Bool               1 / 1
  Int                5 / 5
  I64                2 / 2
  F32                5 / 5
  F64                2 / 2
  CString            6 / 6
  Vec3               1 / 1
  Vertex             140 / 140
  Model              1 / 1
  Texture            1 / 1
  Bounds             260289 / 260289
  Debug_Stats        1 / 1
  FrameData          1 / 1
  Strings_Builder    1 / 1
  DataPoint          1 / 1
  Field              3 / 3
  Metadata           260460 / 260460
  TOTAL              520920 / 520920

--- FETCHES (edit / copy / set) ---
  Int                366055 / 0 / 0
  I64                1014 / 0 / 0
  F32                507 / 0 / 0
  F64                507 / 0 / 0
  Vec3               1522 / 0 / 0
  Texture            507 / 0 / 0
  Bounds             50029239 / 0 / 0
  Debug_Stats        2535 / 0 / 0
  DataPoint          507 / 0 / 0
  Field              507 / 0 / 0

--- FIELD OCCUPANCY ---
  Field[0] 'world_field' levels:4 dims:3
    bounds X:[-8.0000,8.0000] Y:[-8.0000,8.0000] Z:[-8.0000,8.0000]
    level 0: 1 / 1 cells occupied
    level 1: 2 / 8 cells occupied
    level 2: 4 / 64 cells occupied
    level 3: 6 / 512 cells occupied
    level 4: 6 / 4096 cells occupied
  Field[1] 'model_field' levels:4 dims:3
    bounds X:[-1.0000,1.0000] Y:[-1.0000,1.0000] Z:[-1.0000,1.0000]
    level 0: 1 / 1 cells occupied
    level 1: 6 / 8 cells occupied
    level 2: 28 / 64 cells occupied
    level 3: 96 / 512 cells occupied
    level 4: 140 / 4096 cells occupied
  Field[2] 'screen_field' levels:0 dims:2
    bounds X:[0.0000,800.0000] Y:[0.0000,600.0000] Z:[0.0000,1.0000]
    level 0: 0 / 1 cells occupied

[F2: enable fetch timing]

---
=== HOLLOWS ENGINE ===
FPS: 266 | Pixel: 3.2ms | Input: 0.000ms | Texture: 0.493ms
Camera: [0.00, -0.18, 4.60]

--- DATA (valid / total) ---
  Bool               1 / 1
  Int                5 / 5
  I64                2 / 2
  F32                5 / 5
  F64                2 / 2
  CString            6 / 6
  Vec3               1 / 1
  Vertex             140 / 140
  Model              1 / 1
  Texture            1 / 1
  Bounds             260289 / 260289
  Debug_Stats        1 / 1
  FrameData          1 / 1
  Strings_Builder    1 / 1
  DataPoint          1 / 1
  Field              3 / 3
  Metadata           260460 / 260460
  TOTAL              520920 / 520920

--- FETCHES (edit / copy / set) ---
  Int                363889 / 0 / 0
  I64                1008 / 0 / 0
  F32                504 / 0 / 0
  F64                504 / 0 / 0
  Vec3               1513 / 0 / 0
  Texture            504 / 0 / 0
  Bounds             49733208 / 0 / 0
  Debug_Stats        2520 / 0 / 0
  DataPoint          504 / 0 / 0
  Field              504 / 0 / 0

--- FIELD OCCUPANCY ---
  Field[0] 'world_field' levels:4 dims:3
    bounds X:[-8.0000,8.0000] Y:[-8.0000,8.0000] Z:[-8.0000,8.0000]
    level 0: 1 / 1 cells occupied
    level 1: 2 / 8 cells occupied
    level 2: 4 / 64 cells occupied
    level 3: 6 / 512 cells occupied
    level 4: 6 / 4096 cells occupied
  Field[1] 'model_field' levels:4 dims:3
    bounds X:[-1.0000,1.0000] Y:[-1.0000,1.0000] Z:[-1.0000,1.0000]
    level 0: 1 / 1 cells occupied
    level 1: 6 / 8 cells occupied
    level 2: 28 / 64 cells occupied
    level 3: 96 / 512 cells occupied
    level 4: 140 / 4096 cells occupied
  Field[2] 'screen_field' levels:0 dims:2
    bounds X:[0.0000,800.0000] Y:[0.0000,600.0000] Z:[0.0000,1.0000]
    level 0: 0 / 1 cells occupied

[F2: enable fetch timing]

---
=== HOLLOWS ENGINE ===
FPS: 266 | Pixel: 3.2ms | Input: 0.000ms | Texture: 0.500ms
Camera: [0.00, -0.18, 4.60]

--- DATA (valid / total) ---
  Bool               1 / 1
  Int                5 / 5
  I64                2 / 2
  F32                5 / 5
  F64                2 / 2
  CString            6 / 6
  Vec3               1 / 1
  Vertex             140 / 140
  Model              1 / 1
  Texture            1 / 1
  Bounds             260289 / 260289
  Debug_Stats        1 / 1
  FrameData          1 / 1
  Strings_Builder    1 / 1
  DataPoint          1 / 1
  Field              3 / 3
  Metadata           260460 / 260460
  TOTAL              520920 / 520920

--- FETCHES (edit / copy / set) ---
  Int                376885 / 0 / 0
  I64                1044 / 0 / 0
  F32                522 / 0 / 0
  F64                522 / 0 / 0
  Vec3               1567 / 0 / 0
  Texture            522 / 0 / 0
  Bounds             51509394 / 0 / 0
  Debug_Stats        2610 / 0 / 0
  DataPoint          522 / 0 / 0
  Field              522 / 0 / 0

--- FIELD OCCUPANCY ---
  Field[0] 'world_field' levels:4 dims:3
    bounds X:[-8.0000,8.0000] Y:[-8.0000,8.0000] Z:[-8.0000,8.0000]
    level 0: 1 / 1 cells occupied
    level 1: 2 / 8 cells occupied
    level 2: 4 / 64 cells occupied
    level 3: 6 / 512 cells occupied
    level 4: 6 / 4096 cells occupied
  Field[1] 'model_field' levels:4 dims:3
    bounds X:[-1.0000,1.0000] Y:[-1.0000,1.0000] Z:[-1.0000,1.0000]
    level 0: 1 / 1 cells occupied
    level 1: 6 / 8 cells occupied
    level 2: 28 / 64 cells occupied
    level 3: 96 / 512 cells occupied
    level 4: 140 / 4096 cells occupied
  Field[2] 'screen_field' levels:0 dims:2
    bounds X:[0.0000,800.0000] Y:[0.0000,600.0000] Z:[0.0000,1.0000]
    level 0: 0 / 1 cells occupied

[F2: enable fetch timing]

---
=== HOLLOWS ENGINE ===
FPS: 189 | Pixel: 3.2ms | Input: 0.000ms | Texture: 0.507ms
Camera: [0.00, -0.18, 4.60]

--- DATA (valid / total) ---
  Bool               1 / 1
  Int                5 / 5
  I64                2 / 2
  F32                5 / 5
  F64                2 / 2
  CString            6 / 6
  Vec3               1 / 1
  Vertex             140 / 140
  Model              1 / 1
  Texture            1 / 1
  Bounds             260289 / 260289
  Debug_Stats        1 / 1
  FrameData          1 / 1
  Strings_Builder    1 / 1
  DataPoint          1 / 1
  Field              3 / 3
  Metadata           260460 / 260460
  TOTAL              520920 / 520920

--- FETCHES (edit / copy / set) ---
  Int                380495 / 0 / 0
  I64                1054 / 0 / 0
  F32                527 / 0 / 0
  F64                527 / 0 / 0
  Vec3               1582 / 0 / 0
  Texture            527 / 0 / 0
  Bounds             52002779 / 0 / 0
  Debug_Stats        2635 / 0 / 0
  DataPoint          527 / 0 / 0
  Field              527 / 0 / 0

--- FIELD OCCUPANCY ---
  Field[0] 'world_field' levels:4 dims:3
    bounds X:[-8.0000,8.0000] Y:[-8.0000,8.0000] Z:[-8.0000,8.0000]
    level 0: 1 / 1 cells occupied
    level 1: 2 / 8 cells occupied
    level 2: 4 / 64 cells occupied
    level 3: 6 / 512 cells occupied
    level 4: 6 / 4096 cells occupied
  Field[1] 'model_field' levels:4 dims:3
    bounds X:[-1.0000,1.0000] Y:[-1.0000,1.0000] Z:[-1.0000,1.0000]
    level 0: 1 / 1 cells occupied
    level 1: 6 / 8 cells occupied
    level 2: 28 / 64 cells occupied
    level 3: 96 / 512 cells occupied
    level 4: 140 / 4096 cells occupied
  Field[2] 'screen_field' levels:0 dims:2
    bounds X:[0.0000,800.0000] Y:[0.0000,600.0000] Z:[0.0000,1.0000]
    level 0: 0 / 1 cells occupied

[F2: enable fetch timing]

---
=== HOLLOWS ENGINE ===
FPS: 266 | Pixel: 3.2ms | Input: 0.000ms | Texture: 0.496ms
Camera: [0.00, -0.18, 4.60]

--- DATA (valid / total) ---
  Bool               1 / 1
  Int                5 / 5
  I64                2 / 2
  F32                5 / 5
  F64                2 / 2
  CString            6 / 6
  Vec3               1 / 1
  Vertex             140 / 140
  Model              1 / 1
  Texture            1 / 1
  Bounds             260289 / 260289
  Debug_Stats        1 / 1
  FrameData          1 / 1
  Strings_Builder    1 / 1
  DataPoint          1 / 1
  Field              3 / 3
  Metadata           260460 / 260460
  TOTAL              520920 / 520920

--- FETCHES (edit / copy / set) ---
  Int                371831 / 0 / 0
  I64                1030 / 0 / 0
  F32                515 / 0 / 0
  F64                515 / 0 / 0
  Vec3               1546 / 0 / 0
  Texture            515 / 0 / 0
  Bounds             50818655 / 0 / 0
  Debug_Stats        2575 / 0 / 0
  DataPoint          515 / 0 / 0
  Field              515 / 0 / 0

--- FIELD OCCUPANCY ---
  Field[0] 'world_field' levels:4 dims:3
    bounds X:[-8.0000,8.0000] Y:[-8.0000,8.0000] Z:[-8.0000,8.0000]
    level 0: 1 / 1 cells occupied
    level 1: 2 / 8 cells occupied
    level 2: 4 / 64 cells occupied
    level 3: 6 / 512 cells occupied
    level 4: 6 / 4096 cells occupied
  Field[1] 'model_field' levels:4 dims:3
    bounds X:[-1.0000,1.0000] Y:[-1.0000,1.0000] Z:[-1.0000,1.0000]
    level 0: 1 / 1 cells occupied
    level 1: 6 / 8 cells occupied
    level 2: 28 / 64 cells occupied
    level 3: 96 / 512 cells occupied
    level 4: 140 / 4096 cells occupied
  Field[2] 'screen_field' levels:0 dims:2
    bounds X:[0.0000,800.0000] Y:[0.0000,600.0000] Z:[0.0000,1.0000]
    level 0: 0 / 1 cells occupied

[F2: enable fetch timing]

---
=== HOLLOWS ENGINE ===
FPS: 263 | Pixel: 3.2ms | Input: 0.000ms | Texture: 0.499ms
Camera: [0.00, -0.18, 4.60]

--- DATA (valid / total) ---
  Bool               1 / 1
  Int                5 / 5
  I64                2 / 2
  F32                5 / 5
  F64                2 / 2
  CString            6 / 6
  Vec3               1 / 1
  Vertex             140 / 140
  Model              1 / 1
  Texture            1 / 1
  Bounds             260289 / 260289
  Debug_Stats        1 / 1
  FrameData          1 / 1
  Strings_Builder    1 / 1
  DataPoint          1 / 1
  Field              3 / 3
  Metadata           260460 / 260460
  TOTAL              520920 / 520920

--- FETCHES (edit / copy / set) ---
  Int                371831 / 0 / 0
  I64                1030 / 0 / 0
  F32                515 / 0 / 0
  F64                515 / 0 / 0
  Vec3               1546 / 0 / 0
  Texture            515 / 0 / 0
  Bounds             50818655 / 0 / 0
  Debug_Stats        2575 / 0 / 0
  DataPoint          515 / 0 / 0
  Field              515 / 0 / 0

--- FIELD OCCUPANCY ---
  Field[0] 'world_field' levels:4 dims:3
    bounds X:[-8.0000,8.0000] Y:[-8.0000,8.0000] Z:[-8.0000,8.0000]
    level 0: 1 / 1 cells occupied
    level 1: 2 / 8 cells occupied
    level 2: 4 / 64 cells occupied
    level 3: 6 / 512 cells occupied
    level 4: 6 / 4096 cells occupied
  Field[1] 'model_field' levels:4 dims:3
    bounds X:[-1.0000,1.0000] Y:[-1.0000,1.0000] Z:[-1.0000,1.0000]
    level 0: 1 / 1 cells occupied
    level 1: 6 / 8 cells occupied
    level 2: 28 / 64 cells occupied
    level 3: 96 / 512 cells occupied
    level 4: 140 / 4096 cells occupied
  Field[2] 'screen_field' levels:0 dims:2
    bounds X:[0.0000,800.0000] Y:[0.0000,600.0000] Z:[0.0000,1.0000]
    level 0: 0 / 1 cells occupied

[F2: enable fetch timing]

---
=== HOLLOWS ENGINE ===
FPS: 265 | Pixel: 3.2ms | Input: 0.000ms | Texture: 0.494ms
Camera: [0.00, -0.18, 4.60]

--- DATA (valid / total) ---
  Bool               1 / 1
  Int                5 / 5
  I64                2 / 2
  F32                5 / 5
  F64                2 / 2
  CString            6 / 6
  Vec3               1 / 1
  Vertex             140 / 140
  Model              1 / 1
  Texture            1 / 1
  Bounds             260289 / 260289
  Debug_Stats        1 / 1
  FrameData          1 / 1
  Strings_Builder    1 / 1
  DataPoint          1 / 1
  Field              3 / 3
  Metadata           260460 / 260460
  TOTAL              520920 / 520920

--- FETCHES (edit / copy / set) ---
  Int                382661 / 0 / 0
  I64                1060 / 0 / 0
  F32                530 / 0 / 0
  F64                530 / 0 / 0
  Vec3               1591 / 0 / 0
  Texture            530 / 0 / 0
  Bounds             52298810 / 0 / 0
  Debug_Stats        2650 / 0 / 0
  DataPoint          530 / 0 / 0
  Field              530 / 0 / 0

--- FIELD OCCUPANCY ---
  Field[0] 'world_field' levels:4 dims:3
    bounds X:[-8.0000,8.0000] Y:[-8.0000,8.0000] Z:[-8.0000,8.0000]
    level 0: 1 / 1 cells occupied
    level 1: 2 / 8 cells occupied
    level 2: 4 / 64 cells occupied
    level 3: 6 / 512 cells occupied
    level 4: 6 / 4096 cells occupied
  Field[1] 'model_field' levels:4 dims:3
    bounds X:[-1.0000,1.0000] Y:[-1.0000,1.0000] Z:[-1.0000,1.0000]
    level 0: 1 / 1 cells occupied
    level 1: 6 / 8 cells occupied
    level 2: 28 / 64 cells occupied
    level 3: 96 / 512 cells occupied
    level 4: 140 / 4096 cells occupied
  Field[2] 'screen_field' levels:0 dims:2
    bounds X:[0.0000,800.0000] Y:[0.0000,600.0000] Z:[0.0000,1.0000]
    level 0: 0 / 1 cells occupied

[F2: enable fetch timing]

---
=== HOLLOWS ENGINE ===
FPS: 265 | Pixel: 3.2ms | Input: 0.000ms | Texture: 0.497ms
Camera: [0.00, -0.18, 4.60]

--- DATA (valid / total) ---
  Bool               1 / 1
  Int                5 / 5
  I64                2 / 2
  F32                5 / 5
  F64                2 / 2
  CString            6 / 6
  Vec3               1 / 1
  Vertex             140 / 140
  Model              1 / 1
  Texture            1 / 1
  Bounds             260289 / 260289
  Debug_Stats        1 / 1
  FrameData          1 / 1
  Strings_Builder    1 / 1
  DataPoint          1 / 1
  Field              3 / 3
  Metadata           260460 / 260460
  TOTAL              520920 / 520920

--- FETCHES (edit / copy / set) ---
  Int                381217 / 0 / 0
  I64                1056 / 0 / 0
  F32                528 / 0 / 0
  F64                528 / 0 / 0
  Vec3               1585 / 0 / 0
  Texture            528 / 0 / 0
  Bounds             52101456 / 0 / 0
  Debug_Stats        2640 / 0 / 0
  DataPoint          528 / 0 / 0
  Field              528 / 0 / 0

--- FIELD OCCUPANCY ---
  Field[0] 'world_field' levels:4 dims:3
    bounds X:[-8.0000,8.0000] Y:[-8.0000,8.0000] Z:[-8.0000,8.0000]
    level 0: 1 / 1 cells occupied
    level 1: 2 / 8 cells occupied
    level 2: 4 / 64 cells occupied
    level 3: 6 / 512 cells occupied
    level 4: 6 / 4096 cells occupied
  Field[1] 'model_field' levels:4 dims:3
    bounds X:[-1.0000,1.0000] Y:[-1.0000,1.0000] Z:[-1.0000,1.0000]
    level 0: 1 / 1 cells occupied
    level 1: 6 / 8 cells occupied
    level 2: 28 / 64 cells occupied
    level 3: 96 / 512 cells occupied
    level 4: 140 / 4096 cells occupied
  Field[2] 'screen_field' levels:0 dims:2
    bounds X:[0.0000,800.0000] Y:[0.0000,600.0000] Z:[0.0000,1.0000]
    level 0: 0 / 1 cells occupied

[F2: enable fetch timing]

---
=== HOLLOWS ENGINE ===
FPS: 267 | Pixel: 3.2ms | Input: 0.000ms | Texture: 0.495ms
Camera: [0.00, -0.18, 4.60]

--- DATA (valid / total) ---
  Bool               1 / 1
  Int                5 / 5
  I64                2 / 2
  F32                5 / 5
  F64                2 / 2
  CString            6 / 6
  Vec3               1 / 1
  Vertex             140 / 140
  Model              1 / 1
  Texture            1 / 1
  Bounds             260289 / 260289
  Debug_Stats        1 / 1
  FrameData          1 / 1
  Strings_Builder    1 / 1
  DataPoint          1 / 1
  Field              3 / 3
  Metadata           260460 / 260460
  TOTAL              520920 / 520920

--- FETCHES (edit / copy / set) ---
  Int                380495 / 0 / 0
  I64                1054 / 0 / 0
  F32                527 / 0 / 0
  F64                527 / 0 / 0
  Vec3               1582 / 0 / 0
  Texture            527 / 0 / 0
  Bounds             52002779 / 0 / 0
  Debug_Stats        2635 / 0 / 0
  DataPoint          527 / 0 / 0
  Field              527 / 0 / 0

--- FIELD OCCUPANCY ---
  Field[0] 'world_field' levels:4 dims:3
    bounds X:[-8.0000,8.0000] Y:[-8.0000,8.0000] Z:[-8.0000,8.0000]
    level 0: 1 / 1 cells occupied
    level 1: 2 / 8 cells occupied
    level 2: 4 / 64 cells occupied
    level 3: 6 / 512 cells occupied
    level 4: 6 / 4096 cells occupied
  Field[1] 'model_field' levels:4 dims:3
    bounds X:[-1.0000,1.0000] Y:[-1.0000,1.0000] Z:[-1.0000,1.0000]
    level 0: 1 / 1 cells occupied
    level 1: 6 / 8 cells occupied
    level 2: 28 / 64 cells occupied
    level 3: 96 / 512 cells occupied
    level 4: 140 / 4096 cells occupied
  Field[2] 'screen_field' levels:0 dims:2
    bounds X:[0.0000,800.0000] Y:[0.0000,600.0000] Z:[0.0000,1.0000]
    level 0: 0 / 1 cells occupied

[F2: enable fetch timing]

---
=== HOLLOWS ENGINE ===
FPS: 267 | Pixel: 3.2ms | Input: 0.000ms | Texture: 0.500ms
Camera: [0.00, -0.18, 4.60]

--- DATA (valid / total) ---
  Bool               1 / 1
  Int                5 / 5
  I64                2 / 2
  F32                5 / 5
  F64                2 / 2
  CString            6 / 6
  Vec3               1 / 1
  Vertex             140 / 140
  Model              1 / 1
  Texture            1 / 1
  Bounds             260289 / 260289
  Debug_Stats        1 / 1
  FrameData          1 / 1
  Strings_Builder    1 / 1
  DataPoint          1 / 1
  Field              3 / 3
  Metadata           260460 / 260460
  TOTAL              520920 / 520920

--- FETCHES (edit / copy / set) ---
  Int                376885 / 0 / 0
  I64                1044 / 0 / 0
  F32                522 / 0 / 0
  F64                522 / 0 / 0
  Vec3               1567 / 0 / 0
  Texture            522 / 0 / 0
  Bounds             51509394 / 0 / 0
  Debug_Stats        2610 / 0 / 0
  DataPoint          522 / 0 / 0
  Field              522 / 0 / 0

--- FIELD OCCUPANCY ---
  Field[0] 'world_field' levels:4 dims:3
    bounds X:[-8.0000,8.0000] Y:[-8.0000,8.0000] Z:[-8.0000,8.0000]
    level 0: 1 / 1 cells occupied
    level 1: 2 / 8 cells occupied
    level 2: 4 / 64 cells occupied
    level 3: 6 / 512 cells occupied
    level 4: 6 / 4096 cells occupied
  Field[1] 'model_field' levels:4 dims:3
    bounds X:[-1.0000,1.0000] Y:[-1.0000,1.0000] Z:[-1.0000,1.0000]
    level 0: 1 / 1 cells occupied
    level 1: 6 / 8 cells occupied
    level 2: 28 / 64 cells occupied
    level 3: 96 / 512 cells occupied
    level 4: 140 / 4096 cells occupied
  Field[2] 'screen_field' levels:0 dims:2
    bounds X:[0.0000,800.0000] Y:[0.0000,600.0000] Z:[0.0000,1.0000]
    level 0: 0 / 1 cells occupied

[F2: enable fetch timing]

---
=== HOLLOWS ENGINE ===
FPS: 239 | Pixel: 3.5ms | Input: 0.000ms | Texture: 0.532ms
Camera: [0.00, -0.18, 4.60]

--- DATA (valid / total) ---
  Bool               1 / 1
  Int                5 / 5
  I64                2 / 2
  F32                5 / 5
  F64                2 / 2
  CString            6 / 6
  Vec3               1 / 1
  Vertex             140 / 140
  Model              1 / 1
  Texture            1 / 1
  Bounds             260289 / 260289
  Debug_Stats        1 / 1
  FrameData          1 / 1
  Strings_Builder    1 / 1
  DataPoint          1 / 1
  Field              3 / 3
  Metadata           260460 / 260460
  TOTAL              520920 / 520920

--- FETCHES (edit / copy / set) ---
  Int                378329 / 0 / 0
  I64                1048 / 0 / 0
  F32                524 / 0 / 0
  F64                524 / 0 / 0
  Vec3               1573 / 0 / 0
  Texture            524 / 0 / 0
  Bounds             51706748 / 0 / 0
  Debug_Stats        2620 / 0 / 0
  DataPoint          524 / 0 / 0
  Field              524 / 0 / 0

--- FIELD OCCUPANCY ---
  Field[0] 'world_field' levels:4 dims:3
    bounds X:[-8.0000,8.0000] Y:[-8.0000,8.0000] Z:[-8.0000,8.0000]
    level 0: 1 / 1 cells occupied
    level 1: 2 / 8 cells occupied
    level 2: 4 / 64 cells occupied
    level 3: 6 / 512 cells occupied
    level 4: 6 / 4096 cells occupied
  Field[1] 'model_field' levels:4 dims:3
    bounds X:[-1.0000,1.0000] Y:[-1.0000,1.0000] Z:[-1.0000,1.0000]
    level 0: 1 / 1 cells occupied
    level 1: 6 / 8 cells occupied
    level 2: 28 / 64 cells occupied
    level 3: 96 / 512 cells occupied
    level 4: 140 / 4096 cells occupied
  Field[2] 'screen_field' levels:0 dims:2
    bounds X:[0.0000,800.0000] Y:[0.0000,600.0000] Z:[0.0000,1.0000]
    level 0: 0 / 1 cells occupied

[F2: enable fetch timing]

---
=== HOLLOWS ENGINE ===
FPS: 244 | Pixel: 3.6ms | Input: 0.000ms | Texture: 0.547ms
Camera: [0.00, -0.18, 4.60]

--- DATA (valid / total) ---
  Bool               1 / 1
  Int                5 / 5
  I64                2 / 2
  F32                5 / 5
  F64                2 / 2
  CString            6 / 6
  Vec3               1 / 1
  Vertex             140 / 140
  Model              1 / 1
  Texture            1 / 1
  Bounds             260289 / 260289
  Debug_Stats        1 / 1
  FrameData          1 / 1
  Strings_Builder    1 / 1
  DataPoint          1 / 1
  Field              3 / 3
  Metadata           260460 / 260460
  TOTAL              520920 / 520920

--- FETCHES (edit / copy / set) ---
  Int                370387 / 0 / 0
  I64                1026 / 0 / 0
  F32                513 / 0 / 0
  F64                513 / 0 / 0
  Vec3               1540 / 0 / 0
  Texture            513 / 0 / 0
  Bounds             50621301 / 0 / 0
  Debug_Stats        2565 / 0 / 0
  DataPoint          513 / 0 / 0
  Field              513 / 0 / 0

--- FIELD OCCUPANCY ---
  Field[0] 'world_field' levels:4 dims:3
    bounds X:[-8.0000,8.0000] Y:[-8.0000,8.0000] Z:[-8.0000,8.0000]
    level 0: 1 / 1 cells occupied
    level 1: 2 / 8 cells occupied
    level 2: 4 / 64 cells occupied
    level 3: 6 / 512 cells occupied
    level 4: 6 / 4096 cells occupied
  Field[1] 'model_field' levels:4 dims:3
    bounds X:[-1.0000,1.0000] Y:[-1.0000,1.0000] Z:[-1.0000,1.0000]
    level 0: 1 / 1 cells occupied
    level 1: 6 / 8 cells occupied
    level 2: 28 / 64 cells occupied
    level 3: 96 / 512 cells occupied
    level 4: 140 / 4096 cells occupied
  Field[2] 'screen_field' levels:0 dims:2
    bounds X:[0.0000,800.0000] Y:[0.0000,600.0000] Z:[0.0000,1.0000]
    level 0: 0 / 1 cells occupied

[F2: enable fetch timing]

---
=== HOLLOWS ENGINE ===
FPS: 266 | Pixel: 3.2ms | Input: 0.000ms | Texture: 0.500ms
Camera: [0.00, -0.18, 4.60]

--- DATA (valid / total) ---
  Bool               1 / 1
  Int                5 / 5
  I64                2 / 2
  F32                5 / 5
  F64                2 / 2
  CString            6 / 6
  Vec3               1 / 1
  Vertex             140 / 140
  Model              1 / 1
  Texture            1 / 1
  Bounds             260289 / 260289
  Debug_Stats        1 / 1
  FrameData          1 / 1
  Strings_Builder    1 / 1
  DataPoint          1 / 1
  Field              3 / 3
  Metadata           260460 / 260460
  TOTAL              520920 / 520920

--- FETCHES (edit / copy / set) ---
  Int                381939 / 0 / 0
  I64                1058 / 0 / 0
  F32                529 / 0 / 0
  F64                529 / 0 / 0
  Vec3               1588 / 0 / 0
  Texture            529 / 0 / 0
  Bounds             52200133 / 0 / 0
  Debug_Stats        2645 / 0 / 0
  DataPoint          529 / 0 / 0
  Field              529 / 0 / 0

--- FIELD OCCUPANCY ---
  Field[0] 'world_field' levels:4 dims:3
    bounds X:[-8.0000,8.0000] Y:[-8.0000,8.0000] Z:[-8.0000,8.0000]
    level 0: 1 / 1 cells occupied
    level 1: 2 / 8 cells occupied
    level 2: 4 / 64 cells occupied
    level 3: 6 / 512 cells occupied
    level 4: 6 / 4096 cells occupied
  Field[1] 'model_field' levels:4 dims:3
    bounds X:[-1.0000,1.0000] Y:[-1.0000,1.0000] Z:[-1.0000,1.0000]
    level 0: 1 / 1 cells occupied
    level 1: 6 / 8 cells occupied
    level 2: 28 / 64 cells occupied
    level 3: 96 / 512 cells occupied
    level 4: 140 / 4096 cells occupied
  Field[2] 'screen_field' levels:0 dims:2
    bounds X:[0.0000,800.0000] Y:[0.0000,600.0000] Z:[0.0000,1.0000]
    level 0: 0 / 1 cells occupied

[F2: enable fetch timing]

---
=== HOLLOWS ENGINE ===
FPS: 240 | Pixel: 3.6ms | Input: 0.000ms | Texture: 0.537ms
Camera: [0.00, -0.18, 4.60]

--- DATA (valid / total) ---
  Bool               1 / 1
  Int                5 / 5
  I64                2 / 2
  F32                5 / 5
  F64                2 / 2
  CString            6 / 6
  Vec3               1 / 1
  Vertex             140 / 140
  Model              1 / 1
  Texture            1 / 1
  Bounds             260289 / 260289
  Debug_Stats        1 / 1
  FrameData          1 / 1
  Strings_Builder    1 / 1
  DataPoint          1 / 1
  Field              3 / 3
  Metadata           260460 / 260460
  TOTAL              520920 / 520920

--- FETCHES (edit / copy / set) ---
  Int                366777 / 0 / 0
  I64                1016 / 0 / 0
  F32                508 / 0 / 0
  F64                508 / 0 / 0
  Vec3               1525 / 0 / 0
  Texture            508 / 0 / 0
  Bounds             50127916 / 0 / 0
  Debug_Stats        2540 / 0 / 0
  DataPoint          508 / 0 / 0
  Field              508 / 0 / 0

--- FIELD OCCUPANCY ---
  Field[0] 'world_field' levels:4 dims:3
    bounds X:[-8.0000,8.0000] Y:[-8.0000,8.0000] Z:[-8.0000,8.0000]
    level 0: 1 / 1 cells occupied
    level 1: 2 / 8 cells occupied
    level 2: 4 / 64 cells occupied
    level 3: 6 / 512 cells occupied
    level 4: 6 / 4096 cells occupied
  Field[1] 'model_field' levels:4 dims:3
    bounds X:[-1.0000,1.0000] Y:[-1.0000,1.0000] Z:[-1.0000,1.0000]
    level 0: 1 / 1 cells occupied
    level 1: 6 / 8 cells occupied
    level 2: 28 / 64 cells occupied
    level 3: 96 / 512 cells occupied
    level 4: 140 / 4096 cells occupied
  Field[2] 'screen_field' levels:0 dims:2
    bounds X:[0.0000,800.0000] Y:[0.0000,600.0000] Z:[0.0000,1.0000]
    level 0: 0 / 1 cells occupied

[F2: enable fetch timing]

---
=== HOLLOWS ENGINE ===
FPS: 265 | Pixel: 3.2ms | Input: 0.000ms | Texture: 0.500ms
Camera: [0.00, -0.18, 4.60]

--- DATA (valid / total) ---
  Bool               1 / 1
  Int                5 / 5
  I64                2 / 2
  F32                5 / 5
  F64                2 / 2
  CString            6 / 6
  Vec3               1 / 1
  Vertex             140 / 140
  Model              1 / 1
  Texture            1 / 1
  Bounds             260289 / 260289
  Debug_Stats        1 / 1
  FrameData          1 / 1
  Strings_Builder    1 / 1
  DataPoint          1 / 1
  Field              3 / 3
  Metadata           260460 / 260460
  TOTAL              520920 / 520920

--- FETCHES (edit / copy / set) ---
  Int                381939 / 0 / 0
  I64                1058 / 0 / 0
  F32                529 / 0 / 0
  F64                529 / 0 / 0
  Vec3               1588 / 0 / 0
  Texture            529 / 0 / 0
  Bounds             52200133 / 0 / 0
  Debug_Stats        2645 / 0 / 0
  DataPoint          529 / 0 / 0
  Field              529 / 0 / 0

--- FIELD OCCUPANCY ---
  Field[0] 'world_field' levels:4 dims:3
    bounds X:[-8.0000,8.0000] Y:[-8.0000,8.0000] Z:[-8.0000,8.0000]
    level 0: 1 / 1 cells occupied
    level 1: 2 / 8 cells occupied
    level 2: 4 / 64 cells occupied
    level 3: 6 / 512 cells occupied
    level 4: 6 / 4096 cells occupied
  Field[1] 'model_field' levels:4 dims:3
    bounds X:[-1.0000,1.0000] Y:[-1.0000,1.0000] Z:[-1.0000,1.0000]
    level 0: 1 / 1 cells occupied
    level 1: 6 / 8 cells occupied
    level 2: 28 / 64 cells occupied
    level 3: 96 / 512 cells occupied
    level 4: 140 / 4096 cells occupied
  Field[2] 'screen_field' levels:0 dims:2
    bounds X:[0.0000,800.0000] Y:[0.0000,600.0000] Z:[0.0000,1.0000]
    level 0: 0 / 1 cells occupied

[F2: enable fetch timing]

---
=== HOLLOWS ENGINE ===
FPS: 240 | Pixel: 3.5ms | Input: 0.000ms | Texture: 0.532ms
Camera: [0.00, -0.18, 4.60]

--- DATA (valid / total) ---
  Bool               1 / 1
  Int                5 / 5
  I64                2 / 2
  F32                5 / 5
  F64                2 / 2
  CString            6 / 6
  Vec3               1 / 1
  Vertex             140 / 140
  Model              1 / 1
  Texture            1 / 1
  Bounds             260289 / 260289
  Debug_Stats        1 / 1
  FrameData          1 / 1
  Strings_Builder    1 / 1
  DataPoint          1 / 1
  Field              3 / 3
  Metadata           260460 / 260460
  TOTAL              520920 / 520920

--- FETCHES (edit / copy / set) ---
  Int                374719 / 0 / 0
  I64                1038 / 0 / 0
  F32                519 / 0 / 0
  F64                519 / 0 / 0
  Vec3               1558 / 0 / 0
  Texture            519 / 0 / 0
  Bounds             51213363 / 0 / 0
  Debug_Stats        2595 / 0 / 0
  DataPoint          519 / 0 / 0
  Field              519 / 0 / 0

--- FIELD OCCUPANCY ---
  Field[0] 'world_field' levels:4 dims:3
    bounds X:[-8.0000,8.0000] Y:[-8.0000,8.0000] Z:[-8.0000,8.0000]
    level 0: 1 / 1 cells occupied
    level 1: 2 / 8 cells occupied
    level 2: 4 / 64 cells occupied
    level 3: 6 / 512 cells occupied
    level 4: 6 / 4096 cells occupied
  Field[1] 'model_field' levels:4 dims:3
    bounds X:[-1.0000,1.0000] Y:[-1.0000,1.0000] Z:[-1.0000,1.0000]
    level 0: 1 / 1 cells occupied
    level 1: 6 / 8 cells occupied
    level 2: 28 / 64 cells occupied
    level 3: 96 / 512 cells occupied
    level 4: 140 / 4096 cells occupied
  Field[2] 'screen_field' levels:0 dims:2
    bounds X:[0.0000,800.0000] Y:[0.0000,600.0000] Z:[0.0000,1.0000]
    level 0: 0 / 1 cells occupied

[F2: enable fetch timing]

---
=== HOLLOWS ENGINE ===
FPS: 264 | Pixel: 3.2ms | Input: 0.000ms | Texture: 0.494ms
Camera: [0.00, -0.18, 4.60]

--- DATA (valid / total) ---
  Bool               1 / 1
  Int                5 / 5
  I64                2 / 2
  F32                5 / 5
  F64                2 / 2
  CString            6 / 6
  Vec3               1 / 1
  Vertex             140 / 140
  Model              1 / 1
  Texture            1 / 1
  Bounds             260289 / 260289
  Debug_Stats        1 / 1
  FrameData          1 / 1
  Strings_Builder    1 / 1
  DataPoint          1 / 1
  Field              3 / 3
  Metadata           260460 / 260460
  TOTAL              520920 / 520920

--- FETCHES (edit / copy / set) ---
  Int                373275 / 0 / 0
  I64                1034 / 0 / 0
  F32                517 / 0 / 0
  F64                517 / 0 / 0
  Vec3               1552 / 0 / 0
  Texture            517 / 0 / 0
  Bounds             51016009 / 0 / 0
  Debug_Stats        2585 / 0 / 0
  DataPoint          517 / 0 / 0
  Field              517 / 0 / 0

--- FIELD OCCUPANCY ---
  Field[0] 'world_field' levels:4 dims:3
    bounds X:[-8.0000,8.0000] Y:[-8.0000,8.0000] Z:[-8.0000,8.0000]
    level 0: 1 / 1 cells occupied
    level 1: 2 / 8 cells occupied
    level 2: 4 / 64 cells occupied
    level 3: 6 / 512 cells occupied
    level 4: 6 / 4096 cells occupied
  Field[1] 'model_field' levels:4 dims:3
    bounds X:[-1.0000,1.0000] Y:[-1.0000,1.0000] Z:[-1.0000,1.0000]
    level 0: 1 / 1 cells occupied
    level 1: 6 / 8 cells occupied
    level 2: 28 / 64 cells occupied
    level 3: 96 / 512 cells occupied
    level 4: 140 / 4096 cells occupied
  Field[2] 'screen_field' levels:0 dims:2
    bounds X:[0.0000,800.0000] Y:[0.0000,600.0000] Z:[0.0000,1.0000]
    level 0: 0 / 1 cells occupied

[F2: enable fetch timing]

---
=== HOLLOWS ENGINE ===
FPS: 238 | Pixel: 3.5ms | Input: 0.000ms | Texture: 0.531ms
Camera: [0.00, -0.18, 4.60]

--- DATA (valid / total) ---
  Bool               1 / 1
  Int                5 / 5
  I64                2 / 2
  F32                5 / 5
  F64                2 / 2
  CString            6 / 6
  Vec3               1 / 1
  Vertex             140 / 140
  Model              1 / 1
  Texture            1 / 1
  Bounds             260289 / 260289
  Debug_Stats        1 / 1
  FrameData          1 / 1
  Strings_Builder    1 / 1
  DataPoint          1 / 1
  Field              3 / 3
  Metadata           260460 / 260460
  TOTAL              520920 / 520920

--- FETCHES (edit / copy / set) ---
  Int                362445 / 0 / 0
  I64                1004 / 0 / 0
  F32                502 / 0 / 0
  F64                502 / 0 / 0
  Vec3               1507 / 0 / 0
  Texture            502 / 0 / 0
  Bounds             49535854 / 0 / 0
  Debug_Stats        2510 / 0 / 0
  DataPoint          502 / 0 / 0
  Field              502 / 0 / 0

--- FIELD OCCUPANCY ---
  Field[0] 'world_field' levels:4 dims:3
    bounds X:[-8.0000,8.0000] Y:[-8.0000,8.0000] Z:[-8.0000,8.0000]
    level 0: 1 / 1 cells occupied
    level 1: 2 / 8 cells occupied
    level 2: 4 / 64 cells occupied
    level 3: 6 / 512 cells occupied
    level 4: 6 / 4096 cells occupied
  Field[1] 'model_field' levels:4 dims:3
    bounds X:[-1.0000,1.0000] Y:[-1.0000,1.0000] Z:[-1.0000,1.0000]
    level 0: 1 / 1 cells occupied
    level 1: 6 / 8 cells occupied
    level 2: 28 / 64 cells occupied
    level 3: 96 / 512 cells occupied
    level 4: 140 / 4096 cells occupied
  Field[2] 'screen_field' levels:0 dims:2
    bounds X:[0.0000,800.0000] Y:[0.0000,600.0000] Z:[0.0000,1.0000]
    level 0: 0 / 1 cells occupied

[F2: enable fetch timing]

---
=== HOLLOWS ENGINE ===
FPS: 260 | Pixel: 3.3ms | Input: 0.000ms | Texture: 0.506ms
Camera: [0.00, -0.18, 4.60]

--- DATA (valid / total) ---
  Bool               1 / 1
  Int                5 / 5
  I64                2 / 2
  F32                5 / 5
  F64                2 / 2
  CString            6 / 6
  Vec3               1 / 1
  Vertex             140 / 140
  Model              1 / 1
  Texture            1 / 1
  Bounds             260289 / 260289
  Debug_Stats        1 / 1
  FrameData          1 / 1
  Strings_Builder    1 / 1
  DataPoint          1 / 1
  Field              3 / 3
  Metadata           260460 / 260460
  TOTAL              520920 / 520920

--- FETCHES (edit / copy / set) ---
  Int                373997 / 0 / 0
  I64                1036 / 0 / 0
  F32                518 / 0 / 0
  F64                518 / 0 / 0
  Vec3               1555 / 0 / 0
  Texture            518 / 0 / 0
  Bounds             51114686 / 0 / 0
  Debug_Stats        2590 / 0 / 0
  DataPoint          518 / 0 / 0
  Field              518 / 0 / 0

--- FIELD OCCUPANCY ---
  Field[0] 'world_field' levels:4 dims:3
    bounds X:[-8.0000,8.0000] Y:[-8.0000,8.0000] Z:[-8.0000,8.0000]
    level 0: 1 / 1 cells occupied
    level 1: 2 / 8 cells occupied
    level 2: 4 / 64 cells occupied
    level 3: 6 / 512 cells occupied
    level 4: 6 / 4096 cells occupied
  Field[1] 'model_field' levels:4 dims:3
    bounds X:[-1.0000,1.0000] Y:[-1.0000,1.0000] Z:[-1.0000,1.0000]
    level 0: 1 / 1 cells occupied
    level 1: 6 / 8 cells occupied
    level 2: 28 / 64 cells occupied
    level 3: 96 / 512 cells occupied
    level 4: 140 / 4096 cells occupied
  Field[2] 'screen_field' levels:0 dims:2
    bounds X:[0.0000,800.0000] Y:[0.0000,600.0000] Z:[0.0000,1.0000]
    level 0: 0 / 1 cells occupied

[F2: enable fetch timing]

---
=== HOLLOWS ENGINE ===
FPS: 263 | Pixel: 3.2ms | Input: 0.000ms | Texture: 0.489ms
Camera: [0.00, -0.18, 4.60]

--- DATA (valid / total) ---
  Bool               1 / 1
  Int                5 / 5
  I64                2 / 2
  F32                5 / 5
  F64                2 / 2
  CString            6 / 6
  Vec3               1 / 1
  Vertex             140 / 140
  Model              1 / 1
  Texture            1 / 1
  Bounds             260289 / 260289
  Debug_Stats        1 / 1
  FrameData          1 / 1
  Strings_Builder    1 / 1
  DataPoint          1 / 1
  Field              3 / 3
  Metadata           260460 / 260460
  TOTAL              520920 / 520920

--- FETCHES (edit / copy / set) ---
  Int                379051 / 0 / 0
  I64                1050 / 0 / 0
  F32                525 / 0 / 0
  F64                525 / 0 / 0
  Vec3               1576 / 0 / 0
  Texture            525 / 0 / 0
  Bounds             51805425 / 0 / 0
  Debug_Stats        2625 / 0 / 0
  DataPoint          525 / 0 / 0
  Field              525 / 0 / 0

--- FIELD OCCUPANCY ---
  Field[0] 'world_field' levels:4 dims:3
    bounds X:[-8.0000,8.0000] Y:[-8.0000,8.0000] Z:[-8.0000,8.0000]
    level 0: 1 / 1 cells occupied
    level 1: 2 / 8 cells occupied
    level 2: 4 / 64 cells occupied
    level 3: 6 / 512 cells occupied
    level 4: 6 / 4096 cells occupied
  Field[1] 'model_field' levels:4 dims:3
    bounds X:[-1.0000,1.0000] Y:[-1.0000,1.0000] Z:[-1.0000,1.0000]
    level 0: 1 / 1 cells occupied
    level 1: 6 / 8 cells occupied
    level 2: 28 / 64 cells occupied
    level 3: 96 / 512 cells occupied
    level 4: 140 / 4096 cells occupied
  Field[2] 'screen_field' levels:0 dims:2
    bounds X:[0.0000,800.0000] Y:[0.0000,600.0000] Z:[0.0000,1.0000]
    level 0: 0 / 1 cells occupied

[F2: enable fetch timing]

---
=== HOLLOWS ENGINE ===
FPS: 265 | Pixel: 3.2ms | Input: 0.000ms | Texture: 0.490ms
Camera: [0.00, -0.18, 4.60]

--- DATA (valid / total) ---
  Bool               1 / 1
  Int                5 / 5
  I64                2 / 2
  F32                5 / 5
  F64                2 / 2
  CString            6 / 6
  Vec3               1 / 1
  Vertex             140 / 140
  Model              1 / 1
  Texture            1 / 1
  Bounds             260289 / 260289
  Debug_Stats        1 / 1
  FrameData          1 / 1
  Strings_Builder    1 / 1
  DataPoint          1 / 1
  Field              3 / 3
  Metadata           260460 / 260460
  TOTAL              520920 / 520920

--- FETCHES (edit / copy / set) ---
  Int                380495 / 0 / 0
  I64                1054 / 0 / 0
  F32                527 / 0 / 0
  F64                527 / 0 / 0
  Vec3               1582 / 0 / 0
  Texture            527 / 0 / 0
  Bounds             52002779 / 0 / 0
  Debug_Stats        2635 / 0 / 0
  DataPoint          527 / 0 / 0
  Field              527 / 0 / 0

--- FIELD OCCUPANCY ---
  Field[0] 'world_field' levels:4 dims:3
    bounds X:[-8.0000,8.0000] Y:[-8.0000,8.0000] Z:[-8.0000,8.0000]
    level 0: 1 / 1 cells occupied
    level 1: 2 / 8 cells occupied
    level 2: 4 / 64 cells occupied
    level 3: 6 / 512 cells occupied
    level 4: 6 / 4096 cells occupied
  Field[1] 'model_field' levels:4 dims:3
    bounds X:[-1.0000,1.0000] Y:[-1.0000,1.0000] Z:[-1.0000,1.0000]
    level 0: 1 / 1 cells occupied
    level 1: 6 / 8 cells occupied
    level 2: 28 / 64 cells occupied
    level 3: 96 / 512 cells occupied
    level 4: 140 / 4096 cells occupied
  Field[2] 'screen_field' levels:0 dims:2
    bounds X:[0.0000,800.0000] Y:[0.0000,600.0000] Z:[0.0000,1.0000]
    level 0: 0 / 1 cells occupied

[F2: enable fetch timing]

---
=== HOLLOWS ENGINE ===
FPS: 266 | Pixel: 3.2ms | Input: 0.000ms | Texture: 0.491ms
Camera: [0.00, -0.18, 4.60]

--- DATA (valid / total) ---
  Bool               1 / 1
  Int                5 / 5
  I64                2 / 2
  F32                5 / 5
  F64                2 / 2
  CString            6 / 6
  Vec3               1 / 1
  Vertex             140 / 140
  Model              1 / 1
  Texture            1 / 1
  Bounds             260289 / 260289
  Debug_Stats        1 / 1
  FrameData          1 / 1
  Strings_Builder    1 / 1
  DataPoint          1 / 1
  Field              3 / 3
  Metadata           260460 / 260460
  TOTAL              520920 / 520920

--- FETCHES (edit / copy / set) ---
  Int                370387 / 0 / 0
  I64                1026 / 0 / 0
  F32                513 / 0 / 0
  F64                513 / 0 / 0
  Vec3               1540 / 0 / 0
  Texture            513 / 0 / 0
  Bounds             50621301 / 0 / 0
  Debug_Stats        2565 / 0 / 0
  DataPoint          513 / 0 / 0
  Field              513 / 0 / 0

--- FIELD OCCUPANCY ---
  Field[0] 'world_field' levels:4 dims:3
    bounds X:[-8.0000,8.0000] Y:[-8.0000,8.0000] Z:[-8.0000,8.0000]
    level 0: 1 / 1 cells occupied
    level 1: 2 / 8 cells occupied
    level 2: 4 / 64 cells occupied
    level 3: 6 / 512 cells occupied
    level 4: 6 / 4096 cells occupied
  Field[1] 'model_field' levels:4 dims:3
    bounds X:[-1.0000,1.0000] Y:[-1.0000,1.0000] Z:[-1.0000,1.0000]
    level 0: 1 / 1 cells occupied
    level 1: 6 / 8 cells occupied
    level 2: 28 / 64 cells occupied
    level 3: 96 / 512 cells occupied
    level 4: 140 / 4096 cells occupied
  Field[2] 'screen_field' levels:0 dims:2
    bounds X:[0.0000,800.0000] Y:[0.0000,600.0000] Z:[0.0000,1.0000]
    level 0: 0 / 1 cells occupied

[F2: enable fetch timing]

---
=== HOLLOWS ENGINE ===
FPS: 265 | Pixel: 3.2ms | Input: 0.000ms | Texture: 0.497ms
Camera: [0.00, -0.18, 4.60]

--- DATA (valid / total) ---
  Bool               1 / 1
  Int                5 / 5
  I64                2 / 2
  F32                5 / 5
  F64                2 / 2
  CString            6 / 6
  Vec3               1 / 1
  Vertex             140 / 140
  Model              1 / 1
  Texture            1 / 1
  Bounds             260289 / 260289
  Debug_Stats        1 / 1
  FrameData          1 / 1
  Strings_Builder    1 / 1
  DataPoint          1 / 1
  Field              3 / 3
  Metadata           260460 / 260460
  TOTAL              520920 / 520920

--- FETCHES (edit / copy / set) ---
  Int                379051 / 0 / 0
  I64                1050 / 0 / 0
  F32                525 / 0 / 0
  F64                525 / 0 / 0
  Vec3               1576 / 0 / 0
  Texture            525 / 0 / 0
  Bounds             51805425 / 0 / 0
  Debug_Stats        2625 / 0 / 0
  DataPoint          525 / 0 / 0
  Field              525 / 0 / 0

--- FIELD OCCUPANCY ---
  Field[0] 'world_field' levels:4 dims:3
    bounds X:[-8.0000,8.0000] Y:[-8.0000,8.0000] Z:[-8.0000,8.0000]
    level 0: 1 / 1 cells occupied
    level 1: 2 / 8 cells occupied
    level 2: 4 / 64 cells occupied
    level 3: 6 / 512 cells occupied
    level 4: 6 / 4096 cells occupied
  Field[1] 'model_field' levels:4 dims:3
    bounds X:[-1.0000,1.0000] Y:[-1.0000,1.0000] Z:[-1.0000,1.0000]
    level 0: 1 / 1 cells occupied
    level 1: 6 / 8 cells occupied
    level 2: 28 / 64 cells occupied
    level 3: 96 / 512 cells occupied
    level 4: 140 / 4096 cells occupied
  Field[2] 'screen_field' levels:0 dims:2
    bounds X:[0.0000,800.0000] Y:[0.0000,600.0000] Z:[0.0000,1.0000]
    level 0: 0 / 1 cells occupied

[F2: enable fetch timing]

---
=== HOLLOWS ENGINE ===
FPS: 253 | Pixel: 3.2ms | Input: 0.000ms | Texture: 0.494ms
Camera: [0.00, -0.18, 4.60]

--- DATA (valid / total) ---
  Bool               1 / 1
  Int                5 / 5
  I64                2 / 2
  F32                5 / 5
  F64                2 / 2
  CString            6 / 6
  Vec3               1 / 1
  Vertex             140 / 140
  Model              1 / 1
  Texture            1 / 1
  Bounds             260289 / 260289
  Debug_Stats        1 / 1
  FrameData          1 / 1
  Strings_Builder    1 / 1
  DataPoint          1 / 1
  Field              3 / 3
  Metadata           260460 / 260460
  TOTAL              520920 / 520920

--- FETCHES (edit / copy / set) ---
  Int                367499 / 0 / 0
  I64                1018 / 0 / 0
  F32                509 / 0 / 0
  F64                509 / 0 / 0
  Vec3               1528 / 0 / 0
  Texture            509 / 0 / 0
  Bounds             50226593 / 0 / 0
  Debug_Stats        2545 / 0 / 0
  DataPoint          509 / 0 / 0
  Field              509 / 0 / 0

--- FIELD OCCUPANCY ---
  Field[0] 'world_field' levels:4 dims:3
    bounds X:[-8.0000,8.0000] Y:[-8.0000,8.0000] Z:[-8.0000,8.0000]
    level 0: 1 / 1 cells occupied
    level 1: 2 / 8 cells occupied
    level 2: 4 / 64 cells occupied
    level 3: 6 / 512 cells occupied
    level 4: 6 / 4096 cells occupied
  Field[1] 'model_field' levels:4 dims:3
    bounds X:[-1.0000,1.0000] Y:[-1.0000,1.0000] Z:[-1.0000,1.0000]
    level 0: 1 / 1 cells occupied
    level 1: 6 / 8 cells occupied
    level 2: 28 / 64 cells occupied
    level 3: 96 / 512 cells occupied
    level 4: 140 / 4096 cells occupied
  Field[2] 'screen_field' levels:0 dims:2
    bounds X:[0.0000,800.0000] Y:[0.0000,600.0000] Z:[0.0000,1.0000]
    level 0: 0 / 1 cells occupied

[F2: enable fetch timing]

---
=== HOLLOWS ENGINE ===
FPS: 265 | Pixel: 3.2ms | Input: 0.000ms | Texture: 0.494ms
Camera: [0.00, -0.18, 4.60]

--- DATA (valid / total) ---
  Bool               1 / 1
  Int                5 / 5
  I64                2 / 2
  F32                5 / 5
  F64                2 / 2
  CString            6 / 6
  Vec3               1 / 1
  Vertex             140 / 140
  Model              1 / 1
  Texture            1 / 1
  Bounds             260289 / 260289
  Debug_Stats        1 / 1
  FrameData          1 / 1
  Strings_Builder    1 / 1
  DataPoint          1 / 1
  Field              3 / 3
  Metadata           260460 / 260460
  TOTAL              520920 / 520920

--- FETCHES (edit / copy / set) ---
  Int                378329 / 0 / 0
  I64                1048 / 0 / 0
  F32                524 / 0 / 0
  F64                524 / 0 / 0
  Vec3               1573 / 0 / 0
  Texture            524 / 0 / 0
  Bounds             51706748 / 0 / 0
  Debug_Stats        2620 / 0 / 0
  DataPoint          524 / 0 / 0
  Field              524 / 0 / 0

--- FIELD OCCUPANCY ---
  Field[0] 'world_field' levels:4 dims:3
    bounds X:[-8.0000,8.0000] Y:[-8.0000,8.0000] Z:[-8.0000,8.0000]
    level 0: 1 / 1 cells occupied
    level 1: 2 / 8 cells occupied
    level 2: 4 / 64 cells occupied
    level 3: 6 / 512 cells occupied
    level 4: 6 / 4096 cells occupied
  Field[1] 'model_field' levels:4 dims:3
    bounds X:[-1.0000,1.0000] Y:[-1.0000,1.0000] Z:[-1.0000,1.0000]
    level 0: 1 / 1 cells occupied
    level 1: 6 / 8 cells occupied
    level 2: 28 / 64 cells occupied
    level 3: 96 / 512 cells occupied
    level 4: 140 / 4096 cells occupied
  Field[2] 'screen_field' levels:0 dims:2
    bounds X:[0.0000,800.0000] Y:[0.0000,600.0000] Z:[0.0000,1.0000]
    level 0: 0 / 1 cells occupied

[F2: enable fetch timing]

---
=== HOLLOWS ENGINE ===
FPS: 240 | Pixel: 3.5ms | Input: 0.000ms | Texture: 0.538ms
Camera: [0.00, -0.18, 4.60]

--- DATA (valid / total) ---
  Bool               1 / 1
  Int                5 / 5
  I64                2 / 2
  F32                5 / 5
  F64                2 / 2
  CString            6 / 6
  Vec3               1 / 1
  Vertex             140 / 140
  Model              1 / 1
  Texture            1 / 1
  Bounds             260289 / 260289
  Debug_Stats        1 / 1
  FrameData          1 / 1
  Strings_Builder    1 / 1
  DataPoint          1 / 1
  Field              3 / 3
  Metadata           260460 / 260460
  TOTAL              520920 / 520920

--- FETCHES (edit / copy / set) ---
  Int                377607 / 0 / 0
  I64                1046 / 0 / 0
  F32                523 / 0 / 0
  F64                523 / 0 / 0
  Vec3               1570 / 0 / 0
  Texture            523 / 0 / 0
  Bounds             51608071 / 0 / 0
  Debug_Stats        2615 / 0 / 0
  DataPoint          523 / 0 / 0
  Field              523 / 0 / 0

--- FIELD OCCUPANCY ---
  Field[0] 'world_field' levels:4 dims:3
    bounds X:[-8.0000,8.0000] Y:[-8.0000,8.0000] Z:[-8.0000,8.0000]
    level 0: 1 / 1 cells occupied
    level 1: 2 / 8 cells occupied
    level 2: 4 / 64 cells occupied
    level 3: 6 / 512 cells occupied
    level 4: 6 / 4096 cells occupied
  Field[1] 'model_field' levels:4 dims:3
    bounds X:[-1.0000,1.0000] Y:[-1.0000,1.0000] Z:[-1.0000,1.0000]
    level 0: 1 / 1 cells occupied
    level 1: 6 / 8 cells occupied
    level 2: 28 / 64 cells occupied
    level 3: 96 / 512 cells occupied
    level 4: 140 / 4096 cells occupied
  Field[2] 'screen_field' levels:0 dims:2
    bounds X:[0.0000,800.0000] Y:[0.0000,600.0000] Z:[0.0000,1.0000]
    level 0: 0 / 1 cells occupied

[F2: enable fetch timing]

---
=== HOLLOWS ENGINE ===
FPS: 266 | Pixel: 3.2ms | Input: 0.000ms | Texture: 0.498ms
Camera: [0.00, -0.18, 4.60]

--- DATA (valid / total) ---
  Bool               1 / 1
  Int                5 / 5
  I64                2 / 2
  F32                5 / 5
  F64                2 / 2
  CString            6 / 6
  Vec3               1 / 1
  Vertex             140 / 140
  Model              1 / 1
  Texture            1 / 1
  Bounds             260289 / 260289
  Debug_Stats        1 / 1
  FrameData          1 / 1
  Strings_Builder    1 / 1
  DataPoint          1 / 1
  Field              3 / 3
  Metadata           260460 / 260460
  TOTAL              520920 / 520920

--- FETCHES (edit / copy / set) ---
  Int                372553 / 0 / 0
  I64                1032 / 0 / 0
  F32                516 / 0 / 0
  F64                516 / 0 / 0
  Vec3               1549 / 0 / 0
  Texture            516 / 0 / 0
  Bounds             50917332 / 0 / 0
  Debug_Stats        2580 / 0 / 0
  DataPoint          516 / 0 / 0
  Field              516 / 0 / 0

--- FIELD OCCUPANCY ---
  Field[0] 'world_field' levels:4 dims:3
    bounds X:[-8.0000,8.0000] Y:[-8.0000,8.0000] Z:[-8.0000,8.0000]
    level 0: 1 / 1 cells occupied
    level 1: 2 / 8 cells occupied
    level 2: 4 / 64 cells occupied
    level 3: 6 / 512 cells occupied
    level 4: 6 / 4096 cells occupied
  Field[1] 'model_field' levels:4 dims:3
    bounds X:[-1.0000,1.0000] Y:[-1.0000,1.0000] Z:[-1.0000,1.0000]
    level 0: 1 / 1 cells occupied
    level 1: 6 / 8 cells occupied
    level 2: 28 / 64 cells occupied
    level 3: 96 / 512 cells occupied
    level 4: 140 / 4096 cells occupied
  Field[2] 'screen_field' levels:0 dims:2
    bounds X:[0.0000,800.0000] Y:[0.0000,600.0000] Z:[0.0000,1.0000]
    level 0: 0 / 1 cells occupied

[F2: enable fetch timing]

---
=== HOLLOWS ENGINE ===
FPS: 266 | Pixel: 3.2ms | Input: 0.000ms | Texture: 0.496ms
Camera: [0.00, -0.18, 4.60]

--- DATA (valid / total) ---
  Bool               1 / 1
  Int                5 / 5
  I64                2 / 2
  F32                5 / 5
  F64                2 / 2
  CString            6 / 6
  Vec3               1 / 1
  Vertex             140 / 140
  Model              1 / 1
  Texture            1 / 1
  Bounds             260289 / 260289
  Debug_Stats        1 / 1
  FrameData          1 / 1
  Strings_Builder    1 / 1
  DataPoint          1 / 1
  Field              3 / 3
  Metadata           260460 / 260460
  TOTAL              520920 / 520920

--- FETCHES (edit / copy / set) ---
  Int                376885 / 0 / 0
  I64                1044 / 0 / 0
  F32                522 / 0 / 0
  F64                522 / 0 / 0
  Vec3               1567 / 0 / 0
  Texture            522 / 0 / 0
  Bounds             51509394 / 0 / 0
  Debug_Stats        2610 / 0 / 0
  DataPoint          522 / 0 / 0
  Field              522 / 0 / 0

--- FIELD OCCUPANCY ---
  Field[0] 'world_field' levels:4 dims:3
    bounds X:[-8.0000,8.0000] Y:[-8.0000,8.0000] Z:[-8.0000,8.0000]
    level 0: 1 / 1 cells occupied
    level 1: 2 / 8 cells occupied
    level 2: 4 / 64 cells occupied
    level 3: 6 / 512 cells occupied
    level 4: 6 / 4096 cells occupied
  Field[1] 'model_field' levels:4 dims:3
    bounds X:[-1.0000,1.0000] Y:[-1.0000,1.0000] Z:[-1.0000,1.0000]
    level 0: 1 / 1 cells occupied
    level 1: 6 / 8 cells occupied
    level 2: 28 / 64 cells occupied
    level 3: 96 / 512 cells occupied
    level 4: 140 / 4096 cells occupied
  Field[2] 'screen_field' levels:0 dims:2
    bounds X:[0.0000,800.0000] Y:[0.0000,600.0000] Z:[0.0000,1.0000]
    level 0: 0 / 1 cells occupied

[F2: enable fetch timing]

---
=== HOLLOWS ENGINE ===
FPS: 267 | Pixel: 3.2ms | Input: 0.000ms | Texture: 0.493ms
Camera: [0.00, -0.18, 4.60]

--- DATA (valid / total) ---
  Bool               1 / 1
  Int                5 / 5
  I64                2 / 2
  F32                5 / 5
  F64                2 / 2
  CString            6 / 6
  Vec3               1 / 1
  Vertex             140 / 140
  Model              1 / 1
  Texture            1 / 1
  Bounds             260289 / 260289
  Debug_Stats        1 / 1
  FrameData          1 / 1
  Strings_Builder    1 / 1
  DataPoint          1 / 1
  Field              3 / 3
  Metadata           260460 / 260460
  TOTAL              520920 / 520920

--- FETCHES (edit / copy / set) ---
  Int                358835 / 0 / 0
  I64                994 / 0 / 0
  F32                497 / 0 / 0
  F64                497 / 0 / 0
  Vec3               1492 / 0 / 0
  Texture            497 / 0 / 0
  Bounds             49042469 / 0 / 0
  Debug_Stats        2485 / 0 / 0
  DataPoint          497 / 0 / 0
  Field              497 / 0 / 0

--- FIELD OCCUPANCY ---
  Field[0] 'world_field' levels:4 dims:3
    bounds X:[-8.0000,8.0000] Y:[-8.0000,8.0000] Z:[-8.0000,8.0000]
    level 0: 1 / 1 cells occupied
    level 1: 2 / 8 cells occupied
    level 2: 4 / 64 cells occupied
    level 3: 6 / 512 cells occupied
    level 4: 6 / 4096 cells occupied
  Field[1] 'model_field' levels:4 dims:3
    bounds X:[-1.0000,1.0000] Y:[-1.0000,1.0000] Z:[-1.0000,1.0000]
    level 0: 1 / 1 cells occupied
    level 1: 6 / 8 cells occupied
    level 2: 28 / 64 cells occupied
    level 3: 96 / 512 cells occupied
    level 4: 140 / 4096 cells occupied
  Field[2] 'screen_field' levels:0 dims:2
    bounds X:[0.0000,800.0000] Y:[0.0000,600.0000] Z:[0.0000,1.0000]
    level 0: 0 / 1 cells occupied

[F2: enable fetch timing]

---
=== HOLLOWS ENGINE ===
FPS: 266 | Pixel: 3.2ms | Input: 0.000ms | Texture: 0.495ms
Camera: [0.00, -0.18, 4.60]

--- DATA (valid / total) ---
  Bool               1 / 1
  Int                5 / 5
  I64                2 / 2
  F32                5 / 5
  F64                2 / 2
  CString            6 / 6
  Vec3               1 / 1
  Vertex             140 / 140
  Model              1 / 1
  Texture            1 / 1
  Bounds             260289 / 260289
  Debug_Stats        1 / 1
  FrameData          1 / 1
  Strings_Builder    1 / 1
  DataPoint          1 / 1
  Field              3 / 3
  Metadata           260460 / 260460
  TOTAL              520920 / 520920

--- FETCHES (edit / copy / set) ---
  Int                368221 / 0 / 0
  I64                1020 / 0 / 0
  F32                510 / 0 / 0
  F64                510 / 0 / 0
  Vec3               1531 / 0 / 0
  Texture            510 / 0 / 0
  Bounds             50325270 / 0 / 0
  Debug_Stats        2550 / 0 / 0
  DataPoint          510 / 0 / 0
  Field              510 / 0 / 0

--- FIELD OCCUPANCY ---
  Field[0] 'world_field' levels:4 dims:3
    bounds X:[-8.0000,8.0000] Y:[-8.0000,8.0000] Z:[-8.0000,8.0000]
    level 0: 1 / 1 cells occupied
    level 1: 2 / 8 cells occupied
    level 2: 4 / 64 cells occupied
    level 3: 6 / 512 cells occupied
    level 4: 6 / 4096 cells occupied
  Field[1] 'model_field' levels:4 dims:3
    bounds X:[-1.0000,1.0000] Y:[-1.0000,1.0000] Z:[-1.0000,1.0000]
    level 0: 1 / 1 cells occupied
    level 1: 6 / 8 cells occupied
    level 2: 28 / 64 cells occupied
    level 3: 96 / 512 cells occupied
    level 4: 140 / 4096 cells occupied
  Field[2] 'screen_field' levels:0 dims:2
    bounds X:[0.0000,800.0000] Y:[0.0000,600.0000] Z:[0.0000,1.0000]
    level 0: 0 / 1 cells occupied

[F2: enable fetch timing]

---
=== HOLLOWS ENGINE ===
FPS: 242 | Pixel: 3.6ms | Input: 0.000ms | Texture: 0.540ms
Camera: [0.00, -0.18, 4.60]

--- DATA (valid / total) ---
  Bool               1 / 1
  Int                5 / 5
  I64                2 / 2
  F32                5 / 5
  F64                2 / 2
  CString            6 / 6
  Vec3               1 / 1
  Vertex             140 / 140
  Model              1 / 1
  Texture            1 / 1
  Bounds             260289 / 260289
  Debug_Stats        1 / 1
  FrameData          1 / 1
  Strings_Builder    1 / 1
  DataPoint          1 / 1
  Field              3 / 3
  Metadata           260460 / 260460
  TOTAL              520920 / 520920

--- FETCHES (edit / copy / set) ---
  Int                362445 / 0 / 0
  I64                1004 / 0 / 0
  F32                502 / 0 / 0
  F64                502 / 0 / 0
  Vec3               1507 / 0 / 0
  Texture            502 / 0 / 0
  Bounds             49535854 / 0 / 0
  Debug_Stats        2510 / 0 / 0
  DataPoint          502 / 0 / 0
  Field              502 / 0 / 0

--- FIELD OCCUPANCY ---
  Field[0] 'world_field' levels:4 dims:3
    bounds X:[-8.0000,8.0000] Y:[-8.0000,8.0000] Z:[-8.0000,8.0000]
    level 0: 1 / 1 cells occupied
    level 1: 2 / 8 cells occupied
    level 2: 4 / 64 cells occupied
    level 3: 6 / 512 cells occupied
    level 4: 6 / 4096 cells occupied
  Field[1] 'model_field' levels:4 dims:3
    bounds X:[-1.0000,1.0000] Y:[-1.0000,1.0000] Z:[-1.0000,1.0000]
    level 0: 1 / 1 cells occupied
    level 1: 6 / 8 cells occupied
    level 2: 28 / 64 cells occupied
    level 3: 96 / 512 cells occupied
    level 4: 140 / 4096 cells occupied
  Field[2] 'screen_field' levels:0 dims:2
    bounds X:[0.0000,800.0000] Y:[0.0000,600.0000] Z:[0.0000,1.0000]
    level 0: 0 / 1 cells occupied

[F2: enable fetch timing]

---
=== HOLLOWS ENGINE ===
FPS: 266 | Pixel: 3.2ms | Input: 0.000ms | Texture: 0.502ms
Camera: [0.00, -0.18, 4.60]

--- DATA (valid / total) ---
  Bool               1 / 1
  Int                5 / 5
  I64                2 / 2
  F32                5 / 5
  F64                2 / 2
  CString            6 / 6
  Vec3               1 / 1
  Vertex             140 / 140
  Model              1 / 1
  Texture            1 / 1
  Bounds             260289 / 260289
  Debug_Stats        1 / 1
  FrameData          1 / 1
  Strings_Builder    1 / 1
  DataPoint          1 / 1
  Field              3 / 3
  Metadata           260460 / 260460
  TOTAL              520920 / 520920

--- FETCHES (edit / copy / set) ---
  Int                365333 / 0 / 0
  I64                1012 / 0 / 0
  F32                506 / 0 / 0
  F64                506 / 0 / 0
  Vec3               1519 / 0 / 0
  Texture            506 / 0 / 0
  Bounds             49930562 / 0 / 0
  Debug_Stats        2530 / 0 / 0
  DataPoint          506 / 0 / 0
  Field              506 / 0 / 0

--- FIELD OCCUPANCY ---
  Field[0] 'world_field' levels:4 dims:3
    bounds X:[-8.0000,8.0000] Y:[-8.0000,8.0000] Z:[-8.0000,8.0000]
    level 0: 1 / 1 cells occupied
    level 1: 2 / 8 cells occupied
    level 2: 4 / 64 cells occupied
    level 3: 6 / 512 cells occupied
    level 4: 6 / 4096 cells occupied
  Field[1] 'model_field' levels:4 dims:3
    bounds X:[-1.0000,1.0000] Y:[-1.0000,1.0000] Z:[-1.0000,1.0000]
    level 0: 1 / 1 cells occupied
    level 1: 6 / 8 cells occupied
    level 2: 28 / 64 cells occupied
    level 3: 96 / 512 cells occupied
    level 4: 140 / 4096 cells occupied
  Field[2] 'screen_field' levels:0 dims:2
    bounds X:[0.0000,800.0000] Y:[0.0000,600.0000] Z:[0.0000,1.0000]
    level 0: 0 / 1 cells occupied

[F2: enable fetch timing]

---
=== HOLLOWS ENGINE ===
FPS: 227 | Pixel: 3.9ms | Input: 0.000ms | Texture: 0.575ms
Camera: [0.00, -0.18, 4.60]

--- DATA (valid / total) ---
  Bool               1 / 1
  Int                5 / 5
  I64                2 / 2
  F32                5 / 5
  F64                2 / 2
  CString            6 / 6
  Vec3               1 / 1
  Vertex             140 / 140
  Model              1 / 1
  Texture            1 / 1
  Bounds             260289 / 260289
  Debug_Stats        1 / 1
  FrameData          1 / 1
  Strings_Builder    1 / 1
  DataPoint          1 / 1
  Field              3 / 3
  Metadata           260460 / 260460
  TOTAL              520920 / 520920

--- FETCHES (edit / copy / set) ---
  Int                368221 / 0 / 0
  I64                1020 / 0 / 0
  F32                510 / 0 / 0
  F64                510 / 0 / 0
  Vec3               1531 / 0 / 0
  Texture            510 / 0 / 0
  Bounds             50325270 / 0 / 0
  Debug_Stats        2550 / 0 / 0
  DataPoint          510 / 0 / 0
  Field              510 / 0 / 0

--- FIELD OCCUPANCY ---
  Field[0] 'world_field' levels:4 dims:3
    bounds X:[-8.0000,8.0000] Y:[-8.0000,8.0000] Z:[-8.0000,8.0000]
    level 0: 1 / 1 cells occupied
    level 1: 2 / 8 cells occupied
    level 2: 4 / 64 cells occupied
    level 3: 6 / 512 cells occupied
    level 4: 6 / 4096 cells occupied
  Field[1] 'model_field' levels:4 dims:3
    bounds X:[-1.0000,1.0000] Y:[-1.0000,1.0000] Z:[-1.0000,1.0000]
    level 0: 1 / 1 cells occupied
    level 1: 6 / 8 cells occupied
    level 2: 28 / 64 cells occupied
    level 3: 96 / 512 cells occupied
    level 4: 140 / 4096 cells occupied
  Field[2] 'screen_field' levels:0 dims:2
    bounds X:[0.0000,800.0000] Y:[0.0000,600.0000] Z:[0.0000,1.0000]
    level 0: 0 / 1 cells occupied

[F2: enable fetch timing]

---
=== HOLLOWS ENGINE ===
FPS: 266 | Pixel: 3.2ms | Input: 0.000ms | Texture: 0.491ms
Camera: [0.00, -0.18, 4.60]

--- DATA (valid / total) ---
  Bool               1 / 1
  Int                5 / 5
  I64                2 / 2
  F32                5 / 5
  F64                2 / 2
  CString            6 / 6
  Vec3               1 / 1
  Vertex             140 / 140
  Model              1 / 1
  Texture            1 / 1
  Bounds             260289 / 260289
  Debug_Stats        1 / 1
  FrameData          1 / 1
  Strings_Builder    1 / 1
  DataPoint          1 / 1
  Field              3 / 3
  Metadata           260460 / 260460
  TOTAL              520920 / 520920

--- FETCHES (edit / copy / set) ---
  Int                376885 / 0 / 0
  I64                1044 / 0 / 0
  F32                522 / 0 / 0
  F64                522 / 0 / 0
  Vec3               1567 / 0 / 0
  Texture            522 / 0 / 0
  Bounds             51509394 / 0 / 0
  Debug_Stats        2610 / 0 / 0
  DataPoint          522 / 0 / 0
  Field              522 / 0 / 0

--- FIELD OCCUPANCY ---
  Field[0] 'world_field' levels:4 dims:3
    bounds X:[-8.0000,8.0000] Y:[-8.0000,8.0000] Z:[-8.0000,8.0000]
    level 0: 1 / 1 cells occupied
    level 1: 2 / 8 cells occupied
    level 2: 4 / 64 cells occupied
    level 3: 6 / 512 cells occupied
    level 4: 6 / 4096 cells occupied
  Field[1] 'model_field' levels:4 dims:3
    bounds X:[-1.0000,1.0000] Y:[-1.0000,1.0000] Z:[-1.0000,1.0000]
    level 0: 1 / 1 cells occupied
    level 1: 6 / 8 cells occupied
    level 2: 28 / 64 cells occupied
    level 3: 96 / 512 cells occupied
    level 4: 140 / 4096 cells occupied
  Field[2] 'screen_field' levels:0 dims:2
    bounds X:[0.0000,800.0000] Y:[0.0000,600.0000] Z:[0.0000,1.0000]
    level 0: 0 / 1 cells occupied

[F2: enable fetch timing]

---
=== HOLLOWS ENGINE ===
FPS: 265 | Pixel: 3.2ms | Input: 0.000ms | Texture: 0.493ms
Camera: [0.00, -0.18, 4.60]

--- DATA (valid / total) ---
  Bool               1 / 1
  Int                5 / 5
  I64                2 / 2
  F32                5 / 5
  F64                2 / 2
  CString            6 / 6
  Vec3               1 / 1
  Vertex             140 / 140
  Model              1 / 1
  Texture            1 / 1
  Bounds             260289 / 260289
  Debug_Stats        1 / 1
  FrameData          1 / 1
  Strings_Builder    1 / 1
  DataPoint          1 / 1
  Field              3 / 3
  Metadata           260460 / 260460
  TOTAL              520920 / 520920

--- FETCHES (edit / copy / set) ---
  Int                373997 / 0 / 0
  I64                1036 / 0 / 0
  F32                518 / 0 / 0
  F64                518 / 0 / 0
  Vec3               1555 / 0 / 0
  Texture            518 / 0 / 0
  Bounds             51114686 / 0 / 0
  Debug_Stats        2590 / 0 / 0
  DataPoint          518 / 0 / 0
  Field              518 / 0 / 0

--- FIELD OCCUPANCY ---
  Field[0] 'world_field' levels:4 dims:3
    bounds X:[-8.0000,8.0000] Y:[-8.0000,8.0000] Z:[-8.0000,8.0000]
    level 0: 1 / 1 cells occupied
    level 1: 2 / 8 cells occupied
    level 2: 4 / 64 cells occupied
    level 3: 6 / 512 cells occupied
    level 4: 6 / 4096 cells occupied
  Field[1] 'model_field' levels:4 dims:3
    bounds X:[-1.0000,1.0000] Y:[-1.0000,1.0000] Z:[-1.0000,1.0000]
    level 0: 1 / 1 cells occupied
    level 1: 6 / 8 cells occupied
    level 2: 28 / 64 cells occupied
    level 3: 96 / 512 cells occupied
    level 4: 140 / 4096 cells occupied
  Field[2] 'screen_field' levels:0 dims:2
    bounds X:[0.0000,800.0000] Y:[0.0000,600.0000] Z:[0.0000,1.0000]
    level 0: 0 / 1 cells occupied

[F2: enable fetch timing]

---
=== HOLLOWS ENGINE ===
FPS: 266 | Pixel: 3.2ms | Input: 0.000ms | Texture: 0.499ms
Camera: [0.00, -0.18, 4.60]

--- DATA (valid / total) ---
  Bool               1 / 1
  Int                5 / 5
  I64                2 / 2
  F32                5 / 5
  F64                2 / 2
  CString            6 / 6
  Vec3               1 / 1
  Vertex             140 / 140
  Model              1 / 1
  Texture            1 / 1
  Bounds             260289 / 260289
  Debug_Stats        1 / 1
  FrameData          1 / 1
  Strings_Builder    1 / 1
  DataPoint          1 / 1
  Field              3 / 3
  Metadata           260460 / 260460
  TOTAL              520920 / 520920

--- FETCHES (edit / copy / set) ---
  Int                375441 / 0 / 0
  I64                1040 / 0 / 0
  F32                520 / 0 / 0
  F64                520 / 0 / 0
  Vec3               1561 / 0 / 0
  Texture            520 / 0 / 0
  Bounds             51312040 / 0 / 0
  Debug_Stats        2600 / 0 / 0
  DataPoint          520 / 0 / 0
  Field              520 / 0 / 0

--- FIELD OCCUPANCY ---
  Field[0] 'world_field' levels:4 dims:3
    bounds X:[-8.0000,8.0000] Y:[-8.0000,8.0000] Z:[-8.0000,8.0000]
    level 0: 1 / 1 cells occupied
    level 1: 2 / 8 cells occupied
    level 2: 4 / 64 cells occupied
    level 3: 6 / 512 cells occupied
    level 4: 6 / 4096 cells occupied
  Field[1] 'model_field' levels:4 dims:3
    bounds X:[-1.0000,1.0000] Y:[-1.0000,1.0000] Z:[-1.0000,1.0000]
    level 0: 1 / 1 cells occupied
    level 1: 6 / 8 cells occupied
    level 2: 28 / 64 cells occupied
    level 3: 96 / 512 cells occupied
    level 4: 140 / 4096 cells occupied
  Field[2] 'screen_field' levels:0 dims:2
    bounds X:[0.0000,800.0000] Y:[0.0000,600.0000] Z:[0.0000,1.0000]
    level 0: 0 / 1 cells occupied

[F2: enable fetch timing]

---
=== HOLLOWS ENGINE ===
FPS: 266 | Pixel: 3.2ms | Input: 0.000ms | Texture: 0.492ms
Camera: [0.00, -0.18, 4.60]

--- DATA (valid / total) ---
  Bool               1 / 1
  Int                5 / 5
  I64                2 / 2
  F32                5 / 5
  F64                2 / 2
  CString            6 / 6
  Vec3               1 / 1
  Vertex             140 / 140
  Model              1 / 1
  Texture            1 / 1
  Bounds             260289 / 260289
  Debug_Stats        1 / 1
  FrameData          1 / 1
  Strings_Builder    1 / 1
  DataPoint          1 / 1
  Field              3 / 3
  Metadata           260460 / 260460
  TOTAL              520920 / 520920

--- FETCHES (edit / copy / set) ---
  Int                376885 / 0 / 0
  I64                1044 / 0 / 0
  F32                522 / 0 / 0
  F64                522 / 0 / 0
  Vec3               1567 / 0 / 0
  Texture            522 / 0 / 0
  Bounds             51509394 / 0 / 0
  Debug_Stats        2610 / 0 / 0
  DataPoint          522 / 0 / 0
  Field              522 / 0 / 0

--- FIELD OCCUPANCY ---
  Field[0] 'world_field' levels:4 dims:3
    bounds X:[-8.0000,8.0000] Y:[-8.0000,8.0000] Z:[-8.0000,8.0000]
    level 0: 1 / 1 cells occupied
    level 1: 2 / 8 cells occupied
    level 2: 4 / 64 cells occupied
    level 3: 6 / 512 cells occupied
    level 4: 6 / 4096 cells occupied
  Field[1] 'model_field' levels:4 dims:3
    bounds X:[-1.0000,1.0000] Y:[-1.0000,1.0000] Z:[-1.0000,1.0000]
    level 0: 1 / 1 cells occupied
    level 1: 6 / 8 cells occupied
    level 2: 28 / 64 cells occupied
    level 3: 96 / 512 cells occupied
    level 4: 140 / 4096 cells occupied
  Field[2] 'screen_field' levels:0 dims:2
    bounds X:[0.0000,800.0000] Y:[0.0000,600.0000] Z:[0.0000,1.0000]
    level 0: 0 / 1 cells occupied

[F2: enable fetch timing]

---
=== HOLLOWS ENGINE ===
FPS: 266 | Pixel: 3.2ms | Input: 0.000ms | Texture: 0.499ms
Camera: [0.00, -0.18, 4.60]

--- DATA (valid / total) ---
  Bool               1 / 1
  Int                5 / 5
  I64                2 / 2
  F32                5 / 5
  F64                2 / 2
  CString            6 / 6
  Vec3               1 / 1
  Vertex             140 / 140
  Model              1 / 1
  Texture            1 / 1
  Bounds             260289 / 260289
  Debug_Stats        1 / 1
  FrameData          1 / 1
  Strings_Builder    1 / 1
  DataPoint          1 / 1
  Field              3 / 3
  Metadata           260460 / 260460
  TOTAL              520920 / 520920

--- FETCHES (edit / copy / set) ---
  Int                364611 / 0 / 0
  I64                1010 / 0 / 0
  F32                505 / 0 / 0
  F64                505 / 0 / 0
  Vec3               1516 / 0 / 0
  Texture            505 / 0 / 0
  Bounds             49831885 / 0 / 0
  Debug_Stats        2525 / 0 / 0
  DataPoint          505 / 0 / 0
  Field              505 / 0 / 0

--- FIELD OCCUPANCY ---
  Field[0] 'world_field' levels:4 dims:3
    bounds X:[-8.0000,8.0000] Y:[-8.0000,8.0000] Z:[-8.0000,8.0000]
    level 0: 1 / 1 cells occupied
    level 1: 2 / 8 cells occupied
    level 2: 4 / 64 cells occupied
    level 3: 6 / 512 cells occupied
    level 4: 6 / 4096 cells occupied
  Field[1] 'model_field' levels:4 dims:3
    bounds X:[-1.0000,1.0000] Y:[-1.0000,1.0000] Z:[-1.0000,1.0000]
    level 0: 1 / 1 cells occupied
    level 1: 6 / 8 cells occupied
    level 2: 28 / 64 cells occupied
    level 3: 96 / 512 cells occupied
    level 4: 140 / 4096 cells occupied
  Field[2] 'screen_field' levels:0 dims:2
    bounds X:[0.0000,800.0000] Y:[0.0000,600.0000] Z:[0.0000,1.0000]
    level 0: 0 / 1 cells occupied

[F2: enable fetch timing]

---
=== HOLLOWS ENGINE ===
FPS: 242 | Pixel: 3.5ms | Input: 0.000ms | Texture: 0.532ms
Camera: [0.00, -0.18, 4.60]

--- DATA (valid / total) ---
  Bool               1 / 1
  Int                5 / 5
  I64                2 / 2
  F32                5 / 5
  F64                2 / 2
  CString            6 / 6
  Vec3               1 / 1
  Vertex             140 / 140
  Model              1 / 1
  Texture            1 / 1
  Bounds             260289 / 260289
  Debug_Stats        1 / 1
  FrameData          1 / 1
  Strings_Builder    1 / 1
  DataPoint          1 / 1
  Field              3 / 3
  Metadata           260460 / 260460
  TOTAL              520920 / 520920

--- FETCHES (edit / copy / set) ---
  Int                370387 / 0 / 0
  I64                1026 / 0 / 0
  F32                513 / 0 / 0
  F64                513 / 0 / 0
  Vec3               1540 / 0 / 0
  Texture            513 / 0 / 0
  Bounds             50621301 / 0 / 0
  Debug_Stats        2565 / 0 / 0
  DataPoint          513 / 0 / 0
  Field              513 / 0 / 0

--- FIELD OCCUPANCY ---
  Field[0] 'world_field' levels:4 dims:3
    bounds X:[-8.0000,8.0000] Y:[-8.0000,8.0000] Z:[-8.0000,8.0000]
    level 0: 1 / 1 cells occupied
    level 1: 2 / 8 cells occupied
    level 2: 4 / 64 cells occupied
    level 3: 6 / 512 cells occupied
    level 4: 6 / 4096 cells occupied
  Field[1] 'model_field' levels:4 dims:3
    bounds X:[-1.0000,1.0000] Y:[-1.0000,1.0000] Z:[-1.0000,1.0000]
    level 0: 1 / 1 cells occupied
    level 1: 6 / 8 cells occupied
    level 2: 28 / 64 cells occupied
    level 3: 96 / 512 cells occupied
    level 4: 140 / 4096 cells occupied
  Field[2] 'screen_field' levels:0 dims:2
    bounds X:[0.0000,800.0000] Y:[0.0000,600.0000] Z:[0.0000,1.0000]
    level 0: 0 / 1 cells occupied

[F2: enable fetch timing]

---
=== HOLLOWS ENGINE ===
FPS: 264 | Pixel: 3.2ms | Input: 0.000ms | Texture: 0.494ms
Camera: [0.00, -0.18, 4.60]

--- DATA (valid / total) ---
  Bool               1 / 1
  Int                5 / 5
  I64                2 / 2
  F32                5 / 5
  F64                2 / 2
  CString            6 / 6
  Vec3               1 / 1
  Vertex             140 / 140
  Model              1 / 1
  Texture            1 / 1
  Bounds             260289 / 260289
  Debug_Stats        1 / 1
  FrameData          1 / 1
  Strings_Builder    1 / 1
  DataPoint          1 / 1
  Field              3 / 3
  Metadata           260460 / 260460
  TOTAL              520920 / 520920

--- FETCHES (edit / copy / set) ---
  Int                368221 / 0 / 0
  I64                1020 / 0 / 0
  F32                510 / 0 / 0
  F64                510 / 0 / 0
  Vec3               1531 / 0 / 0
  Texture            510 / 0 / 0
  Bounds             50325270 / 0 / 0
  Debug_Stats        2550 / 0 / 0
  DataPoint          510 / 0 / 0
  Field              510 / 0 / 0

--- FIELD OCCUPANCY ---
  Field[0] 'world_field' levels:4 dims:3
    bounds X:[-8.0000,8.0000] Y:[-8.0000,8.0000] Z:[-8.0000,8.0000]
    level 0: 1 / 1 cells occupied
    level 1: 2 / 8 cells occupied
    level 2: 4 / 64 cells occupied
    level 3: 6 / 512 cells occupied
    level 4: 6 / 4096 cells occupied
  Field[1] 'model_field' levels:4 dims:3
    bounds X:[-1.0000,1.0000] Y:[-1.0000,1.0000] Z:[-1.0000,1.0000]
    level 0: 1 / 1 cells occupied
    level 1: 6 / 8 cells occupied
    level 2: 28 / 64 cells occupied
    level 3: 96 / 512 cells occupied
    level 4: 140 / 4096 cells occupied
  Field[2] 'screen_field' levels:0 dims:2
    bounds X:[0.0000,800.0000] Y:[0.0000,600.0000] Z:[0.0000,1.0000]
    level 0: 0 / 1 cells occupied

[F2: enable fetch timing]

---
=== HOLLOWS ENGINE ===
FPS: 259 | Pixel: 3.3ms | Input: 0.000ms | Texture: 0.499ms
Camera: [0.00, -0.18, 4.60]

--- DATA (valid / total) ---
  Bool               1 / 1
  Int                5 / 5
  I64                2 / 2
  F32                5 / 5
  F64                2 / 2
  CString            6 / 6
  Vec3               1 / 1
  Vertex             140 / 140
  Model              1 / 1
  Texture            1 / 1
  Bounds             260289 / 260289
  Debug_Stats        1 / 1
  FrameData          1 / 1
  Strings_Builder    1 / 1
  DataPoint          1 / 1
  Field              3 / 3
  Metadata           260460 / 260460
  TOTAL              520920 / 520920

--- FETCHES (edit / copy / set) ---
  Int                375441 / 0 / 0
  I64                1040 / 0 / 0
  F32                520 / 0 / 0
  F64                520 / 0 / 0
  Vec3               1561 / 0 / 0
  Texture            520 / 0 / 0
  Bounds             51312040 / 0 / 0
  Debug_Stats        2600 / 0 / 0
  DataPoint          520 / 0 / 0
  Field              520 / 0 / 0

--- FIELD OCCUPANCY ---
  Field[0] 'world_field' levels:4 dims:3
    bounds X:[-8.0000,8.0000] Y:[-8.0000,8.0000] Z:[-8.0000,8.0000]
    level 0: 1 / 1 cells occupied
    level 1: 2 / 8 cells occupied
    level 2: 4 / 64 cells occupied
    level 3: 6 / 512 cells occupied
    level 4: 6 / 4096 cells occupied
  Field[1] 'model_field' levels:4 dims:3
    bounds X:[-1.0000,1.0000] Y:[-1.0000,1.0000] Z:[-1.0000,1.0000]
    level 0: 1 / 1 cells occupied
    level 1: 6 / 8 cells occupied
    level 2: 28 / 64 cells occupied
    level 3: 96 / 512 cells occupied
    level 4: 140 / 4096 cells occupied
  Field[2] 'screen_field' levels:0 dims:2
    bounds X:[0.0000,800.0000] Y:[0.0000,600.0000] Z:[0.0000,1.0000]
    level 0: 0 / 1 cells occupied

[F2: enable fetch timing]

---
=== HOLLOWS ENGINE ===
FPS: 263 | Pixel: 3.3ms | Input: 0.000ms | Texture: 0.505ms
Camera: [0.00, -0.18, 4.60]

--- DATA (valid / total) ---
  Bool               1 / 1
  Int                5 / 5
  I64                2 / 2
  F32                5 / 5
  F64                2 / 2
  CString            6 / 6
  Vec3               1 / 1
  Vertex             140 / 140
  Model              1 / 1
  Texture            1 / 1
  Bounds             260289 / 260289
  Debug_Stats        1 / 1
  FrameData          1 / 1
  Strings_Builder    1 / 1
  DataPoint          1 / 1
  Field              3 / 3
  Metadata           260460 / 260460
  TOTAL              520920 / 520920

--- FETCHES (edit / copy / set) ---
  Int                375441 / 0 / 0
  I64                1040 / 0 / 0
  F32                520 / 0 / 0
  F64                520 / 0 / 0
  Vec3               1561 / 0 / 0
  Texture            520 / 0 / 0
  Bounds             51312040 / 0 / 0
  Debug_Stats        2600 / 0 / 0
  DataPoint          520 / 0 / 0
  Field              520 / 0 / 0

--- FIELD OCCUPANCY ---
  Field[0] 'world_field' levels:4 dims:3
    bounds X:[-8.0000,8.0000] Y:[-8.0000,8.0000] Z:[-8.0000,8.0000]
    level 0: 1 / 1 cells occupied
    level 1: 2 / 8 cells occupied
    level 2: 4 / 64 cells occupied
    level 3: 6 / 512 cells occupied
    level 4: 6 / 4096 cells occupied
  Field[1] 'model_field' levels:4 dims:3
    bounds X:[-1.0000,1.0000] Y:[-1.0000,1.0000] Z:[-1.0000,1.0000]
    level 0: 1 / 1 cells occupied
    level 1: 6 / 8 cells occupied
    level 2: 28 / 64 cells occupied
    level 3: 96 / 512 cells occupied
    level 4: 140 / 4096 cells occupied
  Field[2] 'screen_field' levels:0 dims:2
    bounds X:[0.0000,800.0000] Y:[0.0000,600.0000] Z:[0.0000,1.0000]
    level 0: 0 / 1 cells occupied

[F2: enable fetch timing]

---
=== HOLLOWS ENGINE ===
FPS: 266 | Pixel: 3.2ms | Input: 0.000ms | Texture: 0.493ms
Camera: [0.00, -0.18, 4.60]

--- DATA (valid / total) ---
  Bool               1 / 1
  Int                5 / 5
  I64                2 / 2
  F32                5 / 5
  F64                2 / 2
  CString            6 / 6
  Vec3               1 / 1
  Vertex             140 / 140
  Model              1 / 1
  Texture            1 / 1
  Bounds             260289 / 260289
  Debug_Stats        1 / 1
  FrameData          1 / 1
  Strings_Builder    1 / 1
  DataPoint          1 / 1
  Field              3 / 3
  Metadata           260460 / 260460
  TOTAL              520920 / 520920

--- FETCHES (edit / copy / set) ---
  Int                376163 / 0 / 0
  I64                1042 / 0 / 0
  F32                521 / 0 / 0
  F64                521 / 0 / 0
  Vec3               1564 / 0 / 0
  Texture            521 / 0 / 0
  Bounds             51410717 / 0 / 0
  Debug_Stats        2605 / 0 / 0
  DataPoint          521 / 0 / 0
  Field              521 / 0 / 0

--- FIELD OCCUPANCY ---
  Field[0] 'world_field' levels:4 dims:3
    bounds X:[-8.0000,8.0000] Y:[-8.0000,8.0000] Z:[-8.0000,8.0000]
    level 0: 1 / 1 cells occupied
    level 1: 2 / 8 cells occupied
    level 2: 4 / 64 cells occupied
    level 3: 6 / 512 cells occupied
    level 4: 6 / 4096 cells occupied
  Field[1] 'model_field' levels:4 dims:3
    bounds X:[-1.0000,1.0000] Y:[-1.0000,1.0000] Z:[-1.0000,1.0000]
    level 0: 1 / 1 cells occupied
    level 1: 6 / 8 cells occupied
    level 2: 28 / 64 cells occupied
    level 3: 96 / 512 cells occupied
    level 4: 140 / 4096 cells occupied
  Field[2] 'screen_field' levels:0 dims:2
    bounds X:[0.0000,800.0000] Y:[0.0000,600.0000] Z:[0.0000,1.0000]
    level 0: 0 / 1 cells occupied

[F2: enable fetch timing]

---
=== HOLLOWS ENGINE ===
FPS: 267 | Pixel: 3.2ms | Input: 0.000ms | Texture: 0.493ms
Camera: [0.00, -0.18, 4.60]

--- DATA (valid / total) ---
  Bool               1 / 1
  Int                5 / 5
  I64                2 / 2
  F32                5 / 5
  F64                2 / 2
  CString            6 / 6
  Vec3               1 / 1
  Vertex             140 / 140
  Model              1 / 1
  Texture            1 / 1
  Bounds             260289 / 260289
  Debug_Stats        1 / 1
  FrameData          1 / 1
  Strings_Builder    1 / 1
  DataPoint          1 / 1
  Field              3 / 3
  Metadata           260460 / 260460
  TOTAL              520920 / 520920

--- FETCHES (edit / copy / set) ---
  Int                369665 / 0 / 0
  I64                1024 / 0 / 0
  F32                512 / 0 / 0
  F64                512 / 0 / 0
  Vec3               1537 / 0 / 0
  Texture            512 / 0 / 0
  Bounds             50522624 / 0 / 0
  Debug_Stats        2560 / 0 / 0
  DataPoint          512 / 0 / 0
  Field              512 / 0 / 0

--- FIELD OCCUPANCY ---
  Field[0] 'world_field' levels:4 dims:3
    bounds X:[-8.0000,8.0000] Y:[-8.0000,8.0000] Z:[-8.0000,8.0000]
    level 0: 1 / 1 cells occupied
    level 1: 2 / 8 cells occupied
    level 2: 4 / 64 cells occupied
    level 3: 6 / 512 cells occupied
    level 4: 6 / 4096 cells occupied
  Field[1] 'model_field' levels:4 dims:3
    bounds X:[-1.0000,1.0000] Y:[-1.0000,1.0000] Z:[-1.0000,1.0000]
    level 0: 1 / 1 cells occupied
    level 1: 6 / 8 cells occupied
    level 2: 28 / 64 cells occupied
    level 3: 96 / 512 cells occupied
    level 4: 140 / 4096 cells occupied
  Field[2] 'screen_field' levels:0 dims:2
    bounds X:[0.0000,800.0000] Y:[0.0000,600.0000] Z:[0.0000,1.0000]
    level 0: 0 / 1 cells occupied

[F2: enable fetch timing]

---
=== HOLLOWS ENGINE ===
FPS: 264 | Pixel: 3.2ms | Input: 0.000ms | Texture: 0.494ms
Camera: [0.00, -0.18, 4.60]

--- DATA (valid / total) ---
  Bool               1 / 1
  Int                5 / 5
  I64                2 / 2
  F32                5 / 5
  F64                2 / 2
  CString            6 / 6
  Vec3               1 / 1
  Vertex             140 / 140
  Model              1 / 1
  Texture            1 / 1
  Bounds             260289 / 260289
  Debug_Stats        1 / 1
  FrameData          1 / 1
  Strings_Builder    1 / 1
  DataPoint          1 / 1
  Field              3 / 3
  Metadata           260460 / 260460
  TOTAL              520920 / 520920

--- FETCHES (edit / copy / set) ---
  Int                379051 / 0 / 0
  I64                1050 / 0 / 0
  F32                525 / 0 / 0
  F64                525 / 0 / 0
  Vec3               1576 / 0 / 0
  Texture            525 / 0 / 0
  Bounds             51805425 / 0 / 0
  Debug_Stats        2625 / 0 / 0
  DataPoint          525 / 0 / 0
  Field              525 / 0 / 0

--- FIELD OCCUPANCY ---
  Field[0] 'world_field' levels:4 dims:3
    bounds X:[-8.0000,8.0000] Y:[-8.0000,8.0000] Z:[-8.0000,8.0000]
    level 0: 1 / 1 cells occupied
    level 1: 2 / 8 cells occupied
    level 2: 4 / 64 cells occupied
    level 3: 6 / 512 cells occupied
    level 4: 6 / 4096 cells occupied
  Field[1] 'model_field' levels:4 dims:3
    bounds X:[-1.0000,1.0000] Y:[-1.0000,1.0000] Z:[-1.0000,1.0000]
    level 0: 1 / 1 cells occupied
    level 1: 6 / 8 cells occupied
    level 2: 28 / 64 cells occupied
    level 3: 96 / 512 cells occupied
    level 4: 140 / 4096 cells occupied
  Field[2] 'screen_field' levels:0 dims:2
    bounds X:[0.0000,800.0000] Y:[0.0000,600.0000] Z:[0.0000,1.0000]
    level 0: 0 / 1 cells occupied

[F2: enable fetch timing]

---
=== HOLLOWS ENGINE ===
FPS: 265 | Pixel: 3.2ms | Input: 0.000ms | Texture: 0.495ms
Camera: [0.00, -0.18, 4.60]

--- DATA (valid / total) ---
  Bool               1 / 1
  Int                5 / 5
  I64                2 / 2
  F32                5 / 5
  F64                2 / 2
  CString            6 / 6
  Vec3               1 / 1
  Vertex             140 / 140
  Model              1 / 1
  Texture            1 / 1
  Bounds             260289 / 260289
  Debug_Stats        1 / 1
  FrameData          1 / 1
  Strings_Builder    1 / 1
  DataPoint          1 / 1
  Field              3 / 3
  Metadata           260460 / 260460
  TOTAL              520920 / 520920

--- FETCHES (edit / copy / set) ---
  Int                376885 / 0 / 0
  I64                1044 / 0 / 0
  F32                522 / 0 / 0
  F64                522 / 0 / 0
  Vec3               1567 / 0 / 0
  Texture            522 / 0 / 0
  Bounds             51509394 / 0 / 0
  Debug_Stats        2610 / 0 / 0
  DataPoint          522 / 0 / 0
  Field              522 / 0 / 0

--- FIELD OCCUPANCY ---
  Field[0] 'world_field' levels:4 dims:3
    bounds X:[-8.0000,8.0000] Y:[-8.0000,8.0000] Z:[-8.0000,8.0000]
    level 0: 1 / 1 cells occupied
    level 1: 2 / 8 cells occupied
    level 2: 4 / 64 cells occupied
    level 3: 6 / 512 cells occupied
    level 4: 6 / 4096 cells occupied
  Field[1] 'model_field' levels:4 dims:3
    bounds X:[-1.0000,1.0000] Y:[-1.0000,1.0000] Z:[-1.0000,1.0000]
    level 0: 1 / 1 cells occupied
    level 1: 6 / 8 cells occupied
    level 2: 28 / 64 cells occupied
    level 3: 96 / 512 cells occupied
    level 4: 140 / 4096 cells occupied
  Field[2] 'screen_field' levels:0 dims:2
    bounds X:[0.0000,800.0000] Y:[0.0000,600.0000] Z:[0.0000,1.0000]
    level 0: 0 / 1 cells occupied

[F2: enable fetch timing]

---
=== HOLLOWS ENGINE ===
FPS: 266 | Pixel: 3.2ms | Input: 0.000ms | Texture: 0.495ms
Camera: [0.00, -0.18, 4.60]

--- DATA (valid / total) ---
  Bool               1 / 1
  Int                5 / 5
  I64                2 / 2
  F32                5 / 5
  F64                2 / 2
  CString            6 / 6
  Vec3               1 / 1
  Vertex             140 / 140
  Model              1 / 1
  Texture            1 / 1
  Bounds             260289 / 260289
  Debug_Stats        1 / 1
  FrameData          1 / 1
  Strings_Builder    1 / 1
  DataPoint          1 / 1
  Field              3 / 3
  Metadata           260460 / 260460
  TOTAL              520920 / 520920

--- FETCHES (edit / copy / set) ---
  Int                366777 / 0 / 0
  I64                1016 / 0 / 0
  F32                508 / 0 / 0
  F64                508 / 0 / 0
  Vec3               1525 / 0 / 0
  Texture            508 / 0 / 0
  Bounds             50127916 / 0 / 0
  Debug_Stats        2540 / 0 / 0
  DataPoint          508 / 0 / 0
  Field              508 / 0 / 0

--- FIELD OCCUPANCY ---
  Field[0] 'world_field' levels:4 dims:3
    bounds X:[-8.0000,8.0000] Y:[-8.0000,8.0000] Z:[-8.0000,8.0000]
    level 0: 1 / 1 cells occupied
    level 1: 2 / 8 cells occupied
    level 2: 4 / 64 cells occupied
    level 3: 6 / 512 cells occupied
    level 4: 6 / 4096 cells occupied
  Field[1] 'model_field' levels:4 dims:3
    bounds X:[-1.0000,1.0000] Y:[-1.0000,1.0000] Z:[-1.0000,1.0000]
    level 0: 1 / 1 cells occupied
    level 1: 6 / 8 cells occupied
    level 2: 28 / 64 cells occupied
    level 3: 96 / 512 cells occupied
    level 4: 140 / 4096 cells occupied
  Field[2] 'screen_field' levels:0 dims:2
    bounds X:[0.0000,800.0000] Y:[0.0000,600.0000] Z:[0.0000,1.0000]
    level 0: 0 / 1 cells occupied

[F2: enable fetch timing]

---
=== HOLLOWS ENGINE ===
FPS: 122 | Pixel: 3.2ms | Input: 0.000ms | Texture: 0.496ms
Camera: [0.00, -0.18, 4.60]

--- DATA (valid / total) ---
  Bool               1 / 1
  Int                5 / 5
  I64                2 / 2
  F32                5 / 5
  F64                2 / 2
  CString            6 / 6
  Vec3               1 / 1
  Vertex             140 / 140
  Model              1 / 1
  Texture            1 / 1
  Bounds             260289 / 260289
  Debug_Stats        1 / 1
  FrameData          1 / 1
  Strings_Builder    1 / 1
  DataPoint          1 / 1
  Field              3 / 3
  Metadata           260460 / 260460
  TOTAL              520920 / 520920

--- FETCHES (edit / copy / set) ---
  Int                363889 / 0 / 0
  I64                1008 / 0 / 0
  F32                504 / 0 / 0
  F64                504 / 0 / 0
  Vec3               1513 / 0 / 0
  Texture            504 / 0 / 0
  Bounds             49733208 / 0 / 0
  Debug_Stats        2520 / 0 / 0
  DataPoint          504 / 0 / 0
  Field              504 / 0 / 0

--- FIELD OCCUPANCY ---
  Field[0] 'world_field' levels:4 dims:3
    bounds X:[-8.0000,8.0000] Y:[-8.0000,8.0000] Z:[-8.0000,8.0000]
    level 0: 1 / 1 cells occupied
    level 1: 2 / 8 cells occupied
    level 2: 4 / 64 cells occupied
    level 3: 6 / 512 cells occupied
    level 4: 6 / 4096 cells occupied
  Field[1] 'model_field' levels:4 dims:3
    bounds X:[-1.0000,1.0000] Y:[-1.0000,1.0000] Z:[-1.0000,1.0000]
    level 0: 1 / 1 cells occupied
    level 1: 6 / 8 cells occupied
    level 2: 28 / 64 cells occupied
    level 3: 96 / 512 cells occupied
    level 4: 140 / 4096 cells occupied
  Field[2] 'screen_field' levels:0 dims:2
    bounds X:[0.0000,800.0000] Y:[0.0000,600.0000] Z:[0.0000,1.0000]
    level 0: 0 / 1 cells occupied

[F2: enable fetch timing]

---
=== HOLLOWS ENGINE ===
FPS: 263 | Pixel: 3.2ms | Input: 0.000ms | Texture: 0.505ms
Camera: [0.00, -0.18, 4.60]

--- DATA (valid / total) ---
  Bool               1 / 1
  Int                5 / 5
  I64                2 / 2
  F32                5 / 5
  F64                2 / 2
  CString            6 / 6
  Vec3               1 / 1
  Vertex             140 / 140
  Model              1 / 1
  Texture            1 / 1
  Bounds             260289 / 260289
  Debug_Stats        1 / 1
  FrameData          1 / 1
  Strings_Builder    1 / 1
  DataPoint          1 / 1
  Field              3 / 3
  Metadata           260460 / 260460
  TOTAL              520920 / 520920

--- FETCHES (edit / copy / set) ---
  Int                369665 / 0 / 0
  I64                1024 / 0 / 0
  F32                512 / 0 / 0
  F64                512 / 0 / 0
  Vec3               1537 / 0 / 0
  Texture            512 / 0 / 0
  Bounds             50522624 / 0 / 0
  Debug_Stats        2560 / 0 / 0
  DataPoint          512 / 0 / 0
  Field              512 / 0 / 0

--- FIELD OCCUPANCY ---
  Field[0] 'world_field' levels:4 dims:3
    bounds X:[-8.0000,8.0000] Y:[-8.0000,8.0000] Z:[-8.0000,8.0000]
    level 0: 1 / 1 cells occupied
    level 1: 2 / 8 cells occupied
    level 2: 4 / 64 cells occupied
    level 3: 6 / 512 cells occupied
    level 4: 6 / 4096 cells occupied
  Field[1] 'model_field' levels:4 dims:3
    bounds X:[-1.0000,1.0000] Y:[-1.0000,1.0000] Z:[-1.0000,1.0000]
    level 0: 1 / 1 cells occupied
    level 1: 6 / 8 cells occupied
    level 2: 28 / 64 cells occupied
    level 3: 96 / 512 cells occupied
    level 4: 140 / 4096 cells occupied
  Field[2] 'screen_field' levels:0 dims:2
    bounds X:[0.0000,800.0000] Y:[0.0000,600.0000] Z:[0.0000,1.0000]
    level 0: 0 / 1 cells occupied

[F2: enable fetch timing]

---
=== HOLLOWS ENGINE ===
FPS: 259 | Pixel: 3.4ms | Input: 0.000ms | Texture: 0.507ms
Camera: [0.00, -0.18, 4.60]

--- DATA (valid / total) ---
  Bool               1 / 1
  Int                5 / 5
  I64                2 / 2
  F32                5 / 5
  F64                2 / 2
  CString            6 / 6
  Vec3               1 / 1
  Vertex             140 / 140
  Model              1 / 1
  Texture            1 / 1
  Bounds             260289 / 260289
  Debug_Stats        1 / 1
  FrameData          1 / 1
  Strings_Builder    1 / 1
  DataPoint          1 / 1
  Field              3 / 3
  Metadata           260460 / 260460
  TOTAL              520920 / 520920

--- FETCHES (edit / copy / set) ---
  Int                371831 / 0 / 0
  I64                1030 / 0 / 0
  F32                515 / 0 / 0
  F64                515 / 0 / 0
  Vec3               1546 / 0 / 0
  Texture            515 / 0 / 0
  Bounds             50818655 / 0 / 0
  Debug_Stats        2575 / 0 / 0
  DataPoint          515 / 0 / 0
  Field              515 / 0 / 0

--- FIELD OCCUPANCY ---
  Field[0] 'world_field' levels:4 dims:3
    bounds X:[-8.0000,8.0000] Y:[-8.0000,8.0000] Z:[-8.0000,8.0000]
    level 0: 1 / 1 cells occupied
    level 1: 2 / 8 cells occupied
    level 2: 4 / 64 cells occupied
    level 3: 6 / 512 cells occupied
    level 4: 6 / 4096 cells occupied
  Field[1] 'model_field' levels:4 dims:3
    bounds X:[-1.0000,1.0000] Y:[-1.0000,1.0000] Z:[-1.0000,1.0000]
    level 0: 1 / 1 cells occupied
    level 1: 6 / 8 cells occupied
    level 2: 28 / 64 cells occupied
    level 3: 96 / 512 cells occupied
    level 4: 140 / 4096 cells occupied
  Field[2] 'screen_field' levels:0 dims:2
    bounds X:[0.0000,800.0000] Y:[0.0000,600.0000] Z:[0.0000,1.0000]
    level 0: 0 / 1 cells occupied

[F2: enable fetch timing]

---
=== HOLLOWS ENGINE ===
FPS: 266 | Pixel: 3.2ms | Input: 0.000ms | Texture: 0.493ms
Camera: [0.00, -0.18, 4.60]

--- DATA (valid / total) ---
  Bool               1 / 1
  Int                5 / 5
  I64                2 / 2
  F32                5 / 5
  F64                2 / 2
  CString            6 / 6
  Vec3               1 / 1
  Vertex             140 / 140
  Model              1 / 1
  Texture            1 / 1
  Bounds             260289 / 260289
  Debug_Stats        1 / 1
  FrameData          1 / 1
  Strings_Builder    1 / 1
  DataPoint          1 / 1
  Field              3 / 3
  Metadata           260460 / 260460
  TOTAL              520920 / 520920

--- FETCHES (edit / copy / set) ---
  Int                375441 / 0 / 0
  I64                1040 / 0 / 0
  F32                520 / 0 / 0
  F64                520 / 0 / 0
  Vec3               1561 / 0 / 0
  Texture            520 / 0 / 0
  Bounds             51312040 / 0 / 0
  Debug_Stats        2600 / 0 / 0
  DataPoint          520 / 0 / 0
  Field              520 / 0 / 0

--- FIELD OCCUPANCY ---
  Field[0] 'world_field' levels:4 dims:3
    bounds X:[-8.0000,8.0000] Y:[-8.0000,8.0000] Z:[-8.0000,8.0000]
    level 0: 1 / 1 cells occupied
    level 1: 2 / 8 cells occupied
    level 2: 4 / 64 cells occupied
    level 3: 6 / 512 cells occupied
    level 4: 6 / 4096 cells occupied
  Field[1] 'model_field' levels:4 dims:3
    bounds X:[-1.0000,1.0000] Y:[-1.0000,1.0000] Z:[-1.0000,1.0000]
    level 0: 1 / 1 cells occupied
    level 1: 6 / 8 cells occupied
    level 2: 28 / 64 cells occupied
    level 3: 96 / 512 cells occupied
    level 4: 140 / 4096 cells occupied
  Field[2] 'screen_field' levels:0 dims:2
    bounds X:[0.0000,800.0000] Y:[0.0000,600.0000] Z:[0.0000,1.0000]
    level 0: 0 / 1 cells occupied

[F2: enable fetch timing]

---
=== HOLLOWS ENGINE ===
FPS: 266 | Pixel: 3.2ms | Input: 0.000ms | Texture: 0.490ms
Camera: [0.00, -0.18, 4.60]

--- DATA (valid / total) ---
  Bool               1 / 1
  Int                5 / 5
  I64                2 / 2
  F32                5 / 5
  F64                2 / 2
  CString            6 / 6
  Vec3               1 / 1
  Vertex             140 / 140
  Model              1 / 1
  Texture            1 / 1
  Bounds             260289 / 260289
  Debug_Stats        1 / 1
  FrameData          1 / 1
  Strings_Builder    1 / 1
  DataPoint          1 / 1
  Field              3 / 3
  Metadata           260460 / 260460
  TOTAL              520920 / 520920

--- FETCHES (edit / copy / set) ---
  Int                381217 / 0 / 0
  I64                1056 / 0 / 0
  F32                528 / 0 / 0
  F64                528 / 0 / 0
  Vec3               1585 / 0 / 0
  Texture            528 / 0 / 0
  Bounds             52101456 / 0 / 0
  Debug_Stats        2640 / 0 / 0
  DataPoint          528 / 0 / 0
  Field              528 / 0 / 0

--- FIELD OCCUPANCY ---
  Field[0] 'world_field' levels:4 dims:3
    bounds X:[-8.0000,8.0000] Y:[-8.0000,8.0000] Z:[-8.0000,8.0000]
    level 0: 1 / 1 cells occupied
    level 1: 2 / 8 cells occupied
    level 2: 4 / 64 cells occupied
    level 3: 6 / 512 cells occupied
    level 4: 6 / 4096 cells occupied
  Field[1] 'model_field' levels:4 dims:3
    bounds X:[-1.0000,1.0000] Y:[-1.0000,1.0000] Z:[-1.0000,1.0000]
    level 0: 1 / 1 cells occupied
    level 1: 6 / 8 cells occupied
    level 2: 28 / 64 cells occupied
    level 3: 96 / 512 cells occupied
    level 4: 140 / 4096 cells occupied
  Field[2] 'screen_field' levels:0 dims:2
    bounds X:[0.0000,800.0000] Y:[0.0000,600.0000] Z:[0.0000,1.0000]
    level 0: 0 / 1 cells occupied

[F2: enable fetch timing]

---
=== HOLLOWS ENGINE ===
FPS: 264 | Pixel: 3.2ms | Input: 0.000ms | Texture: 0.513ms
Camera: [0.00, -0.18, 4.60]

--- DATA (valid / total) ---
  Bool               1 / 1
  Int                5 / 5
  I64                2 / 2
  F32                5 / 5
  F64                2 / 2
  CString            6 / 6
  Vec3               1 / 1
  Vertex             140 / 140
  Model              1 / 1
  Texture            1 / 1
  Bounds             260289 / 260289
  Debug_Stats        1 / 1
  FrameData          1 / 1
  Strings_Builder    1 / 1
  DataPoint          1 / 1
  Field              3 / 3
  Metadata           260460 / 260460
  TOTAL              520920 / 520920

--- FETCHES (edit / copy / set) ---
  Int                371831 / 0 / 0
  I64                1030 / 0 / 0
  F32                515 / 0 / 0
  F64                515 / 0 / 0
  Vec3               1546 / 0 / 0
  Texture            515 / 0 / 0
  Bounds             50818655 / 0 / 0
  Debug_Stats        2575 / 0 / 0
  DataPoint          515 / 0 / 0
  Field              515 / 0 / 0

--- FIELD OCCUPANCY ---
  Field[0] 'world_field' levels:4 dims:3
    bounds X:[-8.0000,8.0000] Y:[-8.0000,8.0000] Z:[-8.0000,8.0000]
    level 0: 1 / 1 cells occupied
    level 1: 2 / 8 cells occupied
    level 2: 4 / 64 cells occupied
    level 3: 6 / 512 cells occupied
    level 4: 6 / 4096 cells occupied
  Field[1] 'model_field' levels:4 dims:3
    bounds X:[-1.0000,1.0000] Y:[-1.0000,1.0000] Z:[-1.0000,1.0000]
    level 0: 1 / 1 cells occupied
    level 1: 6 / 8 cells occupied
    level 2: 28 / 64 cells occupied
    level 3: 96 / 512 cells occupied
    level 4: 140 / 4096 cells occupied
  Field[2] 'screen_field' levels:0 dims:2
    bounds X:[0.0000,800.0000] Y:[0.0000,600.0000] Z:[0.0000,1.0000]
    level 0: 0 / 1 cells occupied

[F2: enable fetch timing]

---
=== HOLLOWS ENGINE ===
FPS: 258 | Pixel: 3.3ms | Input: 0.000ms | Texture: 0.497ms
Camera: [0.00, -0.18, 4.60]

--- DATA (valid / total) ---
  Bool               1 / 1
  Int                5 / 5
  I64                2 / 2
  F32                5 / 5
  F64                2 / 2
  CString            6 / 6
  Vec3               1 / 1
  Vertex             140 / 140
  Model              1 / 1
  Texture            1 / 1
  Bounds             260289 / 260289
  Debug_Stats        1 / 1
  FrameData          1 / 1
  Strings_Builder    1 / 1
  DataPoint          1 / 1
  Field              3 / 3
  Metadata           260460 / 260460
  TOTAL              520920 / 520920

--- FETCHES (edit / copy / set) ---
  Int                376163 / 0 / 0
  I64                1042 / 0 / 0
  F32                521 / 0 / 0
  F64                521 / 0 / 0
  Vec3               1564 / 0 / 0
  Texture            521 / 0 / 0
  Bounds             51410717 / 0 / 0
  Debug_Stats        2605 / 0 / 0
  DataPoint          521 / 0 / 0
  Field              521 / 0 / 0

--- FIELD OCCUPANCY ---
  Field[0] 'world_field' levels:4 dims:3
    bounds X:[-8.0000,8.0000] Y:[-8.0000,8.0000] Z:[-8.0000,8.0000]
    level 0: 1 / 1 cells occupied
    level 1: 2 / 8 cells occupied
    level 2: 4 / 64 cells occupied
    level 3: 6 / 512 cells occupied
    level 4: 6 / 4096 cells occupied
  Field[1] 'model_field' levels:4 dims:3
    bounds X:[-1.0000,1.0000] Y:[-1.0000,1.0000] Z:[-1.0000,1.0000]
    level 0: 1 / 1 cells occupied
    level 1: 6 / 8 cells occupied
    level 2: 28 / 64 cells occupied
    level 3: 96 / 512 cells occupied
    level 4: 140 / 4096 cells occupied
  Field[2] 'screen_field' levels:0 dims:2
    bounds X:[0.0000,800.0000] Y:[0.0000,600.0000] Z:[0.0000,1.0000]
    level 0: 0 / 1 cells occupied

[F2: enable fetch timing]

---
=== HOLLOWS ENGINE ===
FPS: 265 | Pixel: 3.2ms | Input: 0.000ms | Texture: 0.502ms
Camera: [0.00, -0.18, 4.60]

--- DATA (valid / total) ---
  Bool               1 / 1
  Int                5 / 5
  I64                2 / 2
  F32                5 / 5
  F64                2 / 2
  CString            6 / 6
  Vec3               1 / 1
  Vertex             140 / 140
  Model              1 / 1
  Texture            1 / 1
  Bounds             260289 / 260289
  Debug_Stats        1 / 1
  FrameData          1 / 1
  Strings_Builder    1 / 1
  DataPoint          1 / 1
  Field              3 / 3
  Metadata           260460 / 260460
  TOTAL              520920 / 520920

--- FETCHES (edit / copy / set) ---
  Int                367499 / 0 / 0
  I64                1018 / 0 / 0
  F32                509 / 0 / 0
  F64                509 / 0 / 0
  Vec3               1528 / 0 / 0
  Texture            509 / 0 / 0
  Bounds             50226593 / 0 / 0
  Debug_Stats        2545 / 0 / 0
  DataPoint          509 / 0 / 0
  Field              509 / 0 / 0

--- FIELD OCCUPANCY ---
  Field[0] 'world_field' levels:4 dims:3
    bounds X:[-8.0000,8.0000] Y:[-8.0000,8.0000] Z:[-8.0000,8.0000]
    level 0: 1 / 1 cells occupied
    level 1: 2 / 8 cells occupied
    level 2: 4 / 64 cells occupied
    level 3: 6 / 512 cells occupied
    level 4: 6 / 4096 cells occupied
  Field[1] 'model_field' levels:4 dims:3
    bounds X:[-1.0000,1.0000] Y:[-1.0000,1.0000] Z:[-1.0000,1.0000]
    level 0: 1 / 1 cells occupied
    level 1: 6 / 8 cells occupied
    level 2: 28 / 64 cells occupied
    level 3: 96 / 512 cells occupied
    level 4: 140 / 4096 cells occupied
  Field[2] 'screen_field' levels:0 dims:2
    bounds X:[0.0000,800.0000] Y:[0.0000,600.0000] Z:[0.0000,1.0000]
    level 0: 0 / 1 cells occupied

[F2: enable fetch timing]

---
=== HOLLOWS ENGINE ===
FPS: 262 | Pixel: 3.2ms | Input: 0.000ms | Texture: 0.494ms
Camera: [0.00, -0.18, 4.60]

--- DATA (valid / total) ---
  Bool               1 / 1
  Int                5 / 5
  I64                2 / 2
  F32                5 / 5
  F64                2 / 2
  CString            6 / 6
  Vec3               1 / 1
  Vertex             140 / 140
  Model              1 / 1
  Texture            1 / 1
  Bounds             260289 / 260289
  Debug_Stats        1 / 1
  FrameData          1 / 1
  Strings_Builder    1 / 1
  DataPoint          1 / 1
  Field              3 / 3
  Metadata           260460 / 260460
  TOTAL              520920 / 520920

--- FETCHES (edit / copy / set) ---
  Int                379051 / 0 / 0
  I64                1050 / 0 / 0
  F32                525 / 0 / 0
  F64                525 / 0 / 0
  Vec3               1576 / 0 / 0
  Texture            525 / 0 / 0
  Bounds             51805425 / 0 / 0
  Debug_Stats        2625 / 0 / 0
  DataPoint          525 / 0 / 0
  Field              525 / 0 / 0

--- FIELD OCCUPANCY ---
  Field[0] 'world_field' levels:4 dims:3
    bounds X:[-8.0000,8.0000] Y:[-8.0000,8.0000] Z:[-8.0000,8.0000]
    level 0: 1 / 1 cells occupied
    level 1: 2 / 8 cells occupied
    level 2: 4 / 64 cells occupied
    level 3: 6 / 512 cells occupied
    level 4: 6 / 4096 cells occupied
  Field[1] 'model_field' levels:4 dims:3
    bounds X:[-1.0000,1.0000] Y:[-1.0000,1.0000] Z:[-1.0000,1.0000]
    level 0: 1 / 1 cells occupied
    level 1: 6 / 8 cells occupied
    level 2: 28 / 64 cells occupied
    level 3: 96 / 512 cells occupied
    level 4: 140 / 4096 cells occupied
  Field[2] 'screen_field' levels:0 dims:2
    bounds X:[0.0000,800.0000] Y:[0.0000,600.0000] Z:[0.0000,1.0000]
    level 0: 0 / 1 cells occupied

[F2: enable fetch timing]

---
=== HOLLOWS ENGINE ===
FPS: 265 | Pixel: 3.2ms | Input: 0.000ms | Texture: 0.498ms
Camera: [0.00, -0.18, 4.60]

--- DATA (valid / total) ---
  Bool               1 / 1
  Int                5 / 5
  I64                2 / 2
  F32                5 / 5
  F64                2 / 2
  CString            6 / 6
  Vec3               1 / 1
  Vertex             140 / 140
  Model              1 / 1
  Texture            1 / 1
  Bounds             260289 / 260289
  Debug_Stats        1 / 1
  FrameData          1 / 1
  Strings_Builder    1 / 1
  DataPoint          1 / 1
  Field              3 / 3
  Metadata           260460 / 260460
  TOTAL              520920 / 520920

--- FETCHES (edit / copy / set) ---
  Int                375441 / 0 / 0
  I64                1040 / 0 / 0
  F32                520 / 0 / 0
  F64                520 / 0 / 0
  Vec3               1561 / 0 / 0
  Texture            520 / 0 / 0
  Bounds             51312040 / 0 / 0
  Debug_Stats        2600 / 0 / 0
  DataPoint          520 / 0 / 0
  Field              520 / 0 / 0

--- FIELD OCCUPANCY ---
  Field[0] 'world_field' levels:4 dims:3
    bounds X:[-8.0000,8.0000] Y:[-8.0000,8.0000] Z:[-8.0000,8.0000]
    level 0: 1 / 1 cells occupied
    level 1: 2 / 8 cells occupied
    level 2: 4 / 64 cells occupied
    level 3: 6 / 512 cells occupied
    level 4: 6 / 4096 cells occupied
  Field[1] 'model_field' levels:4 dims:3
    bounds X:[-1.0000,1.0000] Y:[-1.0000,1.0000] Z:[-1.0000,1.0000]
    level 0: 1 / 1 cells occupied
    level 1: 6 / 8 cells occupied
    level 2: 28 / 64 cells occupied
    level 3: 96 / 512 cells occupied
    level 4: 140 / 4096 cells occupied
  Field[2] 'screen_field' levels:0 dims:2
    bounds X:[0.0000,800.0000] Y:[0.0000,600.0000] Z:[0.0000,1.0000]
    level 0: 0 / 1 cells occupied

[F2: enable fetch timing]

---
=== HOLLOWS ENGINE ===
FPS: 261 | Pixel: 3.4ms | Input: 0.000ms | Texture: 0.498ms
Camera: [0.00, -0.18, 4.60]

--- DATA (valid / total) ---
  Bool               1 / 1
  Int                5 / 5
  I64                2 / 2
  F32                5 / 5
  F64                2 / 2
  CString            6 / 6
  Vec3               1 / 1
  Vertex             140 / 140
  Model              1 / 1
  Texture            1 / 1
  Bounds             260289 / 260289
  Debug_Stats        1 / 1
  FrameData          1 / 1
  Strings_Builder    1 / 1
  DataPoint          1 / 1
  Field              3 / 3
  Metadata           260460 / 260460
  TOTAL              520920 / 520920

--- FETCHES (edit / copy / set) ---
  Int                373997 / 0 / 0
  I64                1036 / 0 / 0
  F32                518 / 0 / 0
  F64                518 / 0 / 0
  Vec3               1555 / 0 / 0
  Texture            518 / 0 / 0
  Bounds             51114686 / 0 / 0
  Debug_Stats        2590 / 0 / 0
  DataPoint          518 / 0 / 0
  Field              518 / 0 / 0

--- FIELD OCCUPANCY ---
  Field[0] 'world_field' levels:4 dims:3
    bounds X:[-8.0000,8.0000] Y:[-8.0000,8.0000] Z:[-8.0000,8.0000]
    level 0: 1 / 1 cells occupied
    level 1: 2 / 8 cells occupied
    level 2: 4 / 64 cells occupied
    level 3: 6 / 512 cells occupied
    level 4: 6 / 4096 cells occupied
  Field[1] 'model_field' levels:4 dims:3
    bounds X:[-1.0000,1.0000] Y:[-1.0000,1.0000] Z:[-1.0000,1.0000]
    level 0: 1 / 1 cells occupied
    level 1: 6 / 8 cells occupied
    level 2: 28 / 64 cells occupied
    level 3: 96 / 512 cells occupied
    level 4: 140 / 4096 cells occupied
  Field[2] 'screen_field' levels:0 dims:2
    bounds X:[0.0000,800.0000] Y:[0.0000,600.0000] Z:[0.0000,1.0000]
    level 0: 0 / 1 cells occupied

[F2: enable fetch timing]

---
=== HOLLOWS ENGINE ===
FPS: 265 | Pixel: 3.2ms | Input: 0.000ms | Texture: 0.498ms
Camera: [0.00, -0.18, 4.60]

--- DATA (valid / total) ---
  Bool               1 / 1
  Int                5 / 5
  I64                2 / 2
  F32                5 / 5
  F64                2 / 2
  CString            6 / 6
  Vec3               1 / 1
  Vertex             140 / 140
  Model              1 / 1
  Texture            1 / 1
  Bounds             260289 / 260289
  Debug_Stats        1 / 1
  FrameData          1 / 1
  Strings_Builder    1 / 1
  DataPoint          1 / 1
  Field              3 / 3
  Metadata           260460 / 260460
  TOTAL              520920 / 520920

--- FETCHES (edit / copy / set) ---
  Int                368943 / 0 / 0
  I64                1022 / 0 / 0
  F32                511 / 0 / 0
  F64                511 / 0 / 0
  Vec3               1534 / 0 / 0
  Texture            511 / 0 / 0
  Bounds             50423947 / 0 / 0
  Debug_Stats        2555 / 0 / 0
  DataPoint          511 / 0 / 0
  Field              511 / 0 / 0

--- FIELD OCCUPANCY ---
  Field[0] 'world_field' levels:4 dims:3
    bounds X:[-8.0000,8.0000] Y:[-8.0000,8.0000] Z:[-8.0000,8.0000]
    level 0: 1 / 1 cells occupied
    level 1: 2 / 8 cells occupied
    level 2: 4 / 64 cells occupied
    level 3: 6 / 512 cells occupied
    level 4: 6 / 4096 cells occupied
  Field[1] 'model_field' levels:4 dims:3
    bounds X:[-1.0000,1.0000] Y:[-1.0000,1.0000] Z:[-1.0000,1.0000]
    level 0: 1 / 1 cells occupied
    level 1: 6 / 8 cells occupied
    level 2: 28 / 64 cells occupied
    level 3: 96 / 512 cells occupied
    level 4: 140 / 4096 cells occupied
  Field[2] 'screen_field' levels:0 dims:2
    bounds X:[0.0000,800.0000] Y:[0.0000,600.0000] Z:[0.0000,1.0000]
    level 0: 0 / 1 cells occupied

[F2: enable fetch timing]

---
=== HOLLOWS ENGINE ===
FPS: 235 | Pixel: 3.6ms | Input: 0.000ms | Texture: 0.555ms
Camera: [0.00, -0.18, 4.60]

--- DATA (valid / total) ---
  Bool               1 / 1
  Int                5 / 5
  I64                2 / 2
  F32                5 / 5
  F64                2 / 2
  CString            6 / 6
  Vec3               1 / 1
  Vertex             140 / 140
  Model              1 / 1
  Texture            1 / 1
  Bounds             260289 / 260289
  Debug_Stats        1 / 1
  FrameData          1 / 1
  Strings_Builder    1 / 1
  DataPoint          1 / 1
  Field              3 / 3
  Metadata           260460 / 260460
  TOTAL              520920 / 520920

--- FETCHES (edit / copy / set) ---
  Int                373275 / 0 / 0
  I64                1034 / 0 / 0
  F32                517 / 0 / 0
  F64                517 / 0 / 0
  Vec3               1552 / 0 / 0
  Texture            517 / 0 / 0
  Bounds             51016009 / 0 / 0
  Debug_Stats        2585 / 0 / 0
  DataPoint          517 / 0 / 0
  Field              517 / 0 / 0

--- FIELD OCCUPANCY ---
  Field[0] 'world_field' levels:4 dims:3
    bounds X:[-8.0000,8.0000] Y:[-8.0000,8.0000] Z:[-8.0000,8.0000]
    level 0: 1 / 1 cells occupied
    level 1: 2 / 8 cells occupied
    level 2: 4 / 64 cells occupied
    level 3: 6 / 512 cells occupied
    level 4: 6 / 4096 cells occupied
  Field[1] 'model_field' levels:4 dims:3
    bounds X:[-1.0000,1.0000] Y:[-1.0000,1.0000] Z:[-1.0000,1.0000]
    level 0: 1 / 1 cells occupied
    level 1: 6 / 8 cells occupied
    level 2: 28 / 64 cells occupied
    level 3: 96 / 512 cells occupied
    level 4: 140 / 4096 cells occupied
  Field[2] 'screen_field' levels:0 dims:2
    bounds X:[0.0000,800.0000] Y:[0.0000,600.0000] Z:[0.0000,1.0000]
    level 0: 0 / 1 cells occupied

[F2: enable fetch timing]

---
=== HOLLOWS ENGINE ===
FPS: 266 | Pixel: 3.2ms | Input: 0.000ms | Texture: 0.496ms
Camera: [0.00, -0.18, 4.60]

--- DATA (valid / total) ---
  Bool               1 / 1
  Int                5 / 5
  I64                2 / 2
  F32                5 / 5
  F64                2 / 2
  CString            6 / 6
  Vec3               1 / 1
  Vertex             140 / 140
  Model              1 / 1
  Texture            1 / 1
  Bounds             260289 / 260289
  Debug_Stats        1 / 1
  FrameData          1 / 1
  Strings_Builder    1 / 1
  DataPoint          1 / 1
  Field              3 / 3
  Metadata           260460 / 260460
  TOTAL              520920 / 520920

--- FETCHES (edit / copy / set) ---
  Int                375441 / 0 / 0
  I64                1040 / 0 / 0
  F32                520 / 0 / 0
  F64                520 / 0 / 0
  Vec3               1561 / 0 / 0
  Texture            520 / 0 / 0
  Bounds             51312040 / 0 / 0
  Debug_Stats        2600 / 0 / 0
  DataPoint          520 / 0 / 0
  Field              520 / 0 / 0

--- FIELD OCCUPANCY ---
  Field[0] 'world_field' levels:4 dims:3
    bounds X:[-8.0000,8.0000] Y:[-8.0000,8.0000] Z:[-8.0000,8.0000]
    level 0: 1 / 1 cells occupied
    level 1: 2 / 8 cells occupied
    level 2: 4 / 64 cells occupied
    level 3: 6 / 512 cells occupied
    level 4: 6 / 4096 cells occupied
  Field[1] 'model_field' levels:4 dims:3
    bounds X:[-1.0000,1.0000] Y:[-1.0000,1.0000] Z:[-1.0000,1.0000]
    level 0: 1 / 1 cells occupied
    level 1: 6 / 8 cells occupied
    level 2: 28 / 64 cells occupied
    level 3: 96 / 512 cells occupied
    level 4: 140 / 4096 cells occupied
  Field[2] 'screen_field' levels:0 dims:2
    bounds X:[0.0000,800.0000] Y:[0.0000,600.0000] Z:[0.0000,1.0000]
    level 0: 0 / 1 cells occupied

[F2: enable fetch timing]

---
=== HOLLOWS ENGINE ===
FPS: 232 | Pixel: 3.7ms | Input: 0.000ms | Texture: 0.559ms
Camera: [0.00, -0.18, 4.60]

--- DATA (valid / total) ---
  Bool               1 / 1
  Int                5 / 5
  I64                2 / 2
  F32                5 / 5
  F64                2 / 2
  CString            6 / 6
  Vec3               1 / 1
  Vertex             140 / 140
  Model              1 / 1
  Texture            1 / 1
  Bounds             260289 / 260289
  Debug_Stats        1 / 1
  FrameData          1 / 1
  Strings_Builder    1 / 1
  DataPoint          1 / 1
  Field              3 / 3
  Metadata           260460 / 260460
  TOTAL              520920 / 520920

--- FETCHES (edit / copy / set) ---
  Int                366055 / 0 / 0
  I64                1014 / 0 / 0
  F32                507 / 0 / 0
  F64                507 / 0 / 0
  Vec3               1522 / 0 / 0
  Texture            507 / 0 / 0
  Bounds             50029239 / 0 / 0
  Debug_Stats        2535 / 0 / 0
  DataPoint          507 / 0 / 0
  Field              507 / 0 / 0

--- FIELD OCCUPANCY ---
  Field[0] 'world_field' levels:4 dims:3
    bounds X:[-8.0000,8.0000] Y:[-8.0000,8.0000] Z:[-8.0000,8.0000]
    level 0: 1 / 1 cells occupied
    level 1: 2 / 8 cells occupied
    level 2: 4 / 64 cells occupied
    level 3: 6 / 512 cells occupied
    level 4: 6 / 4096 cells occupied
  Field[1] 'model_field' levels:4 dims:3
    bounds X:[-1.0000,1.0000] Y:[-1.0000,1.0000] Z:[-1.0000,1.0000]
    level 0: 1 / 1 cells occupied
    level 1: 6 / 8 cells occupied
    level 2: 28 / 64 cells occupied
    level 3: 96 / 512 cells occupied
    level 4: 140 / 4096 cells occupied
  Field[2] 'screen_field' levels:0 dims:2
    bounds X:[0.0000,800.0000] Y:[0.0000,600.0000] Z:[0.0000,1.0000]
    level 0: 0 / 1 cells occupied

[F2: enable fetch timing]

---
=== HOLLOWS ENGINE ===
FPS: 266 | Pixel: 3.2ms | Input: 0.000ms | Texture: 0.489ms
Camera: [0.00, -0.18, 4.60]

--- DATA (valid / total) ---
  Bool               1 / 1
  Int                5 / 5
  I64                2 / 2
  F32                5 / 5
  F64                2 / 2
  CString            6 / 6
  Vec3               1 / 1
  Vertex             140 / 140
  Model              1 / 1
  Texture            1 / 1
  Bounds             260289 / 260289
  Debug_Stats        1 / 1
  FrameData          1 / 1
  Strings_Builder    1 / 1
  DataPoint          1 / 1
  Field              3 / 3
  Metadata           260460 / 260460
  TOTAL              520920 / 520920

--- FETCHES (edit / copy / set) ---
  Int                366055 / 0 / 0
  I64                1014 / 0 / 0
  F32                507 / 0 / 0
  F64                507 / 0 / 0
  Vec3               1522 / 0 / 0
  Texture            507 / 0 / 0
  Bounds             50029239 / 0 / 0
  Debug_Stats        2535 / 0 / 0
  DataPoint          507 / 0 / 0
  Field              507 / 0 / 0

--- FIELD OCCUPANCY ---
  Field[0] 'world_field' levels:4 dims:3
    bounds X:[-8.0000,8.0000] Y:[-8.0000,8.0000] Z:[-8.0000,8.0000]
    level 0: 1 / 1 cells occupied
    level 1: 2 / 8 cells occupied
    level 2: 4 / 64 cells occupied
    level 3: 6 / 512 cells occupied
    level 4: 6 / 4096 cells occupied
  Field[1] 'model_field' levels:4 dims:3
    bounds X:[-1.0000,1.0000] Y:[-1.0000,1.0000] Z:[-1.0000,1.0000]
    level 0: 1 / 1 cells occupied
    level 1: 6 / 8 cells occupied
    level 2: 28 / 64 cells occupied
    level 3: 96 / 512 cells occupied
    level 4: 140 / 4096 cells occupied
  Field[2] 'screen_field' levels:0 dims:2
    bounds X:[0.0000,800.0000] Y:[0.0000,600.0000] Z:[0.0000,1.0000]
    level 0: 0 / 1 cells occupied

[F2: enable fetch timing]

---
=== HOLLOWS ENGINE ===
FPS: 258 | Pixel: 3.4ms | Input: 0.000ms | Texture: 0.513ms
Camera: [0.00, -0.18, 4.60]

--- DATA (valid / total) ---
  Bool               1 / 1
  Int                5 / 5
  I64                2 / 2
  F32                5 / 5
  F64                2 / 2
  CString            6 / 6
  Vec3               1 / 1
  Vertex             140 / 140
  Model              1 / 1
  Texture            1 / 1
  Bounds             260289 / 260289
  Debug_Stats        1 / 1
  FrameData          1 / 1
  Strings_Builder    1 / 1
  DataPoint          1 / 1
  Field              3 / 3
  Metadata           260460 / 260460
  TOTAL              520920 / 520920

--- FETCHES (edit / copy / set) ---
  Int                373997 / 0 / 0
  I64                1036 / 0 / 0
  F32                518 / 0 / 0
  F64                518 / 0 / 0
  Vec3               1555 / 0 / 0
  Texture            518 / 0 / 0
  Bounds             51114686 / 0 / 0
  Debug_Stats        2590 / 0 / 0
  DataPoint          518 / 0 / 0
  Field              518 / 0 / 0

--- FIELD OCCUPANCY ---
  Field[0] 'world_field' levels:4 dims:3
    bounds X:[-8.0000,8.0000] Y:[-8.0000,8.0000] Z:[-8.0000,8.0000]
    level 0: 1 / 1 cells occupied
    level 1: 2 / 8 cells occupied
    level 2: 4 / 64 cells occupied
    level 3: 6 / 512 cells occupied
    level 4: 6 / 4096 cells occupied
  Field[1] 'model_field' levels:4 dims:3
    bounds X:[-1.0000,1.0000] Y:[-1.0000,1.0000] Z:[-1.0000,1.0000]
    level 0: 1 / 1 cells occupied
    level 1: 6 / 8 cells occupied
    level 2: 28 / 64 cells occupied
    level 3: 96 / 512 cells occupied
    level 4: 140 / 4096 cells occupied
  Field[2] 'screen_field' levels:0 dims:2
    bounds X:[0.0000,800.0000] Y:[0.0000,600.0000] Z:[0.0000,1.0000]
    level 0: 0 / 1 cells occupied

[F2: enable fetch timing]

---
=== HOLLOWS ENGINE ===
FPS: 264 | Pixel: 3.2ms | Input: 0.000ms | Texture: 0.495ms
Camera: [0.00, -0.18, 4.60]

--- DATA (valid / total) ---
  Bool               1 / 1
  Int                5 / 5
  I64                2 / 2
  F32                5 / 5
  F64                2 / 2
  CString            6 / 6
  Vec3               1 / 1
  Vertex             140 / 140
  Model              1 / 1
  Texture            1 / 1
  Bounds             260289 / 260289
  Debug_Stats        1 / 1
  FrameData          1 / 1
  Strings_Builder    1 / 1
  DataPoint          1 / 1
  Field              3 / 3
  Metadata           260460 / 260460
  TOTAL              520920 / 520920

--- FETCHES (edit / copy / set) ---
  Int                373275 / 0 / 0
  I64                1034 / 0 / 0
  F32                517 / 0 / 0
  F64                517 / 0 / 0
  Vec3               1552 / 0 / 0
  Texture            517 / 0 / 0
  Bounds             51016009 / 0 / 0
  Debug_Stats        2585 / 0 / 0
  DataPoint          517 / 0 / 0
  Field              517 / 0 / 0

--- FIELD OCCUPANCY ---
  Field[0] 'world_field' levels:4 dims:3
    bounds X:[-8.0000,8.0000] Y:[-8.0000,8.0000] Z:[-8.0000,8.0000]
    level 0: 1 / 1 cells occupied
    level 1: 2 / 8 cells occupied
    level 2: 4 / 64 cells occupied
    level 3: 6 / 512 cells occupied
    level 4: 6 / 4096 cells occupied
  Field[1] 'model_field' levels:4 dims:3
    bounds X:[-1.0000,1.0000] Y:[-1.0000,1.0000] Z:[-1.0000,1.0000]
    level 0: 1 / 1 cells occupied
    level 1: 6 / 8 cells occupied
    level 2: 28 / 64 cells occupied
    level 3: 96 / 512 cells occupied
    level 4: 140 / 4096 cells occupied
  Field[2] 'screen_field' levels:0 dims:2
    bounds X:[0.0000,800.0000] Y:[0.0000,600.0000] Z:[0.0000,1.0000]
    level 0: 0 / 1 cells occupied

[F2: enable fetch timing]

---
=== HOLLOWS ENGINE ===
FPS: 265 | Pixel: 3.3ms | Input: 0.000ms | Texture: 0.500ms
Camera: [0.00, -0.18, 4.60]

--- DATA (valid / total) ---
  Bool               1 / 1
  Int                5 / 5
  I64                2 / 2
  F32                5 / 5
  F64                2 / 2
  CString            6 / 6
  Vec3               1 / 1
  Vertex             140 / 140
  Model              1 / 1
  Texture            1 / 1
  Bounds             260289 / 260289
  Debug_Stats        1 / 1
  FrameData          1 / 1
  Strings_Builder    1 / 1
  DataPoint          1 / 1
  Field              3 / 3
  Metadata           260460 / 260460
  TOTAL              520920 / 520920

--- FETCHES (edit / copy / set) ---
  Int                376885 / 0 / 0
  I64                1044 / 0 / 0
  F32                522 / 0 / 0
  F64                522 / 0 / 0
  Vec3               1567 / 0 / 0
  Texture            522 / 0 / 0
  Bounds             51509394 / 0 / 0
  Debug_Stats        2610 / 0 / 0
  DataPoint          522 / 0 / 0
  Field              522 / 0 / 0

--- FIELD OCCUPANCY ---
  Field[0] 'world_field' levels:4 dims:3
    bounds X:[-8.0000,8.0000] Y:[-8.0000,8.0000] Z:[-8.0000,8.0000]
    level 0: 1 / 1 cells occupied
    level 1: 2 / 8 cells occupied
    level 2: 4 / 64 cells occupied
    level 3: 6 / 512 cells occupied
    level 4: 6 / 4096 cells occupied
  Field[1] 'model_field' levels:4 dims:3
    bounds X:[-1.0000,1.0000] Y:[-1.0000,1.0000] Z:[-1.0000,1.0000]
    level 0: 1 / 1 cells occupied
    level 1: 6 / 8 cells occupied
    level 2: 28 / 64 cells occupied
    level 3: 96 / 512 cells occupied
    level 4: 140 / 4096 cells occupied
  Field[2] 'screen_field' levels:0 dims:2
    bounds X:[0.0000,800.0000] Y:[0.0000,600.0000] Z:[0.0000,1.0000]
    level 0: 0 / 1 cells occupied

[F2: enable fetch timing]

---
=== HOLLOWS ENGINE ===
FPS: 243 | Pixel: 3.6ms | Input: 0.000ms | Texture: 0.505ms
Camera: [0.00, -0.18, 4.60]

--- DATA (valid / total) ---
  Bool               1 / 1
  Int                5 / 5
  I64                2 / 2
  F32                5 / 5
  F64                2 / 2
  CString            6 / 6
  Vec3               1 / 1
  Vertex             140 / 140
  Model              1 / 1
  Texture            1 / 1
  Bounds             260289 / 260289
  Debug_Stats        1 / 1
  FrameData          1 / 1
  Strings_Builder    1 / 1
  DataPoint          1 / 1
  Field              3 / 3
  Metadata           260460 / 260460
  TOTAL              520920 / 520920

--- FETCHES (edit / copy / set) ---
  Int                376885 / 0 / 0
  I64                1044 / 0 / 0
  F32                522 / 0 / 0
  F64                522 / 0 / 0
  Vec3               1567 / 0 / 0
  Texture            522 / 0 / 0
  Bounds             51509394 / 0 / 0
  Debug_Stats        2610 / 0 / 0
  DataPoint          522 / 0 / 0
  Field              522 / 0 / 0

--- FIELD OCCUPANCY ---
  Field[0] 'world_field' levels:4 dims:3
    bounds X:[-8.0000,8.0000] Y:[-8.0000,8.0000] Z:[-8.0000,8.0000]
    level 0: 1 / 1 cells occupied
    level 1: 2 / 8 cells occupied
    level 2: 4 / 64 cells occupied
    level 3: 6 / 512 cells occupied
    level 4: 6 / 4096 cells occupied
  Field[1] 'model_field' levels:4 dims:3
    bounds X:[-1.0000,1.0000] Y:[-1.0000,1.0000] Z:[-1.0000,1.0000]
    level 0: 1 / 1 cells occupied
    level 1: 6 / 8 cells occupied
    level 2: 28 / 64 cells occupied
    level 3: 96 / 512 cells occupied
    level 4: 140 / 4096 cells occupied
  Field[2] 'screen_field' levels:0 dims:2
    bounds X:[0.0000,800.0000] Y:[0.0000,600.0000] Z:[0.0000,1.0000]
    level 0: 0 / 1 cells occupied

[F2: enable fetch timing]

---
=== HOLLOWS ENGINE ===
FPS: 237 | Pixel: 3.5ms | Input: 0.000ms | Texture: 0.539ms
Camera: [0.00, -0.18, 4.60]

--- DATA (valid / total) ---
  Bool               1 / 1
  Int                5 / 5
  I64                2 / 2
  F32                5 / 5
  F64                2 / 2
  CString            6 / 6
  Vec3               1 / 1
  Vertex             140 / 140
  Model              1 / 1
  Texture            1 / 1
  Bounds             260289 / 260289
  Debug_Stats        1 / 1
  FrameData          1 / 1
  Strings_Builder    1 / 1
  DataPoint          1 / 1
  Field              3 / 3
  Metadata           260460 / 260460
  TOTAL              520920 / 520920

--- FETCHES (edit / copy / set) ---
  Int                375441 / 0 / 0
  I64                1040 / 0 / 0
  F32                520 / 0 / 0
  F64                520 / 0 / 0
  Vec3               1561 / 0 / 0
  Texture            520 / 0 / 0
  Bounds             51312040 / 0 / 0
  Debug_Stats        2600 / 0 / 0
  DataPoint          520 / 0 / 0
  Field              520 / 0 / 0

--- FIELD OCCUPANCY ---
  Field[0] 'world_field' levels:4 dims:3
    bounds X:[-8.0000,8.0000] Y:[-8.0000,8.0000] Z:[-8.0000,8.0000]
    level 0: 1 / 1 cells occupied
    level 1: 2 / 8 cells occupied
    level 2: 4 / 64 cells occupied
    level 3: 6 / 512 cells occupied
    level 4: 6 / 4096 cells occupied
  Field[1] 'model_field' levels:4 dims:3
    bounds X:[-1.0000,1.0000] Y:[-1.0000,1.0000] Z:[-1.0000,1.0000]
    level 0: 1 / 1 cells occupied
    level 1: 6 / 8 cells occupied
    level 2: 28 / 64 cells occupied
    level 3: 96 / 512 cells occupied
    level 4: 140 / 4096 cells occupied
  Field[2] 'screen_field' levels:0 dims:2
    bounds X:[0.0000,800.0000] Y:[0.0000,600.0000] Z:[0.0000,1.0000]
    level 0: 0 / 1 cells occupied

[F2: enable fetch timing]

---
=== HOLLOWS ENGINE ===
FPS: 263 | Pixel: 3.2ms | Input: 0.000ms | Texture: 0.496ms
Camera: [0.00, -0.18, 4.60]

--- DATA (valid / total) ---
  Bool               1 / 1
  Int                5 / 5
  I64                2 / 2
  F32                5 / 5
  F64                2 / 2
  CString            6 / 6
  Vec3               1 / 1
  Vertex             140 / 140
  Model              1 / 1
  Texture            1 / 1
  Bounds             260289 / 260289
  Debug_Stats        1 / 1
  FrameData          1 / 1
  Strings_Builder    1 / 1
  DataPoint          1 / 1
  Field              3 / 3
  Metadata           260460 / 260460
  TOTAL              520920 / 520920

--- FETCHES (edit / copy / set) ---
  Int                363889 / 0 / 0
  I64                1008 / 0 / 0
  F32                504 / 0 / 0
  F64                504 / 0 / 0
  Vec3               1513 / 0 / 0
  Texture            504 / 0 / 0
  Bounds             49733208 / 0 / 0
  Debug_Stats        2520 / 0 / 0
  DataPoint          504 / 0 / 0
  Field              504 / 0 / 0

--- FIELD OCCUPANCY ---
  Field[0] 'world_field' levels:4 dims:3
    bounds X:[-8.0000,8.0000] Y:[-8.0000,8.0000] Z:[-8.0000,8.0000]
    level 0: 1 / 1 cells occupied
    level 1: 2 / 8 cells occupied
    level 2: 4 / 64 cells occupied
    level 3: 6 / 512 cells occupied
    level 4: 6 / 4096 cells occupied
  Field[1] 'model_field' levels:4 dims:3
    bounds X:[-1.0000,1.0000] Y:[-1.0000,1.0000] Z:[-1.0000,1.0000]
    level 0: 1 / 1 cells occupied
    level 1: 6 / 8 cells occupied
    level 2: 28 / 64 cells occupied
    level 3: 96 / 512 cells occupied
    level 4: 140 / 4096 cells occupied
  Field[2] 'screen_field' levels:0 dims:2
    bounds X:[0.0000,800.0000] Y:[0.0000,600.0000] Z:[0.0000,1.0000]
    level 0: 0 / 1 cells occupied

[F2: enable fetch timing]

---
=== HOLLOWS ENGINE ===
FPS: 267 | Pixel: 3.2ms | Input: 0.000ms | Texture: 0.497ms
Camera: [0.00, -0.18, 4.60]

--- DATA (valid / total) ---
  Bool               1 / 1
  Int                5 / 5
  I64                2 / 2
  F32                5 / 5
  F64                2 / 2
  CString            6 / 6
  Vec3               1 / 1
  Vertex             140 / 140
  Model              1 / 1
  Texture            1 / 1
  Bounds             260289 / 260289
  Debug_Stats        1 / 1
  FrameData          1 / 1
  Strings_Builder    1 / 1
  DataPoint          1 / 1
  Field              3 / 3
  Metadata           260460 / 260460
  TOTAL              520920 / 520920

--- FETCHES (edit / copy / set) ---
  Int                370387 / 0 / 0
  I64                1026 / 0 / 0
  F32                513 / 0 / 0
  F64                513 / 0 / 0
  Vec3               1540 / 0 / 0
  Texture            513 / 0 / 0
  Bounds             50621301 / 0 / 0
  Debug_Stats        2565 / 0 / 0
  DataPoint          513 / 0 / 0
  Field              513 / 0 / 0

--- FIELD OCCUPANCY ---
  Field[0] 'world_field' levels:4 dims:3
    bounds X:[-8.0000,8.0000] Y:[-8.0000,8.0000] Z:[-8.0000,8.0000]
    level 0: 1 / 1 cells occupied
    level 1: 2 / 8 cells occupied
    level 2: 4 / 64 cells occupied
    level 3: 6 / 512 cells occupied
    level 4: 6 / 4096 cells occupied
  Field[1] 'model_field' levels:4 dims:3
    bounds X:[-1.0000,1.0000] Y:[-1.0000,1.0000] Z:[-1.0000,1.0000]
    level 0: 1 / 1 cells occupied
    level 1: 6 / 8 cells occupied
    level 2: 28 / 64 cells occupied
    level 3: 96 / 512 cells occupied
    level 4: 140 / 4096 cells occupied
  Field[2] 'screen_field' levels:0 dims:2
    bounds X:[0.0000,800.0000] Y:[0.0000,600.0000] Z:[0.0000,1.0000]
    level 0: 0 / 1 cells occupied

[F2: enable fetch timing]

---
=== HOLLOWS ENGINE ===
FPS: 245 | Pixel: 3.5ms | Input: 0.000ms | Texture: 0.546ms
Camera: [0.00, -0.18, 4.60]

--- DATA (valid / total) ---
  Bool               1 / 1
  Int                5 / 5
  I64                2 / 2
  F32                5 / 5
  F64                2 / 2
  CString            6 / 6
  Vec3               1 / 1
  Vertex             140 / 140
  Model              1 / 1
  Texture            1 / 1
  Bounds             260289 / 260289
  Debug_Stats        1 / 1
  FrameData          1 / 1
  Strings_Builder    1 / 1
  DataPoint          1 / 1
  Field              3 / 3
  Metadata           260460 / 260460
  TOTAL              520920 / 520920

--- FETCHES (edit / copy / set) ---
  Int                376885 / 0 / 0
  I64                1044 / 0 / 0
  F32                522 / 0 / 0
  F64                522 / 0 / 0
  Vec3               1567 / 0 / 0
  Texture            522 / 0 / 0
  Bounds             51509394 / 0 / 0
  Debug_Stats        2610 / 0 / 0
  DataPoint          522 / 0 / 0
  Field              522 / 0 / 0

--- FIELD OCCUPANCY ---
  Field[0] 'world_field' levels:4 dims:3
    bounds X:[-8.0000,8.0000] Y:[-8.0000,8.0000] Z:[-8.0000,8.0000]
    level 0: 1 / 1 cells occupied
    level 1: 2 / 8 cells occupied
    level 2: 4 / 64 cells occupied
    level 3: 6 / 512 cells occupied
    level 4: 6 / 4096 cells occupied
  Field[1] 'model_field' levels:4 dims:3
    bounds X:[-1.0000,1.0000] Y:[-1.0000,1.0000] Z:[-1.0000,1.0000]
    level 0: 1 / 1 cells occupied
    level 1: 6 / 8 cells occupied
    level 2: 28 / 64 cells occupied
    level 3: 96 / 512 cells occupied
    level 4: 140 / 4096 cells occupied
  Field[2] 'screen_field' levels:0 dims:2
    bounds X:[0.0000,800.0000] Y:[0.0000,600.0000] Z:[0.0000,1.0000]
    level 0: 0 / 1 cells occupied

[F2: enable fetch timing]

---
=== HOLLOWS ENGINE ===
FPS: 144 | Pixel: 3.5ms | Input: 0.000ms | Texture: 0.536ms
Camera: [0.00, -0.18, 4.60]

--- DATA (valid / total) ---
  Bool               1 / 1
  Int                5 / 5
  I64                2 / 2
  F32                5 / 5
  F64                2 / 2
  CString            6 / 6
  Vec3               1 / 1
  Vertex             140 / 140
  Model              1 / 1
  Texture            1 / 1
  Bounds             260289 / 260289
  Debug_Stats        1 / 1
  FrameData          1 / 1
  Strings_Builder    1 / 1
  DataPoint          1 / 1
  Field              3 / 3
  Metadata           260460 / 260460
  TOTAL              520920 / 520920

--- FETCHES (edit / copy / set) ---
  Int                355947 / 0 / 0
  I64                986 / 0 / 0
  F32                493 / 0 / 0
  F64                493 / 0 / 0
  Vec3               1480 / 0 / 0
  Texture            493 / 0 / 0
  Bounds             48647761 / 0 / 0
  Debug_Stats        2465 / 0 / 0
  DataPoint          493 / 0 / 0
  Field              493 / 0 / 0

--- FIELD OCCUPANCY ---
  Field[0] 'world_field' levels:4 dims:3
    bounds X:[-8.0000,8.0000] Y:[-8.0000,8.0000] Z:[-8.0000,8.0000]
    level 0: 1 / 1 cells occupied
    level 1: 2 / 8 cells occupied
    level 2: 4 / 64 cells occupied
    level 3: 6 / 512 cells occupied
    level 4: 6 / 4096 cells occupied
  Field[1] 'model_field' levels:4 dims:3
    bounds X:[-1.0000,1.0000] Y:[-1.0000,1.0000] Z:[-1.0000,1.0000]
    level 0: 1 / 1 cells occupied
    level 1: 6 / 8 cells occupied
    level 2: 28 / 64 cells occupied
    level 3: 96 / 512 cells occupied
    level 4: 140 / 4096 cells occupied
  Field[2] 'screen_field' levels:0 dims:2
    bounds X:[0.0000,800.0000] Y:[0.0000,600.0000] Z:[0.0000,1.0000]
    level 0: 0 / 1 cells occupied

[F2: enable fetch timing]

---
=== HOLLOWS ENGINE ===
FPS: 265 | Pixel: 3.2ms | Input: 0.000ms | Texture: 0.494ms
Camera: [0.00, -0.18, 4.60]

--- DATA (valid / total) ---
  Bool               1 / 1
  Int                5 / 5
  I64                2 / 2
  F32                5 / 5
  F64                2 / 2
  CString            6 / 6
  Vec3               1 / 1
  Vertex             140 / 140
  Model              1 / 1
  Texture            1 / 1
  Bounds             260289 / 260289
  Debug_Stats        1 / 1
  FrameData          1 / 1
  Strings_Builder    1 / 1
  DataPoint          1 / 1
  Field              3 / 3
  Metadata           260460 / 260460
  TOTAL              520920 / 520920

--- FETCHES (edit / copy / set) ---
  Int                371831 / 0 / 0
  I64                1030 / 0 / 0
  F32                515 / 0 / 0
  F64                515 / 0 / 0
  Vec3               1546 / 0 / 0
  Texture            515 / 0 / 0
  Bounds             50818655 / 0 / 0
  Debug_Stats        2575 / 0 / 0
  DataPoint          515 / 0 / 0
  Field              515 / 0 / 0

--- FIELD OCCUPANCY ---
  Field[0] 'world_field' levels:4 dims:3
    bounds X:[-8.0000,8.0000] Y:[-8.0000,8.0000] Z:[-8.0000,8.0000]
    level 0: 1 / 1 cells occupied
    level 1: 2 / 8 cells occupied
    level 2: 4 / 64 cells occupied
    level 3: 6 / 512 cells occupied
    level 4: 6 / 4096 cells occupied
  Field[1] 'model_field' levels:4 dims:3
    bounds X:[-1.0000,1.0000] Y:[-1.0000,1.0000] Z:[-1.0000,1.0000]
    level 0: 1 / 1 cells occupied
    level 1: 6 / 8 cells occupied
    level 2: 28 / 64 cells occupied
    level 3: 96 / 512 cells occupied
    level 4: 140 / 4096 cells occupied
  Field[2] 'screen_field' levels:0 dims:2
    bounds X:[0.0000,800.0000] Y:[0.0000,600.0000] Z:[0.0000,1.0000]
    level 0: 0 / 1 cells occupied

[F2: enable fetch timing]

---
=== HOLLOWS ENGINE ===
FPS: 263 | Pixel: 3.2ms | Input: 0.000ms | Texture: 0.501ms
Camera: [0.00, -0.18, 4.60]

--- DATA (valid / total) ---
  Bool               1 / 1
  Int                5 / 5
  I64                2 / 2
  F32                5 / 5
  F64                2 / 2
  CString            6 / 6
  Vec3               1 / 1
  Vertex             140 / 140
  Model              1 / 1
  Texture            1 / 1
  Bounds             260289 / 260289
  Debug_Stats        1 / 1
  FrameData          1 / 1
  Strings_Builder    1 / 1
  DataPoint          1 / 1
  Field              3 / 3
  Metadata           260460 / 260460
  TOTAL              520920 / 520920

--- FETCHES (edit / copy / set) ---
  Int                362445 / 0 / 0
  I64                1004 / 0 / 0
  F32                502 / 0 / 0
  F64                502 / 0 / 0
  Vec3               1507 / 0 / 0
  Texture            502 / 0 / 0
  Bounds             49535854 / 0 / 0
  Debug_Stats        2510 / 0 / 0
  DataPoint          502 / 0 / 0
  Field              502 / 0 / 0

--- FIELD OCCUPANCY ---
  Field[0] 'world_field' levels:4 dims:3
    bounds X:[-8.0000,8.0000] Y:[-8.0000,8.0000] Z:[-8.0000,8.0000]
    level 0: 1 / 1 cells occupied
    level 1: 2 / 8 cells occupied
    level 2: 4 / 64 cells occupied
    level 3: 6 / 512 cells occupied
    level 4: 6 / 4096 cells occupied
  Field[1] 'model_field' levels:4 dims:3
    bounds X:[-1.0000,1.0000] Y:[-1.0000,1.0000] Z:[-1.0000,1.0000]
    level 0: 1 / 1 cells occupied
    level 1: 6 / 8 cells occupied
    level 2: 28 / 64 cells occupied
    level 3: 96 / 512 cells occupied
    level 4: 140 / 4096 cells occupied
  Field[2] 'screen_field' levels:0 dims:2
    bounds X:[0.0000,800.0000] Y:[0.0000,600.0000] Z:[0.0000,1.0000]
    level 0: 0 / 1 cells occupied

[F2: enable fetch timing]

---
=== HOLLOWS ENGINE ===
FPS: 261 | Pixel: 3.2ms | Input: 0.000ms | Texture: 0.498ms
Camera: [0.00, -0.18, 4.60]

--- DATA (valid / total) ---
  Bool               1 / 1
  Int                5 / 5
  I64                2 / 2
  F32                5 / 5
  F64                2 / 2
  CString            6 / 6
  Vec3               1 / 1
  Vertex             140 / 140
  Model              1 / 1
  Texture            1 / 1
  Bounds             260289 / 260289
  Debug_Stats        1 / 1
  FrameData          1 / 1
  Strings_Builder    1 / 1
  DataPoint          1 / 1
  Field              3 / 3
  Metadata           260460 / 260460
  TOTAL              520920 / 520920

--- FETCHES (edit / copy / set) ---
  Int                363167 / 0 / 0
  I64                1006 / 0 / 0
  F32                503 / 0 / 0
  F64                503 / 0 / 0
  Vec3               1510 / 0 / 0
  Texture            503 / 0 / 0
  Bounds             49634531 / 0 / 0
  Debug_Stats        2515 / 0 / 0
  DataPoint          503 / 0 / 0
  Field              503 / 0 / 0

--- FIELD OCCUPANCY ---
  Field[0] 'world_field' levels:4 dims:3
    bounds X:[-8.0000,8.0000] Y:[-8.0000,8.0000] Z:[-8.0000,8.0000]
    level 0: 1 / 1 cells occupied
    level 1: 2 / 8 cells occupied
    level 2: 4 / 64 cells occupied
    level 3: 6 / 512 cells occupied
    level 4: 6 / 4096 cells occupied
  Field[1] 'model_field' levels:4 dims:3
    bounds X:[-1.0000,1.0000] Y:[-1.0000,1.0000] Z:[-1.0000,1.0000]
    level 0: 1 / 1 cells occupied
    level 1: 6 / 8 cells occupied
    level 2: 28 / 64 cells occupied
    level 3: 96 / 512 cells occupied
    level 4: 140 / 4096 cells occupied
  Field[2] 'screen_field' levels:0 dims:2
    bounds X:[0.0000,800.0000] Y:[0.0000,600.0000] Z:[0.0000,1.0000]
    level 0: 0 / 1 cells occupied

[F2: enable fetch timing]

---
=== HOLLOWS ENGINE ===
FPS: 261 | Pixel: 3.2ms | Input: 0.000ms | Texture: 0.496ms
Camera: [0.00, -0.18, 4.60]

--- DATA (valid / total) ---
  Bool               1 / 1
  Int                5 / 5
  I64                2 / 2
  F32                5 / 5
  F64                2 / 2
  CString            6 / 6
  Vec3               1 / 1
  Vertex             140 / 140
  Model              1 / 1
  Texture            1 / 1
  Bounds             260289 / 260289
  Debug_Stats        1 / 1
  FrameData          1 / 1
  Strings_Builder    1 / 1
  DataPoint          1 / 1
  Field              3 / 3
  Metadata           260460 / 260460
  TOTAL              520920 / 520920

--- FETCHES (edit / copy / set) ---
  Int                371109 / 0 / 0
  I64                1028 / 0 / 0
  F32                514 / 0 / 0
  F64                514 / 0 / 0
  Vec3               1543 / 0 / 0
  Texture            514 / 0 / 0
  Bounds             50719978 / 0 / 0
  Debug_Stats        2570 / 0 / 0
  DataPoint          514 / 0 / 0
  Field              514 / 0 / 0

--- FIELD OCCUPANCY ---
  Field[0] 'world_field' levels:4 dims:3
    bounds X:[-8.0000,8.0000] Y:[-8.0000,8.0000] Z:[-8.0000,8.0000]
    level 0: 1 / 1 cells occupied
    level 1: 2 / 8 cells occupied
    level 2: 4 / 64 cells occupied
    level 3: 6 / 512 cells occupied
    level 4: 6 / 4096 cells occupied
  Field[1] 'model_field' levels:4 dims:3
    bounds X:[-1.0000,1.0000] Y:[-1.0000,1.0000] Z:[-1.0000,1.0000]
    level 0: 1 / 1 cells occupied
    level 1: 6 / 8 cells occupied
    level 2: 28 / 64 cells occupied
    level 3: 96 / 512 cells occupied
    level 4: 140 / 4096 cells occupied
  Field[2] 'screen_field' levels:0 dims:2
    bounds X:[0.0000,800.0000] Y:[0.0000,600.0000] Z:[0.0000,1.0000]
    level 0: 0 / 1 cells occupied

[F2: enable fetch timing]

---
=== HOLLOWS ENGINE ===
FPS: 244 | Pixel: 3.6ms | Input: 0.000ms | Texture: 0.551ms
Camera: [0.00, -0.18, 4.60]

--- DATA (valid / total) ---
  Bool               1 / 1
  Int                5 / 5
  I64                2 / 2
  F32                5 / 5
  F64                2 / 2
  CString            6 / 6
  Vec3               1 / 1
  Vertex             140 / 140
  Model              1 / 1
  Texture            1 / 1
  Bounds             260289 / 260289
  Debug_Stats        1 / 1
  FrameData          1 / 1
  Strings_Builder    1 / 1
  DataPoint          1 / 1
  Field              3 / 3
  Metadata           260460 / 260460
  TOTAL              520920 / 520920

--- FETCHES (edit / copy / set) ---
  Int                368943 / 0 / 0
  I64                1022 / 0 / 0
  F32                511 / 0 / 0
  F64                511 / 0 / 0
  Vec3               1534 / 0 / 0
  Texture            511 / 0 / 0
  Bounds             50423947 / 0 / 0
  Debug_Stats        2555 / 0 / 0
  DataPoint          511 / 0 / 0
  Field              511 / 0 / 0

--- FIELD OCCUPANCY ---
  Field[0] 'world_field' levels:4 dims:3
    bounds X:[-8.0000,8.0000] Y:[-8.0000,8.0000] Z:[-8.0000,8.0000]
    level 0: 1 / 1 cells occupied
    level 1: 2 / 8 cells occupied
    level 2: 4 / 64 cells occupied
    level 3: 6 / 512 cells occupied
    level 4: 6 / 4096 cells occupied
  Field[1] 'model_field' levels:4 dims:3
    bounds X:[-1.0000,1.0000] Y:[-1.0000,1.0000] Z:[-1.0000,1.0000]
    level 0: 1 / 1 cells occupied
    level 1: 6 / 8 cells occupied
    level 2: 28 / 64 cells occupied
    level 3: 96 / 512 cells occupied
    level 4: 140 / 4096 cells occupied
  Field[2] 'screen_field' levels:0 dims:2
    bounds X:[0.0000,800.0000] Y:[0.0000,600.0000] Z:[0.0000,1.0000]
    level 0: 0 / 1 cells occupied

[F2: enable fetch timing]

---
=== HOLLOWS ENGINE ===
FPS: 266 | Pixel: 3.2ms | Input: 0.000ms | Texture: 0.499ms
Camera: [0.00, -0.18, 4.60]

--- DATA (valid / total) ---
  Bool               1 / 1
  Int                5 / 5
  I64                2 / 2
  F32                5 / 5
  F64                2 / 2
  CString            6 / 6
  Vec3               1 / 1
  Vertex             140 / 140
  Model              1 / 1
  Texture            1 / 1
  Bounds             260289 / 260289
  Debug_Stats        1 / 1
  FrameData          1 / 1
  Strings_Builder    1 / 1
  DataPoint          1 / 1
  Field              3 / 3
  Metadata           260460 / 260460
  TOTAL              520920 / 520920

--- FETCHES (edit / copy / set) ---
  Int                362445 / 0 / 0
  I64                1004 / 0 / 0
  F32                502 / 0 / 0
  F64                502 / 0 / 0
  Vec3               1507 / 0 / 0
  Texture            502 / 0 / 0
  Bounds             49535854 / 0 / 0
  Debug_Stats        2510 / 0 / 0
  DataPoint          502 / 0 / 0
  Field              502 / 0 / 0

--- FIELD OCCUPANCY ---
  Field[0] 'world_field' levels:4 dims:3
    bounds X:[-8.0000,8.0000] Y:[-8.0000,8.0000] Z:[-8.0000,8.0000]
    level 0: 1 / 1 cells occupied
    level 1: 2 / 8 cells occupied
    level 2: 4 / 64 cells occupied
    level 3: 6 / 512 cells occupied
    level 4: 6 / 4096 cells occupied
  Field[1] 'model_field' levels:4 dims:3
    bounds X:[-1.0000,1.0000] Y:[-1.0000,1.0000] Z:[-1.0000,1.0000]
    level 0: 1 / 1 cells occupied
    level 1: 6 / 8 cells occupied
    level 2: 28 / 64 cells occupied
    level 3: 96 / 512 cells occupied
    level 4: 140 / 4096 cells occupied
  Field[2] 'screen_field' levels:0 dims:2
    bounds X:[0.0000,800.0000] Y:[0.0000,600.0000] Z:[0.0000,1.0000]
    level 0: 0 / 1 cells occupied

[F2: enable fetch timing]

---
=== HOLLOWS ENGINE ===
FPS: 266 | Pixel: 3.2ms | Input: 0.000ms | Texture: 0.497ms
Camera: [0.00, -0.18, 4.60]

--- DATA (valid / total) ---
  Bool               1 / 1
  Int                5 / 5
  I64                2 / 2
  F32                5 / 5
  F64                2 / 2
  CString            6 / 6
  Vec3               1 / 1
  Vertex             140 / 140
  Model              1 / 1
  Texture            1 / 1
  Bounds             260289 / 260289
  Debug_Stats        1 / 1
  FrameData          1 / 1
  Strings_Builder    1 / 1
  DataPoint          1 / 1
  Field              3 / 3
  Metadata           260460 / 260460
  TOTAL              520920 / 520920

--- FETCHES (edit / copy / set) ---
  Int                375441 / 0 / 0
  I64                1040 / 0 / 0
  F32                520 / 0 / 0
  F64                520 / 0 / 0
  Vec3               1561 / 0 / 0
  Texture            520 / 0 / 0
  Bounds             51312040 / 0 / 0
  Debug_Stats        2600 / 0 / 0
  DataPoint          520 / 0 / 0
  Field              520 / 0 / 0

--- FIELD OCCUPANCY ---
  Field[0] 'world_field' levels:4 dims:3
    bounds X:[-8.0000,8.0000] Y:[-8.0000,8.0000] Z:[-8.0000,8.0000]
    level 0: 1 / 1 cells occupied
    level 1: 2 / 8 cells occupied
    level 2: 4 / 64 cells occupied
    level 3: 6 / 512 cells occupied
    level 4: 6 / 4096 cells occupied
  Field[1] 'model_field' levels:4 dims:3
    bounds X:[-1.0000,1.0000] Y:[-1.0000,1.0000] Z:[-1.0000,1.0000]
    level 0: 1 / 1 cells occupied
    level 1: 6 / 8 cells occupied
    level 2: 28 / 64 cells occupied
    level 3: 96 / 512 cells occupied
    level 4: 140 / 4096 cells occupied
  Field[2] 'screen_field' levels:0 dims:2
    bounds X:[0.0000,800.0000] Y:[0.0000,600.0000] Z:[0.0000,1.0000]
    level 0: 0 / 1 cells occupied

[F2: enable fetch timing]

---
=== HOLLOWS ENGINE ===
FPS: 265 | Pixel: 3.2ms | Input: 0.000ms | Texture: 0.496ms
Camera: [0.00, -0.18, 4.60]

--- DATA (valid / total) ---
  Bool               1 / 1
  Int                5 / 5
  I64                2 / 2
  F32                5 / 5
  F64                2 / 2
  CString            6 / 6
  Vec3               1 / 1
  Vertex             140 / 140
  Model              1 / 1
  Texture            1 / 1
  Bounds             260289 / 260289
  Debug_Stats        1 / 1
  FrameData          1 / 1
  Strings_Builder    1 / 1
  DataPoint          1 / 1
  Field              3 / 3
  Metadata           260460 / 260460
  TOTAL              520920 / 520920

--- FETCHES (edit / copy / set) ---
  Int                375441 / 0 / 0
  I64                1040 / 0 / 0
  F32                520 / 0 / 0
  F64                520 / 0 / 0
  Vec3               1561 / 0 / 0
  Texture            520 / 0 / 0
  Bounds             51312040 / 0 / 0
  Debug_Stats        2600 / 0 / 0
  DataPoint          520 / 0 / 0
  Field              520 / 0 / 0

--- FIELD OCCUPANCY ---
  Field[0] 'world_field' levels:4 dims:3
    bounds X:[-8.0000,8.0000] Y:[-8.0000,8.0000] Z:[-8.0000,8.0000]
    level 0: 1 / 1 cells occupied
    level 1: 2 / 8 cells occupied
    level 2: 4 / 64 cells occupied
    level 3: 6 / 512 cells occupied
    level 4: 6 / 4096 cells occupied
  Field[1] 'model_field' levels:4 dims:3
    bounds X:[-1.0000,1.0000] Y:[-1.0000,1.0000] Z:[-1.0000,1.0000]
    level 0: 1 / 1 cells occupied
    level 1: 6 / 8 cells occupied
    level 2: 28 / 64 cells occupied
    level 3: 96 / 512 cells occupied
    level 4: 140 / 4096 cells occupied
  Field[2] 'screen_field' levels:0 dims:2
    bounds X:[0.0000,800.0000] Y:[0.0000,600.0000] Z:[0.0000,1.0000]
    level 0: 0 / 1 cells occupied

[F2: enable fetch timing]

---
=== HOLLOWS ENGINE ===
FPS: 240 | Pixel: 3.5ms | Input: 0.000ms | Texture: 0.535ms
Camera: [0.00, -0.18, 4.60]

--- DATA (valid / total) ---
  Bool               1 / 1
  Int                5 / 5
  I64                2 / 2
  F32                5 / 5
  F64                2 / 2
  CString            6 / 6
  Vec3               1 / 1
  Vertex             140 / 140
  Model              1 / 1
  Texture            1 / 1
  Bounds             260289 / 260289
  Debug_Stats        1 / 1
  FrameData          1 / 1
  Strings_Builder    1 / 1
  DataPoint          1 / 1
  Field              3 / 3
  Metadata           260460 / 260460
  TOTAL              520920 / 520920

--- FETCHES (edit / copy / set) ---
  Int                363167 / 0 / 0
  I64                1006 / 0 / 0
  F32                503 / 0 / 0
  F64                503 / 0 / 0
  Vec3               1510 / 0 / 0
  Texture            503 / 0 / 0
  Bounds             49634531 / 0 / 0
  Debug_Stats        2515 / 0 / 0
  DataPoint          503 / 0 / 0
  Field              503 / 0 / 0

--- FIELD OCCUPANCY ---
  Field[0] 'world_field' levels:4 dims:3
    bounds X:[-8.0000,8.0000] Y:[-8.0000,8.0000] Z:[-8.0000,8.0000]
    level 0: 1 / 1 cells occupied
    level 1: 2 / 8 cells occupied
    level 2: 4 / 64 cells occupied
    level 3: 6 / 512 cells occupied
    level 4: 6 / 4096 cells occupied
  Field[1] 'model_field' levels:4 dims:3
    bounds X:[-1.0000,1.0000] Y:[-1.0000,1.0000] Z:[-1.0000,1.0000]
    level 0: 1 / 1 cells occupied
    level 1: 6 / 8 cells occupied
    level 2: 28 / 64 cells occupied
    level 3: 96 / 512 cells occupied
    level 4: 140 / 4096 cells occupied
  Field[2] 'screen_field' levels:0 dims:2
    bounds X:[0.0000,800.0000] Y:[0.0000,600.0000] Z:[0.0000,1.0000]
    level 0: 0 / 1 cells occupied

[F2: enable fetch timing]

---
=== HOLLOWS ENGINE ===
FPS: 241 | Pixel: 3.5ms | Input: 0.000ms | Texture: 0.539ms
Camera: [0.00, -0.18, 4.60]

--- DATA (valid / total) ---
  Bool               1 / 1
  Int                5 / 5
  I64                2 / 2
  F32                5 / 5
  F64                2 / 2
  CString            6 / 6
  Vec3               1 / 1
  Vertex             140 / 140
  Model              1 / 1
  Texture            1 / 1
  Bounds             260289 / 260289
  Debug_Stats        1 / 1
  FrameData          1 / 1
  Strings_Builder    1 / 1
  DataPoint          1 / 1
  Field              3 / 3
  Metadata           260460 / 260460
  TOTAL              520920 / 520920

--- FETCHES (edit / copy / set) ---
  Int                361723 / 0 / 0
  I64                1002 / 0 / 0
  F32                501 / 0 / 0
  F64                501 / 0 / 0
  Vec3               1504 / 0 / 0
  Texture            501 / 0 / 0
  Bounds             49437177 / 0 / 0
  Debug_Stats        2505 / 0 / 0
  DataPoint          501 / 0 / 0
  Field              501 / 0 / 0

--- FIELD OCCUPANCY ---
  Field[0] 'world_field' levels:4 dims:3
    bounds X:[-8.0000,8.0000] Y:[-8.0000,8.0000] Z:[-8.0000,8.0000]
    level 0: 1 / 1 cells occupied
    level 1: 2 / 8 cells occupied
    level 2: 4 / 64 cells occupied
    level 3: 6 / 512 cells occupied
    level 4: 6 / 4096 cells occupied
  Field[1] 'model_field' levels:4 dims:3
    bounds X:[-1.0000,1.0000] Y:[-1.0000,1.0000] Z:[-1.0000,1.0000]
    level 0: 1 / 1 cells occupied
    level 1: 6 / 8 cells occupied
    level 2: 28 / 64 cells occupied
    level 3: 96 / 512 cells occupied
    level 4: 140 / 4096 cells occupied
  Field[2] 'screen_field' levels:0 dims:2
    bounds X:[0.0000,800.0000] Y:[0.0000,600.0000] Z:[0.0000,1.0000]
    level 0: 0 / 1 cells occupied

[F2: enable fetch timing]

---
=== HOLLOWS ENGINE ===
FPS: 266 | Pixel: 3.2ms | Input: 0.000ms | Texture: 0.498ms
Camera: [0.00, -0.18, 4.60]

--- DATA (valid / total) ---
  Bool               1 / 1
  Int                5 / 5
  I64                2 / 2
  F32                5 / 5
  F64                2 / 2
  CString            6 / 6
  Vec3               1 / 1
  Vertex             140 / 140
  Model              1 / 1
  Texture            1 / 1
  Bounds             260289 / 260289
  Debug_Stats        1 / 1
  FrameData          1 / 1
  Strings_Builder    1 / 1
  DataPoint          1 / 1
  Field              3 / 3
  Metadata           260460 / 260460
  TOTAL              520920 / 520920

--- FETCHES (edit / copy / set) ---
  Int                371831 / 0 / 0
  I64                1030 / 0 / 0
  F32                515 / 0 / 0
  F64                515 / 0 / 0
  Vec3               1546 / 0 / 0
  Texture            515 / 0 / 0
  Bounds             50818655 / 0 / 0
  Debug_Stats        2575 / 0 / 0
  DataPoint          515 / 0 / 0
  Field              515 / 0 / 0

--- FIELD OCCUPANCY ---
  Field[0] 'world_field' levels:4 dims:3
    bounds X:[-8.0000,8.0000] Y:[-8.0000,8.0000] Z:[-8.0000,8.0000]
    level 0: 1 / 1 cells occupied
    level 1: 2 / 8 cells occupied
    level 2: 4 / 64 cells occupied
    level 3: 6 / 512 cells occupied
    level 4: 6 / 4096 cells occupied
  Field[1] 'model_field' levels:4 dims:3
    bounds X:[-1.0000,1.0000] Y:[-1.0000,1.0000] Z:[-1.0000,1.0000]
    level 0: 1 / 1 cells occupied
    level 1: 6 / 8 cells occupied
    level 2: 28 / 64 cells occupied
    level 3: 96 / 512 cells occupied
    level 4: 140 / 4096 cells occupied
  Field[2] 'screen_field' levels:0 dims:2
    bounds X:[0.0000,800.0000] Y:[0.0000,600.0000] Z:[0.0000,1.0000]
    level 0: 0 / 1 cells occupied

[F2: enable fetch timing]

---
=== HOLLOWS ENGINE ===
FPS: 239 | Pixel: 3.5ms | Input: 0.000ms | Texture: 0.532ms
Camera: [0.00, -0.18, 4.60]

--- DATA (valid / total) ---
  Bool               1 / 1
  Int                5 / 5
  I64                2 / 2
  F32                5 / 5
  F64                2 / 2
  CString            6 / 6
  Vec3               1 / 1
  Vertex             140 / 140
  Model              1 / 1
  Texture            1 / 1
  Bounds             260289 / 260289
  Debug_Stats        1 / 1
  FrameData          1 / 1
  Strings_Builder    1 / 1
  DataPoint          1 / 1
  Field              3 / 3
  Metadata           260460 / 260460
  TOTAL              520920 / 520920

--- FETCHES (edit / copy / set) ---
  Int                373275 / 0 / 0
  I64                1034 / 0 / 0
  F32                517 / 0 / 0
  F64                517 / 0 / 0
  Vec3               1552 / 0 / 0
  Texture            517 / 0 / 0
  Bounds             51016009 / 0 / 0
  Debug_Stats        2585 / 0 / 0
  DataPoint          517 / 0 / 0
  Field              517 / 0 / 0

--- FIELD OCCUPANCY ---
  Field[0] 'world_field' levels:4 dims:3
    bounds X:[-8.0000,8.0000] Y:[-8.0000,8.0000] Z:[-8.0000,8.0000]
    level 0: 1 / 1 cells occupied
    level 1: 2 / 8 cells occupied
    level 2: 4 / 64 cells occupied
    level 3: 6 / 512 cells occupied
    level 4: 6 / 4096 cells occupied
  Field[1] 'model_field' levels:4 dims:3
    bounds X:[-1.0000,1.0000] Y:[-1.0000,1.0000] Z:[-1.0000,1.0000]
    level 0: 1 / 1 cells occupied
    level 1: 6 / 8 cells occupied
    level 2: 28 / 64 cells occupied
    level 3: 96 / 512 cells occupied
    level 4: 140 / 4096 cells occupied
  Field[2] 'screen_field' levels:0 dims:2
    bounds X:[0.0000,800.0000] Y:[0.0000,600.0000] Z:[0.0000,1.0000]
    level 0: 0 / 1 cells occupied

[F2: enable fetch timing]

---
=== HOLLOWS ENGINE ===
FPS: 252 | Pixel: 3.3ms | Input: 0.000ms | Texture: 0.501ms
Camera: [0.00, -0.18, 4.60]

--- DATA (valid / total) ---
  Bool               1 / 1
  Int                5 / 5
  I64                2 / 2
  F32                5 / 5
  F64                2 / 2
  CString            6 / 6
  Vec3               1 / 1
  Vertex             140 / 140
  Model              1 / 1
  Texture            1 / 1
  Bounds             260289 / 260289
  Debug_Stats        1 / 1
  FrameData          1 / 1
  Strings_Builder    1 / 1
  DataPoint          1 / 1
  Field              3 / 3
  Metadata           260460 / 260460
  TOTAL              520920 / 520920

--- FETCHES (edit / copy / set) ---
  Int                368943 / 0 / 0
  I64                1022 / 0 / 0
  F32                511 / 0 / 0
  F64                511 / 0 / 0
  Vec3               1534 / 0 / 0
  Texture            511 / 0 / 0
  Bounds             50423947 / 0 / 0
  Debug_Stats        2555 / 0 / 0
  DataPoint          511 / 0 / 0
  Field              511 / 0 / 0

--- FIELD OCCUPANCY ---
  Field[0] 'world_field' levels:4 dims:3
    bounds X:[-8.0000,8.0000] Y:[-8.0000,8.0000] Z:[-8.0000,8.0000]
    level 0: 1 / 1 cells occupied
    level 1: 2 / 8 cells occupied
    level 2: 4 / 64 cells occupied
    level 3: 6 / 512 cells occupied
    level 4: 6 / 4096 cells occupied
  Field[1] 'model_field' levels:4 dims:3
    bounds X:[-1.0000,1.0000] Y:[-1.0000,1.0000] Z:[-1.0000,1.0000]
    level 0: 1 / 1 cells occupied
    level 1: 6 / 8 cells occupied
    level 2: 28 / 64 cells occupied
    level 3: 96 / 512 cells occupied
    level 4: 140 / 4096 cells occupied
  Field[2] 'screen_field' levels:0 dims:2
    bounds X:[0.0000,800.0000] Y:[0.0000,600.0000] Z:[0.0000,1.0000]
    level 0: 0 / 1 cells occupied

[F2: enable fetch timing]

---
=== HOLLOWS ENGINE ===
FPS: 240 | Pixel: 3.6ms | Input: 0.000ms | Texture: 0.545ms
Camera: [0.00, -0.18, 4.60]

--- DATA (valid / total) ---
  Bool               1 / 1
  Int                5 / 5
  I64                2 / 2
  F32                5 / 5
  F64                2 / 2
  CString            6 / 6
  Vec3               1 / 1
  Vertex             140 / 140
  Model              1 / 1
  Texture            1 / 1
  Bounds             260289 / 260289
  Debug_Stats        1 / 1
  FrameData          1 / 1
  Strings_Builder    1 / 1
  DataPoint          1 / 1
  Field              3 / 3
  Metadata           260460 / 260460
  TOTAL              520920 / 520920

--- FETCHES (edit / copy / set) ---
  Int                368221 / 0 / 0
  I64                1020 / 0 / 0
  F32                510 / 0 / 0
  F64                510 / 0 / 0
  Vec3               1531 / 0 / 0
  Texture            510 / 0 / 0
  Bounds             50325270 / 0 / 0
  Debug_Stats        2550 / 0 / 0
  DataPoint          510 / 0 / 0
  Field              510 / 0 / 0

--- FIELD OCCUPANCY ---
  Field[0] 'world_field' levels:4 dims:3
    bounds X:[-8.0000,8.0000] Y:[-8.0000,8.0000] Z:[-8.0000,8.0000]
    level 0: 1 / 1 cells occupied
    level 1: 2 / 8 cells occupied
    level 2: 4 / 64 cells occupied
    level 3: 6 / 512 cells occupied
    level 4: 6 / 4096 cells occupied
  Field[1] 'model_field' levels:4 dims:3
    bounds X:[-1.0000,1.0000] Y:[-1.0000,1.0000] Z:[-1.0000,1.0000]
    level 0: 1 / 1 cells occupied
    level 1: 6 / 8 cells occupied
    level 2: 28 / 64 cells occupied
    level 3: 96 / 512 cells occupied
    level 4: 140 / 4096 cells occupied
  Field[2] 'screen_field' levels:0 dims:2
    bounds X:[0.0000,800.0000] Y:[0.0000,600.0000] Z:[0.0000,1.0000]
    level 0: 0 / 1 cells occupied

[F2: enable fetch timing]

---
=== HOLLOWS ENGINE ===
FPS: 131 | Pixel: 3.4ms | Input: 0.000ms | Texture: 0.535ms
Camera: [0.00, -0.18, 4.60]

--- DATA (valid / total) ---
  Bool               1 / 1
  Int                5 / 5
  I64                2 / 2
  F32                5 / 5
  F64                2 / 2
  CString            6 / 6
  Vec3               1 / 1
  Vertex             140 / 140
  Model              1 / 1
  Texture            1 / 1
  Bounds             260289 / 260289
  Debug_Stats        1 / 1
  FrameData          1 / 1
  Strings_Builder    1 / 1
  DataPoint          1 / 1
  Field              3 / 3
  Metadata           260460 / 260460
  TOTAL              520920 / 520920

--- FETCHES (edit / copy / set) ---
  Int                360279 / 0 / 0
  I64                998 / 0 / 0
  F32                499 / 0 / 0
  F64                499 / 0 / 0
  Vec3               1498 / 0 / 0
  Texture            499 / 0 / 0
  Bounds             49239823 / 0 / 0
  Debug_Stats        2495 / 0 / 0
  DataPoint          499 / 0 / 0
  Field              499 / 0 / 0

--- FIELD OCCUPANCY ---
  Field[0] 'world_field' levels:4 dims:3
    bounds X:[-8.0000,8.0000] Y:[-8.0000,8.0000] Z:[-8.0000,8.0000]
    level 0: 1 / 1 cells occupied
    level 1: 2 / 8 cells occupied
    level 2: 4 / 64 cells occupied
    level 3: 6 / 512 cells occupied
    level 4: 6 / 4096 cells occupied
  Field[1] 'model_field' levels:4 dims:3
    bounds X:[-1.0000,1.0000] Y:[-1.0000,1.0000] Z:[-1.0000,1.0000]
    level 0: 1 / 1 cells occupied
    level 1: 6 / 8 cells occupied
    level 2: 28 / 64 cells occupied
    level 3: 96 / 512 cells occupied
    level 4: 140 / 4096 cells occupied
  Field[2] 'screen_field' levels:0 dims:2
    bounds X:[0.0000,800.0000] Y:[0.0000,600.0000] Z:[0.0000,1.0000]
    level 0: 0 / 1 cells occupied

[F2: enable fetch timing]

---
=== HOLLOWS ENGINE ===
FPS: 266 | Pixel: 3.2ms | Input: 0.000ms | Texture: 0.495ms
Camera: [0.00, -0.18, 4.60]

--- DATA (valid / total) ---
  Bool               1 / 1
  Int                5 / 5
  I64                2 / 2
  F32                5 / 5
  F64                2 / 2
  CString            6 / 6
  Vec3               1 / 1
  Vertex             140 / 140
  Model              1 / 1
  Texture            1 / 1
  Bounds             260289 / 260289
  Debug_Stats        1 / 1
  FrameData          1 / 1
  Strings_Builder    1 / 1
  DataPoint          1 / 1
  Field              3 / 3
  Metadata           260460 / 260460
  TOTAL              520920 / 520920

--- FETCHES (edit / copy / set) ---
  Int                367499 / 0 / 0
  I64                1018 / 0 / 0
  F32                509 / 0 / 0
  F64                509 / 0 / 0
  Vec3               1528 / 0 / 0
  Texture            509 / 0 / 0
  Bounds             50226593 / 0 / 0
  Debug_Stats        2545 / 0 / 0
  DataPoint          509 / 0 / 0
  Field              509 / 0 / 0

--- FIELD OCCUPANCY ---
  Field[0] 'world_field' levels:4 dims:3
    bounds X:[-8.0000,8.0000] Y:[-8.0000,8.0000] Z:[-8.0000,8.0000]
    level 0: 1 / 1 cells occupied
    level 1: 2 / 8 cells occupied
    level 2: 4 / 64 cells occupied
    level 3: 6 / 512 cells occupied
    level 4: 6 / 4096 cells occupied
  Field[1] 'model_field' levels:4 dims:3
    bounds X:[-1.0000,1.0000] Y:[-1.0000,1.0000] Z:[-1.0000,1.0000]
    level 0: 1 / 1 cells occupied
    level 1: 6 / 8 cells occupied
    level 2: 28 / 64 cells occupied
    level 3: 96 / 512 cells occupied
    level 4: 140 / 4096 cells occupied
  Field[2] 'screen_field' levels:0 dims:2
    bounds X:[0.0000,800.0000] Y:[0.0000,600.0000] Z:[0.0000,1.0000]
    level 0: 0 / 1 cells occupied

[F2: enable fetch timing]

---
=== HOLLOWS ENGINE ===
FPS: 267 | Pixel: 3.2ms | Input: 0.000ms | Texture: 0.494ms
Camera: [0.00, -0.18, 4.60]

--- DATA (valid / total) ---
  Bool               1 / 1
  Int                5 / 5
  I64                2 / 2
  F32                5 / 5
  F64                2 / 2
  CString            6 / 6
  Vec3               1 / 1
  Vertex             140 / 140
  Model              1 / 1
  Texture            1 / 1
  Bounds             260289 / 260289
  Debug_Stats        1 / 1
  FrameData          1 / 1
  Strings_Builder    1 / 1
  DataPoint          1 / 1
  Field              3 / 3
  Metadata           260460 / 260460
  TOTAL              520920 / 520920

--- FETCHES (edit / copy / set) ---
  Int                370387 / 0 / 0
  I64                1026 / 0 / 0
  F32                513 / 0 / 0
  F64                513 / 0 / 0
  Vec3               1540 / 0 / 0
  Texture            513 / 0 / 0
  Bounds             50621301 / 0 / 0
  Debug_Stats        2565 / 0 / 0
  DataPoint          513 / 0 / 0
  Field              513 / 0 / 0

--- FIELD OCCUPANCY ---
  Field[0] 'world_field' levels:4 dims:3
    bounds X:[-8.0000,8.0000] Y:[-8.0000,8.0000] Z:[-8.0000,8.0000]
    level 0: 1 / 1 cells occupied
    level 1: 2 / 8 cells occupied
    level 2: 4 / 64 cells occupied
    level 3: 6 / 512 cells occupied
    level 4: 6 / 4096 cells occupied
  Field[1] 'model_field' levels:4 dims:3
    bounds X:[-1.0000,1.0000] Y:[-1.0000,1.0000] Z:[-1.0000,1.0000]
    level 0: 1 / 1 cells occupied
    level 1: 6 / 8 cells occupied
    level 2: 28 / 64 cells occupied
    level 3: 96 / 512 cells occupied
    level 4: 140 / 4096 cells occupied
  Field[2] 'screen_field' levels:0 dims:2
    bounds X:[0.0000,800.0000] Y:[0.0000,600.0000] Z:[0.0000,1.0000]
    level 0: 0 / 1 cells occupied

[F2: enable fetch timing]

---
=== HOLLOWS ENGINE ===
FPS: 267 | Pixel: 3.2ms | Input: 0.000ms | Texture: 0.490ms
Camera: [0.00, -0.18, 4.60]

--- DATA (valid / total) ---
  Bool               1 / 1
  Int                5 / 5
  I64                2 / 2
  F32                5 / 5
  F64                2 / 2
  CString            6 / 6
  Vec3               1 / 1
  Vertex             140 / 140
  Model              1 / 1
  Texture            1 / 1
  Bounds             260289 / 260289
  Debug_Stats        1 / 1
  FrameData          1 / 1
  Strings_Builder    1 / 1
  DataPoint          1 / 1
  Field              3 / 3
  Metadata           260460 / 260460
  TOTAL              520920 / 520920

--- FETCHES (edit / copy / set) ---
  Int                364611 / 0 / 0
  I64                1010 / 0 / 0
  F32                505 / 0 / 0
  F64                505 / 0 / 0
  Vec3               1516 / 0 / 0
  Texture            505 / 0 / 0
  Bounds             49831885 / 0 / 0
  Debug_Stats        2525 / 0 / 0
  DataPoint          505 / 0 / 0
  Field              505 / 0 / 0

--- FIELD OCCUPANCY ---
  Field[0] 'world_field' levels:4 dims:3
    bounds X:[-8.0000,8.0000] Y:[-8.0000,8.0000] Z:[-8.0000,8.0000]
    level 0: 1 / 1 cells occupied
    level 1: 2 / 8 cells occupied
    level 2: 4 / 64 cells occupied
    level 3: 6 / 512 cells occupied
    level 4: 6 / 4096 cells occupied
  Field[1] 'model_field' levels:4 dims:3
    bounds X:[-1.0000,1.0000] Y:[-1.0000,1.0000] Z:[-1.0000,1.0000]
    level 0: 1 / 1 cells occupied
    level 1: 6 / 8 cells occupied
    level 2: 28 / 64 cells occupied
    level 3: 96 / 512 cells occupied
    level 4: 140 / 4096 cells occupied
  Field[2] 'screen_field' levels:0 dims:2
    bounds X:[0.0000,800.0000] Y:[0.0000,600.0000] Z:[0.0000,1.0000]
    level 0: 0 / 1 cells occupied

[F2: enable fetch timing]

---
=== HOLLOWS ENGINE ===
FPS: 265 | Pixel: 3.2ms | Input: 0.000ms | Texture: 0.499ms
Camera: [0.00, -0.18, 4.60]

--- DATA (valid / total) ---
  Bool               1 / 1
  Int                5 / 5
  I64                2 / 2
  F32                5 / 5
  F64                2 / 2
  CString            6 / 6
  Vec3               1 / 1
  Vertex             140 / 140
  Model              1 / 1
  Texture            1 / 1
  Bounds             260289 / 260289
  Debug_Stats        1 / 1
  FrameData          1 / 1
  Strings_Builder    1 / 1
  DataPoint          1 / 1
  Field              3 / 3
  Metadata           260460 / 260460
  TOTAL              520920 / 520920

--- FETCHES (edit / copy / set) ---
  Int                363889 / 0 / 0
  I64                1008 / 0 / 0
  F32                504 / 0 / 0
  F64                504 / 0 / 0
  Vec3               1513 / 0 / 0
  Texture            504 / 0 / 0
  Bounds             49733208 / 0 / 0
  Debug_Stats        2520 / 0 / 0
  DataPoint          504 / 0 / 0
  Field              504 / 0 / 0

--- FIELD OCCUPANCY ---
  Field[0] 'world_field' levels:4 dims:3
    bounds X:[-8.0000,8.0000] Y:[-8.0000,8.0000] Z:[-8.0000,8.0000]
    level 0: 1 / 1 cells occupied
    level 1: 2 / 8 cells occupied
    level 2: 4 / 64 cells occupied
    level 3: 6 / 512 cells occupied
    level 4: 6 / 4096 cells occupied
  Field[1] 'model_field' levels:4 dims:3
    bounds X:[-1.0000,1.0000] Y:[-1.0000,1.0000] Z:[-1.0000,1.0000]
    level 0: 1 / 1 cells occupied
    level 1: 6 / 8 cells occupied
    level 2: 28 / 64 cells occupied
    level 3: 96 / 512 cells occupied
    level 4: 140 / 4096 cells occupied
  Field[2] 'screen_field' levels:0 dims:2
    bounds X:[0.0000,800.0000] Y:[0.0000,600.0000] Z:[0.0000,1.0000]
    level 0: 0 / 1 cells occupied

[F2: enable fetch timing]

---
=== HOLLOWS ENGINE ===
FPS: 265 | Pixel: 3.2ms | Input: 0.000ms | Texture: 0.494ms
Camera: [0.00, -0.18, 4.60]

--- DATA (valid / total) ---
  Bool               1 / 1
  Int                5 / 5
  I64                2 / 2
  F32                5 / 5
  F64                2 / 2
  CString            6 / 6
  Vec3               1 / 1
  Vertex             140 / 140
  Model              1 / 1
  Texture            1 / 1
  Bounds             260289 / 260289
  Debug_Stats        1 / 1
  FrameData          1 / 1
  Strings_Builder    1 / 1
  DataPoint          1 / 1
  Field              3 / 3
  Metadata           260460 / 260460
  TOTAL              520920 / 520920

--- FETCHES (edit / copy / set) ---
  Int                367499 / 0 / 0
  I64                1018 / 0 / 0
  F32                509 / 0 / 0
  F64                509 / 0 / 0
  Vec3               1528 / 0 / 0
  Texture            509 / 0 / 0
  Bounds             50226593 / 0 / 0
  Debug_Stats        2545 / 0 / 0
  DataPoint          509 / 0 / 0
  Field              509 / 0 / 0

--- FIELD OCCUPANCY ---
  Field[0] 'world_field' levels:4 dims:3
    bounds X:[-8.0000,8.0000] Y:[-8.0000,8.0000] Z:[-8.0000,8.0000]
    level 0: 1 / 1 cells occupied
    level 1: 2 / 8 cells occupied
    level 2: 4 / 64 cells occupied
    level 3: 6 / 512 cells occupied
    level 4: 6 / 4096 cells occupied
  Field[1] 'model_field' levels:4 dims:3
    bounds X:[-1.0000,1.0000] Y:[-1.0000,1.0000] Z:[-1.0000,1.0000]
    level 0: 1 / 1 cells occupied
    level 1: 6 / 8 cells occupied
    level 2: 28 / 64 cells occupied
    level 3: 96 / 512 cells occupied
    level 4: 140 / 4096 cells occupied
  Field[2] 'screen_field' levels:0 dims:2
    bounds X:[0.0000,800.0000] Y:[0.0000,600.0000] Z:[0.0000,1.0000]
    level 0: 0 / 1 cells occupied

[F2: enable fetch timing]

---
=== HOLLOWS ENGINE ===
FPS: 266 | Pixel: 3.2ms | Input: 0.000ms | Texture: 0.500ms
Camera: [0.00, -0.18, 4.60]

--- DATA (valid / total) ---
  Bool               1 / 1
  Int                5 / 5
  I64                2 / 2
  F32                5 / 5
  F64                2 / 2
  CString            6 / 6
  Vec3               1 / 1
  Vertex             140 / 140
  Model              1 / 1
  Texture            1 / 1
  Bounds             260289 / 260289
  Debug_Stats        1 / 1
  FrameData          1 / 1
  Strings_Builder    1 / 1
  DataPoint          1 / 1
  Field              3 / 3
  Metadata           260460 / 260460
  TOTAL              520920 / 520920

--- FETCHES (edit / copy / set) ---
  Int                366777 / 0 / 0
  I64                1016 / 0 / 0
  F32                508 / 0 / 0
  F64                508 / 0 / 0
  Vec3               1525 / 0 / 0
  Texture            508 / 0 / 0
  Bounds             50127916 / 0 / 0
  Debug_Stats        2540 / 0 / 0
  DataPoint          508 / 0 / 0
  Field              508 / 0 / 0

--- FIELD OCCUPANCY ---
  Field[0] 'world_field' levels:4 dims:3
    bounds X:[-8.0000,8.0000] Y:[-8.0000,8.0000] Z:[-8.0000,8.0000]
    level 0: 1 / 1 cells occupied
    level 1: 2 / 8 cells occupied
    level 2: 4 / 64 cells occupied
    level 3: 6 / 512 cells occupied
    level 4: 6 / 4096 cells occupied
  Field[1] 'model_field' levels:4 dims:3
    bounds X:[-1.0000,1.0000] Y:[-1.0000,1.0000] Z:[-1.0000,1.0000]
    level 0: 1 / 1 cells occupied
    level 1: 6 / 8 cells occupied
    level 2: 28 / 64 cells occupied
    level 3: 96 / 512 cells occupied
    level 4: 140 / 4096 cells occupied
  Field[2] 'screen_field' levels:0 dims:2
    bounds X:[0.0000,800.0000] Y:[0.0000,600.0000] Z:[0.0000,1.0000]
    level 0: 0 / 1 cells occupied

[F2: enable fetch timing]

---
=== HOLLOWS ENGINE ===
FPS: 111 | Pixel: 3.4ms | Input: 0.000ms | Texture: 0.537ms
Camera: [0.00, -0.18, 4.60]

--- DATA (valid / total) ---
  Bool               1 / 1
  Int                5 / 5
  I64                2 / 2
  F32                5 / 5
  F64                2 / 2
  CString            6 / 6
  Vec3               1 / 1
  Vertex             140 / 140
  Model              1 / 1
  Texture            1 / 1
  Bounds             260289 / 260289
  Debug_Stats        1 / 1
  FrameData          1 / 1
  Strings_Builder    1 / 1
  DataPoint          1 / 1
  Field              3 / 3
  Metadata           260460 / 260460
  TOTAL              520920 / 520920

--- FETCHES (edit / copy / set) ---
  Int                361001 / 0 / 0
  I64                1000 / 0 / 0
  F32                500 / 0 / 0
  F64                500 / 0 / 0
  Vec3               1501 / 0 / 0
  Texture            500 / 0 / 0
  Bounds             49338500 / 0 / 0
  Debug_Stats        2500 / 0 / 0
  DataPoint          500 / 0 / 0
  Field              500 / 0 / 0

--- FIELD OCCUPANCY ---
  Field[0] 'world_field' levels:4 dims:3
    bounds X:[-8.0000,8.0000] Y:[-8.0000,8.0000] Z:[-8.0000,8.0000]
    level 0: 1 / 1 cells occupied
    level 1: 2 / 8 cells occupied
    level 2: 4 / 64 cells occupied
    level 3: 6 / 512 cells occupied
    level 4: 6 / 4096 cells occupied
  Field[1] 'model_field' levels:4 dims:3
    bounds X:[-1.0000,1.0000] Y:[-1.0000,1.0000] Z:[-1.0000,1.0000]
    level 0: 1 / 1 cells occupied
    level 1: 6 / 8 cells occupied
    level 2: 28 / 64 cells occupied
    level 3: 96 / 512 cells occupied
    level 4: 140 / 4096 cells occupied
  Field[2] 'screen_field' levels:0 dims:2
    bounds X:[0.0000,800.0000] Y:[0.0000,600.0000] Z:[0.0000,1.0000]
    level 0: 0 / 1 cells occupied

[F2: enable fetch timing]

---
=== HOLLOWS ENGINE ===
FPS: 265 | Pixel: 3.2ms | Input: 0.000ms | Texture: 0.500ms
Camera: [0.00, -0.18, 4.60]

--- DATA (valid / total) ---
  Bool               1 / 1
  Int                5 / 5
  I64                2 / 2
  F32                5 / 5
  F64                2 / 2
  CString            6 / 6
  Vec3               1 / 1
  Vertex             140 / 140
  Model              1 / 1
  Texture            1 / 1
  Bounds             260289 / 260289
  Debug_Stats        1 / 1
  FrameData          1 / 1
  Strings_Builder    1 / 1
  DataPoint          1 / 1
  Field              3 / 3
  Metadata           260460 / 260460
  TOTAL              520920 / 520920

--- FETCHES (edit / copy / set) ---
  Int                367499 / 0 / 0
  I64                1018 / 0 / 0
  F32                509 / 0 / 0
  F64                509 / 0 / 0
  Vec3               1528 / 0 / 0
  Texture            509 / 0 / 0
  Bounds             50226593 / 0 / 0
  Debug_Stats        2545 / 0 / 0
  DataPoint          509 / 0 / 0
  Field              509 / 0 / 0

--- FIELD OCCUPANCY ---
  Field[0] 'world_field' levels:4 dims:3
    bounds X:[-8.0000,8.0000] Y:[-8.0000,8.0000] Z:[-8.0000,8.0000]
    level 0: 1 / 1 cells occupied
    level 1: 2 / 8 cells occupied
    level 2: 4 / 64 cells occupied
    level 3: 6 / 512 cells occupied
    level 4: 6 / 4096 cells occupied
  Field[1] 'model_field' levels:4 dims:3
    bounds X:[-1.0000,1.0000] Y:[-1.0000,1.0000] Z:[-1.0000,1.0000]
    level 0: 1 / 1 cells occupied
    level 1: 6 / 8 cells occupied
    level 2: 28 / 64 cells occupied
    level 3: 96 / 512 cells occupied
    level 4: 140 / 4096 cells occupied
  Field[2] 'screen_field' levels:0 dims:2
    bounds X:[0.0000,800.0000] Y:[0.0000,600.0000] Z:[0.0000,1.0000]
    level 0: 0 / 1 cells occupied

[F2: enable fetch timing]

---
=== HOLLOWS ENGINE ===
FPS: 266 | Pixel: 3.2ms | Input: 0.000ms | Texture: 0.488ms
Camera: [0.00, -0.18, 4.60]

--- DATA (valid / total) ---
  Bool               1 / 1
  Int                5 / 5
  I64                2 / 2
  F32                5 / 5
  F64                2 / 2
  CString            6 / 6
  Vec3               1 / 1
  Vertex             140 / 140
  Model              1 / 1
  Texture            1 / 1
  Bounds             260289 / 260289
  Debug_Stats        1 / 1
  FrameData          1 / 1
  Strings_Builder    1 / 1
  DataPoint          1 / 1
  Field              3 / 3
  Metadata           260460 / 260460
  TOTAL              520920 / 520920

--- FETCHES (edit / copy / set) ---
  Int                363889 / 0 / 0
  I64                1008 / 0 / 0
  F32                504 / 0 / 0
  F64                504 / 0 / 0
  Vec3               1513 / 0 / 0
  Texture            504 / 0 / 0
  Bounds             49733208 / 0 / 0
  Debug_Stats        2520 / 0 / 0
  DataPoint          504 / 0 / 0
  Field              504 / 0 / 0

--- FIELD OCCUPANCY ---
  Field[0] 'world_field' levels:4 dims:3
    bounds X:[-8.0000,8.0000] Y:[-8.0000,8.0000] Z:[-8.0000,8.0000]
    level 0: 1 / 1 cells occupied
    level 1: 2 / 8 cells occupied
    level 2: 4 / 64 cells occupied
    level 3: 6 / 512 cells occupied
    level 4: 6 / 4096 cells occupied
  Field[1] 'model_field' levels:4 dims:3
    bounds X:[-1.0000,1.0000] Y:[-1.0000,1.0000] Z:[-1.0000,1.0000]
    level 0: 1 / 1 cells occupied
    level 1: 6 / 8 cells occupied
    level 2: 28 / 64 cells occupied
    level 3: 96 / 512 cells occupied
    level 4: 140 / 4096 cells occupied
  Field[2] 'screen_field' levels:0 dims:2
    bounds X:[0.0000,800.0000] Y:[0.0000,600.0000] Z:[0.0000,1.0000]
    level 0: 0 / 1 cells occupied

[F2: enable fetch timing]

---
=== HOLLOWS ENGINE ===
FPS: 264 | Pixel: 3.2ms | Input: 0.000ms | Texture: 0.499ms
Camera: [0.00, -0.18, 4.60]

--- DATA (valid / total) ---
  Bool               1 / 1
  Int                5 / 5
  I64                2 / 2
  F32                5 / 5
  F64                2 / 2
  CString            6 / 6
  Vec3               1 / 1
  Vertex             140 / 140
  Model              1 / 1
  Texture            1 / 1
  Bounds             260289 / 260289
  Debug_Stats        1 / 1
  FrameData          1 / 1
  Strings_Builder    1 / 1
  DataPoint          1 / 1
  Field              3 / 3
  Metadata           260460 / 260460
  TOTAL              520920 / 520920

--- FETCHES (edit / copy / set) ---
  Int                354503 / 0 / 0
  I64                982 / 0 / 0
  F32                491 / 0 / 0
  F64                491 / 0 / 0
  Vec3               1474 / 0 / 0
  Texture            491 / 0 / 0
  Bounds             48450407 / 0 / 0
  Debug_Stats        2455 / 0 / 0
  DataPoint          491 / 0 / 0
  Field              491 / 0 / 0

--- FIELD OCCUPANCY ---
  Field[0] 'world_field' levels:4 dims:3
    bounds X:[-8.0000,8.0000] Y:[-8.0000,8.0000] Z:[-8.0000,8.0000]
    level 0: 1 / 1 cells occupied
    level 1: 2 / 8 cells occupied
    level 2: 4 / 64 cells occupied
    level 3: 6 / 512 cells occupied
    level 4: 6 / 4096 cells occupied
  Field[1] 'model_field' levels:4 dims:3
    bounds X:[-1.0000,1.0000] Y:[-1.0000,1.0000] Z:[-1.0000,1.0000]
    level 0: 1 / 1 cells occupied
    level 1: 6 / 8 cells occupied
    level 2: 28 / 64 cells occupied
    level 3: 96 / 512 cells occupied
    level 4: 140 / 4096 cells occupied
  Field[2] 'screen_field' levels:0 dims:2
    bounds X:[0.0000,800.0000] Y:[0.0000,600.0000] Z:[0.0000,1.0000]
    level 0: 0 / 1 cells occupied

[F2: enable fetch timing]

---
=== HOLLOWS ENGINE ===
FPS: 262 | Pixel: 3.2ms | Input: 0.000ms | Texture: 0.498ms
Camera: [0.00, -0.18, 4.60]

--- DATA (valid / total) ---
  Bool               1 / 1
  Int                5 / 5
  I64                2 / 2
  F32                5 / 5
  F64                2 / 2
  CString            6 / 6
  Vec3               1 / 1
  Vertex             140 / 140
  Model              1 / 1
  Texture            1 / 1
  Bounds             260289 / 260289
  Debug_Stats        1 / 1
  FrameData          1 / 1
  Strings_Builder    1 / 1
  DataPoint          1 / 1
  Field              3 / 3
  Metadata           260460 / 260460
  TOTAL              520920 / 520920

--- FETCHES (edit / copy / set) ---
  Int                363889 / 0 / 0
  I64                1008 / 0 / 0
  F32                504 / 0 / 0
  F64                504 / 0 / 0
  Vec3               1513 / 0 / 0
  Texture            504 / 0 / 0
  Bounds             49733208 / 0 / 0
  Debug_Stats        2520 / 0 / 0
  DataPoint          504 / 0 / 0
  Field              504 / 0 / 0

--- FIELD OCCUPANCY ---
  Field[0] 'world_field' levels:4 dims:3
    bounds X:[-8.0000,8.0000] Y:[-8.0000,8.0000] Z:[-8.0000,8.0000]
    level 0: 1 / 1 cells occupied
    level 1: 2 / 8 cells occupied
    level 2: 4 / 64 cells occupied
    level 3: 6 / 512 cells occupied
    level 4: 6 / 4096 cells occupied
  Field[1] 'model_field' levels:4 dims:3
    bounds X:[-1.0000,1.0000] Y:[-1.0000,1.0000] Z:[-1.0000,1.0000]
    level 0: 1 / 1 cells occupied
    level 1: 6 / 8 cells occupied
    level 2: 28 / 64 cells occupied
    level 3: 96 / 512 cells occupied
    level 4: 140 / 4096 cells occupied
  Field[2] 'screen_field' levels:0 dims:2
    bounds X:[0.0000,800.0000] Y:[0.0000,600.0000] Z:[0.0000,1.0000]
    level 0: 0 / 1 cells occupied

[F2: enable fetch timing]

---
=== HOLLOWS ENGINE ===
FPS: 264 | Pixel: 3.4ms | Input: 0.000ms | Texture: 0.490ms
Camera: [0.00, -0.18, 4.60]

--- DATA (valid / total) ---
  Bool               1 / 1
  Int                5 / 5
  I64                2 / 2
  F32                5 / 5
  F64                2 / 2
  CString            6 / 6
  Vec3               1 / 1
  Vertex             140 / 140
  Model              1 / 1
  Texture            1 / 1
  Bounds             260289 / 260289
  Debug_Stats        1 / 1
  FrameData          1 / 1
  Strings_Builder    1 / 1
  DataPoint          1 / 1
  Field              3 / 3
  Metadata           260460 / 260460
  TOTAL              520920 / 520920

--- FETCHES (edit / copy / set) ---
  Int                358113 / 0 / 0
  I64                992 / 0 / 0
  F32                496 / 0 / 0
  F64                496 / 0 / 0
  Vec3               1489 / 0 / 0
  Texture            496 / 0 / 0
  Bounds             48943792 / 0 / 0
  Debug_Stats        2480 / 0 / 0
  DataPoint          496 / 0 / 0
  Field              496 / 0 / 0

--- FIELD OCCUPANCY ---
  Field[0] 'world_field' levels:4 dims:3
    bounds X:[-8.0000,8.0000] Y:[-8.0000,8.0000] Z:[-8.0000,8.0000]
    level 0: 1 / 1 cells occupied
    level 1: 2 / 8 cells occupied
    level 2: 4 / 64 cells occupied
    level 3: 6 / 512 cells occupied
    level 4: 6 / 4096 cells occupied
  Field[1] 'model_field' levels:4 dims:3
    bounds X:[-1.0000,1.0000] Y:[-1.0000,1.0000] Z:[-1.0000,1.0000]
    level 0: 1 / 1 cells occupied
    level 1: 6 / 8 cells occupied
    level 2: 28 / 64 cells occupied
    level 3: 96 / 512 cells occupied
    level 4: 140 / 4096 cells occupied
  Field[2] 'screen_field' levels:0 dims:2
    bounds X:[0.0000,800.0000] Y:[0.0000,600.0000] Z:[0.0000,1.0000]
    level 0: 0 / 1 cells occupied

[F2: enable fetch timing]

---
=== HOLLOWS ENGINE ===
FPS: 264 | Pixel: 3.2ms | Input: 0.000ms | Texture: 0.496ms
Camera: [0.00, -0.18, 4.60]

--- DATA (valid / total) ---
  Bool               1 / 1
  Int                5 / 5
  I64                2 / 2
  F32                5 / 5
  F64                2 / 2
  CString            6 / 6
  Vec3               1 / 1
  Vertex             140 / 140
  Model              1 / 1
  Texture            1 / 1
  Bounds             260289 / 260289
  Debug_Stats        1 / 1
  FrameData          1 / 1
  Strings_Builder    1 / 1
  DataPoint          1 / 1
  Field              3 / 3
  Metadata           260460 / 260460
  TOTAL              520920 / 520920

--- FETCHES (edit / copy / set) ---
  Int                360279 / 0 / 0
  I64                998 / 0 / 0
  F32                499 / 0 / 0
  F64                499 / 0 / 0
  Vec3               1498 / 0 / 0
  Texture            499 / 0 / 0
  Bounds             49239823 / 0 / 0
  Debug_Stats        2495 / 0 / 0
  DataPoint          499 / 0 / 0
  Field              499 / 0 / 0

--- FIELD OCCUPANCY ---
  Field[0] 'world_field' levels:4 dims:3
    bounds X:[-8.0000,8.0000] Y:[-8.0000,8.0000] Z:[-8.0000,8.0000]
    level 0: 1 / 1 cells occupied
    level 1: 2 / 8 cells occupied
    level 2: 4 / 64 cells occupied
    level 3: 6 / 512 cells occupied
    level 4: 6 / 4096 cells occupied
  Field[1] 'model_field' levels:4 dims:3
    bounds X:[-1.0000,1.0000] Y:[-1.0000,1.0000] Z:[-1.0000,1.0000]
    level 0: 1 / 1 cells occupied
    level 1: 6 / 8 cells occupied
    level 2: 28 / 64 cells occupied
    level 3: 96 / 512 cells occupied
    level 4: 140 / 4096 cells occupied
  Field[2] 'screen_field' levels:0 dims:2
    bounds X:[0.0000,800.0000] Y:[0.0000,600.0000] Z:[0.0000,1.0000]
    level 0: 0 / 1 cells occupied

[F2: enable fetch timing]

---
=== HOLLOWS ENGINE ===
FPS: 266 | Pixel: 3.2ms | Input: 0.000ms | Texture: 0.499ms
Camera: [0.00, -0.18, 4.60]

--- DATA (valid / total) ---
  Bool               1 / 1
  Int                5 / 5
  I64                2 / 2
  F32                5 / 5
  F64                2 / 2
  CString            6 / 6
  Vec3               1 / 1
  Vertex             140 / 140
  Model              1 / 1
  Texture            1 / 1
  Bounds             260289 / 260289
  Debug_Stats        1 / 1
  FrameData          1 / 1
  Strings_Builder    1 / 1
  DataPoint          1 / 1
  Field              3 / 3
  Metadata           260460 / 260460
  TOTAL              520920 / 520920

--- FETCHES (edit / copy / set) ---
  Int                362445 / 0 / 0
  I64                1004 / 0 / 0
  F32                502 / 0 / 0
  F64                502 / 0 / 0
  Vec3               1507 / 0 / 0
  Texture            502 / 0 / 0
  Bounds             49535854 / 0 / 0
  Debug_Stats        2510 / 0 / 0
  DataPoint          502 / 0 / 0
  Field              502 / 0 / 0

--- FIELD OCCUPANCY ---
  Field[0] 'world_field' levels:4 dims:3
    bounds X:[-8.0000,8.0000] Y:[-8.0000,8.0000] Z:[-8.0000,8.0000]
    level 0: 1 / 1 cells occupied
    level 1: 2 / 8 cells occupied
    level 2: 4 / 64 cells occupied
    level 3: 6 / 512 cells occupied
    level 4: 6 / 4096 cells occupied
  Field[1] 'model_field' levels:4 dims:3
    bounds X:[-1.0000,1.0000] Y:[-1.0000,1.0000] Z:[-1.0000,1.0000]
    level 0: 1 / 1 cells occupied
    level 1: 6 / 8 cells occupied
    level 2: 28 / 64 cells occupied
    level 3: 96 / 512 cells occupied
    level 4: 140 / 4096 cells occupied
  Field[2] 'screen_field' levels:0 dims:2
    bounds X:[0.0000,800.0000] Y:[0.0000,600.0000] Z:[0.0000,1.0000]
    level 0: 0 / 1 cells occupied

[F2: enable fetch timing]

---
=== HOLLOWS ENGINE ===
FPS: 239 | Pixel: 3.5ms | Input: 0.000ms | Texture: 0.524ms
Camera: [0.00, -0.18, 4.60]

--- DATA (valid / total) ---
  Bool               1 / 1
  Int                5 / 5
  I64                2 / 2
  F32                5 / 5
  F64                2 / 2
  CString            6 / 6
  Vec3               1 / 1
  Vertex             140 / 140
  Model              1 / 1
  Texture            1 / 1
  Bounds             260289 / 260289
  Debug_Stats        1 / 1
  FrameData          1 / 1
  Strings_Builder    1 / 1
  DataPoint          1 / 1
  Field              3 / 3
  Metadata           260460 / 260460
  TOTAL              520920 / 520920

--- FETCHES (edit / copy / set) ---
  Int                355947 / 0 / 0
  I64                986 / 0 / 0
  F32                493 / 0 / 0
  F64                493 / 0 / 0
  Vec3               1480 / 0 / 0
  Texture            493 / 0 / 0
  Bounds             48647761 / 0 / 0
  Debug_Stats        2465 / 0 / 0
  DataPoint          493 / 0 / 0
  Field              493 / 0 / 0

--- FIELD OCCUPANCY ---
  Field[0] 'world_field' levels:4 dims:3
    bounds X:[-8.0000,8.0000] Y:[-8.0000,8.0000] Z:[-8.0000,8.0000]
    level 0: 1 / 1 cells occupied
    level 1: 2 / 8 cells occupied
    level 2: 4 / 64 cells occupied
    level 3: 6 / 512 cells occupied
    level 4: 6 / 4096 cells occupied
  Field[1] 'model_field' levels:4 dims:3
    bounds X:[-1.0000,1.0000] Y:[-1.0000,1.0000] Z:[-1.0000,1.0000]
    level 0: 1 / 1 cells occupied
    level 1: 6 / 8 cells occupied
    level 2: 28 / 64 cells occupied
    level 3: 96 / 512 cells occupied
    level 4: 140 / 4096 cells occupied
  Field[2] 'screen_field' levels:0 dims:2
    bounds X:[0.0000,800.0000] Y:[0.0000,600.0000] Z:[0.0000,1.0000]
    level 0: 0 / 1 cells occupied

[F2: enable fetch timing]

---
=== HOLLOWS ENGINE ===
FPS: 264 | Pixel: 3.2ms | Input: 0.000ms | Texture: 0.498ms
Camera: [0.00, -0.18, 4.60]

--- DATA (valid / total) ---
  Bool               1 / 1
  Int                5 / 5
  I64                2 / 2
  F32                5 / 5
  F64                2 / 2
  CString            6 / 6
  Vec3               1 / 1
  Vertex             140 / 140
  Model              1 / 1
  Texture            1 / 1
  Bounds             260289 / 260289
  Debug_Stats        1 / 1
  FrameData          1 / 1
  Strings_Builder    1 / 1
  DataPoint          1 / 1
  Field              3 / 3
  Metadata           260460 / 260460
  TOTAL              520920 / 520920

--- FETCHES (edit / copy / set) ---
  Int                362445 / 0 / 0
  I64                1004 / 0 / 0
  F32                502 / 0 / 0
  F64                502 / 0 / 0
  Vec3               1507 / 0 / 0
  Texture            502 / 0 / 0
  Bounds             49535854 / 0 / 0
  Debug_Stats        2510 / 0 / 0
  DataPoint          502 / 0 / 0
  Field              502 / 0 / 0

--- FIELD OCCUPANCY ---
  Field[0] 'world_field' levels:4 dims:3
    bounds X:[-8.0000,8.0000] Y:[-8.0000,8.0000] Z:[-8.0000,8.0000]
    level 0: 1 / 1 cells occupied
    level 1: 2 / 8 cells occupied
    level 2: 4 / 64 cells occupied
    level 3: 6 / 512 cells occupied
    level 4: 6 / 4096 cells occupied
  Field[1] 'model_field' levels:4 dims:3
    bounds X:[-1.0000,1.0000] Y:[-1.0000,1.0000] Z:[-1.0000,1.0000]
    level 0: 1 / 1 cells occupied
    level 1: 6 / 8 cells occupied
    level 2: 28 / 64 cells occupied
    level 3: 96 / 512 cells occupied
    level 4: 140 / 4096 cells occupied
  Field[2] 'screen_field' levels:0 dims:2
    bounds X:[0.0000,800.0000] Y:[0.0000,600.0000] Z:[0.0000,1.0000]
    level 0: 0 / 1 cells occupied

[F2: enable fetch timing]

---
=== HOLLOWS ENGINE ===
FPS: 238 | Pixel: 3.6ms | Input: 0.000ms | Texture: 0.537ms
Camera: [0.00, -0.18, 4.60]

--- DATA (valid / total) ---
  Bool               1 / 1
  Int                5 / 5
  I64                2 / 2
  F32                5 / 5
  F64                2 / 2
  CString            6 / 6
  Vec3               1 / 1
  Vertex             140 / 140
  Model              1 / 1
  Texture            1 / 1
  Bounds             260289 / 260289
  Debug_Stats        1 / 1
  FrameData          1 / 1
  Strings_Builder    1 / 1
  DataPoint          1 / 1
  Field              3 / 3
  Metadata           260460 / 260460
  TOTAL              520920 / 520920

--- FETCHES (edit / copy / set) ---
  Int                358835 / 0 / 0
  I64                994 / 0 / 0
  F32                497 / 0 / 0
  F64                497 / 0 / 0
  Vec3               1492 / 0 / 0
  Texture            497 / 0 / 0
  Bounds             49042469 / 0 / 0
  Debug_Stats        2485 / 0 / 0
  DataPoint          497 / 0 / 0
  Field              497 / 0 / 0

--- FIELD OCCUPANCY ---
  Field[0] 'world_field' levels:4 dims:3
    bounds X:[-8.0000,8.0000] Y:[-8.0000,8.0000] Z:[-8.0000,8.0000]
    level 0: 1 / 1 cells occupied
    level 1: 2 / 8 cells occupied
    level 2: 4 / 64 cells occupied
    level 3: 6 / 512 cells occupied
    level 4: 6 / 4096 cells occupied
  Field[1] 'model_field' levels:4 dims:3
    bounds X:[-1.0000,1.0000] Y:[-1.0000,1.0000] Z:[-1.0000,1.0000]
    level 0: 1 / 1 cells occupied
    level 1: 6 / 8 cells occupied
    level 2: 28 / 64 cells occupied
    level 3: 96 / 512 cells occupied
    level 4: 140 / 4096 cells occupied
  Field[2] 'screen_field' levels:0 dims:2
    bounds X:[0.0000,800.0000] Y:[0.0000,600.0000] Z:[0.0000,1.0000]
    level 0: 0 / 1 cells occupied

[F2: enable fetch timing]

---
=== HOLLOWS ENGINE ===
FPS: 266 | Pixel: 3.2ms | Input: 0.000ms | Texture: 0.497ms
Camera: [0.00, -0.18, 4.60]

--- DATA (valid / total) ---
  Bool               1 / 1
  Int                5 / 5
  I64                2 / 2
  F32                5 / 5
  F64                2 / 2
  CString            6 / 6
  Vec3               1 / 1
  Vertex             140 / 140
  Model              1 / 1
  Texture            1 / 1
  Bounds             260289 / 260289
  Debug_Stats        1 / 1
  FrameData          1 / 1
  Strings_Builder    1 / 1
  DataPoint          1 / 1
  Field              3 / 3
  Metadata           260460 / 260460
  TOTAL              520920 / 520920

--- FETCHES (edit / copy / set) ---
  Int                363889 / 0 / 0
  I64                1008 / 0 / 0
  F32                504 / 0 / 0
  F64                504 / 0 / 0
  Vec3               1513 / 0 / 0
  Texture            504 / 0 / 0
  Bounds             49733208 / 0 / 0
  Debug_Stats        2520 / 0 / 0
  DataPoint          504 / 0 / 0
  Field              504 / 0 / 0

--- FIELD OCCUPANCY ---
  Field[0] 'world_field' levels:4 dims:3
    bounds X:[-8.0000,8.0000] Y:[-8.0000,8.0000] Z:[-8.0000,8.0000]
    level 0: 1 / 1 cells occupied
    level 1: 2 / 8 cells occupied
    level 2: 4 / 64 cells occupied
    level 3: 6 / 512 cells occupied
    level 4: 6 / 4096 cells occupied
  Field[1] 'model_field' levels:4 dims:3
    bounds X:[-1.0000,1.0000] Y:[-1.0000,1.0000] Z:[-1.0000,1.0000]
    level 0: 1 / 1 cells occupied
    level 1: 6 / 8 cells occupied
    level 2: 28 / 64 cells occupied
    level 3: 96 / 512 cells occupied
    level 4: 140 / 4096 cells occupied
  Field[2] 'screen_field' levels:0 dims:2
    bounds X:[0.0000,800.0000] Y:[0.0000,600.0000] Z:[0.0000,1.0000]
    level 0: 0 / 1 cells occupied

[F2: enable fetch timing]

---
=== HOLLOWS ENGINE ===
FPS: 265 | Pixel: 3.2ms | Input: 0.000ms | Texture: 0.503ms
Camera: [0.00, -0.18, 4.60]

--- DATA (valid / total) ---
  Bool               1 / 1
  Int                5 / 5
  I64                2 / 2
  F32                5 / 5
  F64                2 / 2
  CString            6 / 6
  Vec3               1 / 1
  Vertex             140 / 140
  Model              1 / 1
  Texture            1 / 1
  Bounds             260289 / 260289
  Debug_Stats        1 / 1
  FrameData          1 / 1
  Strings_Builder    1 / 1
  DataPoint          1 / 1
  Field              3 / 3
  Metadata           260460 / 260460
  TOTAL              520920 / 520920

--- FETCHES (edit / copy / set) ---
  Int                374719 / 0 / 0
  I64                1038 / 0 / 0
  F32                519 / 0 / 0
  F64                519 / 0 / 0
  Vec3               1558 / 0 / 0
  Texture            519 / 0 / 0
  Bounds             51213363 / 0 / 0
  Debug_Stats        2595 / 0 / 0
  DataPoint          519 / 0 / 0
  Field              519 / 0 / 0

--- FIELD OCCUPANCY ---
  Field[0] 'world_field' levels:4 dims:3
    bounds X:[-8.0000,8.0000] Y:[-8.0000,8.0000] Z:[-8.0000,8.0000]
    level 0: 1 / 1 cells occupied
    level 1: 2 / 8 cells occupied
    level 2: 4 / 64 cells occupied
    level 3: 6 / 512 cells occupied
    level 4: 6 / 4096 cells occupied
  Field[1] 'model_field' levels:4 dims:3
    bounds X:[-1.0000,1.0000] Y:[-1.0000,1.0000] Z:[-1.0000,1.0000]
    level 0: 1 / 1 cells occupied
    level 1: 6 / 8 cells occupied
    level 2: 28 / 64 cells occupied
    level 3: 96 / 512 cells occupied
    level 4: 140 / 4096 cells occupied
  Field[2] 'screen_field' levels:0 dims:2
    bounds X:[0.0000,800.0000] Y:[0.0000,600.0000] Z:[0.0000,1.0000]
    level 0: 0 / 1 cells occupied

[F2: enable fetch timing]

---
=== HOLLOWS ENGINE ===
FPS: 266 | Pixel: 3.2ms | Input: 0.000ms | Texture: 0.497ms
Camera: [0.00, -0.18, 4.60]

--- DATA (valid / total) ---
  Bool               1 / 1
  Int                5 / 5
  I64                2 / 2
  F32                5 / 5
  F64                2 / 2
  CString            6 / 6
  Vec3               1 / 1
  Vertex             140 / 140
  Model              1 / 1
  Texture            1 / 1
  Bounds             260289 / 260289
  Debug_Stats        1 / 1
  FrameData          1 / 1
  Strings_Builder    1 / 1
  DataPoint          1 / 1
  Field              3 / 3
  Metadata           260460 / 260460
  TOTAL              520920 / 520920

--- FETCHES (edit / copy / set) ---
  Int                365333 / 0 / 0
  I64                1012 / 0 / 0
  F32                506 / 0 / 0
  F64                506 / 0 / 0
  Vec3               1519 / 0 / 0
  Texture            506 / 0 / 0
  Bounds             49930562 / 0 / 0
  Debug_Stats        2530 / 0 / 0
  DataPoint          506 / 0 / 0
  Field              506 / 0 / 0

--- FIELD OCCUPANCY ---
  Field[0] 'world_field' levels:4 dims:3
    bounds X:[-8.0000,8.0000] Y:[-8.0000,8.0000] Z:[-8.0000,8.0000]
    level 0: 1 / 1 cells occupied
    level 1: 2 / 8 cells occupied
    level 2: 4 / 64 cells occupied
    level 3: 6 / 512 cells occupied
    level 4: 6 / 4096 cells occupied
  Field[1] 'model_field' levels:4 dims:3
    bounds X:[-1.0000,1.0000] Y:[-1.0000,1.0000] Z:[-1.0000,1.0000]
    level 0: 1 / 1 cells occupied
    level 1: 6 / 8 cells occupied
    level 2: 28 / 64 cells occupied
    level 3: 96 / 512 cells occupied
    level 4: 140 / 4096 cells occupied
  Field[2] 'screen_field' levels:0 dims:2
    bounds X:[0.0000,800.0000] Y:[0.0000,600.0000] Z:[0.0000,1.0000]
    level 0: 0 / 1 cells occupied

[F2: enable fetch timing]

---
=== HOLLOWS ENGINE ===
FPS: 264 | Pixel: 3.2ms | Input: 0.000ms | Texture: 0.494ms
Camera: [0.00, -0.18, 4.60]

--- DATA (valid / total) ---
  Bool               1 / 1
  Int                5 / 5
  I64                2 / 2
  F32                5 / 5
  F64                2 / 2
  CString            6 / 6
  Vec3               1 / 1
  Vertex             140 / 140
  Model              1 / 1
  Texture            1 / 1
  Bounds             260289 / 260289
  Debug_Stats        1 / 1
  FrameData          1 / 1
  Strings_Builder    1 / 1
  DataPoint          1 / 1
  Field              3 / 3
  Metadata           260460 / 260460
  TOTAL              520920 / 520920

--- FETCHES (edit / copy / set) ---
  Int                373275 / 0 / 0
  I64                1034 / 0 / 0
  F32                517 / 0 / 0
  F64                517 / 0 / 0
  Vec3               1552 / 0 / 0
  Texture            517 / 0 / 0
  Bounds             51016009 / 0 / 0
  Debug_Stats        2585 / 0 / 0
  DataPoint          517 / 0 / 0
  Field              517 / 0 / 0

--- FIELD OCCUPANCY ---
  Field[0] 'world_field' levels:4 dims:3
    bounds X:[-8.0000,8.0000] Y:[-8.0000,8.0000] Z:[-8.0000,8.0000]
    level 0: 1 / 1 cells occupied
    level 1: 2 / 8 cells occupied
    level 2: 4 / 64 cells occupied
    level 3: 6 / 512 cells occupied
    level 4: 6 / 4096 cells occupied
  Field[1] 'model_field' levels:4 dims:3
    bounds X:[-1.0000,1.0000] Y:[-1.0000,1.0000] Z:[-1.0000,1.0000]
    level 0: 1 / 1 cells occupied
    level 1: 6 / 8 cells occupied
    level 2: 28 / 64 cells occupied
    level 3: 96 / 512 cells occupied
    level 4: 140 / 4096 cells occupied
  Field[2] 'screen_field' levels:0 dims:2
    bounds X:[0.0000,800.0000] Y:[0.0000,600.0000] Z:[0.0000,1.0000]
    level 0: 0 / 1 cells occupied

[F2: enable fetch timing]

---
=== HOLLOWS ENGINE ===
FPS: 265 | Pixel: 3.2ms | Input: 0.000ms | Texture: 0.497ms
Camera: [0.00, -0.18, 4.60]

--- DATA (valid / total) ---
  Bool               1 / 1
  Int                5 / 5
  I64                2 / 2
  F32                5 / 5
  F64                2 / 2
  CString            6 / 6
  Vec3               1 / 1
  Vertex             140 / 140
  Model              1 / 1
  Texture            1 / 1
  Bounds             260289 / 260289
  Debug_Stats        1 / 1
  FrameData          1 / 1
  Strings_Builder    1 / 1
  DataPoint          1 / 1
  Field              3 / 3
  Metadata           260460 / 260460
  TOTAL              520920 / 520920

--- FETCHES (edit / copy / set) ---
  Int                372553 / 0 / 0
  I64                1032 / 0 / 0
  F32                516 / 0 / 0
  F64                516 / 0 / 0
  Vec3               1549 / 0 / 0
  Texture            516 / 0 / 0
  Bounds             50917332 / 0 / 0
  Debug_Stats        2580 / 0 / 0
  DataPoint          516 / 0 / 0
  Field              516 / 0 / 0

--- FIELD OCCUPANCY ---
  Field[0] 'world_field' levels:4 dims:3
    bounds X:[-8.0000,8.0000] Y:[-8.0000,8.0000] Z:[-8.0000,8.0000]
    level 0: 1 / 1 cells occupied
    level 1: 2 / 8 cells occupied
    level 2: 4 / 64 cells occupied
    level 3: 6 / 512 cells occupied
    level 4: 6 / 4096 cells occupied
  Field[1] 'model_field' levels:4 dims:3
    bounds X:[-1.0000,1.0000] Y:[-1.0000,1.0000] Z:[-1.0000,1.0000]
    level 0: 1 / 1 cells occupied
    level 1: 6 / 8 cells occupied
    level 2: 28 / 64 cells occupied
    level 3: 96 / 512 cells occupied
    level 4: 140 / 4096 cells occupied
  Field[2] 'screen_field' levels:0 dims:2
    bounds X:[0.0000,800.0000] Y:[0.0000,600.0000] Z:[0.0000,1.0000]
    level 0: 0 / 1 cells occupied

[F2: enable fetch timing]

---
=== HOLLOWS ENGINE ===
FPS: 264 | Pixel: 3.3ms | Input: 0.000ms | Texture: 0.495ms
Camera: [0.00, -0.18, 4.60]

--- DATA (valid / total) ---
  Bool               1 / 1
  Int                5 / 5
  I64                2 / 2
  F32                5 / 5
  F64                2 / 2
  CString            6 / 6
  Vec3               1 / 1
  Vertex             140 / 140
  Model              1 / 1
  Texture            1 / 1
  Bounds             260289 / 260289
  Debug_Stats        1 / 1
  FrameData          1 / 1
  Strings_Builder    1 / 1
  DataPoint          1 / 1
  Field              3 / 3
  Metadata           260460 / 260460
  TOTAL              520920 / 520920

--- FETCHES (edit / copy / set) ---
  Int                368221 / 0 / 0
  I64                1020 / 0 / 0
  F32                510 / 0 / 0
  F64                510 / 0 / 0
  Vec3               1531 / 0 / 0
  Texture            510 / 0 / 0
  Bounds             50325270 / 0 / 0
  Debug_Stats        2550 / 0 / 0
  DataPoint          510 / 0 / 0
  Field              510 / 0 / 0

--- FIELD OCCUPANCY ---
  Field[0] 'world_field' levels:4 dims:3
    bounds X:[-8.0000,8.0000] Y:[-8.0000,8.0000] Z:[-8.0000,8.0000]
    level 0: 1 / 1 cells occupied
    level 1: 2 / 8 cells occupied
    level 2: 4 / 64 cells occupied
    level 3: 6 / 512 cells occupied
    level 4: 6 / 4096 cells occupied
  Field[1] 'model_field' levels:4 dims:3
    bounds X:[-1.0000,1.0000] Y:[-1.0000,1.0000] Z:[-1.0000,1.0000]
    level 0: 1 / 1 cells occupied
    level 1: 6 / 8 cells occupied
    level 2: 28 / 64 cells occupied
    level 3: 96 / 512 cells occupied
    level 4: 140 / 4096 cells occupied
  Field[2] 'screen_field' levels:0 dims:2
    bounds X:[0.0000,800.0000] Y:[0.0000,600.0000] Z:[0.0000,1.0000]
    level 0: 0 / 1 cells occupied

[F2: enable fetch timing]

---
=== HOLLOWS ENGINE ===
FPS: 242 | Pixel: 3.5ms | Input: 0.000ms | Texture: 0.546ms
Camera: [0.00, -0.18, 4.60]

--- DATA (valid / total) ---
  Bool               1 / 1
  Int                5 / 5
  I64                2 / 2
  F32                5 / 5
  F64                2 / 2
  CString            6 / 6
  Vec3               1 / 1
  Vertex             140 / 140
  Model              1 / 1
  Texture            1 / 1
  Bounds             260289 / 260289
  Debug_Stats        1 / 1
  FrameData          1 / 1
  Strings_Builder    1 / 1
  DataPoint          1 / 1
  Field              3 / 3
  Metadata           260460 / 260460
  TOTAL              520920 / 520920

--- FETCHES (edit / copy / set) ---
  Int                368943 / 0 / 0
  I64                1022 / 0 / 0
  F32                511 / 0 / 0
  F64                511 / 0 / 0
  Vec3               1534 / 0 / 0
  Texture            511 / 0 / 0
  Bounds             50423947 / 0 / 0
  Debug_Stats        2555 / 0 / 0
  DataPoint          511 / 0 / 0
  Field              511 / 0 / 0

--- FIELD OCCUPANCY ---
  Field[0] 'world_field' levels:4 dims:3
    bounds X:[-8.0000,8.0000] Y:[-8.0000,8.0000] Z:[-8.0000,8.0000]
    level 0: 1 / 1 cells occupied
    level 1: 2 / 8 cells occupied
    level 2: 4 / 64 cells occupied
    level 3: 6 / 512 cells occupied
    level 4: 6 / 4096 cells occupied
  Field[1] 'model_field' levels:4 dims:3
    bounds X:[-1.0000,1.0000] Y:[-1.0000,1.0000] Z:[-1.0000,1.0000]
    level 0: 1 / 1 cells occupied
    level 1: 6 / 8 cells occupied
    level 2: 28 / 64 cells occupied
    level 3: 96 / 512 cells occupied
    level 4: 140 / 4096 cells occupied
  Field[2] 'screen_field' levels:0 dims:2
    bounds X:[0.0000,800.0000] Y:[0.0000,600.0000] Z:[0.0000,1.0000]
    level 0: 0 / 1 cells occupied

[F2: enable fetch timing]

---
=== HOLLOWS ENGINE ===
FPS: 264 | Pixel: 3.4ms | Input: 0.000ms | Texture: 0.501ms
Camera: [0.00, -0.18, 4.60]

--- DATA (valid / total) ---
  Bool               1 / 1
  Int                5 / 5
  I64                2 / 2
  F32                5 / 5
  F64                2 / 2
  CString            6 / 6
  Vec3               1 / 1
  Vertex             140 / 140
  Model              1 / 1
  Texture            1 / 1
  Bounds             260289 / 260289
  Debug_Stats        1 / 1
  FrameData          1 / 1
  Strings_Builder    1 / 1
  DataPoint          1 / 1
  Field              3 / 3
  Metadata           260460 / 260460
  TOTAL              520920 / 520920

--- FETCHES (edit / copy / set) ---
  Int                366055 / 0 / 0
  I64                1014 / 0 / 0
  F32                507 / 0 / 0
  F64                507 / 0 / 0
  Vec3               1522 / 0 / 0
  Texture            507 / 0 / 0
  Bounds             50029239 / 0 / 0
  Debug_Stats        2535 / 0 / 0
  DataPoint          507 / 0 / 0
  Field              507 / 0 / 0

--- FIELD OCCUPANCY ---
  Field[0] 'world_field' levels:4 dims:3
    bounds X:[-8.0000,8.0000] Y:[-8.0000,8.0000] Z:[-8.0000,8.0000]
    level 0: 1 / 1 cells occupied
    level 1: 2 / 8 cells occupied
    level 2: 4 / 64 cells occupied
    level 3: 6 / 512 cells occupied
    level 4: 6 / 4096 cells occupied
  Field[1] 'model_field' levels:4 dims:3
    bounds X:[-1.0000,1.0000] Y:[-1.0000,1.0000] Z:[-1.0000,1.0000]
    level 0: 1 / 1 cells occupied
    level 1: 6 / 8 cells occupied
    level 2: 28 / 64 cells occupied
    level 3: 96 / 512 cells occupied
    level 4: 140 / 4096 cells occupied
  Field[2] 'screen_field' levels:0 dims:2
    bounds X:[0.0000,800.0000] Y:[0.0000,600.0000] Z:[0.0000,1.0000]
    level 0: 0 / 1 cells occupied

[F2: enable fetch timing]

---
=== HOLLOWS ENGINE ===
FPS: 264 | Pixel: 3.2ms | Input: 0.000ms | Texture: 0.490ms
Camera: [0.00, -0.18, 4.60]

--- DATA (valid / total) ---
  Bool               1 / 1
  Int                5 / 5
  I64                2 / 2
  F32                5 / 5
  F64                2 / 2
  CString            6 / 6
  Vec3               1 / 1
  Vertex             140 / 140
  Model              1 / 1
  Texture            1 / 1
  Bounds             260289 / 260289
  Debug_Stats        1 / 1
  FrameData          1 / 1
  Strings_Builder    1 / 1
  DataPoint          1 / 1
  Field              3 / 3
  Metadata           260460 / 260460
  TOTAL              520920 / 520920

--- FETCHES (edit / copy / set) ---
  Int                358835 / 0 / 0
  I64                994 / 0 / 0
  F32                497 / 0 / 0
  F64                497 / 0 / 0
  Vec3               1492 / 0 / 0
  Texture            497 / 0 / 0
  Bounds             49042469 / 0 / 0
  Debug_Stats        2485 / 0 / 0
  DataPoint          497 / 0 / 0
  Field              497 / 0 / 0

--- FIELD OCCUPANCY ---
  Field[0] 'world_field' levels:4 dims:3
    bounds X:[-8.0000,8.0000] Y:[-8.0000,8.0000] Z:[-8.0000,8.0000]
    level 0: 1 / 1 cells occupied
    level 1: 2 / 8 cells occupied
    level 2: 4 / 64 cells occupied
    level 3: 6 / 512 cells occupied
    level 4: 6 / 4096 cells occupied
  Field[1] 'model_field' levels:4 dims:3
    bounds X:[-1.0000,1.0000] Y:[-1.0000,1.0000] Z:[-1.0000,1.0000]
    level 0: 1 / 1 cells occupied
    level 1: 6 / 8 cells occupied
    level 2: 28 / 64 cells occupied
    level 3: 96 / 512 cells occupied
    level 4: 140 / 4096 cells occupied
  Field[2] 'screen_field' levels:0 dims:2
    bounds X:[0.0000,800.0000] Y:[0.0000,600.0000] Z:[0.0000,1.0000]
    level 0: 0 / 1 cells occupied

[F2: enable fetch timing]

---
=== HOLLOWS ENGINE ===
FPS: 259 | Pixel: 3.2ms | Input: 0.000ms | Texture: 0.497ms
Camera: [0.00, -0.18, 4.60]

--- DATA (valid / total) ---
  Bool               1 / 1
  Int                5 / 5
  I64                2 / 2
  F32                5 / 5
  F64                2 / 2
  CString            6 / 6
  Vec3               1 / 1
  Vertex             140 / 140
  Model              1 / 1
  Texture            1 / 1
  Bounds             260289 / 260289
  Debug_Stats        1 / 1
  FrameData          1 / 1
  Strings_Builder    1 / 1
  DataPoint          1 / 1
  Field              3 / 3
  Metadata           260460 / 260460
  TOTAL              520920 / 520920

--- FETCHES (edit / copy / set) ---
  Int                365333 / 0 / 0
  I64                1012 / 0 / 0
  F32                506 / 0 / 0
  F64                506 / 0 / 0
  Vec3               1519 / 0 / 0
  Texture            506 / 0 / 0
  Bounds             49930562 / 0 / 0
  Debug_Stats        2530 / 0 / 0
  DataPoint          506 / 0 / 0
  Field              506 / 0 / 0

--- FIELD OCCUPANCY ---
  Field[0] 'world_field' levels:4 dims:3
    bounds X:[-8.0000,8.0000] Y:[-8.0000,8.0000] Z:[-8.0000,8.0000]
    level 0: 1 / 1 cells occupied
    level 1: 2 / 8 cells occupied
    level 2: 4 / 64 cells occupied
    level 3: 6 / 512 cells occupied
    level 4: 6 / 4096 cells occupied
  Field[1] 'model_field' levels:4 dims:3
    bounds X:[-1.0000,1.0000] Y:[-1.0000,1.0000] Z:[-1.0000,1.0000]
    level 0: 1 / 1 cells occupied
    level 1: 6 / 8 cells occupied
    level 2: 28 / 64 cells occupied
    level 3: 96 / 512 cells occupied
    level 4: 140 / 4096 cells occupied
  Field[2] 'screen_field' levels:0 dims:2
    bounds X:[0.0000,800.0000] Y:[0.0000,600.0000] Z:[0.0000,1.0000]
    level 0: 0 / 1 cells occupied

[F2: enable fetch timing]

---
=== HOLLOWS ENGINE ===
FPS: 265 | Pixel: 3.2ms | Input: 0.000ms | Texture: 0.503ms
Camera: [0.00, -0.18, 4.60]

--- DATA (valid / total) ---
  Bool               1 / 1
  Int                5 / 5
  I64                2 / 2
  F32                5 / 5
  F64                2 / 2
  CString            6 / 6
  Vec3               1 / 1
  Vertex             140 / 140
  Model              1 / 1
  Texture            1 / 1
  Bounds             260289 / 260289
  Debug_Stats        1 / 1
  FrameData          1 / 1
  Strings_Builder    1 / 1
  DataPoint          1 / 1
  Field              3 / 3
  Metadata           260460 / 260460
  TOTAL              520920 / 520920

--- FETCHES (edit / copy / set) ---
  Int                373275 / 0 / 0
  I64                1034 / 0 / 0
  F32                517 / 0 / 0
  F64                517 / 0 / 0
  Vec3               1552 / 0 / 0
  Texture            517 / 0 / 0
  Bounds             51016009 / 0 / 0
  Debug_Stats        2585 / 0 / 0
  DataPoint          517 / 0 / 0
  Field              517 / 0 / 0

--- FIELD OCCUPANCY ---
  Field[0] 'world_field' levels:4 dims:3
    bounds X:[-8.0000,8.0000] Y:[-8.0000,8.0000] Z:[-8.0000,8.0000]
    level 0: 1 / 1 cells occupied
    level 1: 2 / 8 cells occupied
    level 2: 4 / 64 cells occupied
    level 3: 6 / 512 cells occupied
    level 4: 6 / 4096 cells occupied
  Field[1] 'model_field' levels:4 dims:3
    bounds X:[-1.0000,1.0000] Y:[-1.0000,1.0000] Z:[-1.0000,1.0000]
    level 0: 1 / 1 cells occupied
    level 1: 6 / 8 cells occupied
    level 2: 28 / 64 cells occupied
    level 3: 96 / 512 cells occupied
    level 4: 140 / 4096 cells occupied
  Field[2] 'screen_field' levels:0 dims:2
    bounds X:[0.0000,800.0000] Y:[0.0000,600.0000] Z:[0.0000,1.0000]
    level 0: 0 / 1 cells occupied

[F2: enable fetch timing]

---
=== HOLLOWS ENGINE ===
FPS: 264 | Pixel: 3.2ms | Input: 0.000ms | Texture: 0.488ms
Camera: [0.00, -0.18, 4.60]

--- DATA (valid / total) ---
  Bool               1 / 1
  Int                5 / 5
  I64                2 / 2
  F32                5 / 5
  F64                2 / 2
  CString            6 / 6
  Vec3               1 / 1
  Vertex             140 / 140
  Model              1 / 1
  Texture            1 / 1
  Bounds             260289 / 260289
  Debug_Stats        1 / 1
  FrameData          1 / 1
  Strings_Builder    1 / 1
  DataPoint          1 / 1
  Field              3 / 3
  Metadata           260460 / 260460
  TOTAL              520920 / 520920

--- FETCHES (edit / copy / set) ---
  Int                369665 / 0 / 0
  I64                1024 / 0 / 0
  F32                512 / 0 / 0
  F64                512 / 0 / 0
  Vec3               1537 / 0 / 0
  Texture            512 / 0 / 0
  Bounds             50522624 / 0 / 0
  Debug_Stats        2560 / 0 / 0
  DataPoint          512 / 0 / 0
  Field              512 / 0 / 0

--- FIELD OCCUPANCY ---
  Field[0] 'world_field' levels:4 dims:3
    bounds X:[-8.0000,8.0000] Y:[-8.0000,8.0000] Z:[-8.0000,8.0000]
    level 0: 1 / 1 cells occupied
    level 1: 2 / 8 cells occupied
    level 2: 4 / 64 cells occupied
    level 3: 6 / 512 cells occupied
    level 4: 6 / 4096 cells occupied
  Field[1] 'model_field' levels:4 dims:3
    bounds X:[-1.0000,1.0000] Y:[-1.0000,1.0000] Z:[-1.0000,1.0000]
    level 0: 1 / 1 cells occupied
    level 1: 6 / 8 cells occupied
    level 2: 28 / 64 cells occupied
    level 3: 96 / 512 cells occupied
    level 4: 140 / 4096 cells occupied
  Field[2] 'screen_field' levels:0 dims:2
    bounds X:[0.0000,800.0000] Y:[0.0000,600.0000] Z:[0.0000,1.0000]
    level 0: 0 / 1 cells occupied

[F2: enable fetch timing]

---
=== HOLLOWS ENGINE ===
FPS: 263 | Pixel: 3.2ms | Input: 0.000ms | Texture: 0.488ms
Camera: [0.00, -0.18, 4.60]

--- DATA (valid / total) ---
  Bool               1 / 1
  Int                5 / 5
  I64                2 / 2
  F32                5 / 5
  F64                2 / 2
  CString            6 / 6
  Vec3               1 / 1
  Vertex             140 / 140
  Model              1 / 1
  Texture            1 / 1
  Bounds             260289 / 260289
  Debug_Stats        1 / 1
  FrameData          1 / 1
  Strings_Builder    1 / 1
  DataPoint          1 / 1
  Field              3 / 3
  Metadata           260460 / 260460
  TOTAL              520920 / 520920

--- FETCHES (edit / copy / set) ---
  Int                366055 / 0 / 0
  I64                1014 / 0 / 0
  F32                507 / 0 / 0
  F64                507 / 0 / 0
  Vec3               1522 / 0 / 0
  Texture            507 / 0 / 0
  Bounds             50029239 / 0 / 0
  Debug_Stats        2535 / 0 / 0
  DataPoint          507 / 0 / 0
  Field              507 / 0 / 0

--- FIELD OCCUPANCY ---
  Field[0] 'world_field' levels:4 dims:3
    bounds X:[-8.0000,8.0000] Y:[-8.0000,8.0000] Z:[-8.0000,8.0000]
    level 0: 1 / 1 cells occupied
    level 1: 2 / 8 cells occupied
    level 2: 4 / 64 cells occupied
    level 3: 6 / 512 cells occupied
    level 4: 6 / 4096 cells occupied
  Field[1] 'model_field' levels:4 dims:3
    bounds X:[-1.0000,1.0000] Y:[-1.0000,1.0000] Z:[-1.0000,1.0000]
    level 0: 1 / 1 cells occupied
    level 1: 6 / 8 cells occupied
    level 2: 28 / 64 cells occupied
    level 3: 96 / 512 cells occupied
    level 4: 140 / 4096 cells occupied
  Field[2] 'screen_field' levels:0 dims:2
    bounds X:[0.0000,800.0000] Y:[0.0000,600.0000] Z:[0.0000,1.0000]
    level 0: 0 / 1 cells occupied

[F2: enable fetch timing]

---
=== HOLLOWS ENGINE ===
FPS: 266 | Pixel: 3.2ms | Input: 0.000ms | Texture: 0.499ms
Camera: [0.00, -0.18, 4.60]

--- DATA (valid / total) ---
  Bool               1 / 1
  Int                5 / 5
  I64                2 / 2
  F32                5 / 5
  F64                2 / 2
  CString            6 / 6
  Vec3               1 / 1
  Vertex             140 / 140
  Model              1 / 1
  Texture            1 / 1
  Bounds             260289 / 260289
  Debug_Stats        1 / 1
  FrameData          1 / 1
  Strings_Builder    1 / 1
  DataPoint          1 / 1
  Field              3 / 3
  Metadata           260460 / 260460
  TOTAL              520920 / 520920

--- FETCHES (edit / copy / set) ---
  Int                371109 / 0 / 0
  I64                1028 / 0 / 0
  F32                514 / 0 / 0
  F64                514 / 0 / 0
  Vec3               1543 / 0 / 0
  Texture            514 / 0 / 0
  Bounds             50719978 / 0 / 0
  Debug_Stats        2570 / 0 / 0
  DataPoint          514 / 0 / 0
  Field              514 / 0 / 0

--- FIELD OCCUPANCY ---
  Field[0] 'world_field' levels:4 dims:3
    bounds X:[-8.0000,8.0000] Y:[-8.0000,8.0000] Z:[-8.0000,8.0000]
    level 0: 1 / 1 cells occupied
    level 1: 2 / 8 cells occupied
    level 2: 4 / 64 cells occupied
    level 3: 6 / 512 cells occupied
    level 4: 6 / 4096 cells occupied
  Field[1] 'model_field' levels:4 dims:3
    bounds X:[-1.0000,1.0000] Y:[-1.0000,1.0000] Z:[-1.0000,1.0000]
    level 0: 1 / 1 cells occupied
    level 1: 6 / 8 cells occupied
    level 2: 28 / 64 cells occupied
    level 3: 96 / 512 cells occupied
    level 4: 140 / 4096 cells occupied
  Field[2] 'screen_field' levels:0 dims:2
    bounds X:[0.0000,800.0000] Y:[0.0000,600.0000] Z:[0.0000,1.0000]
    level 0: 0 / 1 cells occupied

[F2: enable fetch timing]

---
=== HOLLOWS ENGINE ===
FPS: 266 | Pixel: 3.2ms | Input: 0.000ms | Texture: 0.496ms
Camera: [0.00, -0.18, 4.60]

--- DATA (valid / total) ---
  Bool               1 / 1
  Int                5 / 5
  I64                2 / 2
  F32                5 / 5
  F64                2 / 2
  CString            6 / 6
  Vec3               1 / 1
  Vertex             140 / 140
  Model              1 / 1
  Texture            1 / 1
  Bounds             260289 / 260289
  Debug_Stats        1 / 1
  FrameData          1 / 1
  Strings_Builder    1 / 1
  DataPoint          1 / 1
  Field              3 / 3
  Metadata           260460 / 260460
  TOTAL              520920 / 520920

--- FETCHES (edit / copy / set) ---
  Int                360279 / 0 / 0
  I64                998 / 0 / 0
  F32                499 / 0 / 0
  F64                499 / 0 / 0
  Vec3               1498 / 0 / 0
  Texture            499 / 0 / 0
  Bounds             49239823 / 0 / 0
  Debug_Stats        2495 / 0 / 0
  DataPoint          499 / 0 / 0
  Field              499 / 0 / 0

--- FIELD OCCUPANCY ---
  Field[0] 'world_field' levels:4 dims:3
    bounds X:[-8.0000,8.0000] Y:[-8.0000,8.0000] Z:[-8.0000,8.0000]
    level 0: 1 / 1 cells occupied
    level 1: 2 / 8 cells occupied
    level 2: 4 / 64 cells occupied
    level 3: 6 / 512 cells occupied
    level 4: 6 / 4096 cells occupied
  Field[1] 'model_field' levels:4 dims:3
    bounds X:[-1.0000,1.0000] Y:[-1.0000,1.0000] Z:[-1.0000,1.0000]
    level 0: 1 / 1 cells occupied
    level 1: 6 / 8 cells occupied
    level 2: 28 / 64 cells occupied
    level 3: 96 / 512 cells occupied
    level 4: 140 / 4096 cells occupied
  Field[2] 'screen_field' levels:0 dims:2
    bounds X:[0.0000,800.0000] Y:[0.0000,600.0000] Z:[0.0000,1.0000]
    level 0: 0 / 1 cells occupied

[F2: enable fetch timing]

---
=== HOLLOWS ENGINE ===
FPS: 266 | Pixel: 3.2ms | Input: 0.000ms | Texture: 0.494ms
Camera: [0.00, -0.18, 4.60]

--- DATA (valid / total) ---
  Bool               1 / 1
  Int                5 / 5
  I64                2 / 2
  F32                5 / 5
  F64                2 / 2
  CString            6 / 6
  Vec3               1 / 1
  Vertex             140 / 140
  Model              1 / 1
  Texture            1 / 1
  Bounds             260289 / 260289
  Debug_Stats        1 / 1
  FrameData          1 / 1
  Strings_Builder    1 / 1
  DataPoint          1 / 1
  Field              3 / 3
  Metadata           260460 / 260460
  TOTAL              520920 / 520920

--- FETCHES (edit / copy / set) ---
  Int                358835 / 0 / 0
  I64                994 / 0 / 0
  F32                497 / 0 / 0
  F64                497 / 0 / 0
  Vec3               1492 / 0 / 0
  Texture            497 / 0 / 0
  Bounds             49042469 / 0 / 0
  Debug_Stats        2485 / 0 / 0
  DataPoint          497 / 0 / 0
  Field              497 / 0 / 0

--- FIELD OCCUPANCY ---
  Field[0] 'world_field' levels:4 dims:3
    bounds X:[-8.0000,8.0000] Y:[-8.0000,8.0000] Z:[-8.0000,8.0000]
    level 0: 1 / 1 cells occupied
    level 1: 2 / 8 cells occupied
    level 2: 4 / 64 cells occupied
    level 3: 6 / 512 cells occupied
    level 4: 6 / 4096 cells occupied
  Field[1] 'model_field' levels:4 dims:3
    bounds X:[-1.0000,1.0000] Y:[-1.0000,1.0000] Z:[-1.0000,1.0000]
    level 0: 1 / 1 cells occupied
    level 1: 6 / 8 cells occupied
    level 2: 28 / 64 cells occupied
    level 3: 96 / 512 cells occupied
    level 4: 140 / 4096 cells occupied
  Field[2] 'screen_field' levels:0 dims:2
    bounds X:[0.0000,800.0000] Y:[0.0000,600.0000] Z:[0.0000,1.0000]
    level 0: 0 / 1 cells occupied

[F2: enable fetch timing]

---
=== HOLLOWS ENGINE ===
FPS: 241 | Pixel: 3.4ms | Input: 0.000ms | Texture: 0.532ms
Camera: [0.00, -0.18, 4.60]

--- DATA (valid / total) ---
  Bool               1 / 1
  Int                5 / 5
  I64                2 / 2
  F32                5 / 5
  F64                2 / 2
  CString            6 / 6
  Vec3               1 / 1
  Vertex             140 / 140
  Model              1 / 1
  Texture            1 / 1
  Bounds             260289 / 260289
  Debug_Stats        1 / 1
  FrameData          1 / 1
  Strings_Builder    1 / 1
  DataPoint          1 / 1
  Field              3 / 3
  Metadata           260460 / 260460
  TOTAL              520920 / 520920

--- FETCHES (edit / copy / set) ---
  Int                368943 / 0 / 0
  I64                1022 / 0 / 0
  F32                511 / 0 / 0
  F64                511 / 0 / 0
  Vec3               1534 / 0 / 0
  Texture            511 / 0 / 0
  Bounds             50423947 / 0 / 0
  Debug_Stats        2555 / 0 / 0
  DataPoint          511 / 0 / 0
  Field              511 / 0 / 0

--- FIELD OCCUPANCY ---
  Field[0] 'world_field' levels:4 dims:3
    bounds X:[-8.0000,8.0000] Y:[-8.0000,8.0000] Z:[-8.0000,8.0000]
    level 0: 1 / 1 cells occupied
    level 1: 2 / 8 cells occupied
    level 2: 4 / 64 cells occupied
    level 3: 6 / 512 cells occupied
    level 4: 6 / 4096 cells occupied
  Field[1] 'model_field' levels:4 dims:3
    bounds X:[-1.0000,1.0000] Y:[-1.0000,1.0000] Z:[-1.0000,1.0000]
    level 0: 1 / 1 cells occupied
    level 1: 6 / 8 cells occupied
    level 2: 28 / 64 cells occupied
    level 3: 96 / 512 cells occupied
    level 4: 140 / 4096 cells occupied
  Field[2] 'screen_field' levels:0 dims:2
    bounds X:[0.0000,800.0000] Y:[0.0000,600.0000] Z:[0.0000,1.0000]
    level 0: 0 / 1 cells occupied

[F2: enable fetch timing]

---
=== HOLLOWS ENGINE ===
FPS: 257 | Pixel: 3.3ms | Input: 0.000ms | Texture: 0.505ms
Camera: [0.00, -0.18, 4.60]

--- DATA (valid / total) ---
  Bool               1 / 1
  Int                5 / 5
  I64                2 / 2
  F32                5 / 5
  F64                2 / 2
  CString            6 / 6
  Vec3               1 / 1
  Vertex             140 / 140
  Model              1 / 1
  Texture            1 / 1
  Bounds             260289 / 260289
  Debug_Stats        1 / 1
  FrameData          1 / 1
  Strings_Builder    1 / 1
  DataPoint          1 / 1
  Field              3 / 3
  Metadata           260460 / 260460
  TOTAL              520920 / 520920

--- FETCHES (edit / copy / set) ---
  Int                356669 / 0 / 0
  I64                988 / 0 / 0
  F32                494 / 0 / 0
  F64                494 / 0 / 0
  Vec3               1483 / 0 / 0
  Texture            494 / 0 / 0
  Bounds             48746438 / 0 / 0
  Debug_Stats        2470 / 0 / 0
  DataPoint          494 / 0 / 0
  Field              494 / 0 / 0

--- FIELD OCCUPANCY ---
  Field[0] 'world_field' levels:4 dims:3
    bounds X:[-8.0000,8.0000] Y:[-8.0000,8.0000] Z:[-8.0000,8.0000]
    level 0: 1 / 1 cells occupied
    level 1: 2 / 8 cells occupied
    level 2: 4 / 64 cells occupied
    level 3: 6 / 512 cells occupied
    level 4: 6 / 4096 cells occupied
  Field[1] 'model_field' levels:4 dims:3
    bounds X:[-1.0000,1.0000] Y:[-1.0000,1.0000] Z:[-1.0000,1.0000]
    level 0: 1 / 1 cells occupied
    level 1: 6 / 8 cells occupied
    level 2: 28 / 64 cells occupied
    level 3: 96 / 512 cells occupied
    level 4: 140 / 4096 cells occupied
  Field[2] 'screen_field' levels:0 dims:2
    bounds X:[0.0000,800.0000] Y:[0.0000,600.0000] Z:[0.0000,1.0000]
    level 0: 0 / 1 cells occupied

[F2: enable fetch timing]

---
=== HOLLOWS ENGINE ===
FPS: 260 | Pixel: 3.2ms | Input: 0.000ms | Texture: 0.501ms
Camera: [0.00, -0.18, 4.60]

--- DATA (valid / total) ---
  Bool               1 / 1
  Int                5 / 5
  I64                2 / 2
  F32                5 / 5
  F64                2 / 2
  CString            6 / 6
  Vec3               1 / 1
  Vertex             140 / 140
  Model              1 / 1
  Texture            1 / 1
  Bounds             260289 / 260289
  Debug_Stats        1 / 1
  FrameData          1 / 1
  Strings_Builder    1 / 1
  DataPoint          1 / 1
  Field              3 / 3
  Metadata           260460 / 260460
  TOTAL              520920 / 520920

--- FETCHES (edit / copy / set) ---
  Int                373997 / 0 / 0
  I64                1036 / 0 / 0
  F32                518 / 0 / 0
  F64                518 / 0 / 0
  Vec3               1555 / 0 / 0
  Texture            518 / 0 / 0
  Bounds             51114686 / 0 / 0
  Debug_Stats        2590 / 0 / 0
  DataPoint          518 / 0 / 0
  Field              518 / 0 / 0

--- FIELD OCCUPANCY ---
  Field[0] 'world_field' levels:4 dims:3
    bounds X:[-8.0000,8.0000] Y:[-8.0000,8.0000] Z:[-8.0000,8.0000]
    level 0: 1 / 1 cells occupied
    level 1: 2 / 8 cells occupied
    level 2: 4 / 64 cells occupied
    level 3: 6 / 512 cells occupied
    level 4: 6 / 4096 cells occupied
  Field[1] 'model_field' levels:4 dims:3
    bounds X:[-1.0000,1.0000] Y:[-1.0000,1.0000] Z:[-1.0000,1.0000]
    level 0: 1 / 1 cells occupied
    level 1: 6 / 8 cells occupied
    level 2: 28 / 64 cells occupied
    level 3: 96 / 512 cells occupied
    level 4: 140 / 4096 cells occupied
  Field[2] 'screen_field' levels:0 dims:2
    bounds X:[0.0000,800.0000] Y:[0.0000,600.0000] Z:[0.0000,1.0000]
    level 0: 0 / 1 cells occupied

[F2: enable fetch timing]

---
=== HOLLOWS ENGINE ===
FPS: 265 | Pixel: 3.2ms | Input: 0.000ms | Texture: 0.498ms
Camera: [0.00, -0.18, 4.60]

--- DATA (valid / total) ---
  Bool               1 / 1
  Int                5 / 5
  I64                2 / 2
  F32                5 / 5
  F64                2 / 2
  CString            6 / 6
  Vec3               1 / 1
  Vertex             140 / 140
  Model              1 / 1
  Texture            1 / 1
  Bounds             260289 / 260289
  Debug_Stats        1 / 1
  FrameData          1 / 1
  Strings_Builder    1 / 1
  DataPoint          1 / 1
  Field              3 / 3
  Metadata           260460 / 260460
  TOTAL              520920 / 520920

--- FETCHES (edit / copy / set) ---
  Int                371109 / 0 / 0
  I64                1028 / 0 / 0
  F32                514 / 0 / 0
  F64                514 / 0 / 0
  Vec3               1543 / 0 / 0
  Texture            514 / 0 / 0
  Bounds             50719978 / 0 / 0
  Debug_Stats        2570 / 0 / 0
  DataPoint          514 / 0 / 0
  Field              514 / 0 / 0

--- FIELD OCCUPANCY ---
  Field[0] 'world_field' levels:4 dims:3
    bounds X:[-8.0000,8.0000] Y:[-8.0000,8.0000] Z:[-8.0000,8.0000]
    level 0: 1 / 1 cells occupied
    level 1: 2 / 8 cells occupied
    level 2: 4 / 64 cells occupied
    level 3: 6 / 512 cells occupied
    level 4: 6 / 4096 cells occupied
  Field[1] 'model_field' levels:4 dims:3
    bounds X:[-1.0000,1.0000] Y:[-1.0000,1.0000] Z:[-1.0000,1.0000]
    level 0: 1 / 1 cells occupied
    level 1: 6 / 8 cells occupied
    level 2: 28 / 64 cells occupied
    level 3: 96 / 512 cells occupied
    level 4: 140 / 4096 cells occupied
  Field[2] 'screen_field' levels:0 dims:2
    bounds X:[0.0000,800.0000] Y:[0.0000,600.0000] Z:[0.0000,1.0000]
    level 0: 0 / 1 cells occupied

[F2: enable fetch timing]

---
=== HOLLOWS ENGINE ===
FPS: 259 | Pixel: 3.6ms | Input: 0.000ms | Texture: 0.511ms
Camera: [0.00, -0.18, 4.60]

--- DATA (valid / total) ---
  Bool               1 / 1
  Int                5 / 5
  I64                2 / 2
  F32                5 / 5
  F64                2 / 2
  CString            6 / 6
  Vec3               1 / 1
  Vertex             140 / 140
  Model              1 / 1
  Texture            1 / 1
  Bounds             260289 / 260289
  Debug_Stats        1 / 1
  FrameData          1 / 1
  Strings_Builder    1 / 1
  DataPoint          1 / 1
  Field              3 / 3
  Metadata           260460 / 260460
  TOTAL              520920 / 520920

--- FETCHES (edit / copy / set) ---
  Int                368943 / 0 / 0
  I64                1022 / 0 / 0
  F32                511 / 0 / 0
  F64                511 / 0 / 0
  Vec3               1534 / 0 / 0
  Texture            511 / 0 / 0
  Bounds             50423947 / 0 / 0
  Debug_Stats        2555 / 0 / 0
  DataPoint          511 / 0 / 0
  Field              511 / 0 / 0

--- FIELD OCCUPANCY ---
  Field[0] 'world_field' levels:4 dims:3
    bounds X:[-8.0000,8.0000] Y:[-8.0000,8.0000] Z:[-8.0000,8.0000]
    level 0: 1 / 1 cells occupied
    level 1: 2 / 8 cells occupied
    level 2: 4 / 64 cells occupied
    level 3: 6 / 512 cells occupied
    level 4: 6 / 4096 cells occupied
  Field[1] 'model_field' levels:4 dims:3
    bounds X:[-1.0000,1.0000] Y:[-1.0000,1.0000] Z:[-1.0000,1.0000]
    level 0: 1 / 1 cells occupied
    level 1: 6 / 8 cells occupied
    level 2: 28 / 64 cells occupied
    level 3: 96 / 512 cells occupied
    level 4: 140 / 4096 cells occupied
  Field[2] 'screen_field' levels:0 dims:2
    bounds X:[0.0000,800.0000] Y:[0.0000,600.0000] Z:[0.0000,1.0000]
    level 0: 0 / 1 cells occupied

[F2: enable fetch timing]

---
=== HOLLOWS ENGINE ===
FPS: 265 | Pixel: 3.2ms | Input: 0.000ms | Texture: 0.498ms
Camera: [0.00, -0.18, 4.60]

--- DATA (valid / total) ---
  Bool               1 / 1
  Int                5 / 5
  I64                2 / 2
  F32                5 / 5
  F64                2 / 2
  CString            6 / 6
  Vec3               1 / 1
  Vertex             140 / 140
  Model              1 / 1
  Texture            1 / 1
  Bounds             260289 / 260289
  Debug_Stats        1 / 1
  FrameData          1 / 1
  Strings_Builder    1 / 1
  DataPoint          1 / 1
  Field              3 / 3
  Metadata           260460 / 260460
  TOTAL              520920 / 520920

--- FETCHES (edit / copy / set) ---
  Int                349449 / 0 / 0
  I64                968 / 0 / 0
  F32                484 / 0 / 0
  F64                484 / 0 / 0
  Vec3               1453 / 0 / 0
  Texture            484 / 0 / 0
  Bounds             47759668 / 0 / 0
  Debug_Stats        2420 / 0 / 0
  DataPoint          484 / 0 / 0
  Field              484 / 0 / 0

--- FIELD OCCUPANCY ---
  Field[0] 'world_field' levels:4 dims:3
    bounds X:[-8.0000,8.0000] Y:[-8.0000,8.0000] Z:[-8.0000,8.0000]
    level 0: 1 / 1 cells occupied
    level 1: 2 / 8 cells occupied
    level 2: 4 / 64 cells occupied
    level 3: 6 / 512 cells occupied
    level 4: 6 / 4096 cells occupied
  Field[1] 'model_field' levels:4 dims:3
    bounds X:[-1.0000,1.0000] Y:[-1.0000,1.0000] Z:[-1.0000,1.0000]
    level 0: 1 / 1 cells occupied
    level 1: 6 / 8 cells occupied
    level 2: 28 / 64 cells occupied
    level 3: 96 / 512 cells occupied
    level 4: 140 / 4096 cells occupied
  Field[2] 'screen_field' levels:0 dims:2
    bounds X:[0.0000,800.0000] Y:[0.0000,600.0000] Z:[0.0000,1.0000]
    level 0: 0 / 1 cells occupied

[F2: enable fetch timing]

---
=== HOLLOWS ENGINE ===
FPS: 265 | Pixel: 3.2ms | Input: 0.000ms | Texture: 0.496ms
Camera: [0.00, -0.18, 4.60]

--- DATA (valid / total) ---
  Bool               1 / 1
  Int                5 / 5
  I64                2 / 2
  F32                5 / 5
  F64                2 / 2
  CString            6 / 6
  Vec3               1 / 1
  Vertex             140 / 140
  Model              1 / 1
  Texture            1 / 1
  Bounds             260289 / 260289
  Debug_Stats        1 / 1
  FrameData          1 / 1
  Strings_Builder    1 / 1
  DataPoint          1 / 1
  Field              3 / 3
  Metadata           260460 / 260460
  TOTAL              520920 / 520920

--- FETCHES (edit / copy / set) ---
  Int                361001 / 0 / 0
  I64                1000 / 0 / 0
  F32                500 / 0 / 0
  F64                500 / 0 / 0
  Vec3               1501 / 0 / 0
  Texture            500 / 0 / 0
  Bounds             49338500 / 0 / 0
  Debug_Stats        2500 / 0 / 0
  DataPoint          500 / 0 / 0
  Field              500 / 0 / 0

--- FIELD OCCUPANCY ---
  Field[0] 'world_field' levels:4 dims:3
    bounds X:[-8.0000,8.0000] Y:[-8.0000,8.0000] Z:[-8.0000,8.0000]
    level 0: 1 / 1 cells occupied
    level 1: 2 / 8 cells occupied
    level 2: 4 / 64 cells occupied
    level 3: 6 / 512 cells occupied
    level 4: 6 / 4096 cells occupied
  Field[1] 'model_field' levels:4 dims:3
    bounds X:[-1.0000,1.0000] Y:[-1.0000,1.0000] Z:[-1.0000,1.0000]
    level 0: 1 / 1 cells occupied
    level 1: 6 / 8 cells occupied
    level 2: 28 / 64 cells occupied
    level 3: 96 / 512 cells occupied
    level 4: 140 / 4096 cells occupied
  Field[2] 'screen_field' levels:0 dims:2
    bounds X:[0.0000,800.0000] Y:[0.0000,600.0000] Z:[0.0000,1.0000]
    level 0: 0 / 1 cells occupied

[F2: enable fetch timing]

---
=== HOLLOWS ENGINE ===
FPS: 261 | Pixel: 3.2ms | Input: 0.000ms | Texture: 0.492ms
Camera: [0.00, -0.18, 4.60]

--- DATA (valid / total) ---
  Bool               1 / 1
  Int                5 / 5
  I64                2 / 2
  F32                5 / 5
  F64                2 / 2
  CString            6 / 6
  Vec3               1 / 1
  Vertex             140 / 140
  Model              1 / 1
  Texture            1 / 1
  Bounds             260289 / 260289
  Debug_Stats        1 / 1
  FrameData          1 / 1
  Strings_Builder    1 / 1
  DataPoint          1 / 1
  Field              3 / 3
  Metadata           260460 / 260460
  TOTAL              520920 / 520920

--- FETCHES (edit / copy / set) ---
  Int                358113 / 0 / 0
  I64                992 / 0 / 0
  F32                496 / 0 / 0
  F64                496 / 0 / 0
  Vec3               1489 / 0 / 0
  Texture            496 / 0 / 0
  Bounds             48943792 / 0 / 0
  Debug_Stats        2480 / 0 / 0
  DataPoint          496 / 0 / 0
  Field              496 / 0 / 0

--- FIELD OCCUPANCY ---
  Field[0] 'world_field' levels:4 dims:3
    bounds X:[-8.0000,8.0000] Y:[-8.0000,8.0000] Z:[-8.0000,8.0000]
    level 0: 1 / 1 cells occupied
    level 1: 2 / 8 cells occupied
    level 2: 4 / 64 cells occupied
    level 3: 6 / 512 cells occupied
    level 4: 6 / 4096 cells occupied
  Field[1] 'model_field' levels:4 dims:3
    bounds X:[-1.0000,1.0000] Y:[-1.0000,1.0000] Z:[-1.0000,1.0000]
    level 0: 1 / 1 cells occupied
    level 1: 6 / 8 cells occupied
    level 2: 28 / 64 cells occupied
    level 3: 96 / 512 cells occupied
    level 4: 140 / 4096 cells occupied
  Field[2] 'screen_field' levels:0 dims:2
    bounds X:[0.0000,800.0000] Y:[0.0000,600.0000] Z:[0.0000,1.0000]
    level 0: 0 / 1 cells occupied

[F2: enable fetch timing]

---
=== HOLLOWS ENGINE ===
FPS: 263 | Pixel: 3.3ms | Input: 0.000ms | Texture: 0.501ms
Camera: [0.00, -0.18, 4.60]

--- DATA (valid / total) ---
  Bool               1 / 1
  Int                5 / 5
  I64                2 / 2
  F32                5 / 5
  F64                2 / 2
  CString            6 / 6
  Vec3               1 / 1
  Vertex             140 / 140
  Model              1 / 1
  Texture            1 / 1
  Bounds             260289 / 260289
  Debug_Stats        1 / 1
  FrameData          1 / 1
  Strings_Builder    1 / 1
  DataPoint          1 / 1
  Field              3 / 3
  Metadata           260460 / 260460
  TOTAL              520920 / 520920

--- FETCHES (edit / copy / set) ---
  Int                374719 / 0 / 0
  I64                1038 / 0 / 0
  F32                519 / 0 / 0
  F64                519 / 0 / 0
  Vec3               1558 / 0 / 0
  Texture            519 / 0 / 0
  Bounds             51213363 / 0 / 0
  Debug_Stats        2595 / 0 / 0
  DataPoint          519 / 0 / 0
  Field              519 / 0 / 0

--- FIELD OCCUPANCY ---
  Field[0] 'world_field' levels:4 dims:3
    bounds X:[-8.0000,8.0000] Y:[-8.0000,8.0000] Z:[-8.0000,8.0000]
    level 0: 1 / 1 cells occupied
    level 1: 2 / 8 cells occupied
    level 2: 4 / 64 cells occupied
    level 3: 6 / 512 cells occupied
    level 4: 6 / 4096 cells occupied
  Field[1] 'model_field' levels:4 dims:3
    bounds X:[-1.0000,1.0000] Y:[-1.0000,1.0000] Z:[-1.0000,1.0000]
    level 0: 1 / 1 cells occupied
    level 1: 6 / 8 cells occupied
    level 2: 28 / 64 cells occupied
    level 3: 96 / 512 cells occupied
    level 4: 140 / 4096 cells occupied
  Field[2] 'screen_field' levels:0 dims:2
    bounds X:[0.0000,800.0000] Y:[0.0000,600.0000] Z:[0.0000,1.0000]
    level 0: 0 / 1 cells occupied

[F2: enable fetch timing]

---
=== HOLLOWS ENGINE ===
FPS: 266 | Pixel: 3.2ms | Input: 0.000ms | Texture: 0.489ms
Camera: [0.00, -0.18, 4.60]

--- DATA (valid / total) ---
  Bool               1 / 1
  Int                5 / 5
  I64                2 / 2
  F32                5 / 5
  F64                2 / 2
  CString            6 / 6
  Vec3               1 / 1
  Vertex             140 / 140
  Model              1 / 1
  Texture            1 / 1
  Bounds             260289 / 260289
  Debug_Stats        1 / 1
  FrameData          1 / 1
  Strings_Builder    1 / 1
  DataPoint          1 / 1
  Field              3 / 3
  Metadata           260460 / 260460
  TOTAL              520920 / 520920

--- FETCHES (edit / copy / set) ---
  Int                373997 / 0 / 0
  I64                1036 / 0 / 0
  F32                518 / 0 / 0
  F64                518 / 0 / 0
  Vec3               1555 / 0 / 0
  Texture            518 / 0 / 0
  Bounds             51114686 / 0 / 0
  Debug_Stats        2590 / 0 / 0
  DataPoint          518 / 0 / 0
  Field              518 / 0 / 0

--- FIELD OCCUPANCY ---
  Field[0] 'world_field' levels:4 dims:3
    bounds X:[-8.0000,8.0000] Y:[-8.0000,8.0000] Z:[-8.0000,8.0000]
    level 0: 1 / 1 cells occupied
    level 1: 2 / 8 cells occupied
    level 2: 4 / 64 cells occupied
    level 3: 6 / 512 cells occupied
    level 4: 6 / 4096 cells occupied
  Field[1] 'model_field' levels:4 dims:3
    bounds X:[-1.0000,1.0000] Y:[-1.0000,1.0000] Z:[-1.0000,1.0000]
    level 0: 1 / 1 cells occupied
    level 1: 6 / 8 cells occupied
    level 2: 28 / 64 cells occupied
    level 3: 96 / 512 cells occupied
    level 4: 140 / 4096 cells occupied
  Field[2] 'screen_field' levels:0 dims:2
    bounds X:[0.0000,800.0000] Y:[0.0000,600.0000] Z:[0.0000,1.0000]
    level 0: 0 / 1 cells occupied

[F2: enable fetch timing]

---
=== HOLLOWS ENGINE ===
FPS: 259 | Pixel: 3.3ms | Input: 0.000ms | Texture: 0.505ms
Camera: [0.00, -0.18, 4.60]

--- DATA (valid / total) ---
  Bool               1 / 1
  Int                5 / 5
  I64                2 / 2
  F32                5 / 5
  F64                2 / 2
  CString            6 / 6
  Vec3               1 / 1
  Vertex             140 / 140
  Model              1 / 1
  Texture            1 / 1
  Bounds             260289 / 260289
  Debug_Stats        1 / 1
  FrameData          1 / 1
  Strings_Builder    1 / 1
  DataPoint          1 / 1
  Field              3 / 3
  Metadata           260460 / 260460
  TOTAL              520920 / 520920

--- FETCHES (edit / copy / set) ---
  Int                366055 / 0 / 0
  I64                1014 / 0 / 0
  F32                507 / 0 / 0
  F64                507 / 0 / 0
  Vec3               1522 / 0 / 0
  Texture            507 / 0 / 0
  Bounds             50029239 / 0 / 0
  Debug_Stats        2535 / 0 / 0
  DataPoint          507 / 0 / 0
  Field              507 / 0 / 0

--- FIELD OCCUPANCY ---
  Field[0] 'world_field' levels:4 dims:3
    bounds X:[-8.0000,8.0000] Y:[-8.0000,8.0000] Z:[-8.0000,8.0000]
    level 0: 1 / 1 cells occupied
    level 1: 2 / 8 cells occupied
    level 2: 4 / 64 cells occupied
    level 3: 6 / 512 cells occupied
    level 4: 6 / 4096 cells occupied
  Field[1] 'model_field' levels:4 dims:3
    bounds X:[-1.0000,1.0000] Y:[-1.0000,1.0000] Z:[-1.0000,1.0000]
    level 0: 1 / 1 cells occupied
    level 1: 6 / 8 cells occupied
    level 2: 28 / 64 cells occupied
    level 3: 96 / 512 cells occupied
    level 4: 140 / 4096 cells occupied
  Field[2] 'screen_field' levels:0 dims:2
    bounds X:[0.0000,800.0000] Y:[0.0000,600.0000] Z:[0.0000,1.0000]
    level 0: 0 / 1 cells occupied

[F2: enable fetch timing]

---
=== HOLLOWS ENGINE ===
FPS: 266 | Pixel: 3.2ms | Input: 0.000ms | Texture: 0.497ms
Camera: [0.00, -0.18, 4.60]

--- DATA (valid / total) ---
  Bool               1 / 1
  Int                5 / 5
  I64                2 / 2
  F32                5 / 5
  F64                2 / 2
  CString            6 / 6
  Vec3               1 / 1
  Vertex             140 / 140
  Model              1 / 1
  Texture            1 / 1
  Bounds             260289 / 260289
  Debug_Stats        1 / 1
  FrameData          1 / 1
  Strings_Builder    1 / 1
  DataPoint          1 / 1
  Field              3 / 3
  Metadata           260460 / 260460
  TOTAL              520920 / 520920

--- FETCHES (edit / copy / set) ---
  Int                366777 / 0 / 0
  I64                1016 / 0 / 0
  F32                508 / 0 / 0
  F64                508 / 0 / 0
  Vec3               1525 / 0 / 0
  Texture            508 / 0 / 0
  Bounds             50127916 / 0 / 0
  Debug_Stats        2540 / 0 / 0
  DataPoint          508 / 0 / 0
  Field              508 / 0 / 0

--- FIELD OCCUPANCY ---
  Field[0] 'world_field' levels:4 dims:3
    bounds X:[-8.0000,8.0000] Y:[-8.0000,8.0000] Z:[-8.0000,8.0000]
    level 0: 1 / 1 cells occupied
    level 1: 2 / 8 cells occupied
    level 2: 4 / 64 cells occupied
    level 3: 6 / 512 cells occupied
    level 4: 6 / 4096 cells occupied
  Field[1] 'model_field' levels:4 dims:3
    bounds X:[-1.0000,1.0000] Y:[-1.0000,1.0000] Z:[-1.0000,1.0000]
    level 0: 1 / 1 cells occupied
    level 1: 6 / 8 cells occupied
    level 2: 28 / 64 cells occupied
    level 3: 96 / 512 cells occupied
    level 4: 140 / 4096 cells occupied
  Field[2] 'screen_field' levels:0 dims:2
    bounds X:[0.0000,800.0000] Y:[0.0000,600.0000] Z:[0.0000,1.0000]
    level 0: 0 / 1 cells occupied

[F2: enable fetch timing]

---
=== HOLLOWS ENGINE ===
FPS: 266 | Pixel: 3.2ms | Input: 0.000ms | Texture: 0.492ms
Camera: [0.00, -0.18, 4.60]

--- DATA (valid / total) ---
  Bool               1 / 1
  Int                5 / 5
  I64                2 / 2
  F32                5 / 5
  F64                2 / 2
  CString            6 / 6
  Vec3               1 / 1
  Vertex             140 / 140
  Model              1 / 1
  Texture            1 / 1
  Bounds             260289 / 260289
  Debug_Stats        1 / 1
  FrameData          1 / 1
  Strings_Builder    1 / 1
  DataPoint          1 / 1
  Field              3 / 3
  Metadata           260460 / 260460
  TOTAL              520920 / 520920

--- FETCHES (edit / copy / set) ---
  Int                356669 / 0 / 0
  I64                988 / 0 / 0
  F32                494 / 0 / 0
  F64                494 / 0 / 0
  Vec3               1483 / 0 / 0
  Texture            494 / 0 / 0
  Bounds             48746438 / 0 / 0
  Debug_Stats        2470 / 0 / 0
  DataPoint          494 / 0 / 0
  Field              494 / 0 / 0

--- FIELD OCCUPANCY ---
  Field[0] 'world_field' levels:4 dims:3
    bounds X:[-8.0000,8.0000] Y:[-8.0000,8.0000] Z:[-8.0000,8.0000]
    level 0: 1 / 1 cells occupied
    level 1: 2 / 8 cells occupied
    level 2: 4 / 64 cells occupied
    level 3: 6 / 512 cells occupied
    level 4: 6 / 4096 cells occupied
  Field[1] 'model_field' levels:4 dims:3
    bounds X:[-1.0000,1.0000] Y:[-1.0000,1.0000] Z:[-1.0000,1.0000]
    level 0: 1 / 1 cells occupied
    level 1: 6 / 8 cells occupied
    level 2: 28 / 64 cells occupied
    level 3: 96 / 512 cells occupied
    level 4: 140 / 4096 cells occupied
  Field[2] 'screen_field' levels:0 dims:2
    bounds X:[0.0000,800.0000] Y:[0.0000,600.0000] Z:[0.0000,1.0000]
    level 0: 0 / 1 cells occupied

[F2: enable fetch timing]

---
=== HOLLOWS ENGINE ===
FPS: 242 | Pixel: 3.5ms | Input: 0.000ms | Texture: 0.527ms
Camera: [0.00, -0.18, 4.60]

--- DATA (valid / total) ---
  Bool               1 / 1
  Int                5 / 5
  I64                2 / 2
  F32                5 / 5
  F64                2 / 2
  CString            6 / 6
  Vec3               1 / 1
  Vertex             140 / 140
  Model              1 / 1
  Texture            1 / 1
  Bounds             260289 / 260289
  Debug_Stats        1 / 1
  FrameData          1 / 1
  Strings_Builder    1 / 1
  DataPoint          1 / 1
  Field              3 / 3
  Metadata           260460 / 260460
  TOTAL              520920 / 520920

--- FETCHES (edit / copy / set) ---
  Int                364611 / 0 / 0
  I64                1010 / 0 / 0
  F32                505 / 0 / 0
  F64                505 / 0 / 0
  Vec3               1516 / 0 / 0
  Texture            505 / 0 / 0
  Bounds             49831885 / 0 / 0
  Debug_Stats        2525 / 0 / 0
  DataPoint          505 / 0 / 0
  Field              505 / 0 / 0

--- FIELD OCCUPANCY ---
  Field[0] 'world_field' levels:4 dims:3
    bounds X:[-8.0000,8.0000] Y:[-8.0000,8.0000] Z:[-8.0000,8.0000]
    level 0: 1 / 1 cells occupied
    level 1: 2 / 8 cells occupied
    level 2: 4 / 64 cells occupied
    level 3: 6 / 512 cells occupied
    level 4: 6 / 4096 cells occupied
  Field[1] 'model_field' levels:4 dims:3
    bounds X:[-1.0000,1.0000] Y:[-1.0000,1.0000] Z:[-1.0000,1.0000]
    level 0: 1 / 1 cells occupied
    level 1: 6 / 8 cells occupied
    level 2: 28 / 64 cells occupied
    level 3: 96 / 512 cells occupied
    level 4: 140 / 4096 cells occupied
  Field[2] 'screen_field' levels:0 dims:2
    bounds X:[0.0000,800.0000] Y:[0.0000,600.0000] Z:[0.0000,1.0000]
    level 0: 0 / 1 cells occupied

[F2: enable fetch timing]

---
=== HOLLOWS ENGINE ===
FPS: 265 | Pixel: 3.2ms | Input: 0.000ms | Texture: 0.497ms
Camera: [0.00, -0.18, 4.60]

--- DATA (valid / total) ---
  Bool               1 / 1
  Int                5 / 5
  I64                2 / 2
  F32                5 / 5
  F64                2 / 2
  CString            6 / 6
  Vec3               1 / 1
  Vertex             140 / 140
  Model              1 / 1
  Texture            1 / 1
  Bounds             260289 / 260289
  Debug_Stats        1 / 1
  FrameData          1 / 1
  Strings_Builder    1 / 1
  DataPoint          1 / 1
  Field              3 / 3
  Metadata           260460 / 260460
  TOTAL              520920 / 520920

--- FETCHES (edit / copy / set) ---
  Int                360279 / 0 / 0
  I64                998 / 0 / 0
  F32                499 / 0 / 0
  F64                499 / 0 / 0
  Vec3               1498 / 0 / 0
  Texture            499 / 0 / 0
  Bounds             49239823 / 0 / 0
  Debug_Stats        2495 / 0 / 0
  DataPoint          499 / 0 / 0
  Field              499 / 0 / 0

--- FIELD OCCUPANCY ---
  Field[0] 'world_field' levels:4 dims:3
    bounds X:[-8.0000,8.0000] Y:[-8.0000,8.0000] Z:[-8.0000,8.0000]
    level 0: 1 / 1 cells occupied
    level 1: 2 / 8 cells occupied
    level 2: 4 / 64 cells occupied
    level 3: 6 / 512 cells occupied
    level 4: 6 / 4096 cells occupied
  Field[1] 'model_field' levels:4 dims:3
    bounds X:[-1.0000,1.0000] Y:[-1.0000,1.0000] Z:[-1.0000,1.0000]
    level 0: 1 / 1 cells occupied
    level 1: 6 / 8 cells occupied
    level 2: 28 / 64 cells occupied
    level 3: 96 / 512 cells occupied
    level 4: 140 / 4096 cells occupied
  Field[2] 'screen_field' levels:0 dims:2
    bounds X:[0.0000,800.0000] Y:[0.0000,600.0000] Z:[0.0000,1.0000]
    level 0: 0 / 1 cells occupied

[F2: enable fetch timing]

---
=== HOLLOWS ENGINE ===
FPS: 269 | Pixel: 3.2ms | Input: 0.000ms | Texture: 0.465ms
Camera: [0.00, -0.18, 4.60]

--- DATA (valid / total) ---
  Bool               1 / 1
  Int                5 / 5
  I64                2 / 2
  F32                5 / 5
  F64                2 / 2
  CString            6 / 6
  Vec3               1 / 1
  Vertex             140 / 140
  Model              1 / 1
  Texture            1 / 1
  Bounds             260289 / 260289
  Debug_Stats        1 / 1
  FrameData          1 / 1
  Strings_Builder    1 / 1
  DataPoint          1 / 1
  Field              3 / 3
  Metadata           260460 / 260460
  TOTAL              520920 / 520920

--- FETCHES (edit / copy / set) ---
  Int                357391 / 0 / 0
  I64                990 / 0 / 0
  F32                495 / 0 / 0
  F64                495 / 0 / 0
  Vec3               1486 / 0 / 0
  Texture            495 / 0 / 0
  Bounds             48845115 / 0 / 0
  Debug_Stats        2475 / 0 / 0
  DataPoint          495 / 0 / 0
  Field              495 / 0 / 0

--- FIELD OCCUPANCY ---
  Field[0] 'world_field' levels:4 dims:3
    bounds X:[-8.0000,8.0000] Y:[-8.0000,8.0000] Z:[-8.0000,8.0000]
    level 0: 1 / 1 cells occupied
    level 1: 2 / 8 cells occupied
    level 2: 4 / 64 cells occupied
    level 3: 6 / 512 cells occupied
    level 4: 6 / 4096 cells occupied
  Field[1] 'model_field' levels:4 dims:3
    bounds X:[-1.0000,1.0000] Y:[-1.0000,1.0000] Z:[-1.0000,1.0000]
    level 0: 1 / 1 cells occupied
    level 1: 6 / 8 cells occupied
    level 2: 28 / 64 cells occupied
    level 3: 96 / 512 cells occupied
    level 4: 140 / 4096 cells occupied
  Field[2] 'screen_field' levels:0 dims:2
    bounds X:[0.0000,800.0000] Y:[0.0000,600.0000] Z:[0.0000,1.0000]
    level 0: 0 / 1 cells occupied

[F2: enable fetch timing]

---
=== HOLLOWS ENGINE ===
FPS: 240 | Pixel: 3.6ms | Input: 0.000ms | Texture: 0.539ms
Camera: [0.00, -0.18, 4.60]

--- DATA (valid / total) ---
  Bool               1 / 1
  Int                5 / 5
  I64                2 / 2
  F32                5 / 5
  F64                2 / 2
  CString            6 / 6
  Vec3               1 / 1
  Vertex             140 / 140
  Model              1 / 1
  Texture            1 / 1
  Bounds             260289 / 260289
  Debug_Stats        1 / 1
  FrameData          1 / 1
  Strings_Builder    1 / 1
  DataPoint          1 / 1
  Field              3 / 3
  Metadata           260460 / 260460
  TOTAL              520920 / 520920

--- FETCHES (edit / copy / set) ---
  Int                363889 / 0 / 0
  I64                1008 / 0 / 0
  F32                504 / 0 / 0
  F64                504 / 0 / 0
  Vec3               1513 / 0 / 0
  Texture            504 / 0 / 0
  Bounds             49733208 / 0 / 0
  Debug_Stats        2520 / 0 / 0
  DataPoint          504 / 0 / 0
  Field              504 / 0 / 0

--- FIELD OCCUPANCY ---
  Field[0] 'world_field' levels:4 dims:3
    bounds X:[-8.0000,8.0000] Y:[-8.0000,8.0000] Z:[-8.0000,8.0000]
    level 0: 1 / 1 cells occupied
    level 1: 2 / 8 cells occupied
    level 2: 4 / 64 cells occupied
    level 3: 6 / 512 cells occupied
    level 4: 6 / 4096 cells occupied
  Field[1] 'model_field' levels:4 dims:3
    bounds X:[-1.0000,1.0000] Y:[-1.0000,1.0000] Z:[-1.0000,1.0000]
    level 0: 1 / 1 cells occupied
    level 1: 6 / 8 cells occupied
    level 2: 28 / 64 cells occupied
    level 3: 96 / 512 cells occupied
    level 4: 140 / 4096 cells occupied
  Field[2] 'screen_field' levels:0 dims:2
    bounds X:[0.0000,800.0000] Y:[0.0000,600.0000] Z:[0.0000,1.0000]
    level 0: 0 / 1 cells occupied

[F2: enable fetch timing]

---
=== HOLLOWS ENGINE ===
FPS: 264 | Pixel: 3.2ms | Input: 0.000ms | Texture: 0.507ms
Camera: [0.00, -0.18, 4.60]

--- DATA (valid / total) ---
  Bool               1 / 1
  Int                5 / 5
  I64                2 / 2
  F32                5 / 5
  F64                2 / 2
  CString            6 / 6
  Vec3               1 / 1
  Vertex             140 / 140
  Model              1 / 1
  Texture            1 / 1
  Bounds             260289 / 260289
  Debug_Stats        1 / 1
  FrameData          1 / 1
  Strings_Builder    1 / 1
  DataPoint          1 / 1
  Field              3 / 3
  Metadata           260460 / 260460
  TOTAL              520920 / 520920

--- FETCHES (edit / copy / set) ---
  Int                351615 / 0 / 0
  I64                974 / 0 / 0
  F32                487 / 0 / 0
  F64                487 / 0 / 0
  Vec3               1462 / 0 / 0
  Texture            487 / 0 / 0
  Bounds             48055699 / 0 / 0
  Debug_Stats        2435 / 0 / 0
  DataPoint          487 / 0 / 0
  Field              487 / 0 / 0

--- FIELD OCCUPANCY ---
  Field[0] 'world_field' levels:4 dims:3
    bounds X:[-8.0000,8.0000] Y:[-8.0000,8.0000] Z:[-8.0000,8.0000]
    level 0: 1 / 1 cells occupied
    level 1: 2 / 8 cells occupied
    level 2: 4 / 64 cells occupied
    level 3: 6 / 512 cells occupied
    level 4: 6 / 4096 cells occupied
  Field[1] 'model_field' levels:4 dims:3
    bounds X:[-1.0000,1.0000] Y:[-1.0000,1.0000] Z:[-1.0000,1.0000]
    level 0: 1 / 1 cells occupied
    level 1: 6 / 8 cells occupied
    level 2: 28 / 64 cells occupied
    level 3: 96 / 512 cells occupied
    level 4: 140 / 4096 cells occupied
  Field[2] 'screen_field' levels:0 dims:2
    bounds X:[0.0000,800.0000] Y:[0.0000,600.0000] Z:[0.0000,1.0000]
    level 0: 0 / 1 cells occupied

[F2: enable fetch timing]

---
=== HOLLOWS ENGINE ===
FPS: 266 | Pixel: 3.2ms | Input: 0.000ms | Texture: 0.493ms
Camera: [0.00, -0.18, 4.60]

--- DATA (valid / total) ---
  Bool               1 / 1
  Int                5 / 5
  I64                2 / 2
  F32                5 / 5
  F64                2 / 2
  CString            6 / 6
  Vec3               1 / 1
  Vertex             140 / 140
  Model              1 / 1
  Texture            1 / 1
  Bounds             260289 / 260289
  Debug_Stats        1 / 1
  FrameData          1 / 1
  Strings_Builder    1 / 1
  DataPoint          1 / 1
  Field              3 / 3
  Metadata           260460 / 260460
  TOTAL              520920 / 520920

--- FETCHES (edit / copy / set) ---
  Int                365333 / 0 / 0
  I64                1012 / 0 / 0
  F32                506 / 0 / 0
  F64                506 / 0 / 0
  Vec3               1519 / 0 / 0
  Texture            506 / 0 / 0
  Bounds             49930562 / 0 / 0
  Debug_Stats        2530 / 0 / 0
  DataPoint          506 / 0 / 0
  Field              506 / 0 / 0

--- FIELD OCCUPANCY ---
  Field[0] 'world_field' levels:4 dims:3
    bounds X:[-8.0000,8.0000] Y:[-8.0000,8.0000] Z:[-8.0000,8.0000]
    level 0: 1 / 1 cells occupied
    level 1: 2 / 8 cells occupied
    level 2: 4 / 64 cells occupied
    level 3: 6 / 512 cells occupied
    level 4: 6 / 4096 cells occupied
  Field[1] 'model_field' levels:4 dims:3
    bounds X:[-1.0000,1.0000] Y:[-1.0000,1.0000] Z:[-1.0000,1.0000]
    level 0: 1 / 1 cells occupied
    level 1: 6 / 8 cells occupied
    level 2: 28 / 64 cells occupied
    level 3: 96 / 512 cells occupied
    level 4: 140 / 4096 cells occupied
  Field[2] 'screen_field' levels:0 dims:2
    bounds X:[0.0000,800.0000] Y:[0.0000,600.0000] Z:[0.0000,1.0000]
    level 0: 0 / 1 cells occupied

[F2: enable fetch timing]

---
=== HOLLOWS ENGINE ===
FPS: 259 | Pixel: 4.0ms | Input: 0.000ms | Texture: 0.517ms
Camera: [0.00, -0.18, 4.60]

--- DATA (valid / total) ---
  Bool               1 / 1
  Int                5 / 5
  I64                2 / 2
  F32                5 / 5
  F64                2 / 2
  CString            6 / 6
  Vec3               1 / 1
  Vertex             140 / 140
  Model              1 / 1
  Texture            1 / 1
  Bounds             260289 / 260289
  Debug_Stats        1 / 1
  FrameData          1 / 1
  Strings_Builder    1 / 1
  DataPoint          1 / 1
  Field              3 / 3
  Metadata           260460 / 260460
  TOTAL              520920 / 520920

--- FETCHES (edit / copy / set) ---
  Int                366777 / 0 / 0
  I64                1016 / 0 / 0
  F32                508 / 0 / 0
  F64                508 / 0 / 0
  Vec3               1525 / 0 / 0
  Texture            508 / 0 / 0
  Bounds             50127916 / 0 / 0
  Debug_Stats        2540 / 0 / 0
  DataPoint          508 / 0 / 0
  Field              508 / 0 / 0

--- FIELD OCCUPANCY ---
  Field[0] 'world_field' levels:4 dims:3
    bounds X:[-8.0000,8.0000] Y:[-8.0000,8.0000] Z:[-8.0000,8.0000]
    level 0: 1 / 1 cells occupied
    level 1: 2 / 8 cells occupied
    level 2: 4 / 64 cells occupied
    level 3: 6 / 512 cells occupied
    level 4: 6 / 4096 cells occupied
  Field[1] 'model_field' levels:4 dims:3
    bounds X:[-1.0000,1.0000] Y:[-1.0000,1.0000] Z:[-1.0000,1.0000]
    level 0: 1 / 1 cells occupied
    level 1: 6 / 8 cells occupied
    level 2: 28 / 64 cells occupied
    level 3: 96 / 512 cells occupied
    level 4: 140 / 4096 cells occupied
  Field[2] 'screen_field' levels:0 dims:2
    bounds X:[0.0000,800.0000] Y:[0.0000,600.0000] Z:[0.0000,1.0000]
    level 0: 0 / 1 cells occupied

[F2: enable fetch timing]

---
=== HOLLOWS ENGINE ===
FPS: 238 | Pixel: 3.5ms | Input: 0.000ms | Texture: 0.531ms
Camera: [0.00, -0.18, 4.60]

--- DATA (valid / total) ---
  Bool               1 / 1
  Int                5 / 5
  I64                2 / 2
  F32                5 / 5
  F64                2 / 2
  CString            6 / 6
  Vec3               1 / 1
  Vertex             140 / 140
  Model              1 / 1
  Texture            1 / 1
  Bounds             260289 / 260289
  Debug_Stats        1 / 1
  FrameData          1 / 1
  Strings_Builder    1 / 1
  DataPoint          1 / 1
  Field              3 / 3
  Metadata           260460 / 260460
  TOTAL              520920 / 520920

--- FETCHES (edit / copy / set) ---
  Int                366055 / 0 / 0
  I64                1014 / 0 / 0
  F32                507 / 0 / 0
  F64                507 / 0 / 0
  Vec3               1522 / 0 / 0
  Texture            507 / 0 / 0
  Bounds             50029239 / 0 / 0
  Debug_Stats        2535 / 0 / 0
  DataPoint          507 / 0 / 0
  Field              507 / 0 / 0

--- FIELD OCCUPANCY ---
  Field[0] 'world_field' levels:4 dims:3
    bounds X:[-8.0000,8.0000] Y:[-8.0000,8.0000] Z:[-8.0000,8.0000]
    level 0: 1 / 1 cells occupied
    level 1: 2 / 8 cells occupied
    level 2: 4 / 64 cells occupied
    level 3: 6 / 512 cells occupied
    level 4: 6 / 4096 cells occupied
  Field[1] 'model_field' levels:4 dims:3
    bounds X:[-1.0000,1.0000] Y:[-1.0000,1.0000] Z:[-1.0000,1.0000]
    level 0: 1 / 1 cells occupied
    level 1: 6 / 8 cells occupied
    level 2: 28 / 64 cells occupied
    level 3: 96 / 512 cells occupied
    level 4: 140 / 4096 cells occupied
  Field[2] 'screen_field' levels:0 dims:2
    bounds X:[0.0000,800.0000] Y:[0.0000,600.0000] Z:[0.0000,1.0000]
    level 0: 0 / 1 cells occupied

[F2: enable fetch timing]

---
=== HOLLOWS ENGINE ===
FPS: 265 | Pixel: 3.2ms | Input: 0.000ms | Texture: 0.497ms
Camera: [0.00, -0.18, 4.60]

--- DATA (valid / total) ---
  Bool               1 / 1
  Int                5 / 5
  I64                2 / 2
  F32                5 / 5
  F64                2 / 2
  CString            6 / 6
  Vec3               1 / 1
  Vertex             140 / 140
  Model              1 / 1
  Texture            1 / 1
  Bounds             260289 / 260289
  Debug_Stats        1 / 1
  FrameData          1 / 1
  Strings_Builder    1 / 1
  DataPoint          1 / 1
  Field              3 / 3
  Metadata           260460 / 260460
  TOTAL              520920 / 520920

--- FETCHES (edit / copy / set) ---
  Int                368943 / 0 / 0
  I64                1022 / 0 / 0
  F32                511 / 0 / 0
  F64                511 / 0 / 0
  Vec3               1534 / 0 / 0
  Texture            511 / 0 / 0
  Bounds             50423947 / 0 / 0
  Debug_Stats        2555 / 0 / 0
  DataPoint          511 / 0 / 0
  Field              511 / 0 / 0

--- FIELD OCCUPANCY ---
  Field[0] 'world_field' levels:4 dims:3
    bounds X:[-8.0000,8.0000] Y:[-8.0000,8.0000] Z:[-8.0000,8.0000]
    level 0: 1 / 1 cells occupied
    level 1: 2 / 8 cells occupied
    level 2: 4 / 64 cells occupied
    level 3: 6 / 512 cells occupied
    level 4: 6 / 4096 cells occupied
  Field[1] 'model_field' levels:4 dims:3
    bounds X:[-1.0000,1.0000] Y:[-1.0000,1.0000] Z:[-1.0000,1.0000]
    level 0: 1 / 1 cells occupied
    level 1: 6 / 8 cells occupied
    level 2: 28 / 64 cells occupied
    level 3: 96 / 512 cells occupied
    level 4: 140 / 4096 cells occupied
  Field[2] 'screen_field' levels:0 dims:2
    bounds X:[0.0000,800.0000] Y:[0.0000,600.0000] Z:[0.0000,1.0000]
    level 0: 0 / 1 cells occupied

[F2: enable fetch timing]

---
=== HOLLOWS ENGINE ===
FPS: 121 | Pixel: 3.3ms | Input: 0.001ms | Texture: 0.493ms
Camera: [0.00, -0.18, 4.60]

--- DATA (valid / total) ---
  Bool               1 / 1
  Int                5 / 5
  I64                2 / 2
  F32                5 / 5
  F64                2 / 2
  CString            6 / 6
  Vec3               1 / 1
  Vertex             140 / 140
  Model              1 / 1
  Texture            1 / 1
  Bounds             260289 / 260289
  Debug_Stats        1 / 1
  FrameData          1 / 1
  Strings_Builder    1 / 1
  DataPoint          1 / 1
  Field              3 / 3
  Metadata           260460 / 260460
  TOTAL              520920 / 520920

--- FETCHES (edit / copy / set) ---
  Int                353059 / 0 / 0
  I64                978 / 0 / 0
  F32                489 / 0 / 0
  F64                489 / 0 / 0
  Vec3               1468 / 0 / 0
  Texture            489 / 0 / 0
  Bounds             48253053 / 0 / 0
  Debug_Stats        2445 / 0 / 0
  DataPoint          489 / 0 / 0
  Field              489 / 0 / 0

--- FIELD OCCUPANCY ---
  Field[0] 'world_field' levels:4 dims:3
    bounds X:[-8.0000,8.0000] Y:[-8.0000,8.0000] Z:[-8.0000,8.0000]
    level 0: 1 / 1 cells occupied
    level 1: 2 / 8 cells occupied
    level 2: 4 / 64 cells occupied
    level 3: 6 / 512 cells occupied
    level 4: 6 / 4096 cells occupied
  Field[1] 'model_field' levels:4 dims:3
    bounds X:[-1.0000,1.0000] Y:[-1.0000,1.0000] Z:[-1.0000,1.0000]
    level 0: 1 / 1 cells occupied
    level 1: 6 / 8 cells occupied
    level 2: 28 / 64 cells occupied
    level 3: 96 / 512 cells occupied
    level 4: 140 / 4096 cells occupied
  Field[2] 'screen_field' levels:0 dims:2
    bounds X:[0.0000,800.0000] Y:[0.0000,600.0000] Z:[0.0000,1.0000]
    level 0: 0 / 1 cells occupied

[F2: enable fetch timing]

---
=== HOLLOWS ENGINE ===
FPS: 240 | Pixel: 3.6ms | Input: 0.000ms | Texture: 0.516ms
Camera: [0.00, -0.18, 4.60]

--- DATA (valid / total) ---
  Bool               1 / 1
  Int                5 / 5
  I64                2 / 2
  F32                5 / 5
  F64                2 / 2
  CString            6 / 6
  Vec3               1 / 1
  Vertex             140 / 140
  Model              1 / 1
  Texture            1 / 1
  Bounds             260289 / 260289
  Debug_Stats        1 / 1
  FrameData          1 / 1
  Strings_Builder    1 / 1
  DataPoint          1 / 1
  Field              3 / 3
  Metadata           260460 / 260460
  TOTAL              520920 / 520920

--- FETCHES (edit / copy / set) ---
  Int                360279 / 0 / 0
  I64                998 / 0 / 0
  F32                499 / 0 / 0
  F64                499 / 0 / 0
  Vec3               1498 / 0 / 0
  Texture            499 / 0 / 0
  Bounds             49239823 / 0 / 0
  Debug_Stats        2495 / 0 / 0
  DataPoint          499 / 0 / 0
  Field              499 / 0 / 0

--- FIELD OCCUPANCY ---
  Field[0] 'world_field' levels:4 dims:3
    bounds X:[-8.0000,8.0000] Y:[-8.0000,8.0000] Z:[-8.0000,8.0000]
    level 0: 1 / 1 cells occupied
    level 1: 2 / 8 cells occupied
    level 2: 4 / 64 cells occupied
    level 3: 6 / 512 cells occupied
    level 4: 6 / 4096 cells occupied
  Field[1] 'model_field' levels:4 dims:3
    bounds X:[-1.0000,1.0000] Y:[-1.0000,1.0000] Z:[-1.0000,1.0000]
    level 0: 1 / 1 cells occupied
    level 1: 6 / 8 cells occupied
    level 2: 28 / 64 cells occupied
    level 3: 96 / 512 cells occupied
    level 4: 140 / 4096 cells occupied
  Field[2] 'screen_field' levels:0 dims:2
    bounds X:[0.0000,800.0000] Y:[0.0000,600.0000] Z:[0.0000,1.0000]
    level 0: 0 / 1 cells occupied

[F2: enable fetch timing]

---
=== HOLLOWS ENGINE ===
FPS: 244 | Pixel: 3.5ms | Input: 0.000ms | Texture: 0.539ms
Camera: [0.00, -0.18, 4.60]

--- DATA (valid / total) ---
  Bool               1 / 1
  Int                5 / 5
  I64                2 / 2
  F32                5 / 5
  F64                2 / 2
  CString            6 / 6
  Vec3               1 / 1
  Vertex             140 / 140
  Model              1 / 1
  Texture            1 / 1
  Bounds             260289 / 260289
  Debug_Stats        1 / 1
  FrameData          1 / 1
  Strings_Builder    1 / 1
  DataPoint          1 / 1
  Field              3 / 3
  Metadata           260460 / 260460
  TOTAL              520920 / 520920

--- FETCHES (edit / copy / set) ---
  Int                348727 / 0 / 0
  I64                966 / 0 / 0
  F32                483 / 0 / 0
  F64                483 / 0 / 0
  Vec3               1450 / 0 / 0
  Texture            483 / 0 / 0
  Bounds             47660991 / 0 / 0
  Debug_Stats        2415 / 0 / 0
  DataPoint          483 / 0 / 0
  Field              483 / 0 / 0

--- FIELD OCCUPANCY ---
  Field[0] 'world_field' levels:4 dims:3
    bounds X:[-8.0000,8.0000] Y:[-8.0000,8.0000] Z:[-8.0000,8.0000]
    level 0: 1 / 1 cells occupied
    level 1: 2 / 8 cells occupied
    level 2: 4 / 64 cells occupied
    level 3: 6 / 512 cells occupied
    level 4: 6 / 4096 cells occupied
  Field[1] 'model_field' levels:4 dims:3
    bounds X:[-1.0000,1.0000] Y:[-1.0000,1.0000] Z:[-1.0000,1.0000]
    level 0: 1 / 1 cells occupied
    level 1: 6 / 8 cells occupied
    level 2: 28 / 64 cells occupied
    level 3: 96 / 512 cells occupied
    level 4: 140 / 4096 cells occupied
  Field[2] 'screen_field' levels:0 dims:2
    bounds X:[0.0000,800.0000] Y:[0.0000,600.0000] Z:[0.0000,1.0000]
    level 0: 0 / 1 cells occupied

[F2: enable fetch timing]

---
=== HOLLOWS ENGINE ===
FPS: 236 | Pixel: 3.5ms | Input: 0.000ms | Texture: 0.533ms
Camera: [0.00, -0.18, 4.60]

--- DATA (valid / total) ---
  Bool               1 / 1
  Int                5 / 5
  I64                2 / 2
  F32                5 / 5
  F64                2 / 2
  CString            6 / 6
  Vec3               1 / 1
  Vertex             140 / 140
  Model              1 / 1
  Texture            1 / 1
  Bounds             260289 / 260289
  Debug_Stats        1 / 1
  FrameData          1 / 1
  Strings_Builder    1 / 1
  DataPoint          1 / 1
  Field              3 / 3
  Metadata           260460 / 260460
  TOTAL              520920 / 520920

--- FETCHES (edit / copy / set) ---
  Int                353059 / 0 / 0
  I64                978 / 0 / 0
  F32                489 / 0 / 0
  F64                489 / 0 / 0
  Vec3               1468 / 0 / 0
  Texture            489 / 0 / 0
  Bounds             48253053 / 0 / 0
  Debug_Stats        2445 / 0 / 0
  DataPoint          489 / 0 / 0
  Field              489 / 0 / 0

--- FIELD OCCUPANCY ---
  Field[0] 'world_field' levels:4 dims:3
    bounds X:[-8.0000,8.0000] Y:[-8.0000,8.0000] Z:[-8.0000,8.0000]
    level 0: 1 / 1 cells occupied
    level 1: 2 / 8 cells occupied
    level 2: 4 / 64 cells occupied
    level 3: 6 / 512 cells occupied
    level 4: 6 / 4096 cells occupied
  Field[1] 'model_field' levels:4 dims:3
    bounds X:[-1.0000,1.0000] Y:[-1.0000,1.0000] Z:[-1.0000,1.0000]
    level 0: 1 / 1 cells occupied
    level 1: 6 / 8 cells occupied
    level 2: 28 / 64 cells occupied
    level 3: 96 / 512 cells occupied
    level 4: 140 / 4096 cells occupied
  Field[2] 'screen_field' levels:0 dims:2
    bounds X:[0.0000,800.0000] Y:[0.0000,600.0000] Z:[0.0000,1.0000]
    level 0: 0 / 1 cells occupied

[F2: enable fetch timing]

---
=== HOLLOWS ENGINE ===
FPS: 266 | Pixel: 3.2ms | Input: 0.000ms | Texture: 0.493ms
Camera: [0.00, -0.18, 4.60]

--- DATA (valid / total) ---
  Bool               1 / 1
  Int                5 / 5
  I64                2 / 2
  F32                5 / 5
  F64                2 / 2
  CString            6 / 6
  Vec3               1 / 1
  Vertex             140 / 140
  Model              1 / 1
  Texture            1 / 1
  Bounds             260289 / 260289
  Debug_Stats        1 / 1
  FrameData          1 / 1
  Strings_Builder    1 / 1
  DataPoint          1 / 1
  Field              3 / 3
  Metadata           260460 / 260460
  TOTAL              520920 / 520920

--- FETCHES (edit / copy / set) ---
  Int                360279 / 0 / 0
  I64                998 / 0 / 0
  F32                499 / 0 / 0
  F64                499 / 0 / 0
  Vec3               1498 / 0 / 0
  Texture            499 / 0 / 0
  Bounds             49239823 / 0 / 0
  Debug_Stats        2495 / 0 / 0
  DataPoint          499 / 0 / 0
  Field              499 / 0 / 0

--- FIELD OCCUPANCY ---
  Field[0] 'world_field' levels:4 dims:3
    bounds X:[-8.0000,8.0000] Y:[-8.0000,8.0000] Z:[-8.0000,8.0000]
    level 0: 1 / 1 cells occupied
    level 1: 2 / 8 cells occupied
    level 2: 4 / 64 cells occupied
    level 3: 6 / 512 cells occupied
    level 4: 6 / 4096 cells occupied
  Field[1] 'model_field' levels:4 dims:3
    bounds X:[-1.0000,1.0000] Y:[-1.0000,1.0000] Z:[-1.0000,1.0000]
    level 0: 1 / 1 cells occupied
    level 1: 6 / 8 cells occupied
    level 2: 28 / 64 cells occupied
    level 3: 96 / 512 cells occupied
    level 4: 140 / 4096 cells occupied
  Field[2] 'screen_field' levels:0 dims:2
    bounds X:[0.0000,800.0000] Y:[0.0000,600.0000] Z:[0.0000,1.0000]
    level 0: 0 / 1 cells occupied

[F2: enable fetch timing]

---
=== HOLLOWS ENGINE ===
FPS: 241 | Pixel: 3.6ms | Input: 0.000ms | Texture: 0.539ms
Camera: [0.00, -0.18, 4.60]

--- DATA (valid / total) ---
  Bool               1 / 1
  Int                5 / 5
  I64                2 / 2
  F32                5 / 5
  F64                2 / 2
  CString            6 / 6
  Vec3               1 / 1
  Vertex             140 / 140
  Model              1 / 1
  Texture            1 / 1
  Bounds             260289 / 260289
  Debug_Stats        1 / 1
  FrameData          1 / 1
  Strings_Builder    1 / 1
  DataPoint          1 / 1
  Field              3 / 3
  Metadata           260460 / 260460
  TOTAL              520920 / 520920

--- FETCHES (edit / copy / set) ---
  Int                361001 / 0 / 0
  I64                1000 / 0 / 0
  F32                500 / 0 / 0
  F64                500 / 0 / 0
  Vec3               1501 / 0 / 0
  Texture            500 / 0 / 0
  Bounds             49338500 / 0 / 0
  Debug_Stats        2500 / 0 / 0
  DataPoint          500 / 0 / 0
  Field              500 / 0 / 0

--- FIELD OCCUPANCY ---
  Field[0] 'world_field' levels:4 dims:3
    bounds X:[-8.0000,8.0000] Y:[-8.0000,8.0000] Z:[-8.0000,8.0000]
    level 0: 1 / 1 cells occupied
    level 1: 2 / 8 cells occupied
    level 2: 4 / 64 cells occupied
    level 3: 6 / 512 cells occupied
    level 4: 6 / 4096 cells occupied
  Field[1] 'model_field' levels:4 dims:3
    bounds X:[-1.0000,1.0000] Y:[-1.0000,1.0000] Z:[-1.0000,1.0000]
    level 0: 1 / 1 cells occupied
    level 1: 6 / 8 cells occupied
    level 2: 28 / 64 cells occupied
    level 3: 96 / 512 cells occupied
    level 4: 140 / 4096 cells occupied
  Field[2] 'screen_field' levels:0 dims:2
    bounds X:[0.0000,800.0000] Y:[0.0000,600.0000] Z:[0.0000,1.0000]
    level 0: 0 / 1 cells occupied

[F2: enable fetch timing]

---
=== HOLLOWS ENGINE ===
FPS: 264 | Pixel: 3.2ms | Input: 0.000ms | Texture: 0.499ms
Camera: [0.00, -0.18, 4.60]

--- DATA (valid / total) ---
  Bool               1 / 1
  Int                5 / 5
  I64                2 / 2
  F32                5 / 5
  F64                2 / 2
  CString            6 / 6
  Vec3               1 / 1
  Vertex             140 / 140
  Model              1 / 1
  Texture            1 / 1
  Bounds             260289 / 260289
  Debug_Stats        1 / 1
  FrameData          1 / 1
  Strings_Builder    1 / 1
  DataPoint          1 / 1
  Field              3 / 3
  Metadata           260460 / 260460
  TOTAL              520920 / 520920

--- FETCHES (edit / copy / set) ---
  Int                361001 / 0 / 0
  I64                1000 / 0 / 0
  F32                500 / 0 / 0
  F64                500 / 0 / 0
  Vec3               1501 / 0 / 0
  Texture            500 / 0 / 0
  Bounds             49338500 / 0 / 0
  Debug_Stats        2500 / 0 / 0
  DataPoint          500 / 0 / 0
  Field              500 / 0 / 0

--- FIELD OCCUPANCY ---
  Field[0] 'world_field' levels:4 dims:3
    bounds X:[-8.0000,8.0000] Y:[-8.0000,8.0000] Z:[-8.0000,8.0000]
    level 0: 1 / 1 cells occupied
    level 1: 2 / 8 cells occupied
    level 2: 4 / 64 cells occupied
    level 3: 6 / 512 cells occupied
    level 4: 6 / 4096 cells occupied
  Field[1] 'model_field' levels:4 dims:3
    bounds X:[-1.0000,1.0000] Y:[-1.0000,1.0000] Z:[-1.0000,1.0000]
    level 0: 1 / 1 cells occupied
    level 1: 6 / 8 cells occupied
    level 2: 28 / 64 cells occupied
    level 3: 96 / 512 cells occupied
    level 4: 140 / 4096 cells occupied
  Field[2] 'screen_field' levels:0 dims:2
    bounds X:[0.0000,800.0000] Y:[0.0000,600.0000] Z:[0.0000,1.0000]
    level 0: 0 / 1 cells occupied

[F2: enable fetch timing]

---
=== HOLLOWS ENGINE ===
FPS: 263 | Pixel: 3.2ms | Input: 0.000ms | Texture: 0.513ms
Camera: [0.00, -0.18, 4.60]

--- DATA (valid / total) ---
  Bool               1 / 1
  Int                5 / 5
  I64                2 / 2
  F32                5 / 5
  F64                2 / 2
  CString            6 / 6
  Vec3               1 / 1
  Vertex             140 / 140
  Model              1 / 1
  Texture            1 / 1
  Bounds             260289 / 260289
  Debug_Stats        1 / 1
  FrameData          1 / 1
  Strings_Builder    1 / 1
  DataPoint          1 / 1
  Field              3 / 3
  Metadata           260460 / 260460
  TOTAL              520920 / 520920

--- FETCHES (edit / copy / set) ---
  Int                365333 / 0 / 0
  I64                1012 / 0 / 0
  F32                506 / 0 / 0
  F64                506 / 0 / 0
  Vec3               1519 / 0 / 0
  Texture            506 / 0 / 0
  Bounds             49930562 / 0 / 0
  Debug_Stats        2530 / 0 / 0
  DataPoint          506 / 0 / 0
  Field              506 / 0 / 0

--- FIELD OCCUPANCY ---
  Field[0] 'world_field' levels:4 dims:3
    bounds X:[-8.0000,8.0000] Y:[-8.0000,8.0000] Z:[-8.0000,8.0000]
    level 0: 1 / 1 cells occupied
    level 1: 2 / 8 cells occupied
    level 2: 4 / 64 cells occupied
    level 3: 6 / 512 cells occupied
    level 4: 6 / 4096 cells occupied
  Field[1] 'model_field' levels:4 dims:3
    bounds X:[-1.0000,1.0000] Y:[-1.0000,1.0000] Z:[-1.0000,1.0000]
    level 0: 1 / 1 cells occupied
    level 1: 6 / 8 cells occupied
    level 2: 28 / 64 cells occupied
    level 3: 96 / 512 cells occupied
    level 4: 140 / 4096 cells occupied
  Field[2] 'screen_field' levels:0 dims:2
    bounds X:[0.0000,800.0000] Y:[0.0000,600.0000] Z:[0.0000,1.0000]
    level 0: 0 / 1 cells occupied

[F2: enable fetch timing]

---
=== HOLLOWS ENGINE ===
FPS: 265 | Pixel: 3.2ms | Input: 0.000ms | Texture: 0.494ms
Camera: [0.00, -0.18, 4.60]

--- DATA (valid / total) ---
  Bool               1 / 1
  Int                5 / 5
  I64                2 / 2
  F32                5 / 5
  F64                2 / 2
  CString            6 / 6
  Vec3               1 / 1
  Vertex             140 / 140
  Model              1 / 1
  Texture            1 / 1
  Bounds             260289 / 260289
  Debug_Stats        1 / 1
  FrameData          1 / 1
  Strings_Builder    1 / 1
  DataPoint          1 / 1
  Field              3 / 3
  Metadata           260460 / 260460
  TOTAL              520920 / 520920

--- FETCHES (edit / copy / set) ---
  Int                364611 / 0 / 0
  I64                1010 / 0 / 0
  F32                505 / 0 / 0
  F64                505 / 0 / 0
  Vec3               1516 / 0 / 0
  Texture            505 / 0 / 0
  Bounds             49831885 / 0 / 0
  Debug_Stats        2525 / 0 / 0
  DataPoint          505 / 0 / 0
  Field              505 / 0 / 0

--- FIELD OCCUPANCY ---
  Field[0] 'world_field' levels:4 dims:3
    bounds X:[-8.0000,8.0000] Y:[-8.0000,8.0000] Z:[-8.0000,8.0000]
    level 0: 1 / 1 cells occupied
    level 1: 2 / 8 cells occupied
    level 2: 4 / 64 cells occupied
    level 3: 6 / 512 cells occupied
    level 4: 6 / 4096 cells occupied
  Field[1] 'model_field' levels:4 dims:3
    bounds X:[-1.0000,1.0000] Y:[-1.0000,1.0000] Z:[-1.0000,1.0000]
    level 0: 1 / 1 cells occupied
    level 1: 6 / 8 cells occupied
    level 2: 28 / 64 cells occupied
    level 3: 96 / 512 cells occupied
    level 4: 140 / 4096 cells occupied
  Field[2] 'screen_field' levels:0 dims:2
    bounds X:[0.0000,800.0000] Y:[0.0000,600.0000] Z:[0.0000,1.0000]
    level 0: 0 / 1 cells occupied

[F2: enable fetch timing]

---
=== HOLLOWS ENGINE ===
FPS: 260 | Pixel: 3.3ms | Input: 0.000ms | Texture: 0.506ms
Camera: [0.00, -0.18, 4.60]

--- DATA (valid / total) ---
  Bool               1 / 1
  Int                5 / 5
  I64                2 / 2
  F32                5 / 5
  F64                2 / 2
  CString            6 / 6
  Vec3               1 / 1
  Vertex             140 / 140
  Model              1 / 1
  Texture            1 / 1
  Bounds             260289 / 260289
  Debug_Stats        1 / 1
  FrameData          1 / 1
  Strings_Builder    1 / 1
  DataPoint          1 / 1
  Field              3 / 3
  Metadata           260460 / 260460
  TOTAL              520920 / 520920

--- FETCHES (edit / copy / set) ---
  Int                362445 / 0 / 0
  I64                1004 / 0 / 0
  F32                502 / 0 / 0
  F64                502 / 0 / 0
  Vec3               1507 / 0 / 0
  Texture            502 / 0 / 0
  Bounds             49535854 / 0 / 0
  Debug_Stats        2510 / 0 / 0
  DataPoint          502 / 0 / 0
  Field              502 / 0 / 0

--- FIELD OCCUPANCY ---
  Field[0] 'world_field' levels:4 dims:3
    bounds X:[-8.0000,8.0000] Y:[-8.0000,8.0000] Z:[-8.0000,8.0000]
    level 0: 1 / 1 cells occupied
    level 1: 2 / 8 cells occupied
    level 2: 4 / 64 cells occupied
    level 3: 6 / 512 cells occupied
    level 4: 6 / 4096 cells occupied
  Field[1] 'model_field' levels:4 dims:3
    bounds X:[-1.0000,1.0000] Y:[-1.0000,1.0000] Z:[-1.0000,1.0000]
    level 0: 1 / 1 cells occupied
    level 1: 6 / 8 cells occupied
    level 2: 28 / 64 cells occupied
    level 3: 96 / 512 cells occupied
    level 4: 140 / 4096 cells occupied
  Field[2] 'screen_field' levels:0 dims:2
    bounds X:[0.0000,800.0000] Y:[0.0000,600.0000] Z:[0.0000,1.0000]
    level 0: 0 / 1 cells occupied

[F2: enable fetch timing]

---
=== HOLLOWS ENGINE ===
FPS: 266 | Pixel: 3.2ms | Input: 0.000ms | Texture: 0.493ms
Camera: [0.00, -0.18, 4.60]

--- DATA (valid / total) ---
  Bool               1 / 1
  Int                5 / 5
  I64                2 / 2
  F32                5 / 5
  F64                2 / 2
  CString            6 / 6
  Vec3               1 / 1
  Vertex             140 / 140
  Model              1 / 1
  Texture            1 / 1
  Bounds             260289 / 260289
  Debug_Stats        1 / 1
  FrameData          1 / 1
  Strings_Builder    1 / 1
  DataPoint          1 / 1
  Field              3 / 3
  Metadata           260460 / 260460
  TOTAL              520920 / 520920

--- FETCHES (edit / copy / set) ---
  Int                371831 / 0 / 0
  I64                1030 / 0 / 0
  F32                515 / 0 / 0
  F64                515 / 0 / 0
  Vec3               1546 / 0 / 0
  Texture            515 / 0 / 0
  Bounds             50818655 / 0 / 0
  Debug_Stats        2575 / 0 / 0
  DataPoint          515 / 0 / 0
  Field              515 / 0 / 0

--- FIELD OCCUPANCY ---
  Field[0] 'world_field' levels:4 dims:3
    bounds X:[-8.0000,8.0000] Y:[-8.0000,8.0000] Z:[-8.0000,8.0000]
    level 0: 1 / 1 cells occupied
    level 1: 2 / 8 cells occupied
    level 2: 4 / 64 cells occupied
    level 3: 6 / 512 cells occupied
    level 4: 6 / 4096 cells occupied
  Field[1] 'model_field' levels:4 dims:3
    bounds X:[-1.0000,1.0000] Y:[-1.0000,1.0000] Z:[-1.0000,1.0000]
    level 0: 1 / 1 cells occupied
    level 1: 6 / 8 cells occupied
    level 2: 28 / 64 cells occupied
    level 3: 96 / 512 cells occupied
    level 4: 140 / 4096 cells occupied
  Field[2] 'screen_field' levels:0 dims:2
    bounds X:[0.0000,800.0000] Y:[0.0000,600.0000] Z:[0.0000,1.0000]
    level 0: 0 / 1 cells occupied

[F2: enable fetch timing]

---
=== HOLLOWS ENGINE ===
FPS: 266 | Pixel: 3.2ms | Input: 0.000ms | Texture: 0.490ms
Camera: [0.00, -0.18, 4.60]

--- DATA (valid / total) ---
  Bool               1 / 1
  Int                5 / 5
  I64                2 / 2
  F32                5 / 5
  F64                2 / 2
  CString            6 / 6
  Vec3               1 / 1
  Vertex             140 / 140
  Model              1 / 1
  Texture            1 / 1
  Bounds             260289 / 260289
  Debug_Stats        1 / 1
  FrameData          1 / 1
  Strings_Builder    1 / 1
  DataPoint          1 / 1
  Field              3 / 3
  Metadata           260460 / 260460
  TOTAL              520920 / 520920

--- FETCHES (edit / copy / set) ---
  Int                363889 / 0 / 0
  I64                1008 / 0 / 0
  F32                504 / 0 / 0
  F64                504 / 0 / 0
  Vec3               1513 / 0 / 0
  Texture            504 / 0 / 0
  Bounds             49733208 / 0 / 0
  Debug_Stats        2520 / 0 / 0
  DataPoint          504 / 0 / 0
  Field              504 / 0 / 0

--- FIELD OCCUPANCY ---
  Field[0] 'world_field' levels:4 dims:3
    bounds X:[-8.0000,8.0000] Y:[-8.0000,8.0000] Z:[-8.0000,8.0000]
    level 0: 1 / 1 cells occupied
    level 1: 2 / 8 cells occupied
    level 2: 4 / 64 cells occupied
    level 3: 6 / 512 cells occupied
    level 4: 6 / 4096 cells occupied
  Field[1] 'model_field' levels:4 dims:3
    bounds X:[-1.0000,1.0000] Y:[-1.0000,1.0000] Z:[-1.0000,1.0000]
    level 0: 1 / 1 cells occupied
    level 1: 6 / 8 cells occupied
    level 2: 28 / 64 cells occupied
    level 3: 96 / 512 cells occupied
    level 4: 140 / 4096 cells occupied
  Field[2] 'screen_field' levels:0 dims:2
    bounds X:[0.0000,800.0000] Y:[0.0000,600.0000] Z:[0.0000,1.0000]
    level 0: 0 / 1 cells occupied

[F2: enable fetch timing]

---
=== HOLLOWS ENGINE ===
FPS: 265 | Pixel: 3.2ms | Input: 0.000ms | Texture: 0.487ms
Camera: [0.00, -0.18, 4.60]

--- DATA (valid / total) ---
  Bool               1 / 1
  Int                5 / 5
  I64                2 / 2
  F32                5 / 5
  F64                2 / 2
  CString            6 / 6
  Vec3               1 / 1
  Vertex             140 / 140
  Model              1 / 1
  Texture            1 / 1
  Bounds             260289 / 260289
  Debug_Stats        1 / 1
  FrameData          1 / 1
  Strings_Builder    1 / 1
  DataPoint          1 / 1
  Field              3 / 3
  Metadata           260460 / 260460
  TOTAL              520920 / 520920

--- FETCHES (edit / copy / set) ---
  Int                363889 / 0 / 0
  I64                1008 / 0 / 0
  F32                504 / 0 / 0
  F64                504 / 0 / 0
  Vec3               1513 / 0 / 0
  Texture            504 / 0 / 0
  Bounds             49733208 / 0 / 0
  Debug_Stats        2520 / 0 / 0
  DataPoint          504 / 0 / 0
  Field              504 / 0 / 0

--- FIELD OCCUPANCY ---
  Field[0] 'world_field' levels:4 dims:3
    bounds X:[-8.0000,8.0000] Y:[-8.0000,8.0000] Z:[-8.0000,8.0000]
    level 0: 1 / 1 cells occupied
    level 1: 2 / 8 cells occupied
    level 2: 4 / 64 cells occupied
    level 3: 6 / 512 cells occupied
    level 4: 6 / 4096 cells occupied
  Field[1] 'model_field' levels:4 dims:3
    bounds X:[-1.0000,1.0000] Y:[-1.0000,1.0000] Z:[-1.0000,1.0000]
    level 0: 1 / 1 cells occupied
    level 1: 6 / 8 cells occupied
    level 2: 28 / 64 cells occupied
    level 3: 96 / 512 cells occupied
    level 4: 140 / 4096 cells occupied
  Field[2] 'screen_field' levels:0 dims:2
    bounds X:[0.0000,800.0000] Y:[0.0000,600.0000] Z:[0.0000,1.0000]
    level 0: 0 / 1 cells occupied

[F2: enable fetch timing]

---
=== HOLLOWS ENGINE ===
FPS: 265 | Pixel: 3.2ms | Input: 0.000ms | Texture: 0.499ms
Camera: [0.00, -0.18, 4.60]

--- DATA (valid / total) ---
  Bool               1 / 1
  Int                5 / 5
  I64                2 / 2
  F32                5 / 5
  F64                2 / 2
  CString            6 / 6
  Vec3               1 / 1
  Vertex             140 / 140
  Model              1 / 1
  Texture            1 / 1
  Bounds             260289 / 260289
  Debug_Stats        1 / 1
  FrameData          1 / 1
  Strings_Builder    1 / 1
  DataPoint          1 / 1
  Field              3 / 3
  Metadata           260460 / 260460
  TOTAL              520920 / 520920

--- FETCHES (edit / copy / set) ---
  Int                355947 / 0 / 0
  I64                986 / 0 / 0
  F32                493 / 0 / 0
  F64                493 / 0 / 0
  Vec3               1480 / 0 / 0
  Texture            493 / 0 / 0
  Bounds             48647761 / 0 / 0
  Debug_Stats        2465 / 0 / 0
  DataPoint          493 / 0 / 0
  Field              493 / 0 / 0

--- FIELD OCCUPANCY ---
  Field[0] 'world_field' levels:4 dims:3
    bounds X:[-8.0000,8.0000] Y:[-8.0000,8.0000] Z:[-8.0000,8.0000]
    level 0: 1 / 1 cells occupied
    level 1: 2 / 8 cells occupied
    level 2: 4 / 64 cells occupied
    level 3: 6 / 512 cells occupied
    level 4: 6 / 4096 cells occupied
  Field[1] 'model_field' levels:4 dims:3
    bounds X:[-1.0000,1.0000] Y:[-1.0000,1.0000] Z:[-1.0000,1.0000]
    level 0: 1 / 1 cells occupied
    level 1: 6 / 8 cells occupied
    level 2: 28 / 64 cells occupied
    level 3: 96 / 512 cells occupied
    level 4: 140 / 4096 cells occupied
  Field[2] 'screen_field' levels:0 dims:2
    bounds X:[0.0000,800.0000] Y:[0.0000,600.0000] Z:[0.0000,1.0000]
    level 0: 0 / 1 cells occupied

[F2: enable fetch timing]

---
=== HOLLOWS ENGINE ===
FPS: 242 | Pixel: 3.6ms | Input: 0.000ms | Texture: 0.541ms
Camera: [0.00, -0.18, 4.60]

--- DATA (valid / total) ---
  Bool               1 / 1
  Int                5 / 5
  I64                2 / 2
  F32                5 / 5
  F64                2 / 2
  CString            6 / 6
  Vec3               1 / 1
  Vertex             140 / 140
  Model              1 / 1
  Texture            1 / 1
  Bounds             260289 / 260289
  Debug_Stats        1 / 1
  FrameData          1 / 1
  Strings_Builder    1 / 1
  DataPoint          1 / 1
  Field              3 / 3
  Metadata           260460 / 260460
  TOTAL              520920 / 520920

--- FETCHES (edit / copy / set) ---
  Int                358113 / 0 / 0
  I64                992 / 0 / 0
  F32                496 / 0 / 0
  F64                496 / 0 / 0
  Vec3               1489 / 0 / 0
  Texture            496 / 0 / 0
  Bounds             48943792 / 0 / 0
  Debug_Stats        2480 / 0 / 0
  DataPoint          496 / 0 / 0
  Field              496 / 0 / 0

--- FIELD OCCUPANCY ---
  Field[0] 'world_field' levels:4 dims:3
    bounds X:[-8.0000,8.0000] Y:[-8.0000,8.0000] Z:[-8.0000,8.0000]
    level 0: 1 / 1 cells occupied
    level 1: 2 / 8 cells occupied
    level 2: 4 / 64 cells occupied
    level 3: 6 / 512 cells occupied
    level 4: 6 / 4096 cells occupied
  Field[1] 'model_field' levels:4 dims:3
    bounds X:[-1.0000,1.0000] Y:[-1.0000,1.0000] Z:[-1.0000,1.0000]
    level 0: 1 / 1 cells occupied
    level 1: 6 / 8 cells occupied
    level 2: 28 / 64 cells occupied
    level 3: 96 / 512 cells occupied
    level 4: 140 / 4096 cells occupied
  Field[2] 'screen_field' levels:0 dims:2
    bounds X:[0.0000,800.0000] Y:[0.0000,600.0000] Z:[0.0000,1.0000]
    level 0: 0 / 1 cells occupied

[F2: enable fetch timing]

---
=== HOLLOWS ENGINE ===
FPS: 265 | Pixel: 3.2ms | Input: 0.000ms | Texture: 0.491ms
Camera: [0.00, -0.18, 4.60]

--- DATA (valid / total) ---
  Bool               1 / 1
  Int                5 / 5
  I64                2 / 2
  F32                5 / 5
  F64                2 / 2
  CString            6 / 6
  Vec3               1 / 1
  Vertex             140 / 140
  Model              1 / 1
  Texture            1 / 1
  Bounds             260289 / 260289
  Debug_Stats        1 / 1
  FrameData          1 / 1
  Strings_Builder    1 / 1
  DataPoint          1 / 1
  Field              3 / 3
  Metadata           260460 / 260460
  TOTAL              520920 / 520920

--- FETCHES (edit / copy / set) ---
  Int                358113 / 0 / 0
  I64                992 / 0 / 0
  F32                496 / 0 / 0
  F64                496 / 0 / 0
  Vec3               1489 / 0 / 0
  Texture            496 / 0 / 0
  Bounds             48943792 / 0 / 0
  Debug_Stats        2480 / 0 / 0
  DataPoint          496 / 0 / 0
  Field              496 / 0 / 0

--- FIELD OCCUPANCY ---
  Field[0] 'world_field' levels:4 dims:3
    bounds X:[-8.0000,8.0000] Y:[-8.0000,8.0000] Z:[-8.0000,8.0000]
    level 0: 1 / 1 cells occupied
    level 1: 2 / 8 cells occupied
    level 2: 4 / 64 cells occupied
    level 3: 6 / 512 cells occupied
    level 4: 6 / 4096 cells occupied
  Field[1] 'model_field' levels:4 dims:3
    bounds X:[-1.0000,1.0000] Y:[-1.0000,1.0000] Z:[-1.0000,1.0000]
    level 0: 1 / 1 cells occupied
    level 1: 6 / 8 cells occupied
    level 2: 28 / 64 cells occupied
    level 3: 96 / 512 cells occupied
    level 4: 140 / 4096 cells occupied
  Field[2] 'screen_field' levels:0 dims:2
    bounds X:[0.0000,800.0000] Y:[0.0000,600.0000] Z:[0.0000,1.0000]
    level 0: 0 / 1 cells occupied

[F2: enable fetch timing]

---
=== HOLLOWS ENGINE ===
FPS: 265 | Pixel: 3.2ms | Input: 0.000ms | Texture: 0.502ms
Camera: [0.00, -0.18, 4.60]

--- DATA (valid / total) ---
  Bool               1 / 1
  Int                5 / 5
  I64                2 / 2
  F32                5 / 5
  F64                2 / 2
  CString            6 / 6
  Vec3               1 / 1
  Vertex             140 / 140
  Model              1 / 1
  Texture            1 / 1
  Bounds             260289 / 260289
  Debug_Stats        1 / 1
  FrameData          1 / 1
  Strings_Builder    1 / 1
  DataPoint          1 / 1
  Field              3 / 3
  Metadata           260460 / 260460
  TOTAL              520920 / 520920

--- FETCHES (edit / copy / set) ---
  Int                363889 / 0 / 0
  I64                1008 / 0 / 0
  F32                504 / 0 / 0
  F64                504 / 0 / 0
  Vec3               1513 / 0 / 0
  Texture            504 / 0 / 0
  Bounds             49733208 / 0 / 0
  Debug_Stats        2520 / 0 / 0
  DataPoint          504 / 0 / 0
  Field              504 / 0 / 0

--- FIELD OCCUPANCY ---
  Field[0] 'world_field' levels:4 dims:3
    bounds X:[-8.0000,8.0000] Y:[-8.0000,8.0000] Z:[-8.0000,8.0000]
    level 0: 1 / 1 cells occupied
    level 1: 2 / 8 cells occupied
    level 2: 4 / 64 cells occupied
    level 3: 6 / 512 cells occupied
    level 4: 6 / 4096 cells occupied
  Field[1] 'model_field' levels:4 dims:3
    bounds X:[-1.0000,1.0000] Y:[-1.0000,1.0000] Z:[-1.0000,1.0000]
    level 0: 1 / 1 cells occupied
    level 1: 6 / 8 cells occupied
    level 2: 28 / 64 cells occupied
    level 3: 96 / 512 cells occupied
    level 4: 140 / 4096 cells occupied
  Field[2] 'screen_field' levels:0 dims:2
    bounds X:[0.0000,800.0000] Y:[0.0000,600.0000] Z:[0.0000,1.0000]
    level 0: 0 / 1 cells occupied

[F2: enable fetch timing]

---
=== HOLLOWS ENGINE ===
FPS: 267 | Pixel: 3.2ms | Input: 0.000ms | Texture: 0.494ms
Camera: [0.00, -0.18, 4.60]

--- DATA (valid / total) ---
  Bool               1 / 1
  Int                5 / 5
  I64                2 / 2
  F32                5 / 5
  F64                2 / 2
  CString            6 / 6
  Vec3               1 / 1
  Vertex             140 / 140
  Model              1 / 1
  Texture            1 / 1
  Bounds             260289 / 260289
  Debug_Stats        1 / 1
  FrameData          1 / 1
  Strings_Builder    1 / 1
  DataPoint          1 / 1
  Field              3 / 3
  Metadata           260460 / 260460
  TOTAL              520920 / 520920

--- FETCHES (edit / copy / set) ---
  Int                363889 / 0 / 0
  I64                1008 / 0 / 0
  F32                504 / 0 / 0
  F64                504 / 0 / 0
  Vec3               1513 / 0 / 0
  Texture            504 / 0 / 0
  Bounds             49733208 / 0 / 0
  Debug_Stats        2520 / 0 / 0
  DataPoint          504 / 0 / 0
  Field              504 / 0 / 0

--- FIELD OCCUPANCY ---
  Field[0] 'world_field' levels:4 dims:3
    bounds X:[-8.0000,8.0000] Y:[-8.0000,8.0000] Z:[-8.0000,8.0000]
    level 0: 1 / 1 cells occupied
    level 1: 2 / 8 cells occupied
    level 2: 4 / 64 cells occupied
    level 3: 6 / 512 cells occupied
    level 4: 6 / 4096 cells occupied
  Field[1] 'model_field' levels:4 dims:3
    bounds X:[-1.0000,1.0000] Y:[-1.0000,1.0000] Z:[-1.0000,1.0000]
    level 0: 1 / 1 cells occupied
    level 1: 6 / 8 cells occupied
    level 2: 28 / 64 cells occupied
    level 3: 96 / 512 cells occupied
    level 4: 140 / 4096 cells occupied
  Field[2] 'screen_field' levels:0 dims:2
    bounds X:[0.0000,800.0000] Y:[0.0000,600.0000] Z:[0.0000,1.0000]
    level 0: 0 / 1 cells occupied

[F2: enable fetch timing]

---
=== HOLLOWS ENGINE ===
FPS: 266 | Pixel: 3.2ms | Input: 0.000ms | Texture: 0.496ms
Camera: [0.00, -0.18, 4.60]

--- DATA (valid / total) ---
  Bool               1 / 1
  Int                5 / 5
  I64                2 / 2
  F32                5 / 5
  F64                2 / 2
  CString            6 / 6
  Vec3               1 / 1
  Vertex             140 / 140
  Model              1 / 1
  Texture            1 / 1
  Bounds             260289 / 260289
  Debug_Stats        1 / 1
  FrameData          1 / 1
  Strings_Builder    1 / 1
  DataPoint          1 / 1
  Field              3 / 3
  Metadata           260460 / 260460
  TOTAL              520920 / 520920

--- FETCHES (edit / copy / set) ---
  Int                365333 / 0 / 0
  I64                1012 / 0 / 0
  F32                506 / 0 / 0
  F64                506 / 0 / 0
  Vec3               1519 / 0 / 0
  Texture            506 / 0 / 0
  Bounds             49930562 / 0 / 0
  Debug_Stats        2530 / 0 / 0
  DataPoint          506 / 0 / 0
  Field              506 / 0 / 0

--- FIELD OCCUPANCY ---
  Field[0] 'world_field' levels:4 dims:3
    bounds X:[-8.0000,8.0000] Y:[-8.0000,8.0000] Z:[-8.0000,8.0000]
    level 0: 1 / 1 cells occupied
    level 1: 2 / 8 cells occupied
    level 2: 4 / 64 cells occupied
    level 3: 6 / 512 cells occupied
    level 4: 6 / 4096 cells occupied
  Field[1] 'model_field' levels:4 dims:3
    bounds X:[-1.0000,1.0000] Y:[-1.0000,1.0000] Z:[-1.0000,1.0000]
    level 0: 1 / 1 cells occupied
    level 1: 6 / 8 cells occupied
    level 2: 28 / 64 cells occupied
    level 3: 96 / 512 cells occupied
    level 4: 140 / 4096 cells occupied
  Field[2] 'screen_field' levels:0 dims:2
    bounds X:[0.0000,800.0000] Y:[0.0000,600.0000] Z:[0.0000,1.0000]
    level 0: 0 / 1 cells occupied

[F2: enable fetch timing]

---
=== HOLLOWS ENGINE ===
FPS: 266 | Pixel: 3.2ms | Input: 0.000ms | Texture: 0.495ms
Camera: [0.00, -0.18, 4.60]

--- DATA (valid / total) ---
  Bool               1 / 1
  Int                5 / 5
  I64                2 / 2
  F32                5 / 5
  F64                2 / 2
  CString            6 / 6
  Vec3               1 / 1
  Vertex             140 / 140
  Model              1 / 1
  Texture            1 / 1
  Bounds             260289 / 260289
  Debug_Stats        1 / 1
  FrameData          1 / 1
  Strings_Builder    1 / 1
  DataPoint          1 / 1
  Field              3 / 3
  Metadata           260460 / 260460
  TOTAL              520920 / 520920

--- FETCHES (edit / copy / set) ---
  Int                355225 / 0 / 0
  I64                984 / 0 / 0
  F32                492 / 0 / 0
  F64                492 / 0 / 0
  Vec3               1477 / 0 / 0
  Texture            492 / 0 / 0
  Bounds             48549084 / 0 / 0
  Debug_Stats        2460 / 0 / 0
  DataPoint          492 / 0 / 0
  Field              492 / 0 / 0

--- FIELD OCCUPANCY ---
  Field[0] 'world_field' levels:4 dims:3
    bounds X:[-8.0000,8.0000] Y:[-8.0000,8.0000] Z:[-8.0000,8.0000]
    level 0: 1 / 1 cells occupied
    level 1: 2 / 8 cells occupied
    level 2: 4 / 64 cells occupied
    level 3: 6 / 512 cells occupied
    level 4: 6 / 4096 cells occupied
  Field[1] 'model_field' levels:4 dims:3
    bounds X:[-1.0000,1.0000] Y:[-1.0000,1.0000] Z:[-1.0000,1.0000]
    level 0: 1 / 1 cells occupied
    level 1: 6 / 8 cells occupied
    level 2: 28 / 64 cells occupied
    level 3: 96 / 512 cells occupied
    level 4: 140 / 4096 cells occupied
  Field[2] 'screen_field' levels:0 dims:2
    bounds X:[0.0000,800.0000] Y:[0.0000,600.0000] Z:[0.0000,1.0000]
    level 0: 0 / 1 cells occupied

[F2: enable fetch timing]

---
=== HOLLOWS ENGINE ===
FPS: 267 | Pixel: 3.2ms | Input: 0.000ms | Texture: 0.496ms
Camera: [0.00, -0.18, 4.60]

--- DATA (valid / total) ---
  Bool               1 / 1
  Int                5 / 5
  I64                2 / 2
  F32                5 / 5
  F64                2 / 2
  CString            6 / 6
  Vec3               1 / 1
  Vertex             140 / 140
  Model              1 / 1
  Texture            1 / 1
  Bounds             260289 / 260289
  Debug_Stats        1 / 1
  FrameData          1 / 1
  Strings_Builder    1 / 1
  DataPoint          1 / 1
  Field              3 / 3
  Metadata           260460 / 260460
  TOTAL              520920 / 520920

--- FETCHES (edit / copy / set) ---
  Int                354503 / 0 / 0
  I64                982 / 0 / 0
  F32                491 / 0 / 0
  F64                491 / 0 / 0
  Vec3               1474 / 0 / 0
  Texture            491 / 0 / 0
  Bounds             48450407 / 0 / 0
  Debug_Stats        2455 / 0 / 0
  DataPoint          491 / 0 / 0
  Field              491 / 0 / 0

--- FIELD OCCUPANCY ---
  Field[0] 'world_field' levels:4 dims:3
    bounds X:[-8.0000,8.0000] Y:[-8.0000,8.0000] Z:[-8.0000,8.0000]
    level 0: 1 / 1 cells occupied
    level 1: 2 / 8 cells occupied
    level 2: 4 / 64 cells occupied
    level 3: 6 / 512 cells occupied
    level 4: 6 / 4096 cells occupied
  Field[1] 'model_field' levels:4 dims:3
    bounds X:[-1.0000,1.0000] Y:[-1.0000,1.0000] Z:[-1.0000,1.0000]
    level 0: 1 / 1 cells occupied
    level 1: 6 / 8 cells occupied
    level 2: 28 / 64 cells occupied
    level 3: 96 / 512 cells occupied
    level 4: 140 / 4096 cells occupied
  Field[2] 'screen_field' levels:0 dims:2
    bounds X:[0.0000,800.0000] Y:[0.0000,600.0000] Z:[0.0000,1.0000]
    level 0: 0 / 1 cells occupied

[F2: enable fetch timing]

---
=== HOLLOWS ENGINE ===
FPS: 266 | Pixel: 3.2ms | Input: 0.000ms | Texture: 0.494ms
Camera: [0.00, -0.18, 4.60]

--- DATA (valid / total) ---
  Bool               1 / 1
  Int                5 / 5
  I64                2 / 2
  F32                5 / 5
  F64                2 / 2
  CString            6 / 6
  Vec3               1 / 1
  Vertex             140 / 140
  Model              1 / 1
  Texture            1 / 1
  Bounds             260289 / 260289
  Debug_Stats        1 / 1
  FrameData          1 / 1
  Strings_Builder    1 / 1
  DataPoint          1 / 1
  Field              3 / 3
  Metadata           260460 / 260460
  TOTAL              520920 / 520920

--- FETCHES (edit / copy / set) ---
  Int                358113 / 0 / 0
  I64                992 / 0 / 0
  F32                496 / 0 / 0
  F64                496 / 0 / 0
  Vec3               1489 / 0 / 0
  Texture            496 / 0 / 0
  Bounds             48943792 / 0 / 0
  Debug_Stats        2480 / 0 / 0
  DataPoint          496 / 0 / 0
  Field              496 / 0 / 0

--- FIELD OCCUPANCY ---
  Field[0] 'world_field' levels:4 dims:3
    bounds X:[-8.0000,8.0000] Y:[-8.0000,8.0000] Z:[-8.0000,8.0000]
    level 0: 1 / 1 cells occupied
    level 1: 2 / 8 cells occupied
    level 2: 4 / 64 cells occupied
    level 3: 6 / 512 cells occupied
    level 4: 6 / 4096 cells occupied
  Field[1] 'model_field' levels:4 dims:3
    bounds X:[-1.0000,1.0000] Y:[-1.0000,1.0000] Z:[-1.0000,1.0000]
    level 0: 1 / 1 cells occupied
    level 1: 6 / 8 cells occupied
    level 2: 28 / 64 cells occupied
    level 3: 96 / 512 cells occupied
    level 4: 140 / 4096 cells occupied
  Field[2] 'screen_field' levels:0 dims:2
    bounds X:[0.0000,800.0000] Y:[0.0000,600.0000] Z:[0.0000,1.0000]
    level 0: 0 / 1 cells occupied

[F2: enable fetch timing]

---
