=== HOLLOWS ENGINE ===
FPS: 0 | Pixel: 0.0ms | Input: 0.001ms | Texture: 0.000ms
Camera: [0.00, 0.08, 5.03]

--- DATA (valid / total) ---
  Bool               2 / 2
  Int                6 / 6
  I64                2 / 2
  F32                5 / 5
  F64                2 / 2
  CString            6 / 6
  Vec3               1 / 1
  Vertex             29162 / 29162
  Vertex_Cache       29162 / 29162
  Debug_Stats        1 / 1
  FrameData          1 / 1
  Strings_Builder    1 / 1
  DataPoint          29164 / 29164
  Field              65795 / 65795
  Model              1 / 1
  Face_List          1 / 1
  TOTAL              153312 / 153312

--- FETCHES (edit / copy / set) ---
  Bool               2 / 0 / 0
  Int                20 / 0 / 0
  I64                2 / 0 / 0
  F32                1 / 0 / 0
  F64                1 / 0 / 0
  CString            5 / 0 / 0
  Vec3               6 / 0 / 0
  Debug_Stats        3 / 0 / 0
  Strings_Builder    1 / 0 / 0
  DataPoint          2 / 0 / 0
  Field              2 / 0 / 0

--- FIELD OCCUPANCY ---
  Field[0] 'field' levels:4 dims:3
    bounds X:[-8.0000,8.0000] Y:[-8.0000,8.0000] Z:[-8.0000,8.0000]
    level 0: 1 / 1 cells occupied
    level 1: 1 / 8 cells occupied
    level 2: 1 / 64 cells occupied
    level 3: 1 / 512 cells occupied
    level 4: 1 / 4096 cells occupied
  Field[1] 'model_field' levels:4 dims:3
    bounds X:[-0.0280,0.0280] Y:[-0.0000,0.1515] Z:[-0.0280,0.0280]
    level 0: 1 / 1 cells occupied
    level 1: 8 / 8 cells occupied
    level 2: 47 / 64 cells occupied
    level 3: 308 / 512 cells occupied
    level 4: 1217 / 4096 cells occupied

  Screen Fields: 65793 total | 20 with occupied cells
  Root SF [2] levels:4 dims:2 bounds X:[0,1280] Y:[0,720]
    level 0: 0 / 1
    level 1: 0 / 4
    level 2: 0 / 16
    level 3: 0 / 64
    level 4: 0 / 256

[F2: enable fetch timing]

---
=== HOLLOWS ENGINE ===
FPS: 17 | Pixel: 39.8ms | Input: 0.000ms | Texture: 0.975ms
Camera: [0.00, 0.08, 0.47]

--- DATA (valid / total) ---
  Bool               2 / 2
  Int                6 / 6
  I64                2 / 2
  F32                5 / 5
  F64                2 / 2
  CString            6 / 6
  Vec3               1 / 1
  Vertex             29162 / 29162
  Vertex_Cache       29162 / 29162
  Debug_Stats        1 / 1
  FrameData          1 / 1
  Strings_Builder    1 / 1
  DataPoint          29164 / 29164
  Field              65795 / 65795
  Model              1 / 1
  Face_List          1 / 1
  TOTAL              153312 / 153312

--- FETCHES (edit / copy / set) ---
  Bool               75 / 0 / 0
  Int                451 / 0 / 0
  I64                150 / 0 / 0
  F32                75 / 0 / 0
  F64                75 / 0 / 0
  Vec3               226 / 0 / 0
  Debug_Stats        375 / 0 / 0

--- FIELD OCCUPANCY ---
  Field[0] 'field' levels:4 dims:3
    bounds X:[-8.0000,8.0000] Y:[-8.0000,8.0000] Z:[-8.0000,8.0000]
    level 0: 1 / 1 cells occupied
    level 1: 1 / 8 cells occupied
    level 2: 1 / 64 cells occupied
    level 3: 1 / 512 cells occupied
    level 4: 1 / 4096 cells occupied
  Field[1] 'model_field' levels:4 dims:3
    bounds X:[-0.0280,0.0280] Y:[-0.0000,0.1515] Z:[-0.0280,0.0280]
    level 0: 1 / 1 cells occupied
    level 1: 8 / 8 cells occupied
    level 2: 47 / 64 cells occupied
    level 3: 308 / 512 cells occupied
    level 4: 1217 / 4096 cells occupied

  Screen Fields: 65793 total | 660 with occupied cells
  Root SF [2] levels:4 dims:2 bounds X:[0,1280] Y:[0,720]
    level 0: 0 / 1
    level 1: 0 / 4
    level 2: 0 / 16
    level 3: 0 / 64
    level 4: 0 / 256

[F2: enable fetch timing]

---
=== HOLLOWS ENGINE ===
FPS: 4 | Pixel: 245.1ms | Input: 0.001ms | Texture: 1.041ms
Camera: [0.00, 0.08, 0.13]

--- DATA (valid / total) ---
  Bool               2 / 2
  Int                6 / 6
  I64                2 / 2
  F32                5 / 5
  F64                2 / 2
  CString            6 / 6
  Vec3               1 / 1
  Vertex             29162 / 29162
  Vertex_Cache       29162 / 29162
  Debug_Stats        1 / 1
  FrameData          1 / 1
  Strings_Builder    1 / 1
  DataPoint          29164 / 29164
  Field              65795 / 65795
  Model              1 / 1
  Face_List          1 / 1
  TOTAL              153312 / 153312

--- FETCHES (edit / copy / set) ---
  Bool               13 / 0 / 0
  Int                79 / 0 / 0
  I64                26 / 0 / 0
  F32                13 / 0 / 0
  F64                13 / 0 / 0
  Vec3               40 / 0 / 0
  Debug_Stats        65 / 0 / 0

--- FIELD OCCUPANCY ---
  Field[0] 'field' levels:4 dims:3
    bounds X:[-8.0000,8.0000] Y:[-8.0000,8.0000] Z:[-8.0000,8.0000]
    level 0: 1 / 1 cells occupied
    level 1: 1 / 8 cells occupied
    level 2: 1 / 64 cells occupied
    level 3: 1 / 512 cells occupied
    level 4: 1 / 4096 cells occupied
  Field[1] 'model_field' levels:4 dims:3
    bounds X:[-0.0280,0.0280] Y:[-0.0000,0.1515] Z:[-0.0280,0.0280]
    level 0: 1 / 1 cells occupied
    level 1: 8 / 8 cells occupied
    level 2: 47 / 64 cells occupied
    level 3: 308 / 512 cells occupied
    level 4: 1217 / 4096 cells occupied

  Screen Fields: 65793 total | 7099 with occupied cells
  Root SF [2] levels:4 dims:2 bounds X:[0,1280] Y:[0,720]
    level 0: 0 / 1
    level 1: 0 / 4
    level 2: 0 / 16
    level 3: 0 / 64
    level 4: 0 / 256

[F2: enable fetch timing]

---
=== HOLLOWS ENGINE ===
FPS: 4 | Pixel: 243.7ms | Input: 0.000ms | Texture: 1.021ms
Camera: [0.00, 0.08, 0.13]

--- DATA (valid / total) ---
  Bool               2 / 2
  Int                6 / 6
  I64                2 / 2
  F32                5 / 5
  F64                2 / 2
  CString            6 / 6
  Vec3               1 / 1
  Vertex             29162 / 29162
  Vertex_Cache       29162 / 29162
  Debug_Stats        1 / 1
  FrameData          1 / 1
  Strings_Builder    1 / 1
  DataPoint          29164 / 29164
  Field              65795 / 65795
  Model              1 / 1
  Face_List          1 / 1
  TOTAL              153312 / 153312

--- FETCHES (edit / copy / set) ---
  Bool               9 / 0 / 0
  Int                55 / 0 / 0
  I64                18 / 0 / 0
  F32                9 / 0 / 0
  F64                9 / 0 / 0
  Vec3               28 / 0 / 0
  Debug_Stats        45 / 0 / 0

--- FIELD OCCUPANCY ---
  Field[0] 'field' levels:4 dims:3
    bounds X:[-8.0000,8.0000] Y:[-8.0000,8.0000] Z:[-8.0000,8.0000]
    level 0: 1 / 1 cells occupied
    level 1: 1 / 8 cells occupied
    level 2: 1 / 64 cells occupied
    level 3: 1 / 512 cells occupied
    level 4: 1 / 4096 cells occupied
  Field[1] 'model_field' levels:4 dims:3
    bounds X:[-0.0280,0.0280] Y:[-0.0000,0.1515] Z:[-0.0280,0.0280]
    level 0: 1 / 1 cells occupied
    level 1: 8 / 8 cells occupied
    level 2: 47 / 64 cells occupied
    level 3: 308 / 512 cells occupied
    level 4: 1217 / 4096 cells occupied

  Screen Fields: 65793 total | 7099 with occupied cells
  Root SF [2] levels:4 dims:2 bounds X:[0,1280] Y:[0,720]
    level 0: 0 / 1
    level 1: 0 / 4
    level 2: 0 / 16
    level 3: 0 / 64
    level 4: 0 / 256

[F2: enable fetch timing]

---
=== HOLLOWS ENGINE ===
FPS: 4 | Pixel: 243.8ms | Input: 0.000ms | Texture: 0.972ms
Camera: [0.00, 0.08, 0.13]

--- DATA (valid / total) ---
  Bool               2 / 2
  Int                6 / 6
  I64                2 / 2
  F32                5 / 5
  F64                2 / 2
  CString            6 / 6
  Vec3               1 / 1
  Vertex             29162 / 29162
  Vertex_Cache       29162 / 29162
  Debug_Stats        1 / 1
  FrameData          1 / 1
  Strings_Builder    1 / 1
  DataPoint          29164 / 29164
  Field              65795 / 65795
  Model              1 / 1
  Face_List          1 / 1
  TOTAL              153312 / 153312

--- FETCHES (edit / copy / set) ---
  Bool               9 / 0 / 0
  Int                55 / 0 / 0
  I64                18 / 0 / 0
  F32                9 / 0 / 0
  F64                9 / 0 / 0
  Vec3               28 / 0 / 0
  Debug_Stats        45 / 0 / 0

--- FIELD OCCUPANCY ---
  Field[0] 'field' levels:4 dims:3
    bounds X:[-8.0000,8.0000] Y:[-8.0000,8.0000] Z:[-8.0000,8.0000]
    level 0: 1 / 1 cells occupied
    level 1: 1 / 8 cells occupied
    level 2: 1 / 64 cells occupied
    level 3: 1 / 512 cells occupied
    level 4: 1 / 4096 cells occupied
  Field[1] 'model_field' levels:4 dims:3
    bounds X:[-0.0280,0.0280] Y:[-0.0000,0.1515] Z:[-0.0280,0.0280]
    level 0: 1 / 1 cells occupied
    level 1: 8 / 8 cells occupied
    level 2: 47 / 64 cells occupied
    level 3: 308 / 512 cells occupied
    level 4: 1217 / 4096 cells occupied

  Screen Fields: 65793 total | 7099 with occupied cells
  Root SF [2] levels:4 dims:2 bounds X:[0,1280] Y:[0,720]
    level 0: 0 / 1
    level 1: 0 / 4
    level 2: 0 / 16
    level 3: 0 / 64
    level 4: 0 / 256

[F2: enable fetch timing]

---
=== HOLLOWS ENGINE ===
FPS: 4 | Pixel: 244.4ms | Input: 0.000ms | Texture: 0.995ms
Camera: [0.00, 0.08, 0.13]

--- DATA (valid / total) ---
  Bool               2 / 2
  Int                6 / 6
  I64                2 / 2
  F32                5 / 5
  F64                2 / 2
  CString            6 / 6
  Vec3               1 / 1
  Vertex             29162 / 29162
  Vertex_Cache       29162 / 29162
  Debug_Stats        1 / 1
  FrameData          1 / 1
  Strings_Builder    1 / 1
  DataPoint          29164 / 29164
  Field              65795 / 65795
  Model              1 / 1
  Face_List          1 / 1
  TOTAL              153312 / 153312

--- FETCHES (edit / copy / set) ---
  Bool               9 / 0 / 0
  Int                55 / 0 / 0
  I64                18 / 0 / 0
  F32                9 / 0 / 0
  F64                9 / 0 / 0
  Vec3               28 / 0 / 0
  Debug_Stats        45 / 0 / 0

--- FIELD OCCUPANCY ---
  Field[0] 'field' levels:4 dims:3
    bounds X:[-8.0000,8.0000] Y:[-8.0000,8.0000] Z:[-8.0000,8.0000]
    level 0: 1 / 1 cells occupied
    level 1: 1 / 8 cells occupied
    level 2: 1 / 64 cells occupied
    level 3: 1 / 512 cells occupied
    level 4: 1 / 4096 cells occupied
  Field[1] 'model_field' levels:4 dims:3
    bounds X:[-0.0280,0.0280] Y:[-0.0000,0.1515] Z:[-0.0280,0.0280]
    level 0: 1 / 1 cells occupied
    level 1: 8 / 8 cells occupied
    level 2: 47 / 64 cells occupied
    level 3: 308 / 512 cells occupied
    level 4: 1217 / 4096 cells occupied

  Screen Fields: 65793 total | 7099 with occupied cells
  Root SF [2] levels:4 dims:2 bounds X:[0,1280] Y:[0,720]
    level 0: 0 / 1
    level 1: 0 / 4
    level 2: 0 / 16
    level 3: 0 / 64
    level 4: 0 / 256

[F2: enable fetch timing]

---
=== HOLLOWS ENGINE ===
FPS: 4 | Pixel: 244.1ms | Input: 0.001ms | Texture: 0.966ms
Camera: [0.00, 0.08, 0.13]

--- DATA (valid / total) ---
  Bool               2 / 2
  Int                6 / 6
  I64                2 / 2
  F32                5 / 5
  F64                2 / 2
  CString            6 / 6
  Vec3               1 / 1
  Vertex             29162 / 29162
  Vertex_Cache       29162 / 29162
  Debug_Stats        1 / 1
  FrameData          1 / 1
  Strings_Builder    1 / 1
  DataPoint          29164 / 29164
  Field              65795 / 65795
  Model              1 / 1
  Face_List          1 / 1
  TOTAL              153312 / 153312

--- FETCHES (edit / copy / set) ---
  Bool               9 / 0 / 0
  Int                55 / 0 / 0
  I64                18 / 0 / 0
  F32                9 / 0 / 0
  F64                9 / 0 / 0
  Vec3               28 / 0 / 0
  Debug_Stats        45 / 0 / 0

--- FIELD OCCUPANCY ---
  Field[0] 'field' levels:4 dims:3
    bounds X:[-8.0000,8.0000] Y:[-8.0000,8.0000] Z:[-8.0000,8.0000]
    level 0: 1 / 1 cells occupied
    level 1: 1 / 8 cells occupied
    level 2: 1 / 64 cells occupied
    level 3: 1 / 512 cells occupied
    level 4: 1 / 4096 cells occupied
  Field[1] 'model_field' levels:4 dims:3
    bounds X:[-0.0280,0.0280] Y:[-0.0000,0.1515] Z:[-0.0280,0.0280]
    level 0: 1 / 1 cells occupied
    level 1: 8 / 8 cells occupied
    level 2: 47 / 64 cells occupied
    level 3: 308 / 512 cells occupied
    level 4: 1217 / 4096 cells occupied

  Screen Fields: 65793 total | 7099 with occupied cells
  Root SF [2] levels:4 dims:2 bounds X:[0,1280] Y:[0,720]
    level 0: 0 / 1
    level 1: 0 / 4
    level 2: 0 / 16
    level 3: 0 / 64
    level 4: 0 / 256

[F2: enable fetch timing]

---
=== HOLLOWS ENGINE ===
FPS: 4 | Pixel: 245.0ms | Input: 0.000ms | Texture: 1.002ms
Camera: [0.00, 0.08, 0.13]

--- DATA (valid / total) ---
  Bool               2 / 2
  Int                6 / 6
  I64                2 / 2
  F32                5 / 5
  F64                2 / 2
  CString            6 / 6
  Vec3               1 / 1
  Vertex             29162 / 29162
  Vertex_Cache       29162 / 29162
  Debug_Stats        1 / 1
  FrameData          1 / 1
  Strings_Builder    1 / 1
  DataPoint          29164 / 29164
  Field              65795 / 65795
  Model              1 / 1
  Face_List          1 / 1
  TOTAL              153312 / 153312

--- FETCHES (edit / copy / set) ---
  Bool               9 / 0 / 0
  Int                55 / 0 / 0
  I64                18 / 0 / 0
  F32                9 / 0 / 0
  F64                9 / 0 / 0
  Vec3               28 / 0 / 0
  Debug_Stats        45 / 0 / 0

--- FIELD OCCUPANCY ---
  Field[0] 'field' levels:4 dims:3
    bounds X:[-8.0000,8.0000] Y:[-8.0000,8.0000] Z:[-8.0000,8.0000]
    level 0: 1 / 1 cells occupied
    level 1: 1 / 8 cells occupied
    level 2: 1 / 64 cells occupied
    level 3: 1 / 512 cells occupied
    level 4: 1 / 4096 cells occupied
  Field[1] 'model_field' levels:4 dims:3
    bounds X:[-0.0280,0.0280] Y:[-0.0000,0.1515] Z:[-0.0280,0.0280]
    level 0: 1 / 1 cells occupied
    level 1: 8 / 8 cells occupied
    level 2: 47 / 64 cells occupied
    level 3: 308 / 512 cells occupied
    level 4: 1217 / 4096 cells occupied

  Screen Fields: 65793 total | 7099 with occupied cells
  Root SF [2] levels:4 dims:2 bounds X:[0,1280] Y:[0,720]
    level 0: 0 / 1
    level 1: 0 / 4
    level 2: 0 / 16
    level 3: 0 / 64
    level 4: 0 / 256

[F2: enable fetch timing]

---
=== HOLLOWS ENGINE ===
FPS: 4 | Pixel: 244.4ms | Input: 0.000ms | Texture: 0.989ms
Camera: [0.00, 0.08, 0.13]

--- DATA (valid / total) ---
  Bool               2 / 2
  Int                6 / 6
  I64                2 / 2
  F32                5 / 5
  F64                2 / 2
  CString            6 / 6
  Vec3               1 / 1
  Vertex             29162 / 29162
  Vertex_Cache       29162 / 29162
  Debug_Stats        1 / 1
  FrameData          1 / 1
  Strings_Builder    1 / 1
  DataPoint          29164 / 29164
  Field              65795 / 65795
  Model              1 / 1
  Face_List          1 / 1
  TOTAL              153312 / 153312

--- FETCHES (edit / copy / set) ---
  Bool               9 / 0 / 0
  Int                55 / 0 / 0
  I64                18 / 0 / 0
  F32                9 / 0 / 0
  F64                9 / 0 / 0
  Vec3               28 / 0 / 0
  Debug_Stats        45 / 0 / 0

--- FIELD OCCUPANCY ---
  Field[0] 'field' levels:4 dims:3
    bounds X:[-8.0000,8.0000] Y:[-8.0000,8.0000] Z:[-8.0000,8.0000]
    level 0: 1 / 1 cells occupied
    level 1: 1 / 8 cells occupied
    level 2: 1 / 64 cells occupied
    level 3: 1 / 512 cells occupied
    level 4: 1 / 4096 cells occupied
  Field[1] 'model_field' levels:4 dims:3
    bounds X:[-0.0280,0.0280] Y:[-0.0000,0.1515] Z:[-0.0280,0.0280]
    level 0: 1 / 1 cells occupied
    level 1: 8 / 8 cells occupied
    level 2: 47 / 64 cells occupied
    level 3: 308 / 512 cells occupied
    level 4: 1217 / 4096 cells occupied

  Screen Fields: 65793 total | 7099 with occupied cells
  Root SF [2] levels:4 dims:2 bounds X:[0,1280] Y:[0,720]
    level 0: 0 / 1
    level 1: 0 / 4
    level 2: 0 / 16
    level 3: 0 / 64
    level 4: 0 / 256

[F2: enable fetch timing]

---
=== HOLLOWS ENGINE ===
FPS: 4 | Pixel: 244.0ms | Input: 0.000ms | Texture: 1.001ms
Camera: [0.00, 0.08, 0.13]

--- DATA (valid / total) ---
  Bool               2 / 2
  Int                6 / 6
  I64                2 / 2
  F32                5 / 5
  F64                2 / 2
  CString            6 / 6
  Vec3               1 / 1
  Vertex             29162 / 29162
  Vertex_Cache       29162 / 29162
  Debug_Stats        1 / 1
  FrameData          1 / 1
  Strings_Builder    1 / 1
  DataPoint          29164 / 29164
  Field              65795 / 65795
  Model              1 / 1
  Face_List          1 / 1
  TOTAL              153312 / 153312

--- FETCHES (edit / copy / set) ---
  Bool               9 / 0 / 0
  Int                55 / 0 / 0
  I64                18 / 0 / 0
  F32                9 / 0 / 0
  F64                9 / 0 / 0
  Vec3               28 / 0 / 0
  Debug_Stats        45 / 0 / 0

--- FIELD OCCUPANCY ---
  Field[0] 'field' levels:4 dims:3
    bounds X:[-8.0000,8.0000] Y:[-8.0000,8.0000] Z:[-8.0000,8.0000]
    level 0: 1 / 1 cells occupied
    level 1: 1 / 8 cells occupied
    level 2: 1 / 64 cells occupied
    level 3: 1 / 512 cells occupied
    level 4: 1 / 4096 cells occupied
  Field[1] 'model_field' levels:4 dims:3
    bounds X:[-0.0280,0.0280] Y:[-0.0000,0.1515] Z:[-0.0280,0.0280]
    level 0: 1 / 1 cells occupied
    level 1: 8 / 8 cells occupied
    level 2: 47 / 64 cells occupied
    level 3: 308 / 512 cells occupied
    level 4: 1217 / 4096 cells occupied

  Screen Fields: 65793 total | 7099 with occupied cells
  Root SF [2] levels:4 dims:2 bounds X:[0,1280] Y:[0,720]
    level 0: 0 / 1
    level 1: 0 / 4
    level 2: 0 / 16
    level 3: 0 / 64
    level 4: 0 / 256

[F2: enable fetch timing]

---
=== HOLLOWS ENGINE ===
FPS: 4 | Pixel: 244.4ms | Input: 0.001ms | Texture: 1.005ms
Camera: [0.00, 0.08, 0.13]

--- DATA (valid / total) ---
  Bool               2 / 2
  Int                6 / 6
  I64                2 / 2
  F32                5 / 5
  F64                2 / 2
  CString            6 / 6
  Vec3               1 / 1
  Vertex             29162 / 29162
  Vertex_Cache       29162 / 29162
  Debug_Stats        1 / 1
  FrameData          1 / 1
  Strings_Builder    1 / 1
  DataPoint          29164 / 29164
  Field              65795 / 65795
  Model              1 / 1
  Face_List          1 / 1
  TOTAL              153312 / 153312

--- FETCHES (edit / copy / set) ---
  Bool               9 / 0 / 0
  Int                55 / 0 / 0
  I64                18 / 0 / 0
  F32                9 / 0 / 0
  F64                9 / 0 / 0
  Vec3               28 / 0 / 0
  Debug_Stats        45 / 0 / 0

--- FIELD OCCUPANCY ---
  Field[0] 'field' levels:4 dims:3
    bounds X:[-8.0000,8.0000] Y:[-8.0000,8.0000] Z:[-8.0000,8.0000]
    level 0: 1 / 1 cells occupied
    level 1: 1 / 8 cells occupied
    level 2: 1 / 64 cells occupied
    level 3: 1 / 512 cells occupied
    level 4: 1 / 4096 cells occupied
  Field[1] 'model_field' levels:4 dims:3
    bounds X:[-0.0280,0.0280] Y:[-0.0000,0.1515] Z:[-0.0280,0.0280]
    level 0: 1 / 1 cells occupied
    level 1: 8 / 8 cells occupied
    level 2: 47 / 64 cells occupied
    level 3: 308 / 512 cells occupied
    level 4: 1217 / 4096 cells occupied

  Screen Fields: 65793 total | 7099 with occupied cells
  Root SF [2] levels:4 dims:2 bounds X:[0,1280] Y:[0,720]
    level 0: 0 / 1
    level 1: 0 / 4
    level 2: 0 / 16
    level 3: 0 / 64
    level 4: 0 / 256

[F2: enable fetch timing]

---
=== HOLLOWS ENGINE ===
FPS: 4 | Pixel: 244.3ms | Input: 0.001ms | Texture: 1.008ms
Camera: [0.00, 0.08, 0.13]

--- DATA (valid / total) ---
  Bool               2 / 2
  Int                6 / 6
  I64                2 / 2
  F32                5 / 5
  F64                2 / 2
  CString            6 / 6
  Vec3               1 / 1
  Vertex             29162 / 29162
  Vertex_Cache       29162 / 29162
  Debug_Stats        1 / 1
  FrameData          1 / 1
  Strings_Builder    1 / 1
  DataPoint          29164 / 29164
  Field              65795 / 65795
  Model              1 / 1
  Face_List          1 / 1
  TOTAL              153312 / 153312

--- FETCHES (edit / copy / set) ---
  Bool               9 / 0 / 0
  Int                55 / 0 / 0
  I64                18 / 0 / 0
  F32                9 / 0 / 0
  F64                9 / 0 / 0
  Vec3               28 / 0 / 0
  Debug_Stats        45 / 0 / 0

--- FIELD OCCUPANCY ---
  Field[0] 'field' levels:4 dims:3
    bounds X:[-8.0000,8.0000] Y:[-8.0000,8.0000] Z:[-8.0000,8.0000]
    level 0: 1 / 1 cells occupied
    level 1: 1 / 8 cells occupied
    level 2: 1 / 64 cells occupied
    level 3: 1 / 512 cells occupied
    level 4: 1 / 4096 cells occupied
  Field[1] 'model_field' levels:4 dims:3
    bounds X:[-0.0280,0.0280] Y:[-0.0000,0.1515] Z:[-0.0280,0.0280]
    level 0: 1 / 1 cells occupied
    level 1: 8 / 8 cells occupied
    level 2: 47 / 64 cells occupied
    level 3: 308 / 512 cells occupied
    level 4: 1217 / 4096 cells occupied

  Screen Fields: 65793 total | 7099 with occupied cells
  Root SF [2] levels:4 dims:2 bounds X:[0,1280] Y:[0,720]
    level 0: 0 / 1
    level 1: 0 / 4
    level 2: 0 / 16
    level 3: 0 / 64
    level 4: 0 / 256

[F2: enable fetch timing]

---
=== HOLLOWS ENGINE ===
FPS: 4 | Pixel: 244.0ms | Input: 0.000ms | Texture: 0.983ms
Camera: [0.00, 0.08, 0.13]

--- DATA (valid / total) ---
  Bool               2 / 2
  Int                6 / 6
  I64                2 / 2
  F32                5 / 5
  F64                2 / 2
  CString            6 / 6
  Vec3               1 / 1
  Vertex             29162 / 29162
  Vertex_Cache       29162 / 29162
  Debug_Stats        1 / 1
  FrameData          1 / 1
  Strings_Builder    1 / 1
  DataPoint          29164 / 29164
  Field              65795 / 65795
  Model              1 / 1
  Face_List          1 / 1
  TOTAL              153312 / 153312

--- FETCHES (edit / copy / set) ---
  Bool               9 / 0 / 0
  Int                55 / 0 / 0
  I64                18 / 0 / 0
  F32                9 / 0 / 0
  F64                9 / 0 / 0
  Vec3               28 / 0 / 0
  Debug_Stats        45 / 0 / 0

--- FIELD OCCUPANCY ---
  Field[0] 'field' levels:4 dims:3
    bounds X:[-8.0000,8.0000] Y:[-8.0000,8.0000] Z:[-8.0000,8.0000]
    level 0: 1 / 1 cells occupied
    level 1: 1 / 8 cells occupied
    level 2: 1 / 64 cells occupied
    level 3: 1 / 512 cells occupied
    level 4: 1 / 4096 cells occupied
  Field[1] 'model_field' levels:4 dims:3
    bounds X:[-0.0280,0.0280] Y:[-0.0000,0.1515] Z:[-0.0280,0.0280]
    level 0: 1 / 1 cells occupied
    level 1: 8 / 8 cells occupied
    level 2: 47 / 64 cells occupied
    level 3: 308 / 512 cells occupied
    level 4: 1217 / 4096 cells occupied

  Screen Fields: 65793 total | 7099 with occupied cells
  Root SF [2] levels:4 dims:2 bounds X:[0,1280] Y:[0,720]
    level 0: 0 / 1
    level 1: 0 / 4
    level 2: 0 / 16
    level 3: 0 / 64
    level 4: 0 / 256

[F2: enable fetch timing]

---
=== HOLLOWS ENGINE ===
FPS: 4 | Pixel: 244.3ms | Input: 0.000ms | Texture: 0.967ms
Camera: [0.00, 0.08, 0.13]

--- DATA (valid / total) ---
  Bool               2 / 2
  Int                6 / 6
  I64                2 / 2
  F32                5 / 5
  F64                2 / 2
  CString            6 / 6
  Vec3               1 / 1
  Vertex             29162 / 29162
  Vertex_Cache       29162 / 29162
  Debug_Stats        1 / 1
  FrameData          1 / 1
  Strings_Builder    1 / 1
  DataPoint          29164 / 29164
  Field              65795 / 65795
  Model              1 / 1
  Face_List          1 / 1
  TOTAL              153312 / 153312

--- FETCHES (edit / copy / set) ---
  Bool               9 / 0 / 0
  Int                55 / 0 / 0
  I64                18 / 0 / 0
  F32                9 / 0 / 0
  F64                9 / 0 / 0
  Vec3               28 / 0 / 0
  Debug_Stats        45 / 0 / 0

--- FIELD OCCUPANCY ---
  Field[0] 'field' levels:4 dims:3
    bounds X:[-8.0000,8.0000] Y:[-8.0000,8.0000] Z:[-8.0000,8.0000]
    level 0: 1 / 1 cells occupied
    level 1: 1 / 8 cells occupied
    level 2: 1 / 64 cells occupied
    level 3: 1 / 512 cells occupied
    level 4: 1 / 4096 cells occupied
  Field[1] 'model_field' levels:4 dims:3
    bounds X:[-0.0280,0.0280] Y:[-0.0000,0.1515] Z:[-0.0280,0.0280]
    level 0: 1 / 1 cells occupied
    level 1: 8 / 8 cells occupied
    level 2: 47 / 64 cells occupied
    level 3: 308 / 512 cells occupied
    level 4: 1217 / 4096 cells occupied

  Screen Fields: 65793 total | 7099 with occupied cells
  Root SF [2] levels:4 dims:2 bounds X:[0,1280] Y:[0,720]
    level 0: 0 / 1
    level 1: 0 / 4
    level 2: 0 / 16
    level 3: 0 / 64
    level 4: 0 / 256

[F2: enable fetch timing]

---
=== HOLLOWS ENGINE ===
FPS: 4 | Pixel: 244.1ms | Input: 0.001ms | Texture: 1.001ms
Camera: [0.00, 0.08, 0.13]

--- DATA (valid / total) ---
  Bool               2 / 2
  Int                6 / 6
  I64                2 / 2
  F32                5 / 5
  F64                2 / 2
  CString            6 / 6
  Vec3               1 / 1
  Vertex             29162 / 29162
  Vertex_Cache       29162 / 29162
  Debug_Stats        1 / 1
  FrameData          1 / 1
  Strings_Builder    1 / 1
  DataPoint          29164 / 29164
  Field              65795 / 65795
  Model              1 / 1
  Face_List          1 / 1
  TOTAL              153312 / 153312

--- FETCHES (edit / copy / set) ---
  Bool               9 / 0 / 0
  Int                55 / 0 / 0
  I64                18 / 0 / 0
  F32                9 / 0 / 0
  F64                9 / 0 / 0
  Vec3               28 / 0 / 0
  Debug_Stats        45 / 0 / 0

--- FIELD OCCUPANCY ---
  Field[0] 'field' levels:4 dims:3
    bounds X:[-8.0000,8.0000] Y:[-8.0000,8.0000] Z:[-8.0000,8.0000]
    level 0: 1 / 1 cells occupied
    level 1: 1 / 8 cells occupied
    level 2: 1 / 64 cells occupied
    level 3: 1 / 512 cells occupied
    level 4: 1 / 4096 cells occupied
  Field[1] 'model_field' levels:4 dims:3
    bounds X:[-0.0280,0.0280] Y:[-0.0000,0.1515] Z:[-0.0280,0.0280]
    level 0: 1 / 1 cells occupied
    level 1: 8 / 8 cells occupied
    level 2: 47 / 64 cells occupied
    level 3: 308 / 512 cells occupied
    level 4: 1217 / 4096 cells occupied

  Screen Fields: 65793 total | 7099 with occupied cells
  Root SF [2] levels:4 dims:2 bounds X:[0,1280] Y:[0,720]
    level 0: 0 / 1
    level 1: 0 / 4
    level 2: 0 / 16
    level 3: 0 / 64
    level 4: 0 / 256

[F2: enable fetch timing]

---
=== HOLLOWS ENGINE ===
FPS: 4 | Pixel: 244.2ms | Input: 0.000ms | Texture: 0.969ms
Camera: [0.00, 0.08, 0.13]

--- DATA (valid / total) ---
  Bool               2 / 2
  Int                6 / 6
  I64                2 / 2
  F32                5 / 5
  F64                2 / 2
  CString            6 / 6
  Vec3               1 / 1
  Vertex             29162 / 29162
  Vertex_Cache       29162 / 29162
  Debug_Stats        1 / 1
  FrameData          1 / 1
  Strings_Builder    1 / 1
  DataPoint          29164 / 29164
  Field              65795 / 65795
  Model              1 / 1
  Face_List          1 / 1
  TOTAL              153312 / 153312

--- FETCHES (edit / copy / set) ---
  Bool               9 / 0 / 0
  Int                55 / 0 / 0
  I64                18 / 0 / 0
  F32                9 / 0 / 0
  F64                9 / 0 / 0
  Vec3               28 / 0 / 0
  Debug_Stats        45 / 0 / 0

--- FIELD OCCUPANCY ---
  Field[0] 'field' levels:4 dims:3
    bounds X:[-8.0000,8.0000] Y:[-8.0000,8.0000] Z:[-8.0000,8.0000]
    level 0: 1 / 1 cells occupied
    level 1: 1 / 8 cells occupied
    level 2: 1 / 64 cells occupied
    level 3: 1 / 512 cells occupied
    level 4: 1 / 4096 cells occupied
  Field[1] 'model_field' levels:4 dims:3
    bounds X:[-0.0280,0.0280] Y:[-0.0000,0.1515] Z:[-0.0280,0.0280]
    level 0: 1 / 1 cells occupied
    level 1: 8 / 8 cells occupied
    level 2: 47 / 64 cells occupied
    level 3: 308 / 512 cells occupied
    level 4: 1217 / 4096 cells occupied

  Screen Fields: 65793 total | 7099 with occupied cells
  Root SF [2] levels:4 dims:2 bounds X:[0,1280] Y:[0,720]
    level 0: 0 / 1
    level 1: 0 / 4
    level 2: 0 / 16
    level 3: 0 / 64
    level 4: 0 / 256

[F2: enable fetch timing]

---
=== HOLLOWS ENGINE ===
FPS: 4 | Pixel: 244.8ms | Input: 0.000ms | Texture: 0.972ms
Camera: [0.00, 0.08, 0.13]

--- DATA (valid / total) ---
  Bool               2 / 2
  Int                6 / 6
  I64                2 / 2
  F32                5 / 5
  F64                2 / 2
  CString            6 / 6
  Vec3               1 / 1
  Vertex             29162 / 29162
  Vertex_Cache       29162 / 29162
  Debug_Stats        1 / 1
  FrameData          1 / 1
  Strings_Builder    1 / 1
  DataPoint          29164 / 29164
  Field              65795 / 65795
  Model              1 / 1
  Face_List          1 / 1
  TOTAL              153312 / 153312

--- FETCHES (edit / copy / set) ---
  Bool               9 / 0 / 0
  Int                55 / 0 / 0
  I64                18 / 0 / 0
  F32                9 / 0 / 0
  F64                9 / 0 / 0
  Vec3               28 / 0 / 0
  Debug_Stats        45 / 0 / 0

--- FIELD OCCUPANCY ---
  Field[0] 'field' levels:4 dims:3
    bounds X:[-8.0000,8.0000] Y:[-8.0000,8.0000] Z:[-8.0000,8.0000]
    level 0: 1 / 1 cells occupied
    level 1: 1 / 8 cells occupied
    level 2: 1 / 64 cells occupied
    level 3: 1 / 512 cells occupied
    level 4: 1 / 4096 cells occupied
  Field[1] 'model_field' levels:4 dims:3
    bounds X:[-0.0280,0.0280] Y:[-0.0000,0.1515] Z:[-0.0280,0.0280]
    level 0: 1 / 1 cells occupied
    level 1: 8 / 8 cells occupied
    level 2: 47 / 64 cells occupied
    level 3: 308 / 512 cells occupied
    level 4: 1217 / 4096 cells occupied

  Screen Fields: 65793 total | 7099 with occupied cells
  Root SF [2] levels:4 dims:2 bounds X:[0,1280] Y:[0,720]
    level 0: 0 / 1
    level 1: 0 / 4
    level 2: 0 / 16
    level 3: 0 / 64
    level 4: 0 / 256

[F2: enable fetch timing]

---
=== HOLLOWS ENGINE ===
FPS: 4 | Pixel: 243.6ms | Input: 0.000ms | Texture: 0.964ms
Camera: [0.00, 0.08, 0.13]

--- DATA (valid / total) ---
  Bool               2 / 2
  Int                6 / 6
  I64                2 / 2
  F32                5 / 5
  F64                2 / 2
  CString            6 / 6
  Vec3               1 / 1
  Vertex             29162 / 29162
  Vertex_Cache       29162 / 29162
  Debug_Stats        1 / 1
  FrameData          1 / 1
  Strings_Builder    1 / 1
  DataPoint          29164 / 29164
  Field              65795 / 65795
  Model              1 / 1
  Face_List          1 / 1
  TOTAL              153312 / 153312

--- FETCHES (edit / copy / set) ---
  Bool               9 / 0 / 0
  Int                55 / 0 / 0
  I64                18 / 0 / 0
  F32                9 / 0 / 0
  F64                9 / 0 / 0
  Vec3               28 / 0 / 0
  Debug_Stats        45 / 0 / 0

--- FIELD OCCUPANCY ---
  Field[0] 'field' levels:4 dims:3
    bounds X:[-8.0000,8.0000] Y:[-8.0000,8.0000] Z:[-8.0000,8.0000]
    level 0: 1 / 1 cells occupied
    level 1: 1 / 8 cells occupied
    level 2: 1 / 64 cells occupied
    level 3: 1 / 512 cells occupied
    level 4: 1 / 4096 cells occupied
  Field[1] 'model_field' levels:4 dims:3
    bounds X:[-0.0280,0.0280] Y:[-0.0000,0.1515] Z:[-0.0280,0.0280]
    level 0: 1 / 1 cells occupied
    level 1: 8 / 8 cells occupied
    level 2: 47 / 64 cells occupied
    level 3: 308 / 512 cells occupied
    level 4: 1217 / 4096 cells occupied

  Screen Fields: 65793 total | 7099 with occupied cells
  Root SF [2] levels:4 dims:2 bounds X:[0,1280] Y:[0,720]
    level 0: 0 / 1
    level 1: 0 / 4
    level 2: 0 / 16
    level 3: 0 / 64
    level 4: 0 / 256

[F2: enable fetch timing]

---
=== HOLLOWS ENGINE ===
FPS: 4 | Pixel: 244.3ms | Input: 0.000ms | Texture: 0.957ms
Camera: [0.00, 0.08, 0.13]

--- DATA (valid / total) ---
  Bool               2 / 2
  Int                6 / 6
  I64                2 / 2
  F32                5 / 5
  F64                2 / 2
  CString            6 / 6
  Vec3               1 / 1
  Vertex             29162 / 29162
  Vertex_Cache       29162 / 29162
  Debug_Stats        1 / 1
  FrameData          1 / 1
  Strings_Builder    1 / 1
  DataPoint          29164 / 29164
  Field              65795 / 65795
  Model              1 / 1
  Face_List          1 / 1
  TOTAL              153312 / 153312

--- FETCHES (edit / copy / set) ---
  Bool               9 / 0 / 0
  Int                55 / 0 / 0
  I64                18 / 0 / 0
  F32                9 / 0 / 0
  F64                9 / 0 / 0
  Vec3               28 / 0 / 0
  Debug_Stats        45 / 0 / 0

--- FIELD OCCUPANCY ---
  Field[0] 'field' levels:4 dims:3
    bounds X:[-8.0000,8.0000] Y:[-8.0000,8.0000] Z:[-8.0000,8.0000]
    level 0: 1 / 1 cells occupied
    level 1: 1 / 8 cells occupied
    level 2: 1 / 64 cells occupied
    level 3: 1 / 512 cells occupied
    level 4: 1 / 4096 cells occupied
  Field[1] 'model_field' levels:4 dims:3
    bounds X:[-0.0280,0.0280] Y:[-0.0000,0.1515] Z:[-0.0280,0.0280]
    level 0: 1 / 1 cells occupied
    level 1: 8 / 8 cells occupied
    level 2: 47 / 64 cells occupied
    level 3: 308 / 512 cells occupied
    level 4: 1217 / 4096 cells occupied

  Screen Fields: 65793 total | 7099 with occupied cells
  Root SF [2] levels:4 dims:2 bounds X:[0,1280] Y:[0,720]
    level 0: 0 / 1
    level 1: 0 / 4
    level 2: 0 / 16
    level 3: 0 / 64
    level 4: 0 / 256

[F2: enable fetch timing]

---
=== HOLLOWS ENGINE ===
FPS: 4 | Pixel: 244.0ms | Input: 0.001ms | Texture: 0.994ms
Camera: [0.00, 0.08, 0.13]

--- DATA (valid / total) ---
  Bool               2 / 2
  Int                6 / 6
  I64                2 / 2
  F32                5 / 5
  F64                2 / 2
  CString            6 / 6
  Vec3               1 / 1
  Vertex             29162 / 29162
  Vertex_Cache       29162 / 29162
  Debug_Stats        1 / 1
  FrameData          1 / 1
  Strings_Builder    1 / 1
  DataPoint          29164 / 29164
  Field              65795 / 65795
  Model              1 / 1
  Face_List          1 / 1
  TOTAL              153312 / 153312

--- FETCHES (edit / copy / set) ---
  Bool               9 / 0 / 0
  Int                55 / 0 / 0
  I64                18 / 0 / 0
  F32                9 / 0 / 0
  F64                9 / 0 / 0
  Vec3               28 / 0 / 0
  Debug_Stats        45 / 0 / 0

--- FIELD OCCUPANCY ---
  Field[0] 'field' levels:4 dims:3
    bounds X:[-8.0000,8.0000] Y:[-8.0000,8.0000] Z:[-8.0000,8.0000]
    level 0: 1 / 1 cells occupied
    level 1: 1 / 8 cells occupied
    level 2: 1 / 64 cells occupied
    level 3: 1 / 512 cells occupied
    level 4: 1 / 4096 cells occupied
  Field[1] 'model_field' levels:4 dims:3
    bounds X:[-0.0280,0.0280] Y:[-0.0000,0.1515] Z:[-0.0280,0.0280]
    level 0: 1 / 1 cells occupied
    level 1: 8 / 8 cells occupied
    level 2: 47 / 64 cells occupied
    level 3: 308 / 512 cells occupied
    level 4: 1217 / 4096 cells occupied

  Screen Fields: 65793 total | 7099 with occupied cells
  Root SF [2] levels:4 dims:2 bounds X:[0,1280] Y:[0,720]
    level 0: 0 / 1
    level 1: 0 / 4
    level 2: 0 / 16
    level 3: 0 / 64
    level 4: 0 / 256

[F2: enable fetch timing]

---
=== HOLLOWS ENGINE ===
FPS: 4 | Pixel: 244.2ms | Input: 0.001ms | Texture: 0.996ms
Camera: [0.00, 0.08, 0.13]

--- DATA (valid / total) ---
  Bool               2 / 2
  Int                6 / 6
  I64                2 / 2
  F32                5 / 5
  F64                2 / 2
  CString            6 / 6
  Vec3               1 / 1
  Vertex             29162 / 29162
  Vertex_Cache       29162 / 29162
  Debug_Stats        1 / 1
  FrameData          1 / 1
  Strings_Builder    1 / 1
  DataPoint          29164 / 29164
  Field              65795 / 65795
  Model              1 / 1
  Face_List          1 / 1
  TOTAL              153312 / 153312

--- FETCHES (edit / copy / set) ---
  Bool               9 / 0 / 0
  Int                55 / 0 / 0
  I64                18 / 0 / 0
  F32                9 / 0 / 0
  F64                9 / 0 / 0
  Vec3               28 / 0 / 0
  Debug_Stats        45 / 0 / 0

--- FIELD OCCUPANCY ---
  Field[0] 'field' levels:4 dims:3
    bounds X:[-8.0000,8.0000] Y:[-8.0000,8.0000] Z:[-8.0000,8.0000]
    level 0: 1 / 1 cells occupied
    level 1: 1 / 8 cells occupied
    level 2: 1 / 64 cells occupied
    level 3: 1 / 512 cells occupied
    level 4: 1 / 4096 cells occupied
  Field[1] 'model_field' levels:4 dims:3
    bounds X:[-0.0280,0.0280] Y:[-0.0000,0.1515] Z:[-0.0280,0.0280]
    level 0: 1 / 1 cells occupied
    level 1: 8 / 8 cells occupied
    level 2: 47 / 64 cells occupied
    level 3: 308 / 512 cells occupied
    level 4: 1217 / 4096 cells occupied

  Screen Fields: 65793 total | 7099 with occupied cells
  Root SF [2] levels:4 dims:2 bounds X:[0,1280] Y:[0,720]
    level 0: 0 / 1
    level 1: 0 / 4
    level 2: 0 / 16
    level 3: 0 / 64
    level 4: 0 / 256

[F2: enable fetch timing]

---
=== HOLLOWS ENGINE ===
FPS: 4 | Pixel: 243.7ms | Input: 0.001ms | Texture: 0.989ms
Camera: [0.00, 0.08, 0.13]

--- DATA (valid / total) ---
  Bool               2 / 2
  Int                6 / 6
  I64                2 / 2
  F32                5 / 5
  F64                2 / 2
  CString            6 / 6
  Vec3               1 / 1
  Vertex             29162 / 29162
  Vertex_Cache       29162 / 29162
  Debug_Stats        1 / 1
  FrameData          1 / 1
  Strings_Builder    1 / 1
  DataPoint          29164 / 29164
  Field              65795 / 65795
  Model              1 / 1
  Face_List          1 / 1
  TOTAL              153312 / 153312

--- FETCHES (edit / copy / set) ---
  Bool               9 / 0 / 0
  Int                55 / 0 / 0
  I64                18 / 0 / 0
  F32                9 / 0 / 0
  F64                9 / 0 / 0
  Vec3               28 / 0 / 0
  Debug_Stats        45 / 0 / 0

--- FIELD OCCUPANCY ---
  Field[0] 'field' levels:4 dims:3
    bounds X:[-8.0000,8.0000] Y:[-8.0000,8.0000] Z:[-8.0000,8.0000]
    level 0: 1 / 1 cells occupied
    level 1: 1 / 8 cells occupied
    level 2: 1 / 64 cells occupied
    level 3: 1 / 512 cells occupied
    level 4: 1 / 4096 cells occupied
  Field[1] 'model_field' levels:4 dims:3
    bounds X:[-0.0280,0.0280] Y:[-0.0000,0.1515] Z:[-0.0280,0.0280]
    level 0: 1 / 1 cells occupied
    level 1: 8 / 8 cells occupied
    level 2: 47 / 64 cells occupied
    level 3: 308 / 512 cells occupied
    level 4: 1217 / 4096 cells occupied

  Screen Fields: 65793 total | 7099 with occupied cells
  Root SF [2] levels:4 dims:2 bounds X:[0,1280] Y:[0,720]
    level 0: 0 / 1
    level 1: 0 / 4
    level 2: 0 / 16
    level 3: 0 / 64
    level 4: 0 / 256

[F2: enable fetch timing]

---
=== HOLLOWS ENGINE ===
FPS: 4 | Pixel: 244.0ms | Input: 0.000ms | Texture: 0.973ms
Camera: [0.00, 0.08, 0.13]

--- DATA (valid / total) ---
  Bool               2 / 2
  Int                6 / 6
  I64                2 / 2
  F32                5 / 5
  F64                2 / 2
  CString            6 / 6
  Vec3               1 / 1
  Vertex             29162 / 29162
  Vertex_Cache       29162 / 29162
  Debug_Stats        1 / 1
  FrameData          1 / 1
  Strings_Builder    1 / 1
  DataPoint          29164 / 29164
  Field              65795 / 65795
  Model              1 / 1
  Face_List          1 / 1
  TOTAL              153312 / 153312

--- FETCHES (edit / copy / set) ---
  Bool               9 / 0 / 0
  Int                55 / 0 / 0
  I64                18 / 0 / 0
  F32                9 / 0 / 0
  F64                9 / 0 / 0
  Vec3               28 / 0 / 0
  Debug_Stats        45 / 0 / 0

--- FIELD OCCUPANCY ---
  Field[0] 'field' levels:4 dims:3
    bounds X:[-8.0000,8.0000] Y:[-8.0000,8.0000] Z:[-8.0000,8.0000]
    level 0: 1 / 1 cells occupied
    level 1: 1 / 8 cells occupied
    level 2: 1 / 64 cells occupied
    level 3: 1 / 512 cells occupied
    level 4: 1 / 4096 cells occupied
  Field[1] 'model_field' levels:4 dims:3
    bounds X:[-0.0280,0.0280] Y:[-0.0000,0.1515] Z:[-0.0280,0.0280]
    level 0: 1 / 1 cells occupied
    level 1: 8 / 8 cells occupied
    level 2: 47 / 64 cells occupied
    level 3: 308 / 512 cells occupied
    level 4: 1217 / 4096 cells occupied

  Screen Fields: 65793 total | 7099 with occupied cells
  Root SF [2] levels:4 dims:2 bounds X:[0,1280] Y:[0,720]
    level 0: 0 / 1
    level 1: 0 / 4
    level 2: 0 / 16
    level 3: 0 / 64
    level 4: 0 / 256

[F2: enable fetch timing]

---
=== HOLLOWS ENGINE ===
FPS: 4 | Pixel: 244.0ms | Input: 0.001ms | Texture: 0.964ms
Camera: [0.00, 0.08, 0.13]

--- DATA (valid / total) ---
  Bool               2 / 2
  Int                6 / 6
  I64                2 / 2
  F32                5 / 5
  F64                2 / 2
  CString            6 / 6
  Vec3               1 / 1
  Vertex             29162 / 29162
  Vertex_Cache       29162 / 29162
  Debug_Stats        1 / 1
  FrameData          1 / 1
  Strings_Builder    1 / 1
  DataPoint          29164 / 29164
  Field              65795 / 65795
  Model              1 / 1
  Face_List          1 / 1
  TOTAL              153312 / 153312

--- FETCHES (edit / copy / set) ---
  Bool               9 / 0 / 0
  Int                55 / 0 / 0
  I64                18 / 0 / 0
  F32                9 / 0 / 0
  F64                9 / 0 / 0
  Vec3               28 / 0 / 0
  Debug_Stats        45 / 0 / 0

--- FIELD OCCUPANCY ---
  Field[0] 'field' levels:4 dims:3
    bounds X:[-8.0000,8.0000] Y:[-8.0000,8.0000] Z:[-8.0000,8.0000]
    level 0: 1 / 1 cells occupied
    level 1: 1 / 8 cells occupied
    level 2: 1 / 64 cells occupied
    level 3: 1 / 512 cells occupied
    level 4: 1 / 4096 cells occupied
  Field[1] 'model_field' levels:4 dims:3
    bounds X:[-0.0280,0.0280] Y:[-0.0000,0.1515] Z:[-0.0280,0.0280]
    level 0: 1 / 1 cells occupied
    level 1: 8 / 8 cells occupied
    level 2: 47 / 64 cells occupied
    level 3: 308 / 512 cells occupied
    level 4: 1217 / 4096 cells occupied

  Screen Fields: 65793 total | 7099 with occupied cells
  Root SF [2] levels:4 dims:2 bounds X:[0,1280] Y:[0,720]
    level 0: 0 / 1
    level 1: 0 / 4
    level 2: 0 / 16
    level 3: 0 / 64
    level 4: 0 / 256

[F2: enable fetch timing]

---
=== HOLLOWS ENGINE ===
FPS: 4 | Pixel: 244.0ms | Input: 0.001ms | Texture: 1.068ms
Camera: [0.00, 0.08, 0.13]

--- DATA (valid / total) ---
  Bool               2 / 2
  Int                6 / 6
  I64                2 / 2
  F32                5 / 5
  F64                2 / 2
  CString            6 / 6
  Vec3               1 / 1
  Vertex             29162 / 29162
  Vertex_Cache       29162 / 29162
  Debug_Stats        1 / 1
  FrameData          1 / 1
  Strings_Builder    1 / 1
  DataPoint          29164 / 29164
  Field              65795 / 65795
  Model              1 / 1
  Face_List          1 / 1
  TOTAL              153312 / 153312

--- FETCHES (edit / copy / set) ---
  Bool               9 / 0 / 0
  Int                55 / 0 / 0
  I64                18 / 0 / 0
  F32                9 / 0 / 0
  F64                9 / 0 / 0
  Vec3               28 / 0 / 0
  Debug_Stats        45 / 0 / 0

--- FIELD OCCUPANCY ---
  Field[0] 'field' levels:4 dims:3
    bounds X:[-8.0000,8.0000] Y:[-8.0000,8.0000] Z:[-8.0000,8.0000]
    level 0: 1 / 1 cells occupied
    level 1: 1 / 8 cells occupied
    level 2: 1 / 64 cells occupied
    level 3: 1 / 512 cells occupied
    level 4: 1 / 4096 cells occupied
  Field[1] 'model_field' levels:4 dims:3
    bounds X:[-0.0280,0.0280] Y:[-0.0000,0.1515] Z:[-0.0280,0.0280]
    level 0: 1 / 1 cells occupied
    level 1: 8 / 8 cells occupied
    level 2: 47 / 64 cells occupied
    level 3: 308 / 512 cells occupied
    level 4: 1217 / 4096 cells occupied

  Screen Fields: 65793 total | 7099 with occupied cells
  Root SF [2] levels:4 dims:2 bounds X:[0,1280] Y:[0,720]
    level 0: 0 / 1
    level 1: 0 / 4
    level 2: 0 / 16
    level 3: 0 / 64
    level 4: 0 / 256

[F2: enable fetch timing]

---
=== HOLLOWS ENGINE ===
FPS: 4 | Pixel: 244.2ms | Input: 0.001ms | Texture: 0.989ms
Camera: [0.00, 0.08, 0.13]

--- DATA (valid / total) ---
  Bool               2 / 2
  Int                6 / 6
  I64                2 / 2
  F32                5 / 5
  F64                2 / 2
  CString            6 / 6
  Vec3               1 / 1
  Vertex             29162 / 29162
  Vertex_Cache       29162 / 29162
  Debug_Stats        1 / 1
  FrameData          1 / 1
  Strings_Builder    1 / 1
  DataPoint          29164 / 29164
  Field              65795 / 65795
  Model              1 / 1
  Face_List          1 / 1
  TOTAL              153312 / 153312

--- FETCHES (edit / copy / set) ---
  Bool               9 / 0 / 0
  Int                55 / 0 / 0
  I64                18 / 0 / 0
  F32                9 / 0 / 0
  F64                9 / 0 / 0
  Vec3               28 / 0 / 0
  Debug_Stats        45 / 0 / 0

--- FIELD OCCUPANCY ---
  Field[0] 'field' levels:4 dims:3
    bounds X:[-8.0000,8.0000] Y:[-8.0000,8.0000] Z:[-8.0000,8.0000]
    level 0: 1 / 1 cells occupied
    level 1: 1 / 8 cells occupied
    level 2: 1 / 64 cells occupied
    level 3: 1 / 512 cells occupied
    level 4: 1 / 4096 cells occupied
  Field[1] 'model_field' levels:4 dims:3
    bounds X:[-0.0280,0.0280] Y:[-0.0000,0.1515] Z:[-0.0280,0.0280]
    level 0: 1 / 1 cells occupied
    level 1: 8 / 8 cells occupied
    level 2: 47 / 64 cells occupied
    level 3: 308 / 512 cells occupied
    level 4: 1217 / 4096 cells occupied

  Screen Fields: 65793 total | 7099 with occupied cells
  Root SF [2] levels:4 dims:2 bounds X:[0,1280] Y:[0,720]
    level 0: 0 / 1
    level 1: 0 / 4
    level 2: 0 / 16
    level 3: 0 / 64
    level 4: 0 / 256

[F2: enable fetch timing]

---
=== HOLLOWS ENGINE ===
FPS: 4 | Pixel: 244.0ms | Input: 0.001ms | Texture: 0.972ms
Camera: [0.00, 0.08, 0.13]

--- DATA (valid / total) ---
  Bool               2 / 2
  Int                6 / 6
  I64                2 / 2
  F32                5 / 5
  F64                2 / 2
  CString            6 / 6
  Vec3               1 / 1
  Vertex             29162 / 29162
  Vertex_Cache       29162 / 29162
  Debug_Stats        1 / 1
  FrameData          1 / 1
  Strings_Builder    1 / 1
  DataPoint          29164 / 29164
  Field              65795 / 65795
  Model              1 / 1
  Face_List          1 / 1
  TOTAL              153312 / 153312

--- FETCHES (edit / copy / set) ---
  Bool               9 / 0 / 0
  Int                55 / 0 / 0
  I64                18 / 0 / 0
  F32                9 / 0 / 0
  F64                9 / 0 / 0
  Vec3               28 / 0 / 0
  Debug_Stats        45 / 0 / 0

--- FIELD OCCUPANCY ---
  Field[0] 'field' levels:4 dims:3
    bounds X:[-8.0000,8.0000] Y:[-8.0000,8.0000] Z:[-8.0000,8.0000]
    level 0: 1 / 1 cells occupied
    level 1: 1 / 8 cells occupied
    level 2: 1 / 64 cells occupied
    level 3: 1 / 512 cells occupied
    level 4: 1 / 4096 cells occupied
  Field[1] 'model_field' levels:4 dims:3
    bounds X:[-0.0280,0.0280] Y:[-0.0000,0.1515] Z:[-0.0280,0.0280]
    level 0: 1 / 1 cells occupied
    level 1: 8 / 8 cells occupied
    level 2: 47 / 64 cells occupied
    level 3: 308 / 512 cells occupied
    level 4: 1217 / 4096 cells occupied

  Screen Fields: 65793 total | 7099 with occupied cells
  Root SF [2] levels:4 dims:2 bounds X:[0,1280] Y:[0,720]
    level 0: 0 / 1
    level 1: 0 / 4
    level 2: 0 / 16
    level 3: 0 / 64
    level 4: 0 / 256

[F2: enable fetch timing]

---
=== HOLLOWS ENGINE ===
FPS: 4 | Pixel: 244.1ms | Input: 0.000ms | Texture: 0.987ms
Camera: [0.00, 0.08, 0.13]

--- DATA (valid / total) ---
  Bool               2 / 2
  Int                6 / 6
  I64                2 / 2
  F32                5 / 5
  F64                2 / 2
  CString            6 / 6
  Vec3               1 / 1
  Vertex             29162 / 29162
  Vertex_Cache       29162 / 29162
  Debug_Stats        1 / 1
  FrameData          1 / 1
  Strings_Builder    1 / 1
  DataPoint          29164 / 29164
  Field              65795 / 65795
  Model              1 / 1
  Face_List          1 / 1
  TOTAL              153312 / 153312

--- FETCHES (edit / copy / set) ---
  Bool               9 / 0 / 0
  Int                55 / 0 / 0
  I64                18 / 0 / 0
  F32                9 / 0 / 0
  F64                9 / 0 / 0
  Vec3               28 / 0 / 0
  Debug_Stats        45 / 0 / 0

--- FIELD OCCUPANCY ---
  Field[0] 'field' levels:4 dims:3
    bounds X:[-8.0000,8.0000] Y:[-8.0000,8.0000] Z:[-8.0000,8.0000]
    level 0: 1 / 1 cells occupied
    level 1: 1 / 8 cells occupied
    level 2: 1 / 64 cells occupied
    level 3: 1 / 512 cells occupied
    level 4: 1 / 4096 cells occupied
  Field[1] 'model_field' levels:4 dims:3
    bounds X:[-0.0280,0.0280] Y:[-0.0000,0.1515] Z:[-0.0280,0.0280]
    level 0: 1 / 1 cells occupied
    level 1: 8 / 8 cells occupied
    level 2: 47 / 64 cells occupied
    level 3: 308 / 512 cells occupied
    level 4: 1217 / 4096 cells occupied

  Screen Fields: 65793 total | 7099 with occupied cells
  Root SF [2] levels:4 dims:2 bounds X:[0,1280] Y:[0,720]
    level 0: 0 / 1
    level 1: 0 / 4
    level 2: 0 / 16
    level 3: 0 / 64
    level 4: 0 / 256

[F2: enable fetch timing]

---
=== HOLLOWS ENGINE ===
FPS: 4 | Pixel: 245.2ms | Input: 0.001ms | Texture: 0.996ms
Camera: [0.00, 0.08, 0.13]

--- DATA (valid / total) ---
  Bool               2 / 2
  Int                6 / 6
  I64                2 / 2
  F32                5 / 5
  F64                2 / 2
  CString            6 / 6
  Vec3               1 / 1
  Vertex             29162 / 29162
  Vertex_Cache       29162 / 29162
  Debug_Stats        1 / 1
  FrameData          1 / 1
  Strings_Builder    1 / 1
  DataPoint          29164 / 29164
  Field              65795 / 65795
  Model              1 / 1
  Face_List          1 / 1
  TOTAL              153312 / 153312

--- FETCHES (edit / copy / set) ---
  Bool               9 / 0 / 0
  Int                55 / 0 / 0
  I64                18 / 0 / 0
  F32                9 / 0 / 0
  F64                9 / 0 / 0
  Vec3               28 / 0 / 0
  Debug_Stats        45 / 0 / 0

--- FIELD OCCUPANCY ---
  Field[0] 'field' levels:4 dims:3
    bounds X:[-8.0000,8.0000] Y:[-8.0000,8.0000] Z:[-8.0000,8.0000]
    level 0: 1 / 1 cells occupied
    level 1: 1 / 8 cells occupied
    level 2: 1 / 64 cells occupied
    level 3: 1 / 512 cells occupied
    level 4: 1 / 4096 cells occupied
  Field[1] 'model_field' levels:4 dims:3
    bounds X:[-0.0280,0.0280] Y:[-0.0000,0.1515] Z:[-0.0280,0.0280]
    level 0: 1 / 1 cells occupied
    level 1: 8 / 8 cells occupied
    level 2: 47 / 64 cells occupied
    level 3: 308 / 512 cells occupied
    level 4: 1217 / 4096 cells occupied

  Screen Fields: 65793 total | 7099 with occupied cells
  Root SF [2] levels:4 dims:2 bounds X:[0,1280] Y:[0,720]
    level 0: 0 / 1
    level 1: 0 / 4
    level 2: 0 / 16
    level 3: 0 / 64
    level 4: 0 / 256

[F2: enable fetch timing]

---
=== HOLLOWS ENGINE ===
FPS: 4 | Pixel: 244.6ms | Input: 0.001ms | Texture: 0.999ms
Camera: [0.00, 0.08, 0.13]

--- DATA (valid / total) ---
  Bool               2 / 2
  Int                6 / 6
  I64                2 / 2
  F32                5 / 5
  F64                2 / 2
  CString            6 / 6
  Vec3               1 / 1
  Vertex             29162 / 29162
  Vertex_Cache       29162 / 29162
  Debug_Stats        1 / 1
  FrameData          1 / 1
  Strings_Builder    1 / 1
  DataPoint          29164 / 29164
  Field              65795 / 65795
  Model              1 / 1
  Face_List          1 / 1
  TOTAL              153312 / 153312

--- FETCHES (edit / copy / set) ---
  Bool               9 / 0 / 0
  Int                55 / 0 / 0
  I64                18 / 0 / 0
  F32                9 / 0 / 0
  F64                9 / 0 / 0
  Vec3               28 / 0 / 0
  Debug_Stats        45 / 0 / 0

--- FIELD OCCUPANCY ---
  Field[0] 'field' levels:4 dims:3
    bounds X:[-8.0000,8.0000] Y:[-8.0000,8.0000] Z:[-8.0000,8.0000]
    level 0: 1 / 1 cells occupied
    level 1: 1 / 8 cells occupied
    level 2: 1 / 64 cells occupied
    level 3: 1 / 512 cells occupied
    level 4: 1 / 4096 cells occupied
  Field[1] 'model_field' levels:4 dims:3
    bounds X:[-0.0280,0.0280] Y:[-0.0000,0.1515] Z:[-0.0280,0.0280]
    level 0: 1 / 1 cells occupied
    level 1: 8 / 8 cells occupied
    level 2: 47 / 64 cells occupied
    level 3: 308 / 512 cells occupied
    level 4: 1217 / 4096 cells occupied

  Screen Fields: 65793 total | 7099 with occupied cells
  Root SF [2] levels:4 dims:2 bounds X:[0,1280] Y:[0,720]
    level 0: 0 / 1
    level 1: 0 / 4
    level 2: 0 / 16
    level 3: 0 / 64
    level 4: 0 / 256

[F2: enable fetch timing]

---
=== HOLLOWS ENGINE ===
FPS: 4 | Pixel: 244.2ms | Input: 0.000ms | Texture: 0.973ms
Camera: [0.00, 0.08, 0.13]

--- DATA (valid / total) ---
  Bool               2 / 2
  Int                6 / 6
  I64                2 / 2
  F32                5 / 5
  F64                2 / 2
  CString            6 / 6
  Vec3               1 / 1
  Vertex             29162 / 29162
  Vertex_Cache       29162 / 29162
  Debug_Stats        1 / 1
  FrameData          1 / 1
  Strings_Builder    1 / 1
  DataPoint          29164 / 29164
  Field              65795 / 65795
  Model              1 / 1
  Face_List          1 / 1
  TOTAL              153312 / 153312

--- FETCHES (edit / copy / set) ---
  Bool               9 / 0 / 0
  Int                55 / 0 / 0
  I64                18 / 0 / 0
  F32                9 / 0 / 0
  F64                9 / 0 / 0
  Vec3               28 / 0 / 0
  Debug_Stats        45 / 0 / 0

--- FIELD OCCUPANCY ---
  Field[0] 'field' levels:4 dims:3
    bounds X:[-8.0000,8.0000] Y:[-8.0000,8.0000] Z:[-8.0000,8.0000]
    level 0: 1 / 1 cells occupied
    level 1: 1 / 8 cells occupied
    level 2: 1 / 64 cells occupied
    level 3: 1 / 512 cells occupied
    level 4: 1 / 4096 cells occupied
  Field[1] 'model_field' levels:4 dims:3
    bounds X:[-0.0280,0.0280] Y:[-0.0000,0.1515] Z:[-0.0280,0.0280]
    level 0: 1 / 1 cells occupied
    level 1: 8 / 8 cells occupied
    level 2: 47 / 64 cells occupied
    level 3: 308 / 512 cells occupied
    level 4: 1217 / 4096 cells occupied

  Screen Fields: 65793 total | 7099 with occupied cells
  Root SF [2] levels:4 dims:2 bounds X:[0,1280] Y:[0,720]
    level 0: 0 / 1
    level 1: 0 / 4
    level 2: 0 / 16
    level 3: 0 / 64
    level 4: 0 / 256

[F2: enable fetch timing]

---
=== HOLLOWS ENGINE ===
FPS: 4 | Pixel: 244.1ms | Input: 0.000ms | Texture: 0.968ms
Camera: [0.00, 0.08, 0.13]

--- DATA (valid / total) ---
  Bool               2 / 2
  Int                6 / 6
  I64                2 / 2
  F32                5 / 5
  F64                2 / 2
  CString            6 / 6
  Vec3               1 / 1
  Vertex             29162 / 29162
  Vertex_Cache       29162 / 29162
  Debug_Stats        1 / 1
  FrameData          1 / 1
  Strings_Builder    1 / 1
  DataPoint          29164 / 29164
  Field              65795 / 65795
  Model              1 / 1
  Face_List          1 / 1
  TOTAL              153312 / 153312

--- FETCHES (edit / copy / set) ---
  Bool               9 / 0 / 0
  Int                55 / 0 / 0
  I64                18 / 0 / 0
  F32                9 / 0 / 0
  F64                9 / 0 / 0
  Vec3               28 / 0 / 0
  Debug_Stats        45 / 0 / 0

--- FIELD OCCUPANCY ---
  Field[0] 'field' levels:4 dims:3
    bounds X:[-8.0000,8.0000] Y:[-8.0000,8.0000] Z:[-8.0000,8.0000]
    level 0: 1 / 1 cells occupied
    level 1: 1 / 8 cells occupied
    level 2: 1 / 64 cells occupied
    level 3: 1 / 512 cells occupied
    level 4: 1 / 4096 cells occupied
  Field[1] 'model_field' levels:4 dims:3
    bounds X:[-0.0280,0.0280] Y:[-0.0000,0.1515] Z:[-0.0280,0.0280]
    level 0: 1 / 1 cells occupied
    level 1: 8 / 8 cells occupied
    level 2: 47 / 64 cells occupied
    level 3: 308 / 512 cells occupied
    level 4: 1217 / 4096 cells occupied

  Screen Fields: 65793 total | 7099 with occupied cells
  Root SF [2] levels:4 dims:2 bounds X:[0,1280] Y:[0,720]
    level 0: 0 / 1
    level 1: 0 / 4
    level 2: 0 / 16
    level 3: 0 / 64
    level 4: 0 / 256

[F2: enable fetch timing]

---
=== HOLLOWS ENGINE ===
FPS: 4 | Pixel: 244.0ms | Input: 0.000ms | Texture: 0.973ms
Camera: [0.00, 0.08, 0.13]

--- DATA (valid / total) ---
  Bool               2 / 2
  Int                6 / 6
  I64                2 / 2
  F32                5 / 5
  F64                2 / 2
  CString            6 / 6
  Vec3               1 / 1
  Vertex             29162 / 29162
  Vertex_Cache       29162 / 29162
  Debug_Stats        1 / 1
  FrameData          1 / 1
  Strings_Builder    1 / 1
  DataPoint          29164 / 29164
  Field              65795 / 65795
  Model              1 / 1
  Face_List          1 / 1
  TOTAL              153312 / 153312

--- FETCHES (edit / copy / set) ---
  Bool               9 / 0 / 0
  Int                55 / 0 / 0
  I64                18 / 0 / 0
  F32                9 / 0 / 0
  F64                9 / 0 / 0
  Vec3               28 / 0 / 0
  Debug_Stats        45 / 0 / 0

--- FIELD OCCUPANCY ---
  Field[0] 'field' levels:4 dims:3
    bounds X:[-8.0000,8.0000] Y:[-8.0000,8.0000] Z:[-8.0000,8.0000]
    level 0: 1 / 1 cells occupied
    level 1: 1 / 8 cells occupied
    level 2: 1 / 64 cells occupied
    level 3: 1 / 512 cells occupied
    level 4: 1 / 4096 cells occupied
  Field[1] 'model_field' levels:4 dims:3
    bounds X:[-0.0280,0.0280] Y:[-0.0000,0.1515] Z:[-0.0280,0.0280]
    level 0: 1 / 1 cells occupied
    level 1: 8 / 8 cells occupied
    level 2: 47 / 64 cells occupied
    level 3: 308 / 512 cells occupied
    level 4: 1217 / 4096 cells occupied

  Screen Fields: 65793 total | 7099 with occupied cells
  Root SF [2] levels:4 dims:2 bounds X:[0,1280] Y:[0,720]
    level 0: 0 / 1
    level 1: 0 / 4
    level 2: 0 / 16
    level 3: 0 / 64
    level 4: 0 / 256

[F2: enable fetch timing]

---
=== HOLLOWS ENGINE ===
FPS: 4 | Pixel: 244.1ms | Input: 0.001ms | Texture: 0.969ms
Camera: [0.00, 0.08, 0.13]

--- DATA (valid / total) ---
  Bool               2 / 2
  Int                6 / 6
  I64                2 / 2
  F32                5 / 5
  F64                2 / 2
  CString            6 / 6
  Vec3               1 / 1
  Vertex             29162 / 29162
  Vertex_Cache       29162 / 29162
  Debug_Stats        1 / 1
  FrameData          1 / 1
  Strings_Builder    1 / 1
  DataPoint          29164 / 29164
  Field              65795 / 65795
  Model              1 / 1
  Face_List          1 / 1
  TOTAL              153312 / 153312

--- FETCHES (edit / copy / set) ---
  Bool               9 / 0 / 0
  Int                55 / 0 / 0
  I64                18 / 0 / 0
  F32                9 / 0 / 0
  F64                9 / 0 / 0
  Vec3               28 / 0 / 0
  Debug_Stats        45 / 0 / 0

--- FIELD OCCUPANCY ---
  Field[0] 'field' levels:4 dims:3
    bounds X:[-8.0000,8.0000] Y:[-8.0000,8.0000] Z:[-8.0000,8.0000]
    level 0: 1 / 1 cells occupied
    level 1: 1 / 8 cells occupied
    level 2: 1 / 64 cells occupied
    level 3: 1 / 512 cells occupied
    level 4: 1 / 4096 cells occupied
  Field[1] 'model_field' levels:4 dims:3
    bounds X:[-0.0280,0.0280] Y:[-0.0000,0.1515] Z:[-0.0280,0.0280]
    level 0: 1 / 1 cells occupied
    level 1: 8 / 8 cells occupied
    level 2: 47 / 64 cells occupied
    level 3: 308 / 512 cells occupied
    level 4: 1217 / 4096 cells occupied

  Screen Fields: 65793 total | 7099 with occupied cells
  Root SF [2] levels:4 dims:2 bounds X:[0,1280] Y:[0,720]
    level 0: 0 / 1
    level 1: 0 / 4
    level 2: 0 / 16
    level 3: 0 / 64
    level 4: 0 / 256

[F2: enable fetch timing]

---
=== HOLLOWS ENGINE ===
FPS: 4 | Pixel: 244.0ms | Input: 0.000ms | Texture: 0.973ms
Camera: [0.00, 0.08, 0.13]

--- DATA (valid / total) ---
  Bool               2 / 2
  Int                6 / 6
  I64                2 / 2
  F32                5 / 5
  F64                2 / 2
  CString            6 / 6
  Vec3               1 / 1
  Vertex             29162 / 29162
  Vertex_Cache       29162 / 29162
  Debug_Stats        1 / 1
  FrameData          1 / 1
  Strings_Builder    1 / 1
  DataPoint          29164 / 29164
  Field              65795 / 65795
  Model              1 / 1
  Face_List          1 / 1
  TOTAL              153312 / 153312

--- FETCHES (edit / copy / set) ---
  Bool               9 / 0 / 0
  Int                55 / 0 / 0
  I64                18 / 0 / 0
  F32                9 / 0 / 0
  F64                9 / 0 / 0
  Vec3               28 / 0 / 0
  Debug_Stats        45 / 0 / 0

--- FIELD OCCUPANCY ---
  Field[0] 'field' levels:4 dims:3
    bounds X:[-8.0000,8.0000] Y:[-8.0000,8.0000] Z:[-8.0000,8.0000]
    level 0: 1 / 1 cells occupied
    level 1: 1 / 8 cells occupied
    level 2: 1 / 64 cells occupied
    level 3: 1 / 512 cells occupied
    level 4: 1 / 4096 cells occupied
  Field[1] 'model_field' levels:4 dims:3
    bounds X:[-0.0280,0.0280] Y:[-0.0000,0.1515] Z:[-0.0280,0.0280]
    level 0: 1 / 1 cells occupied
    level 1: 8 / 8 cells occupied
    level 2: 47 / 64 cells occupied
    level 3: 308 / 512 cells occupied
    level 4: 1217 / 4096 cells occupied

  Screen Fields: 65793 total | 7099 with occupied cells
  Root SF [2] levels:4 dims:2 bounds X:[0,1280] Y:[0,720]
    level 0: 0 / 1
    level 1: 0 / 4
    level 2: 0 / 16
    level 3: 0 / 64
    level 4: 0 / 256

[F2: enable fetch timing]

---
=== HOLLOWS ENGINE ===
FPS: 4 | Pixel: 243.9ms | Input: 0.000ms | Texture: 1.000ms
Camera: [0.00, 0.08, 0.13]

--- DATA (valid / total) ---
  Bool               2 / 2
  Int                6 / 6
  I64                2 / 2
  F32                5 / 5
  F64                2 / 2
  CString            6 / 6
  Vec3               1 / 1
  Vertex             29162 / 29162
  Vertex_Cache       29162 / 29162
  Debug_Stats        1 / 1
  FrameData          1 / 1
  Strings_Builder    1 / 1
  DataPoint          29164 / 29164
  Field              65795 / 65795
  Model              1 / 1
  Face_List          1 / 1
  TOTAL              153312 / 153312

--- FETCHES (edit / copy / set) ---
  Bool               9 / 0 / 0
  Int                55 / 0 / 0
  I64                18 / 0 / 0
  F32                9 / 0 / 0
  F64                9 / 0 / 0
  Vec3               28 / 0 / 0
  Debug_Stats        45 / 0 / 0

--- FIELD OCCUPANCY ---
  Field[0] 'field' levels:4 dims:3
    bounds X:[-8.0000,8.0000] Y:[-8.0000,8.0000] Z:[-8.0000,8.0000]
    level 0: 1 / 1 cells occupied
    level 1: 1 / 8 cells occupied
    level 2: 1 / 64 cells occupied
    level 3: 1 / 512 cells occupied
    level 4: 1 / 4096 cells occupied
  Field[1] 'model_field' levels:4 dims:3
    bounds X:[-0.0280,0.0280] Y:[-0.0000,0.1515] Z:[-0.0280,0.0280]
    level 0: 1 / 1 cells occupied
    level 1: 8 / 8 cells occupied
    level 2: 47 / 64 cells occupied
    level 3: 308 / 512 cells occupied
    level 4: 1217 / 4096 cells occupied

  Screen Fields: 65793 total | 7099 with occupied cells
  Root SF [2] levels:4 dims:2 bounds X:[0,1280] Y:[0,720]
    level 0: 0 / 1
    level 1: 0 / 4
    level 2: 0 / 16
    level 3: 0 / 64
    level 4: 0 / 256

[F2: enable fetch timing]

---
=== HOLLOWS ENGINE ===
FPS: 4 | Pixel: 244.2ms | Input: 0.000ms | Texture: 0.996ms
Camera: [0.00, 0.08, 0.13]

--- DATA (valid / total) ---
  Bool               2 / 2
  Int                6 / 6
  I64                2 / 2
  F32                5 / 5
  F64                2 / 2
  CString            6 / 6
  Vec3               1 / 1
  Vertex             29162 / 29162
  Vertex_Cache       29162 / 29162
  Debug_Stats        1 / 1
  FrameData          1 / 1
  Strings_Builder    1 / 1
  DataPoint          29164 / 29164
  Field              65795 / 65795
  Model              1 / 1
  Face_List          1 / 1
  TOTAL              153312 / 153312

--- FETCHES (edit / copy / set) ---
  Bool               9 / 0 / 0
  Int                55 / 0 / 0
  I64                18 / 0 / 0
  F32                9 / 0 / 0
  F64                9 / 0 / 0
  Vec3               28 / 0 / 0
  Debug_Stats        45 / 0 / 0

--- FIELD OCCUPANCY ---
  Field[0] 'field' levels:4 dims:3
    bounds X:[-8.0000,8.0000] Y:[-8.0000,8.0000] Z:[-8.0000,8.0000]
    level 0: 1 / 1 cells occupied
    level 1: 1 / 8 cells occupied
    level 2: 1 / 64 cells occupied
    level 3: 1 / 512 cells occupied
    level 4: 1 / 4096 cells occupied
  Field[1] 'model_field' levels:4 dims:3
    bounds X:[-0.0280,0.0280] Y:[-0.0000,0.1515] Z:[-0.0280,0.0280]
    level 0: 1 / 1 cells occupied
    level 1: 8 / 8 cells occupied
    level 2: 47 / 64 cells occupied
    level 3: 308 / 512 cells occupied
    level 4: 1217 / 4096 cells occupied

  Screen Fields: 65793 total | 7099 with occupied cells
  Root SF [2] levels:4 dims:2 bounds X:[0,1280] Y:[0,720]
    level 0: 0 / 1
    level 1: 0 / 4
    level 2: 0 / 16
    level 3: 0 / 64
    level 4: 0 / 256

[F2: enable fetch timing]

---
=== HOLLOWS ENGINE ===
FPS: 4 | Pixel: 244.3ms | Input: 0.000ms | Texture: 1.003ms
Camera: [0.00, 0.08, 0.13]

--- DATA (valid / total) ---
  Bool               2 / 2
  Int                6 / 6
  I64                2 / 2
  F32                5 / 5
  F64                2 / 2
  CString            6 / 6
  Vec3               1 / 1
  Vertex             29162 / 29162
  Vertex_Cache       29162 / 29162
  Debug_Stats        1 / 1
  FrameData          1 / 1
  Strings_Builder    1 / 1
  DataPoint          29164 / 29164
  Field              65795 / 65795
  Model              1 / 1
  Face_List          1 / 1
  TOTAL              153312 / 153312

--- FETCHES (edit / copy / set) ---
  Bool               9 / 0 / 0
  Int                55 / 0 / 0
  I64                18 / 0 / 0
  F32                9 / 0 / 0
  F64                9 / 0 / 0
  Vec3               28 / 0 / 0
  Debug_Stats        45 / 0 / 0

--- FIELD OCCUPANCY ---
  Field[0] 'field' levels:4 dims:3
    bounds X:[-8.0000,8.0000] Y:[-8.0000,8.0000] Z:[-8.0000,8.0000]
    level 0: 1 / 1 cells occupied
    level 1: 1 / 8 cells occupied
    level 2: 1 / 64 cells occupied
    level 3: 1 / 512 cells occupied
    level 4: 1 / 4096 cells occupied
  Field[1] 'model_field' levels:4 dims:3
    bounds X:[-0.0280,0.0280] Y:[-0.0000,0.1515] Z:[-0.0280,0.0280]
    level 0: 1 / 1 cells occupied
    level 1: 8 / 8 cells occupied
    level 2: 47 / 64 cells occupied
    level 3: 308 / 512 cells occupied
    level 4: 1217 / 4096 cells occupied

  Screen Fields: 65793 total | 7099 with occupied cells
  Root SF [2] levels:4 dims:2 bounds X:[0,1280] Y:[0,720]
    level 0: 0 / 1
    level 1: 0 / 4
    level 2: 0 / 16
    level 3: 0 / 64
    level 4: 0 / 256

[F2: enable fetch timing]

---
=== HOLLOWS ENGINE ===
FPS: 4 | Pixel: 244.0ms | Input: 0.000ms | Texture: 0.975ms
Camera: [0.00, 0.08, 0.13]

--- DATA (valid / total) ---
  Bool               2 / 2
  Int                6 / 6
  I64                2 / 2
  F32                5 / 5
  F64                2 / 2
  CString            6 / 6
  Vec3               1 / 1
  Vertex             29162 / 29162
  Vertex_Cache       29162 / 29162
  Debug_Stats        1 / 1
  FrameData          1 / 1
  Strings_Builder    1 / 1
  DataPoint          29164 / 29164
  Field              65795 / 65795
  Model              1 / 1
  Face_List          1 / 1
  TOTAL              153312 / 153312

--- FETCHES (edit / copy / set) ---
  Bool               9 / 0 / 0
  Int                55 / 0 / 0
  I64                18 / 0 / 0
  F32                9 / 0 / 0
  F64                9 / 0 / 0
  Vec3               28 / 0 / 0
  Debug_Stats        45 / 0 / 0

--- FIELD OCCUPANCY ---
  Field[0] 'field' levels:4 dims:3
    bounds X:[-8.0000,8.0000] Y:[-8.0000,8.0000] Z:[-8.0000,8.0000]
    level 0: 1 / 1 cells occupied
    level 1: 1 / 8 cells occupied
    level 2: 1 / 64 cells occupied
    level 3: 1 / 512 cells occupied
    level 4: 1 / 4096 cells occupied
  Field[1] 'model_field' levels:4 dims:3
    bounds X:[-0.0280,0.0280] Y:[-0.0000,0.1515] Z:[-0.0280,0.0280]
    level 0: 1 / 1 cells occupied
    level 1: 8 / 8 cells occupied
    level 2: 47 / 64 cells occupied
    level 3: 308 / 512 cells occupied
    level 4: 1217 / 4096 cells occupied

  Screen Fields: 65793 total | 7099 with occupied cells
  Root SF [2] levels:4 dims:2 bounds X:[0,1280] Y:[0,720]
    level 0: 0 / 1
    level 1: 0 / 4
    level 2: 0 / 16
    level 3: 0 / 64
    level 4: 0 / 256

[F2: enable fetch timing]

---
=== HOLLOWS ENGINE ===
FPS: 4 | Pixel: 244.5ms | Input: 0.000ms | Texture: 0.972ms
Camera: [0.00, 0.08, 0.13]

--- DATA (valid / total) ---
  Bool               2 / 2
  Int                6 / 6
  I64                2 / 2
  F32                5 / 5
  F64                2 / 2
  CString            6 / 6
  Vec3               1 / 1
  Vertex             29162 / 29162
  Vertex_Cache       29162 / 29162
  Debug_Stats        1 / 1
  FrameData          1 / 1
  Strings_Builder    1 / 1
  DataPoint          29164 / 29164
  Field              65795 / 65795
  Model              1 / 1
  Face_List          1 / 1
  TOTAL              153312 / 153312

--- FETCHES (edit / copy / set) ---
  Bool               9 / 0 / 0
  Int                55 / 0 / 0
  I64                18 / 0 / 0
  F32                9 / 0 / 0
  F64                9 / 0 / 0
  Vec3               28 / 0 / 0
  Debug_Stats        45 / 0 / 0

--- FIELD OCCUPANCY ---
  Field[0] 'field' levels:4 dims:3
    bounds X:[-8.0000,8.0000] Y:[-8.0000,8.0000] Z:[-8.0000,8.0000]
    level 0: 1 / 1 cells occupied
    level 1: 1 / 8 cells occupied
    level 2: 1 / 64 cells occupied
    level 3: 1 / 512 cells occupied
    level 4: 1 / 4096 cells occupied
  Field[1] 'model_field' levels:4 dims:3
    bounds X:[-0.0280,0.0280] Y:[-0.0000,0.1515] Z:[-0.0280,0.0280]
    level 0: 1 / 1 cells occupied
    level 1: 8 / 8 cells occupied
    level 2: 47 / 64 cells occupied
    level 3: 308 / 512 cells occupied
    level 4: 1217 / 4096 cells occupied

  Screen Fields: 65793 total | 7099 with occupied cells
  Root SF [2] levels:4 dims:2 bounds X:[0,1280] Y:[0,720]
    level 0: 0 / 1
    level 1: 0 / 4
    level 2: 0 / 16
    level 3: 0 / 64
    level 4: 0 / 256

[F2: enable fetch timing]

---
=== HOLLOWS ENGINE ===
FPS: 4 | Pixel: 243.9ms | Input: 0.000ms | Texture: 0.966ms
Camera: [0.00, 0.08, 0.13]

--- DATA (valid / total) ---
  Bool               2 / 2
  Int                6 / 6
  I64                2 / 2
  F32                5 / 5
  F64                2 / 2
  CString            6 / 6
  Vec3               1 / 1
  Vertex             29162 / 29162
  Vertex_Cache       29162 / 29162
  Debug_Stats        1 / 1
  FrameData          1 / 1
  Strings_Builder    1 / 1
  DataPoint          29164 / 29164
  Field              65795 / 65795
  Model              1 / 1
  Face_List          1 / 1
  TOTAL              153312 / 153312

--- FETCHES (edit / copy / set) ---
  Bool               9 / 0 / 0
  Int                55 / 0 / 0
  I64                18 / 0 / 0
  F32                9 / 0 / 0
  F64                9 / 0 / 0
  Vec3               28 / 0 / 0
  Debug_Stats        45 / 0 / 0

--- FIELD OCCUPANCY ---
  Field[0] 'field' levels:4 dims:3
    bounds X:[-8.0000,8.0000] Y:[-8.0000,8.0000] Z:[-8.0000,8.0000]
    level 0: 1 / 1 cells occupied
    level 1: 1 / 8 cells occupied
    level 2: 1 / 64 cells occupied
    level 3: 1 / 512 cells occupied
    level 4: 1 / 4096 cells occupied
  Field[1] 'model_field' levels:4 dims:3
    bounds X:[-0.0280,0.0280] Y:[-0.0000,0.1515] Z:[-0.0280,0.0280]
    level 0: 1 / 1 cells occupied
    level 1: 8 / 8 cells occupied
    level 2: 47 / 64 cells occupied
    level 3: 308 / 512 cells occupied
    level 4: 1217 / 4096 cells occupied

  Screen Fields: 65793 total | 7099 with occupied cells
  Root SF [2] levels:4 dims:2 bounds X:[0,1280] Y:[0,720]
    level 0: 0 / 1
    level 1: 0 / 4
    level 2: 0 / 16
    level 3: 0 / 64
    level 4: 0 / 256

[F2: enable fetch timing]

---
=== HOLLOWS ENGINE ===
FPS: 4 | Pixel: 243.7ms | Input: 0.000ms | Texture: 0.969ms
Camera: [0.00, 0.08, 0.13]

--- DATA (valid / total) ---
  Bool               2 / 2
  Int                6 / 6
  I64                2 / 2
  F32                5 / 5
  F64                2 / 2
  CString            6 / 6
  Vec3               1 / 1
  Vertex             29162 / 29162
  Vertex_Cache       29162 / 29162
  Debug_Stats        1 / 1
  FrameData          1 / 1
  Strings_Builder    1 / 1
  DataPoint          29164 / 29164
  Field              65795 / 65795
  Model              1 / 1
  Face_List          1 / 1
  TOTAL              153312 / 153312

--- FETCHES (edit / copy / set) ---
  Bool               9 / 0 / 0
  Int                55 / 0 / 0
  I64                18 / 0 / 0
  F32                9 / 0 / 0
  F64                9 / 0 / 0
  Vec3               28 / 0 / 0
  Debug_Stats        45 / 0 / 0

--- FIELD OCCUPANCY ---
  Field[0] 'field' levels:4 dims:3
    bounds X:[-8.0000,8.0000] Y:[-8.0000,8.0000] Z:[-8.0000,8.0000]
    level 0: 1 / 1 cells occupied
    level 1: 1 / 8 cells occupied
    level 2: 1 / 64 cells occupied
    level 3: 1 / 512 cells occupied
    level 4: 1 / 4096 cells occupied
  Field[1] 'model_field' levels:4 dims:3
    bounds X:[-0.0280,0.0280] Y:[-0.0000,0.1515] Z:[-0.0280,0.0280]
    level 0: 1 / 1 cells occupied
    level 1: 8 / 8 cells occupied
    level 2: 47 / 64 cells occupied
    level 3: 308 / 512 cells occupied
    level 4: 1217 / 4096 cells occupied

  Screen Fields: 65793 total | 7099 with occupied cells
  Root SF [2] levels:4 dims:2 bounds X:[0,1280] Y:[0,720]
    level 0: 0 / 1
    level 1: 0 / 4
    level 2: 0 / 16
    level 3: 0 / 64
    level 4: 0 / 256

[F2: enable fetch timing]

---
=== HOLLOWS ENGINE ===
FPS: 4 | Pixel: 244.3ms | Input: 0.000ms | Texture: 0.996ms
Camera: [0.00, 0.08, 0.13]

--- DATA (valid / total) ---
  Bool               2 / 2
  Int                6 / 6
  I64                2 / 2
  F32                5 / 5
  F64                2 / 2
  CString            6 / 6
  Vec3               1 / 1
  Vertex             29162 / 29162
  Vertex_Cache       29162 / 29162
  Debug_Stats        1 / 1
  FrameData          1 / 1
  Strings_Builder    1 / 1
  DataPoint          29164 / 29164
  Field              65795 / 65795
  Model              1 / 1
  Face_List          1 / 1
  TOTAL              153312 / 153312

--- FETCHES (edit / copy / set) ---
  Bool               9 / 0 / 0
  Int                55 / 0 / 0
  I64                18 / 0 / 0
  F32                9 / 0 / 0
  F64                9 / 0 / 0
  Vec3               28 / 0 / 0
  Debug_Stats        45 / 0 / 0

--- FIELD OCCUPANCY ---
  Field[0] 'field' levels:4 dims:3
    bounds X:[-8.0000,8.0000] Y:[-8.0000,8.0000] Z:[-8.0000,8.0000]
    level 0: 1 / 1 cells occupied
    level 1: 1 / 8 cells occupied
    level 2: 1 / 64 cells occupied
    level 3: 1 / 512 cells occupied
    level 4: 1 / 4096 cells occupied
  Field[1] 'model_field' levels:4 dims:3
    bounds X:[-0.0280,0.0280] Y:[-0.0000,0.1515] Z:[-0.0280,0.0280]
    level 0: 1 / 1 cells occupied
    level 1: 8 / 8 cells occupied
    level 2: 47 / 64 cells occupied
    level 3: 308 / 512 cells occupied
    level 4: 1217 / 4096 cells occupied

  Screen Fields: 65793 total | 7099 with occupied cells
  Root SF [2] levels:4 dims:2 bounds X:[0,1280] Y:[0,720]
    level 0: 0 / 1
    level 1: 0 / 4
    level 2: 0 / 16
    level 3: 0 / 64
    level 4: 0 / 256

[F2: enable fetch timing]

---
=== HOLLOWS ENGINE ===
FPS: 4 | Pixel: 243.7ms | Input: 0.000ms | Texture: 0.972ms
Camera: [0.00, 0.08, 0.13]

--- DATA (valid / total) ---
  Bool               2 / 2
  Int                6 / 6
  I64                2 / 2
  F32                5 / 5
  F64                2 / 2
  CString            6 / 6
  Vec3               1 / 1
  Vertex             29162 / 29162
  Vertex_Cache       29162 / 29162
  Debug_Stats        1 / 1
  FrameData          1 / 1
  Strings_Builder    1 / 1
  DataPoint          29164 / 29164
  Field              65795 / 65795
  Model              1 / 1
  Face_List          1 / 1
  TOTAL              153312 / 153312

--- FETCHES (edit / copy / set) ---
  Bool               9 / 0 / 0
  Int                55 / 0 / 0
  I64                18 / 0 / 0
  F32                9 / 0 / 0
  F64                9 / 0 / 0
  Vec3               28 / 0 / 0
  Debug_Stats        45 / 0 / 0

--- FIELD OCCUPANCY ---
  Field[0] 'field' levels:4 dims:3
    bounds X:[-8.0000,8.0000] Y:[-8.0000,8.0000] Z:[-8.0000,8.0000]
    level 0: 1 / 1 cells occupied
    level 1: 1 / 8 cells occupied
    level 2: 1 / 64 cells occupied
    level 3: 1 / 512 cells occupied
    level 4: 1 / 4096 cells occupied
  Field[1] 'model_field' levels:4 dims:3
    bounds X:[-0.0280,0.0280] Y:[-0.0000,0.1515] Z:[-0.0280,0.0280]
    level 0: 1 / 1 cells occupied
    level 1: 8 / 8 cells occupied
    level 2: 47 / 64 cells occupied
    level 3: 308 / 512 cells occupied
    level 4: 1217 / 4096 cells occupied

  Screen Fields: 65793 total | 7099 with occupied cells
  Root SF [2] levels:4 dims:2 bounds X:[0,1280] Y:[0,720]
    level 0: 0 / 1
    level 1: 0 / 4
    level 2: 0 / 16
    level 3: 0 / 64
    level 4: 0 / 256

[F2: enable fetch timing]

---
=== HOLLOWS ENGINE ===
FPS: 4 | Pixel: 244.3ms | Input: 0.001ms | Texture: 1.047ms
Camera: [0.00, 0.08, 0.13]

--- DATA (valid / total) ---
  Bool               2 / 2
  Int                6 / 6
  I64                2 / 2
  F32                5 / 5
  F64                2 / 2
  CString            6 / 6
  Vec3               1 / 1
  Vertex             29162 / 29162
  Vertex_Cache       29162 / 29162
  Debug_Stats        1 / 1
  FrameData          1 / 1
  Strings_Builder    1 / 1
  DataPoint          29164 / 29164
  Field              65795 / 65795
  Model              1 / 1
  Face_List          1 / 1
  TOTAL              153312 / 153312

--- FETCHES (edit / copy / set) ---
  Bool               9 / 0 / 0
  Int                55 / 0 / 0
  I64                18 / 0 / 0
  F32                9 / 0 / 0
  F64                9 / 0 / 0
  Vec3               28 / 0 / 0
  Debug_Stats        45 / 0 / 0

--- FIELD OCCUPANCY ---
  Field[0] 'field' levels:4 dims:3
    bounds X:[-8.0000,8.0000] Y:[-8.0000,8.0000] Z:[-8.0000,8.0000]
    level 0: 1 / 1 cells occupied
    level 1: 1 / 8 cells occupied
    level 2: 1 / 64 cells occupied
    level 3: 1 / 512 cells occupied
    level 4: 1 / 4096 cells occupied
  Field[1] 'model_field' levels:4 dims:3
    bounds X:[-0.0280,0.0280] Y:[-0.0000,0.1515] Z:[-0.0280,0.0280]
    level 0: 1 / 1 cells occupied
    level 1: 8 / 8 cells occupied
    level 2: 47 / 64 cells occupied
    level 3: 308 / 512 cells occupied
    level 4: 1217 / 4096 cells occupied

  Screen Fields: 65793 total | 7099 with occupied cells
  Root SF [2] levels:4 dims:2 bounds X:[0,1280] Y:[0,720]
    level 0: 0 / 1
    level 1: 0 / 4
    level 2: 0 / 16
    level 3: 0 / 64
    level 4: 0 / 256

[F2: enable fetch timing]

---
=== HOLLOWS ENGINE ===
FPS: 4 | Pixel: 244.0ms | Input: 0.001ms | Texture: 0.974ms
Camera: [0.00, 0.08, 0.13]

--- DATA (valid / total) ---
  Bool               2 / 2
  Int                6 / 6
  I64                2 / 2
  F32                5 / 5
  F64                2 / 2
  CString            6 / 6
  Vec3               1 / 1
  Vertex             29162 / 29162
  Vertex_Cache       29162 / 29162
  Debug_Stats        1 / 1
  FrameData          1 / 1
  Strings_Builder    1 / 1
  DataPoint          29164 / 29164
  Field              65795 / 65795
  Model              1 / 1
  Face_List          1 / 1
  TOTAL              153312 / 153312

--- FETCHES (edit / copy / set) ---
  Bool               9 / 0 / 0
  Int                55 / 0 / 0
  I64                18 / 0 / 0
  F32                9 / 0 / 0
  F64                9 / 0 / 0
  Vec3               28 / 0 / 0
  Debug_Stats        45 / 0 / 0

--- FIELD OCCUPANCY ---
  Field[0] 'field' levels:4 dims:3
    bounds X:[-8.0000,8.0000] Y:[-8.0000,8.0000] Z:[-8.0000,8.0000]
    level 0: 1 / 1 cells occupied
    level 1: 1 / 8 cells occupied
    level 2: 1 / 64 cells occupied
    level 3: 1 / 512 cells occupied
    level 4: 1 / 4096 cells occupied
  Field[1] 'model_field' levels:4 dims:3
    bounds X:[-0.0280,0.0280] Y:[-0.0000,0.1515] Z:[-0.0280,0.0280]
    level 0: 1 / 1 cells occupied
    level 1: 8 / 8 cells occupied
    level 2: 47 / 64 cells occupied
    level 3: 308 / 512 cells occupied
    level 4: 1217 / 4096 cells occupied

  Screen Fields: 65793 total | 7099 with occupied cells
  Root SF [2] levels:4 dims:2 bounds X:[0,1280] Y:[0,720]
    level 0: 0 / 1
    level 1: 0 / 4
    level 2: 0 / 16
    level 3: 0 / 64
    level 4: 0 / 256

[F2: enable fetch timing]

---
=== HOLLOWS ENGINE ===
FPS: 4 | Pixel: 243.8ms | Input: 0.001ms | Texture: 1.007ms
Camera: [0.00, 0.08, 0.13]

--- DATA (valid / total) ---
  Bool               2 / 2
  Int                6 / 6
  I64                2 / 2
  F32                5 / 5
  F64                2 / 2
  CString            6 / 6
  Vec3               1 / 1
  Vertex             29162 / 29162
  Vertex_Cache       29162 / 29162
  Debug_Stats        1 / 1
  FrameData          1 / 1
  Strings_Builder    1 / 1
  DataPoint          29164 / 29164
  Field              65795 / 65795
  Model              1 / 1
  Face_List          1 / 1
  TOTAL              153312 / 153312

--- FETCHES (edit / copy / set) ---
  Bool               9 / 0 / 0
  Int                55 / 0 / 0
  I64                18 / 0 / 0
  F32                9 / 0 / 0
  F64                9 / 0 / 0
  Vec3               28 / 0 / 0
  Debug_Stats        45 / 0 / 0

--- FIELD OCCUPANCY ---
  Field[0] 'field' levels:4 dims:3
    bounds X:[-8.0000,8.0000] Y:[-8.0000,8.0000] Z:[-8.0000,8.0000]
    level 0: 1 / 1 cells occupied
    level 1: 1 / 8 cells occupied
    level 2: 1 / 64 cells occupied
    level 3: 1 / 512 cells occupied
    level 4: 1 / 4096 cells occupied
  Field[1] 'model_field' levels:4 dims:3
    bounds X:[-0.0280,0.0280] Y:[-0.0000,0.1515] Z:[-0.0280,0.0280]
    level 0: 1 / 1 cells occupied
    level 1: 8 / 8 cells occupied
    level 2: 47 / 64 cells occupied
    level 3: 308 / 512 cells occupied
    level 4: 1217 / 4096 cells occupied

  Screen Fields: 65793 total | 7099 with occupied cells
  Root SF [2] levels:4 dims:2 bounds X:[0,1280] Y:[0,720]
    level 0: 0 / 1
    level 1: 0 / 4
    level 2: 0 / 16
    level 3: 0 / 64
    level 4: 0 / 256

[F2: enable fetch timing]

---
=== HOLLOWS ENGINE ===
FPS: 4 | Pixel: 243.9ms | Input: 0.000ms | Texture: 0.973ms
Camera: [0.00, 0.08, 0.13]

--- DATA (valid / total) ---
  Bool               2 / 2
  Int                6 / 6
  I64                2 / 2
  F32                5 / 5
  F64                2 / 2
  CString            6 / 6
  Vec3               1 / 1
  Vertex             29162 / 29162
  Vertex_Cache       29162 / 29162
  Debug_Stats        1 / 1
  FrameData          1 / 1
  Strings_Builder    1 / 1
  DataPoint          29164 / 29164
  Field              65795 / 65795
  Model              1 / 1
  Face_List          1 / 1
  TOTAL              153312 / 153312

--- FETCHES (edit / copy / set) ---
  Bool               9 / 0 / 0
  Int                55 / 0 / 0
  I64                18 / 0 / 0
  F32                9 / 0 / 0
  F64                9 / 0 / 0
  Vec3               28 / 0 / 0
  Debug_Stats        45 / 0 / 0

--- FIELD OCCUPANCY ---
  Field[0] 'field' levels:4 dims:3
    bounds X:[-8.0000,8.0000] Y:[-8.0000,8.0000] Z:[-8.0000,8.0000]
    level 0: 1 / 1 cells occupied
    level 1: 1 / 8 cells occupied
    level 2: 1 / 64 cells occupied
    level 3: 1 / 512 cells occupied
    level 4: 1 / 4096 cells occupied
  Field[1] 'model_field' levels:4 dims:3
    bounds X:[-0.0280,0.0280] Y:[-0.0000,0.1515] Z:[-0.0280,0.0280]
    level 0: 1 / 1 cells occupied
    level 1: 8 / 8 cells occupied
    level 2: 47 / 64 cells occupied
    level 3: 308 / 512 cells occupied
    level 4: 1217 / 4096 cells occupied

  Screen Fields: 65793 total | 7099 with occupied cells
  Root SF [2] levels:4 dims:2 bounds X:[0,1280] Y:[0,720]
    level 0: 0 / 1
    level 1: 0 / 4
    level 2: 0 / 16
    level 3: 0 / 64
    level 4: 0 / 256

[F2: enable fetch timing]

---
=== HOLLOWS ENGINE ===
FPS: 4 | Pixel: 243.6ms | Input: 0.000ms | Texture: 1.014ms
Camera: [0.00, 0.08, 0.13]

--- DATA (valid / total) ---
  Bool               2 / 2
  Int                6 / 6
  I64                2 / 2
  F32                5 / 5
  F64                2 / 2
  CString            6 / 6
  Vec3               1 / 1
  Vertex             29162 / 29162
  Vertex_Cache       29162 / 29162
  Debug_Stats        1 / 1
  FrameData          1 / 1
  Strings_Builder    1 / 1
  DataPoint          29164 / 29164
  Field              65795 / 65795
  Model              1 / 1
  Face_List          1 / 1
  TOTAL              153312 / 153312

--- FETCHES (edit / copy / set) ---
  Bool               9 / 0 / 0
  Int                55 / 0 / 0
  I64                18 / 0 / 0
  F32                9 / 0 / 0
  F64                9 / 0 / 0
  Vec3               28 / 0 / 0
  Debug_Stats        45 / 0 / 0

--- FIELD OCCUPANCY ---
  Field[0] 'field' levels:4 dims:3
    bounds X:[-8.0000,8.0000] Y:[-8.0000,8.0000] Z:[-8.0000,8.0000]
    level 0: 1 / 1 cells occupied
    level 1: 1 / 8 cells occupied
    level 2: 1 / 64 cells occupied
    level 3: 1 / 512 cells occupied
    level 4: 1 / 4096 cells occupied
  Field[1] 'model_field' levels:4 dims:3
    bounds X:[-0.0280,0.0280] Y:[-0.0000,0.1515] Z:[-0.0280,0.0280]
    level 0: 1 / 1 cells occupied
    level 1: 8 / 8 cells occupied
    level 2: 47 / 64 cells occupied
    level 3: 308 / 512 cells occupied
    level 4: 1217 / 4096 cells occupied

  Screen Fields: 65793 total | 7099 with occupied cells
  Root SF [2] levels:4 dims:2 bounds X:[0,1280] Y:[0,720]
    level 0: 0 / 1
    level 1: 0 / 4
    level 2: 0 / 16
    level 3: 0 / 64
    level 4: 0 / 256

[F2: enable fetch timing]

---
=== HOLLOWS ENGINE ===
FPS: 4 | Pixel: 244.3ms | Input: 0.000ms | Texture: 0.967ms
Camera: [0.00, 0.08, 0.13]

--- DATA (valid / total) ---
  Bool               2 / 2
  Int                6 / 6
  I64                2 / 2
  F32                5 / 5
  F64                2 / 2
  CString            6 / 6
  Vec3               1 / 1
  Vertex             29162 / 29162
  Vertex_Cache       29162 / 29162
  Debug_Stats        1 / 1
  FrameData          1 / 1
  Strings_Builder    1 / 1
  DataPoint          29164 / 29164
  Field              65795 / 65795
  Model              1 / 1
  Face_List          1 / 1
  TOTAL              153312 / 153312

--- FETCHES (edit / copy / set) ---
  Bool               9 / 0 / 0
  Int                55 / 0 / 0
  I64                18 / 0 / 0
  F32                9 / 0 / 0
  F64                9 / 0 / 0
  Vec3               28 / 0 / 0
  Debug_Stats        45 / 0 / 0

--- FIELD OCCUPANCY ---
  Field[0] 'field' levels:4 dims:3
    bounds X:[-8.0000,8.0000] Y:[-8.0000,8.0000] Z:[-8.0000,8.0000]
    level 0: 1 / 1 cells occupied
    level 1: 1 / 8 cells occupied
    level 2: 1 / 64 cells occupied
    level 3: 1 / 512 cells occupied
    level 4: 1 / 4096 cells occupied
  Field[1] 'model_field' levels:4 dims:3
    bounds X:[-0.0280,0.0280] Y:[-0.0000,0.1515] Z:[-0.0280,0.0280]
    level 0: 1 / 1 cells occupied
    level 1: 8 / 8 cells occupied
    level 2: 47 / 64 cells occupied
    level 3: 308 / 512 cells occupied
    level 4: 1217 / 4096 cells occupied

  Screen Fields: 65793 total | 7099 with occupied cells
  Root SF [2] levels:4 dims:2 bounds X:[0,1280] Y:[0,720]
    level 0: 0 / 1
    level 1: 0 / 4
    level 2: 0 / 16
    level 3: 0 / 64
    level 4: 0 / 256

[F2: enable fetch timing]

---
=== HOLLOWS ENGINE ===
FPS: 4 | Pixel: 243.9ms | Input: 0.000ms | Texture: 0.964ms
Camera: [0.00, 0.08, 0.13]

--- DATA (valid / total) ---
  Bool               2 / 2
  Int                6 / 6
  I64                2 / 2
  F32                5 / 5
  F64                2 / 2
  CString            6 / 6
  Vec3               1 / 1
  Vertex             29162 / 29162
  Vertex_Cache       29162 / 29162
  Debug_Stats        1 / 1
  FrameData          1 / 1
  Strings_Builder    1 / 1
  DataPoint          29164 / 29164
  Field              65795 / 65795
  Model              1 / 1
  Face_List          1 / 1
  TOTAL              153312 / 153312

--- FETCHES (edit / copy / set) ---
  Bool               9 / 0 / 0
  Int                55 / 0 / 0
  I64                18 / 0 / 0
  F32                9 / 0 / 0
  F64                9 / 0 / 0
  Vec3               28 / 0 / 0
  Debug_Stats        45 / 0 / 0

--- FIELD OCCUPANCY ---
  Field[0] 'field' levels:4 dims:3
    bounds X:[-8.0000,8.0000] Y:[-8.0000,8.0000] Z:[-8.0000,8.0000]
    level 0: 1 / 1 cells occupied
    level 1: 1 / 8 cells occupied
    level 2: 1 / 64 cells occupied
    level 3: 1 / 512 cells occupied
    level 4: 1 / 4096 cells occupied
  Field[1] 'model_field' levels:4 dims:3
    bounds X:[-0.0280,0.0280] Y:[-0.0000,0.1515] Z:[-0.0280,0.0280]
    level 0: 1 / 1 cells occupied
    level 1: 8 / 8 cells occupied
    level 2: 47 / 64 cells occupied
    level 3: 308 / 512 cells occupied
    level 4: 1217 / 4096 cells occupied

  Screen Fields: 65793 total | 7099 with occupied cells
  Root SF [2] levels:4 dims:2 bounds X:[0,1280] Y:[0,720]
    level 0: 0 / 1
    level 1: 0 / 4
    level 2: 0 / 16
    level 3: 0 / 64
    level 4: 0 / 256

[F2: enable fetch timing]

---
=== HOLLOWS ENGINE ===
FPS: 4 | Pixel: 244.5ms | Input: 0.000ms | Texture: 0.967ms
Camera: [0.00, 0.08, 0.13]

--- DATA (valid / total) ---
  Bool               2 / 2
  Int                6 / 6
  I64                2 / 2
  F32                5 / 5
  F64                2 / 2
  CString            6 / 6
  Vec3               1 / 1
  Vertex             29162 / 29162
  Vertex_Cache       29162 / 29162
  Debug_Stats        1 / 1
  FrameData          1 / 1
  Strings_Builder    1 / 1
  DataPoint          29164 / 29164
  Field              65795 / 65795
  Model              1 / 1
  Face_List          1 / 1
  TOTAL              153312 / 153312

--- FETCHES (edit / copy / set) ---
  Bool               9 / 0 / 0
  Int                55 / 0 / 0
  I64                18 / 0 / 0
  F32                9 / 0 / 0
  F64                9 / 0 / 0
  Vec3               28 / 0 / 0
  Debug_Stats        45 / 0 / 0

--- FIELD OCCUPANCY ---
  Field[0] 'field' levels:4 dims:3
    bounds X:[-8.0000,8.0000] Y:[-8.0000,8.0000] Z:[-8.0000,8.0000]
    level 0: 1 / 1 cells occupied
    level 1: 1 / 8 cells occupied
    level 2: 1 / 64 cells occupied
    level 3: 1 / 512 cells occupied
    level 4: 1 / 4096 cells occupied
  Field[1] 'model_field' levels:4 dims:3
    bounds X:[-0.0280,0.0280] Y:[-0.0000,0.1515] Z:[-0.0280,0.0280]
    level 0: 1 / 1 cells occupied
    level 1: 8 / 8 cells occupied
    level 2: 47 / 64 cells occupied
    level 3: 308 / 512 cells occupied
    level 4: 1217 / 4096 cells occupied

  Screen Fields: 65793 total | 7099 with occupied cells
  Root SF [2] levels:4 dims:2 bounds X:[0,1280] Y:[0,720]
    level 0: 0 / 1
    level 1: 0 / 4
    level 2: 0 / 16
    level 3: 0 / 64
    level 4: 0 / 256

[F2: enable fetch timing]

---
=== HOLLOWS ENGINE ===
FPS: 4 | Pixel: 243.7ms | Input: 0.000ms | Texture: 0.966ms
Camera: [0.00, 0.08, 0.13]

--- DATA (valid / total) ---
  Bool               2 / 2
  Int                6 / 6
  I64                2 / 2
  F32                5 / 5
  F64                2 / 2
  CString            6 / 6
  Vec3               1 / 1
  Vertex             29162 / 29162
  Vertex_Cache       29162 / 29162
  Debug_Stats        1 / 1
  FrameData          1 / 1
  Strings_Builder    1 / 1
  DataPoint          29164 / 29164
  Field              65795 / 65795
  Model              1 / 1
  Face_List          1 / 1
  TOTAL              153312 / 153312

--- FETCHES (edit / copy / set) ---
  Bool               9 / 0 / 0
  Int                55 / 0 / 0
  I64                18 / 0 / 0
  F32                9 / 0 / 0
  F64                9 / 0 / 0
  Vec3               28 / 0 / 0
  Debug_Stats        45 / 0 / 0

--- FIELD OCCUPANCY ---
  Field[0] 'field' levels:4 dims:3
    bounds X:[-8.0000,8.0000] Y:[-8.0000,8.0000] Z:[-8.0000,8.0000]
    level 0: 1 / 1 cells occupied
    level 1: 1 / 8 cells occupied
    level 2: 1 / 64 cells occupied
    level 3: 1 / 512 cells occupied
    level 4: 1 / 4096 cells occupied
  Field[1] 'model_field' levels:4 dims:3
    bounds X:[-0.0280,0.0280] Y:[-0.0000,0.1515] Z:[-0.0280,0.0280]
    level 0: 1 / 1 cells occupied
    level 1: 8 / 8 cells occupied
    level 2: 47 / 64 cells occupied
    level 3: 308 / 512 cells occupied
    level 4: 1217 / 4096 cells occupied

  Screen Fields: 65793 total | 7099 with occupied cells
  Root SF [2] levels:4 dims:2 bounds X:[0,1280] Y:[0,720]
    level 0: 0 / 1
    level 1: 0 / 4
    level 2: 0 / 16
    level 3: 0 / 64
    level 4: 0 / 256

[F2: enable fetch timing]

---
=== HOLLOWS ENGINE ===
FPS: 4 | Pixel: 244.2ms | Input: 0.000ms | Texture: 0.961ms
Camera: [0.00, 0.08, 0.13]

--- DATA (valid / total) ---
  Bool               2 / 2
  Int                6 / 6
  I64                2 / 2
  F32                5 / 5
  F64                2 / 2
  CString            6 / 6
  Vec3               1 / 1
  Vertex             29162 / 29162
  Vertex_Cache       29162 / 29162
  Debug_Stats        1 / 1
  FrameData          1 / 1
  Strings_Builder    1 / 1
  DataPoint          29164 / 29164
  Field              65795 / 65795
  Model              1 / 1
  Face_List          1 / 1
  TOTAL              153312 / 153312

--- FETCHES (edit / copy / set) ---
  Bool               9 / 0 / 0
  Int                55 / 0 / 0
  I64                18 / 0 / 0
  F32                9 / 0 / 0
  F64                9 / 0 / 0
  Vec3               28 / 0 / 0
  Debug_Stats        45 / 0 / 0

--- FIELD OCCUPANCY ---
  Field[0] 'field' levels:4 dims:3
    bounds X:[-8.0000,8.0000] Y:[-8.0000,8.0000] Z:[-8.0000,8.0000]
    level 0: 1 / 1 cells occupied
    level 1: 1 / 8 cells occupied
    level 2: 1 / 64 cells occupied
    level 3: 1 / 512 cells occupied
    level 4: 1 / 4096 cells occupied
  Field[1] 'model_field' levels:4 dims:3
    bounds X:[-0.0280,0.0280] Y:[-0.0000,0.1515] Z:[-0.0280,0.0280]
    level 0: 1 / 1 cells occupied
    level 1: 8 / 8 cells occupied
    level 2: 47 / 64 cells occupied
    level 3: 308 / 512 cells occupied
    level 4: 1217 / 4096 cells occupied

  Screen Fields: 65793 total | 7099 with occupied cells
  Root SF [2] levels:4 dims:2 bounds X:[0,1280] Y:[0,720]
    level 0: 0 / 1
    level 1: 0 / 4
    level 2: 0 / 16
    level 3: 0 / 64
    level 4: 0 / 256

[F2: enable fetch timing]

---
=== HOLLOWS ENGINE ===
FPS: 4 | Pixel: 243.7ms | Input: 0.000ms | Texture: 0.969ms
Camera: [0.00, 0.08, 0.13]

--- DATA (valid / total) ---
  Bool               2 / 2
  Int                6 / 6
  I64                2 / 2
  F32                5 / 5
  F64                2 / 2
  CString            6 / 6
  Vec3               1 / 1
  Vertex             29162 / 29162
  Vertex_Cache       29162 / 29162
  Debug_Stats        1 / 1
  FrameData          1 / 1
  Strings_Builder    1 / 1
  DataPoint          29164 / 29164
  Field              65795 / 65795
  Model              1 / 1
  Face_List          1 / 1
  TOTAL              153312 / 153312

--- FETCHES (edit / copy / set) ---
  Bool               9 / 0 / 0
  Int                55 / 0 / 0
  I64                18 / 0 / 0
  F32                9 / 0 / 0
  F64                9 / 0 / 0
  Vec3               28 / 0 / 0
  Debug_Stats        45 / 0 / 0

--- FIELD OCCUPANCY ---
  Field[0] 'field' levels:4 dims:3
    bounds X:[-8.0000,8.0000] Y:[-8.0000,8.0000] Z:[-8.0000,8.0000]
    level 0: 1 / 1 cells occupied
    level 1: 1 / 8 cells occupied
    level 2: 1 / 64 cells occupied
    level 3: 1 / 512 cells occupied
    level 4: 1 / 4096 cells occupied
  Field[1] 'model_field' levels:4 dims:3
    bounds X:[-0.0280,0.0280] Y:[-0.0000,0.1515] Z:[-0.0280,0.0280]
    level 0: 1 / 1 cells occupied
    level 1: 8 / 8 cells occupied
    level 2: 47 / 64 cells occupied
    level 3: 308 / 512 cells occupied
    level 4: 1217 / 4096 cells occupied

  Screen Fields: 65793 total | 7099 with occupied cells
  Root SF [2] levels:4 dims:2 bounds X:[0,1280] Y:[0,720]
    level 0: 0 / 1
    level 1: 0 / 4
    level 2: 0 / 16
    level 3: 0 / 64
    level 4: 0 / 256

[F2: enable fetch timing]

---
=== HOLLOWS ENGINE ===
FPS: 3 | Pixel: 244.1ms | Input: 0.000ms | Texture: 0.968ms
Camera: [0.00, 0.08, 0.13]

--- DATA (valid / total) ---
  Bool               2 / 2
  Int                6 / 6
  I64                2 / 2
  F32                5 / 5
  F64                2 / 2
  CString            6 / 6
  Vec3               1 / 1
  Vertex             29162 / 29162
  Vertex_Cache       29162 / 29162
  Debug_Stats        1 / 1
  FrameData          1 / 1
  Strings_Builder    1 / 1
  DataPoint          29164 / 29164
  Field              65795 / 65795
  Model              1 / 1
  Face_List          1 / 1
  TOTAL              153312 / 153312

--- FETCHES (edit / copy / set) ---
  Bool               8 / 0 / 0
  Int                49 / 0 / 0
  I64                16 / 0 / 0
  F32                8 / 0 / 0
  F64                8 / 0 / 0
  Vec3               25 / 0 / 0
  Debug_Stats        40 / 0 / 0

--- FIELD OCCUPANCY ---
  Field[0] 'field' levels:4 dims:3
    bounds X:[-8.0000,8.0000] Y:[-8.0000,8.0000] Z:[-8.0000,8.0000]
    level 0: 1 / 1 cells occupied
    level 1: 1 / 8 cells occupied
    level 2: 1 / 64 cells occupied
    level 3: 1 / 512 cells occupied
    level 4: 1 / 4096 cells occupied
  Field[1] 'model_field' levels:4 dims:3
    bounds X:[-0.0280,0.0280] Y:[-0.0000,0.1515] Z:[-0.0280,0.0280]
    level 0: 1 / 1 cells occupied
    level 1: 8 / 8 cells occupied
    level 2: 47 / 64 cells occupied
    level 3: 308 / 512 cells occupied
    level 4: 1217 / 4096 cells occupied

  Screen Fields: 65793 total | 7099 with occupied cells
  Root SF [2] levels:4 dims:2 bounds X:[0,1280] Y:[0,720]
    level 0: 0 / 1
    level 1: 0 / 4
    level 2: 0 / 16
    level 3: 0 / 64
    level 4: 0 / 256

[F2: enable fetch timing]

---
=== HOLLOWS ENGINE ===
FPS: 4 | Pixel: 244.0ms | Input: 0.001ms | Texture: 1.003ms
Camera: [0.00, 0.08, 0.13]

--- DATA (valid / total) ---
  Bool               2 / 2
  Int                6 / 6
  I64                2 / 2
  F32                5 / 5
  F64                2 / 2
  CString            6 / 6
  Vec3               1 / 1
  Vertex             29162 / 29162
  Vertex_Cache       29162 / 29162
  Debug_Stats        1 / 1
  FrameData          1 / 1
  Strings_Builder    1 / 1
  DataPoint          29164 / 29164
  Field              65795 / 65795
  Model              1 / 1
  Face_List          1 / 1
  TOTAL              153312 / 153312

--- FETCHES (edit / copy / set) ---
  Bool               9 / 0 / 0
  Int                55 / 0 / 0
  I64                18 / 0 / 0
  F32                9 / 0 / 0
  F64                9 / 0 / 0
  Vec3               28 / 0 / 0
  Debug_Stats        45 / 0 / 0

--- FIELD OCCUPANCY ---
  Field[0] 'field' levels:4 dims:3
    bounds X:[-8.0000,8.0000] Y:[-8.0000,8.0000] Z:[-8.0000,8.0000]
    level 0: 1 / 1 cells occupied
    level 1: 1 / 8 cells occupied
    level 2: 1 / 64 cells occupied
    level 3: 1 / 512 cells occupied
    level 4: 1 / 4096 cells occupied
  Field[1] 'model_field' levels:4 dims:3
    bounds X:[-0.0280,0.0280] Y:[-0.0000,0.1515] Z:[-0.0280,0.0280]
    level 0: 1 / 1 cells occupied
    level 1: 8 / 8 cells occupied
    level 2: 47 / 64 cells occupied
    level 3: 308 / 512 cells occupied
    level 4: 1217 / 4096 cells occupied

  Screen Fields: 65793 total | 7099 with occupied cells
  Root SF [2] levels:4 dims:2 bounds X:[0,1280] Y:[0,720]
    level 0: 0 / 1
    level 1: 0 / 4
    level 2: 0 / 16
    level 3: 0 / 64
    level 4: 0 / 256

[F2: enable fetch timing]

---
=== HOLLOWS ENGINE ===
FPS: 4 | Pixel: 244.1ms | Input: 0.001ms | Texture: 1.004ms
Camera: [0.00, 0.08, 0.13]

--- DATA (valid / total) ---
  Bool               2 / 2
  Int                6 / 6
  I64                2 / 2
  F32                5 / 5
  F64                2 / 2
  CString            6 / 6
  Vec3               1 / 1
  Vertex             29162 / 29162
  Vertex_Cache       29162 / 29162
  Debug_Stats        1 / 1
  FrameData          1 / 1
  Strings_Builder    1 / 1
  DataPoint          29164 / 29164
  Field              65795 / 65795
  Model              1 / 1
  Face_List          1 / 1
  TOTAL              153312 / 153312

--- FETCHES (edit / copy / set) ---
  Bool               9 / 0 / 0
  Int                55 / 0 / 0
  I64                18 / 0 / 0
  F32                9 / 0 / 0
  F64                9 / 0 / 0
  Vec3               28 / 0 / 0
  Debug_Stats        45 / 0 / 0

--- FIELD OCCUPANCY ---
  Field[0] 'field' levels:4 dims:3
    bounds X:[-8.0000,8.0000] Y:[-8.0000,8.0000] Z:[-8.0000,8.0000]
    level 0: 1 / 1 cells occupied
    level 1: 1 / 8 cells occupied
    level 2: 1 / 64 cells occupied
    level 3: 1 / 512 cells occupied
    level 4: 1 / 4096 cells occupied
  Field[1] 'model_field' levels:4 dims:3
    bounds X:[-0.0280,0.0280] Y:[-0.0000,0.1515] Z:[-0.0280,0.0280]
    level 0: 1 / 1 cells occupied
    level 1: 8 / 8 cells occupied
    level 2: 47 / 64 cells occupied
    level 3: 308 / 512 cells occupied
    level 4: 1217 / 4096 cells occupied

  Screen Fields: 65793 total | 7099 with occupied cells
  Root SF [2] levels:4 dims:2 bounds X:[0,1280] Y:[0,720]
    level 0: 0 / 1
    level 1: 0 / 4
    level 2: 0 / 16
    level 3: 0 / 64
    level 4: 0 / 256

[F2: enable fetch timing]

---
=== HOLLOWS ENGINE ===
FPS: 4 | Pixel: 243.8ms | Input: 0.000ms | Texture: 0.970ms
Camera: [0.00, 0.08, 0.13]

--- DATA (valid / total) ---
  Bool               2 / 2
  Int                6 / 6
  I64                2 / 2
  F32                5 / 5
  F64                2 / 2
  CString            6 / 6
  Vec3               1 / 1
  Vertex             29162 / 29162
  Vertex_Cache       29162 / 29162
  Debug_Stats        1 / 1
  FrameData          1 / 1
  Strings_Builder    1 / 1
  DataPoint          29164 / 29164
  Field              65795 / 65795
  Model              1 / 1
  Face_List          1 / 1
  TOTAL              153312 / 153312

--- FETCHES (edit / copy / set) ---
  Bool               9 / 0 / 0
  Int                55 / 0 / 0
  I64                18 / 0 / 0
  F32                9 / 0 / 0
  F64                9 / 0 / 0
  Vec3               28 / 0 / 0
  Debug_Stats        45 / 0 / 0

--- FIELD OCCUPANCY ---
  Field[0] 'field' levels:4 dims:3
    bounds X:[-8.0000,8.0000] Y:[-8.0000,8.0000] Z:[-8.0000,8.0000]
    level 0: 1 / 1 cells occupied
    level 1: 1 / 8 cells occupied
    level 2: 1 / 64 cells occupied
    level 3: 1 / 512 cells occupied
    level 4: 1 / 4096 cells occupied
  Field[1] 'model_field' levels:4 dims:3
    bounds X:[-0.0280,0.0280] Y:[-0.0000,0.1515] Z:[-0.0280,0.0280]
    level 0: 1 / 1 cells occupied
    level 1: 8 / 8 cells occupied
    level 2: 47 / 64 cells occupied
    level 3: 308 / 512 cells occupied
    level 4: 1217 / 4096 cells occupied

  Screen Fields: 65793 total | 7099 with occupied cells
  Root SF [2] levels:4 dims:2 bounds X:[0,1280] Y:[0,720]
    level 0: 0 / 1
    level 1: 0 / 4
    level 2: 0 / 16
    level 3: 0 / 64
    level 4: 0 / 256

[F2: enable fetch timing]

---
=== HOLLOWS ENGINE ===
FPS: 4 | Pixel: 244.2ms | Input: 0.000ms | Texture: 1.011ms
Camera: [0.00, 0.08, 0.13]

--- DATA (valid / total) ---
  Bool               2 / 2
  Int                6 / 6
  I64                2 / 2
  F32                5 / 5
  F64                2 / 2
  CString            6 / 6
  Vec3               1 / 1
  Vertex             29162 / 29162
  Vertex_Cache       29162 / 29162
  Debug_Stats        1 / 1
  FrameData          1 / 1
  Strings_Builder    1 / 1
  DataPoint          29164 / 29164
  Field              65795 / 65795
  Model              1 / 1
  Face_List          1 / 1
  TOTAL              153312 / 153312

--- FETCHES (edit / copy / set) ---
  Bool               9 / 0 / 0
  Int                55 / 0 / 0
  I64                18 / 0 / 0
  F32                9 / 0 / 0
  F64                9 / 0 / 0
  Vec3               28 / 0 / 0
  Debug_Stats        45 / 0 / 0

--- FIELD OCCUPANCY ---
  Field[0] 'field' levels:4 dims:3
    bounds X:[-8.0000,8.0000] Y:[-8.0000,8.0000] Z:[-8.0000,8.0000]
    level 0: 1 / 1 cells occupied
    level 1: 1 / 8 cells occupied
    level 2: 1 / 64 cells occupied
    level 3: 1 / 512 cells occupied
    level 4: 1 / 4096 cells occupied
  Field[1] 'model_field' levels:4 dims:3
    bounds X:[-0.0280,0.0280] Y:[-0.0000,0.1515] Z:[-0.0280,0.0280]
    level 0: 1 / 1 cells occupied
    level 1: 8 / 8 cells occupied
    level 2: 47 / 64 cells occupied
    level 3: 308 / 512 cells occupied
    level 4: 1217 / 4096 cells occupied

  Screen Fields: 65793 total | 7099 with occupied cells
  Root SF [2] levels:4 dims:2 bounds X:[0,1280] Y:[0,720]
    level 0: 0 / 1
    level 1: 0 / 4
    level 2: 0 / 16
    level 3: 0 / 64
    level 4: 0 / 256

[F2: enable fetch timing]

---
