=== HOLLOWS ENGINE ===
FPS: 0 | Pixel: 0.0ms | Input: 0.000ms | Texture: 0.000ms
Camera: [0.00, 0.08, 5.03]

--- DATA (valid / total) ---
  Bool               1 / 1
  Int                5 / 5
  I64                2 / 2
  F32                5 / 5
  F64                2 / 2
  CString            6 / 6
  Vec3               1 / 1
  Vertex             1655 / 1655
  Model              1 / 1
  Texture            1 / 1
  Bounds             71 / 71
  Debug_Stats        1 / 1
  FrameData          1 / 1
  Strings_Builder    1 / 1
  DataPoint          1 / 1
  Field              11 / 11
  Metadata           1765 / 1765
  TOTAL              3530 / 3530

--- FETCHES (edit / copy / set) ---
  Int                21 / 0 / 0
  I64                2 / 0 / 0
  F32                1 / 0 / 0
  F64                1 / 0 / 0
  CString            5 / 0 / 0
  Vec3               6 / 0 / 0
  Model              1 / 0 / 0
  Texture            3 / 0 / 0
  Bounds             94282 / 0 / 0
  Debug_Stats        3 / 0 / 0
  Strings_Builder    1 / 0 / 0
  DataPoint          3 / 0 / 0
  Field              343865 / 0 / 0

--- FIELD OCCUPANCY ---
  Field[0] 'world_field' levels:4 dims:3
    bounds X:[-8.0000,8.0000] Y:[-8.0000,8.0000] Z:[-8.0000,8.0000]
    level 0: 1 / 1 cells occupied
    level 1: 1 / 8 cells occupied
    level 2: 1 / 64 cells occupied
    level 3: 1 / 512 cells occupied
    level 4: 1 / 4096 cells occupied
  Field[1] 'model_field' levels:4 dims:3
    bounds X:[-0.0280,0.0280] Y:[-0.0000,0.1515] Z:[-0.0280,0.0280]
    level 0: 1 / 1 cells occupied
    level 1: 8 / 8 cells occupied
    level 2: 51 / 64 cells occupied
    level 3: 348 / 512 cells occupied
    level 4: 1655 / 4096 cells occupied
  Field[2] 'screen_root' levels:7 dims:2
    bounds X:[0.0000,800.0000] Y:[0.0000,600.0000] Z:[0.0000,1.0000]
    level 0: 0 / 1 cells occupied
    level 1: 0 / 4 cells occupied
    level 2: 0 / 16 cells occupied
    level 3: 0 / 64 cells occupied
    level 4: 0 / 256 cells occupied
    level 5: 0 / 1024 cells occupied
    level 6: 0 / 4096 cells occupied
    level 7: 8 / 16384 cells occupied
  Field[3] 'screen_tile' levels:7 dims:2
    bounds X:[393.7500,400.0000] Y:[290.6250,295.3125] Z:[0.0000,1.0000]
    level 0: 0 / 1 cells occupied
    level 1: 0 / 4 cells occupied
    level 2: 0 / 16 cells occupied
    level 3: 0 / 64 cells occupied
    level 4: 0 / 256 cells occupied
    level 5: 0 / 1024 cells occupied
    level 6: 0 / 4096 cells occupied
    level 7: 9 / 16384 cells occupied
  Field[4] 'screen_tile' levels:7 dims:2
    bounds X:[400.0000,406.2500] Y:[290.6250,295.3125] Z:[0.0000,1.0000]
    level 0: 0 / 1 cells occupied
    level 1: 0 / 4 cells occupied
    level 2: 0 / 16 cells occupied
    level 3: 0 / 64 cells occupied
    level 4: 0 / 256 cells occupied
    level 5: 0 / 1024 cells occupied
    level 6: 0 / 4096 cells occupied
    level 7: 9 / 16384 cells occupied
  Field[5] 'screen_tile' levels:7 dims:2
    bounds X:[400.0000,406.2500] Y:[300.0000,304.6875] Z:[0.0000,1.0000]
    level 0: 0 / 1 cells occupied
    level 1: 0 / 4 cells occupied
    level 2: 0 / 16 cells occupied
    level 3: 0 / 64 cells occupied
    level 4: 0 / 256 cells occupied
    level 5: 0 / 1024 cells occupied
    level 6: 0 / 4096 cells occupied
    level 7: 10 / 16384 cells occupied
  Field[6] 'screen_tile' levels:7 dims:2
    bounds X:[393.7500,400.0000] Y:[300.0000,304.6875] Z:[0.0000,1.0000]
    level 0: 0 / 1 cells occupied
    level 1: 0 / 4 cells occupied
    level 2: 0 / 16 cells occupied
    level 3: 0 / 64 cells occupied
    level 4: 0 / 256 cells occupied
    level 5: 0 / 1024 cells occupied
    level 6: 0 / 4096 cells occupied
    level 7: 10 / 16384 cells occupied
  Field[7] 'screen_tile' levels:7 dims:2
    bounds X:[393.7500,400.0000] Y:[295.3125,300.0000] Z:[0.0000,1.0000]
    level 0: 0 / 1 cells occupied
    level 1: 0 / 4 cells occupied
    level 2: 0 / 16 cells occupied
    level 3: 0 / 64 cells occupied
    level 4: 0 / 256 cells occupied
    level 5: 0 / 1024 cells occupied
    level 6: 0 / 4096 cells occupied
    level 7: 8 / 16384 cells occupied
  Field[8] 'screen_tile' levels:7 dims:2
    bounds X:[400.0000,406.2500] Y:[295.3125,300.0000] Z:[0.0000,1.0000]
    level 0: 0 / 1 cells occupied
    level 1: 0 / 4 cells occupied
    level 2: 0 / 16 cells occupied
    level 3: 0 / 64 cells occupied
    level 4: 0 / 256 cells occupied
    level 5: 0 / 1024 cells occupied
    level 6: 0 / 4096 cells occupied
    level 7: 8 / 16384 cells occupied
  Field[9] 'screen_tile' levels:7 dims:2
    bounds X:[400.0000,406.2500] Y:[304.6875,309.3750] Z:[0.0000,1.0000]
    level 0: 0 / 1 cells occupied
    level 1: 0 / 4 cells occupied
    level 2: 0 / 16 cells occupied
    level 3: 0 / 64 cells occupied
    level 4: 0 / 256 cells occupied
    level 5: 0 / 1024 cells occupied
    level 6: 0 / 4096 cells occupied
    level 7: 4 / 16384 cells occupied
  Field[10] 'screen_tile' levels:7 dims:2
    bounds X:[393.7500,400.0000] Y:[304.6875,309.3750] Z:[0.0000,1.0000]
    level 0: 0 / 1 cells occupied
    level 1: 0 / 4 cells occupied
    level 2: 0 / 16 cells occupied
    level 3: 0 / 64 cells occupied
    level 4: 0 / 256 cells occupied
    level 5: 0 / 1024 cells occupied
    level 6: 0 / 4096 cells occupied
    level 7: 4 / 16384 cells occupied

[F2: enable fetch timing]

---
=== HOLLOWS ENGINE ===
FPS: 108 | Pixel: 8.7ms | Input: 0.000ms | Texture: 0.490ms
Camera: [0.00, 0.08, 4.97]

--- DATA (valid / total) ---
  Bool               1 / 1
  Int                5 / 5
  I64                2 / 2
  F32                5 / 5
  F64                2 / 2
  CString            6 / 6
  Vec3               1 / 1
  Vertex             1655 / 1655
  Model              1 / 1
  Texture            1 / 1
  Bounds             71 / 71
  Debug_Stats        1 / 1
  FrameData          1 / 1
  Strings_Builder    1 / 1
  DataPoint          1 / 1
  Field              11 / 11
  Metadata           1765 / 1765
  TOTAL              3530 / 3530

--- FETCHES (edit / copy / set) ---
  Int                429 / 0 / 0
  I64                428 / 0 / 0
  F32                214 / 0 / 0
  F64                214 / 0 / 0
  Vec3               643 / 0 / 0
  Texture            214 / 0 / 0
  Bounds             10095784 / 0 / 0
  Debug_Stats        1070 / 0 / 0
  DataPoint          214 / 0 / 0
  Field              36795254 / 0 / 0

--- FIELD OCCUPANCY ---
  Field[0] 'world_field' levels:4 dims:3
    bounds X:[-8.0000,8.0000] Y:[-8.0000,8.0000] Z:[-8.0000,8.0000]
    level 0: 1 / 1 cells occupied
    level 1: 1 / 8 cells occupied
    level 2: 1 / 64 cells occupied
    level 3: 1 / 512 cells occupied
    level 4: 1 / 4096 cells occupied
  Field[1] 'model_field' levels:4 dims:3
    bounds X:[-0.0280,0.0280] Y:[-0.0000,0.1515] Z:[-0.0280,0.0280]
    level 0: 1 / 1 cells occupied
    level 1: 8 / 8 cells occupied
    level 2: 51 / 64 cells occupied
    level 3: 348 / 512 cells occupied
    level 4: 1655 / 4096 cells occupied
  Field[2] 'screen_root' levels:7 dims:2
    bounds X:[0.0000,800.0000] Y:[0.0000,600.0000] Z:[0.0000,1.0000]
    level 0: 0 / 1 cells occupied
    level 1: 0 / 4 cells occupied
    level 2: 0 / 16 cells occupied
    level 3: 0 / 64 cells occupied
    level 4: 0 / 256 cells occupied
    level 5: 0 / 1024 cells occupied
    level 6: 0 / 4096 cells occupied
    level 7: 8 / 16384 cells occupied
  Field[3] 'screen_tile' levels:7 dims:2
    bounds X:[393.7500,400.0000] Y:[290.6250,295.3125] Z:[0.0000,1.0000]
    level 0: 0 / 1 cells occupied
    level 1: 0 / 4 cells occupied
    level 2: 0 / 16 cells occupied
    level 3: 0 / 64 cells occupied
    level 4: 0 / 256 cells occupied
    level 5: 0 / 1024 cells occupied
    level 6: 0 / 4096 cells occupied
    level 7: 9 / 16384 cells occupied
  Field[4] 'screen_tile' levels:7 dims:2
    bounds X:[400.0000,406.2500] Y:[290.6250,295.3125] Z:[0.0000,1.0000]
    level 0: 0 / 1 cells occupied
    level 1: 0 / 4 cells occupied
    level 2: 0 / 16 cells occupied
    level 3: 0 / 64 cells occupied
    level 4: 0 / 256 cells occupied
    level 5: 0 / 1024 cells occupied
    level 6: 0 / 4096 cells occupied
    level 7: 9 / 16384 cells occupied
  Field[5] 'screen_tile' levels:7 dims:2
    bounds X:[400.0000,406.2500] Y:[300.0000,304.6875] Z:[0.0000,1.0000]
    level 0: 0 / 1 cells occupied
    level 1: 0 / 4 cells occupied
    level 2: 0 / 16 cells occupied
    level 3: 0 / 64 cells occupied
    level 4: 0 / 256 cells occupied
    level 5: 0 / 1024 cells occupied
    level 6: 0 / 4096 cells occupied
    level 7: 10 / 16384 cells occupied
  Field[6] 'screen_tile' levels:7 dims:2
    bounds X:[393.7500,400.0000] Y:[300.0000,304.6875] Z:[0.0000,1.0000]
    level 0: 0 / 1 cells occupied
    level 1: 0 / 4 cells occupied
    level 2: 0 / 16 cells occupied
    level 3: 0 / 64 cells occupied
    level 4: 0 / 256 cells occupied
    level 5: 0 / 1024 cells occupied
    level 6: 0 / 4096 cells occupied
    level 7: 10 / 16384 cells occupied
  Field[7] 'screen_tile' levels:7 dims:2
    bounds X:[393.7500,400.0000] Y:[295.3125,300.0000] Z:[0.0000,1.0000]
    level 0: 0 / 1 cells occupied
    level 1: 0 / 4 cells occupied
    level 2: 0 / 16 cells occupied
    level 3: 0 / 64 cells occupied
    level 4: 0 / 256 cells occupied
    level 5: 0 / 1024 cells occupied
    level 6: 0 / 4096 cells occupied
    level 7: 8 / 16384 cells occupied
  Field[8] 'screen_tile' levels:7 dims:2
    bounds X:[400.0000,406.2500] Y:[295.3125,300.0000] Z:[0.0000,1.0000]
    level 0: 0 / 1 cells occupied
    level 1: 0 / 4 cells occupied
    level 2: 0 / 16 cells occupied
    level 3: 0 / 64 cells occupied
    level 4: 0 / 256 cells occupied
    level 5: 0 / 1024 cells occupied
    level 6: 0 / 4096 cells occupied
    level 7: 8 / 16384 cells occupied
  Field[9] 'screen_tile' levels:7 dims:2
    bounds X:[400.0000,406.2500] Y:[304.6875,309.3750] Z:[0.0000,1.0000]
    level 0: 0 / 1 cells occupied
    level 1: 0 / 4 cells occupied
    level 2: 0 / 16 cells occupied
    level 3: 0 / 64 cells occupied
    level 4: 0 / 256 cells occupied
    level 5: 0 / 1024 cells occupied
    level 6: 0 / 4096 cells occupied
    level 7: 4 / 16384 cells occupied
  Field[10] 'screen_tile' levels:7 dims:2
    bounds X:[393.7500,400.0000] Y:[304.6875,309.3750] Z:[0.0000,1.0000]
    level 0: 0 / 1 cells occupied
    level 1: 0 / 4 cells occupied
    level 2: 0 / 16 cells occupied
    level 3: 0 / 64 cells occupied
    level 4: 0 / 256 cells occupied
    level 5: 0 / 1024 cells occupied
    level 6: 0 / 4096 cells occupied
    level 7: 4 / 16384 cells occupied

[F2: enable fetch timing]

---
=== HOLLOWS ENGINE ===
FPS: 103 | Pixel: 9.0ms | Input: 0.000ms | Texture: 0.492ms
Camera: [0.00, 0.08, 2.92]

--- DATA (valid / total) ---
  Bool               1 / 1
  Int                5 / 5
  I64                2 / 2
  F32                5 / 5
  F64                2 / 2
  CString            6 / 6
  Vec3               1 / 1
  Vertex             1655 / 1655
  Model              1 / 1
  Texture            1 / 1
  Bounds             189 / 189
  Debug_Stats        1 / 1
  FrameData          1 / 1
  Strings_Builder    1 / 1
  DataPoint          1 / 1
  Field              15 / 15
  Metadata           1887 / 1887
  TOTAL              3774 / 3774

--- FETCHES (edit / copy / set) ---
  Int                433 / 0 / 0
  I64                428 / 0 / 0
  F32                214 / 0 / 0
  F64                214 / 0 / 0
  Vec3               643 / 0 / 0
  Texture            214 / 0 / 0
  Bounds             10563862 / 0 / 0
  Debug_Stats        1070 / 0 / 0
  DataPoint          214 / 0 / 0
  Field              37458078 / 0 / 0

--- FIELD OCCUPANCY ---
  Field[0] 'world_field' levels:4 dims:3
    bounds X:[-8.0000,8.0000] Y:[-8.0000,8.0000] Z:[-8.0000,8.0000]
    level 0: 1 / 1 cells occupied
    level 1: 1 / 8 cells occupied
    level 2: 1 / 64 cells occupied
    level 3: 1 / 512 cells occupied
    level 4: 1 / 4096 cells occupied
  Field[1] 'model_field' levels:4 dims:3
    bounds X:[-0.0280,0.0280] Y:[-0.0000,0.1515] Z:[-0.0280,0.0280]
    level 0: 1 / 1 cells occupied
    level 1: 8 / 8 cells occupied
    level 2: 51 / 64 cells occupied
    level 3: 348 / 512 cells occupied
    level 4: 1655 / 4096 cells occupied
  Field[2] 'screen_root' levels:7 dims:2
    bounds X:[0.0000,800.0000] Y:[0.0000,600.0000] Z:[0.0000,1.0000]
    level 0: 0 / 1 cells occupied
    level 1: 0 / 4 cells occupied
    level 2: 0 / 16 cells occupied
    level 3: 0 / 64 cells occupied
    level 4: 0 / 256 cells occupied
    level 5: 0 / 1024 cells occupied
    level 6: 0 / 4096 cells occupied
    level 7: 12 / 16384 cells occupied
  Field[3] 'screen_tile' levels:7 dims:2
    bounds X:[393.7500,400.0000] Y:[290.6250,295.3125] Z:[0.0000,1.0000]
    level 0: 0 / 1 cells occupied
    level 1: 0 / 4 cells occupied
    level 2: 0 / 16 cells occupied
    level 3: 0 / 64 cells occupied
    level 4: 0 / 256 cells occupied
    level 5: 0 / 1024 cells occupied
    level 6: 0 / 4096 cells occupied
    level 7: 14 / 16384 cells occupied
  Field[4] 'screen_tile' levels:7 dims:2
    bounds X:[400.0000,406.2500] Y:[290.6250,295.3125] Z:[0.0000,1.0000]
    level 0: 0 / 1 cells occupied
    level 1: 0 / 4 cells occupied
    level 2: 0 / 16 cells occupied
    level 3: 0 / 64 cells occupied
    level 4: 0 / 256 cells occupied
    level 5: 0 / 1024 cells occupied
    level 6: 0 / 4096 cells occupied
    level 7: 14 / 16384 cells occupied
  Field[5] 'screen_tile' levels:7 dims:2
    bounds X:[400.0000,406.2500] Y:[300.0000,304.6875] Z:[0.0000,1.0000]
    level 0: 0 / 1 cells occupied
    level 1: 0 / 4 cells occupied
    level 2: 0 / 16 cells occupied
    level 3: 0 / 64 cells occupied
    level 4: 0 / 256 cells occupied
    level 5: 0 / 1024 cells occupied
    level 6: 0 / 4096 cells occupied
    level 7: 13 / 16384 cells occupied
  Field[6] 'screen_tile' levels:7 dims:2
    bounds X:[393.7500,400.0000] Y:[300.0000,304.6875] Z:[0.0000,1.0000]
    level 0: 0 / 1 cells occupied
    level 1: 0 / 4 cells occupied
    level 2: 0 / 16 cells occupied
    level 3: 0 / 64 cells occupied
    level 4: 0 / 256 cells occupied
    level 5: 0 / 1024 cells occupied
    level 6: 0 / 4096 cells occupied
    level 7: 13 / 16384 cells occupied
  Field[7] 'screen_tile' levels:7 dims:2
    bounds X:[393.7500,400.0000] Y:[295.3125,300.0000] Z:[0.0000,1.0000]
    level 0: 0 / 1 cells occupied
    level 1: 0 / 4 cells occupied
    level 2: 0 / 16 cells occupied
    level 3: 0 / 64 cells occupied
    level 4: 0 / 256 cells occupied
    level 5: 0 / 1024 cells occupied
    level 6: 0 / 4096 cells occupied
    level 7: 10 / 16384 cells occupied
  Field[8] 'screen_tile' levels:7 dims:2
    bounds X:[400.0000,406.2500] Y:[295.3125,300.0000] Z:[0.0000,1.0000]
    level 0: 0 / 1 cells occupied
    level 1: 0 / 4 cells occupied
    level 2: 0 / 16 cells occupied
    level 3: 0 / 64 cells occupied
    level 4: 0 / 256 cells occupied
    level 5: 0 / 1024 cells occupied
    level 6: 0 / 4096 cells occupied
    level 7: 10 / 16384 cells occupied
  Field[9] 'screen_tile' levels:7 dims:2
    bounds X:[400.0000,406.2500] Y:[304.6875,309.3750] Z:[0.0000,1.0000]
    level 0: 0 / 1 cells occupied
    level 1: 0 / 4 cells occupied
    level 2: 0 / 16 cells occupied
    level 3: 0 / 64 cells occupied
    level 4: 0 / 256 cells occupied
    level 5: 0 / 1024 cells occupied
    level 6: 0 / 4096 cells occupied
    level 7: 12 / 16384 cells occupied
  Field[10] 'screen_tile' levels:7 dims:2
    bounds X:[393.7500,400.0000] Y:[304.6875,309.3750] Z:[0.0000,1.0000]
    level 0: 0 / 1 cells occupied
    level 1: 0 / 4 cells occupied
    level 2: 0 / 16 cells occupied
    level 3: 0 / 64 cells occupied
    level 4: 0 / 256 cells occupied
    level 5: 0 / 1024 cells occupied
    level 6: 0 / 4096 cells occupied
    level 7: 12 / 16384 cells occupied
  Field[11] 'screen_tile' levels:7 dims:2
    bounds X:[393.7500,400.0000] Y:[285.9375,290.6250] Z:[0.0000,1.0000]
    level 0: 0 / 1 cells occupied
    level 1: 0 / 4 cells occupied
    level 2: 0 / 16 cells occupied
    level 3: 0 / 64 cells occupied
    level 4: 0 / 256 cells occupied
    level 5: 0 / 1024 cells occupied
    level 6: 0 / 4096 cells occupied
    level 7: 25 / 16384 cells occupied
  Field[12] 'screen_tile' levels:7 dims:2
    bounds X:[400.0000,406.2500] Y:[285.9375,290.6250] Z:[0.0000,1.0000]
    level 0: 0 / 1 cells occupied
    level 1: 0 / 4 cells occupied
    level 2: 0 / 16 cells occupied
    level 3: 0 / 64 cells occupied
    level 4: 0 / 256 cells occupied
    level 5: 0 / 1024 cells occupied
    level 6: 0 / 4096 cells occupied
    level 7: 25 / 16384 cells occupied
  Field[13] 'screen_tile' levels:7 dims:2
    bounds X:[400.0000,406.2500] Y:[309.3750,314.0625] Z:[0.0000,1.0000]
    level 0: 0 / 1 cells occupied
    level 1: 0 / 4 cells occupied
    level 2: 0 / 16 cells occupied
    level 3: 0 / 64 cells occupied
    level 4: 0 / 256 cells occupied
    level 5: 0 / 1024 cells occupied
    level 6: 0 / 4096 cells occupied
    level 7: 11 / 16384 cells occupied
  Field[14] 'screen_tile' levels:7 dims:2
    bounds X:[393.7500,400.0000] Y:[309.3750,314.0625] Z:[0.0000,1.0000]
    level 0: 0 / 1 cells occupied
    level 1: 0 / 4 cells occupied
    level 2: 0 / 16 cells occupied
    level 3: 0 / 64 cells occupied
    level 4: 0 / 256 cells occupied
    level 5: 0 / 1024 cells occupied
    level 6: 0 / 4096 cells occupied
    level 7: 11 / 16384 cells occupied

[F2: enable fetch timing]

---
=== HOLLOWS ENGINE ===
FPS: 10 | Pixel: 47.5ms | Input: 0.000ms | Texture: 0.526ms
Camera: [0.00, 0.08, 0.20]

--- DATA (valid / total) ---
  Bool               1 / 1
  Int                5 / 5
  I64                2 / 2
  F32                5 / 5
  F64                2 / 2
  CString            6 / 6
  Vec3               1 / 1
  Vertex             1655 / 1655
  Model              1 / 1
  Texture            1 / 1
  Bounds             34011 / 34011
  Debug_Stats        1 / 1
  FrameData          1 / 1
  Strings_Builder    1 / 1
  DataPoint          1 / 1
  Field              1228 / 1228
  Metadata           36922 / 36922
  TOTAL              73844 / 73844

--- FETCHES (edit / copy / set) ---
  Int                1506 / 0 / 0
  I64                292 / 0 / 0
  F32                146 / 0 / 0
  F64                146 / 0 / 0
  Vec3               439 / 0 / 0
  Texture            146 / 0 / 0
  Bounds             14097123 / 0 / 0
  Debug_Stats        730 / 0 / 0
  DataPoint          146 / 0 / 0
  Field              36752414 / 0 / 0

--- FIELD OCCUPANCY ---
  Field[0] 'world_field' levels:4 dims:3
    bounds X:[-8.0000,8.0000] Y:[-8.0000,8.0000] Z:[-8.0000,8.0000]
    level 0: 1 / 1 cells occupied
    level 1: 1 / 8 cells occupied
    level 2: 1 / 64 cells occupied
    level 3: 1 / 512 cells occupied
    level 4: 1 / 4096 cells occupied
  Field[1] 'model_field' levels:4 dims:3
    bounds X:[-0.0280,0.0280] Y:[-0.0000,0.1515] Z:[-0.0280,0.0280]
    level 0: 1 / 1 cells occupied
    level 1: 8 / 8 cells occupied
    level 2: 51 / 64 cells occupied
    level 3: 348 / 512 cells occupied
    level 4: 1655 / 4096 cells occupied
  Field[2] 'screen_root' levels:7 dims:2
    bounds X:[0.0000,800.0000] Y:[0.0000,600.0000] Z:[0.0000,1.0000]
    level 0: 0 / 1 cells occupied
    level 1: 0 / 4 cells occupied
    level 2: 0 / 16 cells occupied
    level 3: 0 / 64 cells occupied
    level 4: 0 / 256 cells occupied
    level 5: 0 / 1024 cells occupied
    level 6: 0 / 4096 cells occupied
    level 7: 1189 / 16384 cells occupied
  Field[3] 'screen_tile' levels:7 dims:2
    bounds X:[393.7500,400.0000] Y:[290.6250,295.3125] Z:[0.0000,1.0000]
    level 0: 0 / 1 cells occupied
    level 1: 0 / 4 cells occupied
    level 2: 0 / 16 cells occupied
    level 3: 0 / 64 cells occupied
    level 4: 0 / 256 cells occupied
    level 5: 0 / 1024 cells occupied
    level 6: 0 / 4096 cells occupied
    level 7: 24 / 16384 cells occupied
  Field[4] 'screen_tile' levels:7 dims:2
    bounds X:[400.0000,406.2500] Y:[290.6250,295.3125] Z:[0.0000,1.0000]
    level 0: 0 / 1 cells occupied
    level 1: 0 / 4 cells occupied
    level 2: 0 / 16 cells occupied
    level 3: 0 / 64 cells occupied
    level 4: 0 / 256 cells occupied
    level 5: 0 / 1024 cells occupied
    level 6: 0 / 4096 cells occupied
    level 7: 24 / 16384 cells occupied
  Field[5] 'screen_tile' levels:7 dims:2
    bounds X:[400.0000,406.2500] Y:[300.0000,304.6875] Z:[0.0000,1.0000]
    level 0: 0 / 1 cells occupied
    level 1: 0 / 4 cells occupied
    level 2: 0 / 16 cells occupied
    level 3: 0 / 64 cells occupied
    level 4: 0 / 256 cells occupied
    level 5: 0 / 1024 cells occupied
    level 6: 0 / 4096 cells occupied
    level 7: 30 / 16384 cells occupied
  Field[6] 'screen_tile' levels:7 dims:2
    bounds X:[393.7500,400.0000] Y:[300.0000,304.6875] Z:[0.0000,1.0000]
    level 0: 0 / 1 cells occupied
    level 1: 0 / 4 cells occupied
    level 2: 0 / 16 cells occupied
    level 3: 0 / 64 cells occupied
    level 4: 0 / 256 cells occupied
    level 5: 0 / 1024 cells occupied
    level 6: 0 / 4096 cells occupied
    level 7: 30 / 16384 cells occupied
  Field[7] 'screen_tile' levels:7 dims:2
    bounds X:[393.7500,400.0000] Y:[295.3125,300.0000] Z:[0.0000,1.0000]
    level 0: 0 / 1 cells occupied
    level 1: 0 / 4 cells occupied
    level 2: 0 / 16 cells occupied
    level 3: 0 / 64 cells occupied
    level 4: 0 / 256 cells occupied
    level 5: 0 / 1024 cells occupied
    level 6: 0 / 4096 cells occupied
    level 7: 30 / 16384 cells occupied
  Field[8] 'screen_tile' levels:7 dims:2
    bounds X:[400.0000,406.2500] Y:[295.3125,300.0000] Z:[0.0000,1.0000]
    level 0: 0 / 1 cells occupied
    level 1: 0 / 4 cells occupied
    level 2: 0 / 16 cells occupied
    level 3: 0 / 64 cells occupied
    level 4: 0 / 256 cells occupied
    level 5: 0 / 1024 cells occupied
    level 6: 0 / 4096 cells occupied
    level 7: 30 / 16384 cells occupied
  Field[9] 'screen_tile' levels:7 dims:2
    bounds X:[400.0000,406.2500] Y:[304.6875,309.3750] Z:[0.0000,1.0000]
    level 0: 0 / 1 cells occupied
    level 1: 0 / 4 cells occupied
    level 2: 0 / 16 cells occupied
    level 3: 0 / 64 cells occupied
    level 4: 0 / 256 cells occupied
    level 5: 0 / 1024 cells occupied
    level 6: 0 / 4096 cells occupied
    level 7: 24 / 16384 cells occupied
  Field[10] 'screen_tile' levels:7 dims:2
    bounds X:[393.7500,400.0000] Y:[304.6875,309.3750] Z:[0.0000,1.0000]
    level 0: 0 / 1 cells occupied
    level 1: 0 / 4 cells occupied
    level 2: 0 / 16 cells occupied
    level 3: 0 / 64 cells occupied
    level 4: 0 / 256 cells occupied
    level 5: 0 / 1024 cells occupied
    level 6: 0 / 4096 cells occupied
    level 7: 24 / 16384 cells occupied
  Field[11] 'screen_tile' levels:7 dims:2
    bounds X:[393.7500,400.0000] Y:[285.9375,290.6250] Z:[0.0000,1.0000]
    level 0: 0 / 1 cells occupied
    level 1: 0 / 4 cells occupied
    level 2: 0 / 16 cells occupied
    level 3: 0 / 64 cells occupied
    level 4: 0 / 256 cells occupied
    level 5: 0 / 1024 cells occupied
    level 6: 0 / 4096 cells occupied
    level 7: 30 / 16384 cells occupied
  Field[12] 'screen_tile' levels:7 dims:2
    bounds X:[400.0000,406.2500] Y:[285.9375,290.6250] Z:[0.0000,1.0000]
    level 0: 0 / 1 cells occupied
    level 1: 0 / 4 cells occupied
    level 2: 0 / 16 cells occupied
    level 3: 0 / 64 cells occupied
    level 4: 0 / 256 cells occupied
    level 5: 0 / 1024 cells occupied
    level 6: 0 / 4096 cells occupied
    level 7: 30 / 16384 cells occupied
  Field[13] 'screen_tile' levels:7 dims:2
    bounds X:[400.0000,406.2500] Y:[309.3750,314.0625] Z:[0.0000,1.0000]
    level 0: 0 / 1 cells occupied
    level 1: 0 / 4 cells occupied
    level 2: 0 / 16 cells occupied
    level 3: 0 / 64 cells occupied
    level 4: 0 / 256 cells occupied
    level 5: 0 / 1024 cells occupied
    level 6: 0 / 4096 cells occupied
    level 7: 30 / 16384 cells occupied
  Field[14] 'screen_tile' levels:7 dims:2
    bounds X:[393.7500,400.0000] Y:[309.3750,314.0625] Z:[0.0000,1.0000]
    level 0: 0 / 1 cells occupied
    level 1: 0 / 4 cells occupied
    level 2: 0 / 16 cells occupied
    level 3: 0 / 64 cells occupied
    level 4: 0 / 256 cells occupied
    level 5: 0 / 1024 cells occupied
    level 6: 0 / 4096 cells occupied
    level 7: 30 / 16384 cells occupied
  Field[15] 'screen_tile' levels:7 dims:2
    bounds X:[400.0000,406.2500] Y:[281.2500,285.9375] Z:[0.0000,1.0000]
    level 0: 0 / 1 cells occupied
    level 1: 0 / 4 cells occupied
    level 2: 0 / 16 cells occupied
    level 3: 0 / 64 cells occupied
    level 4: 0 / 256 cells occupied
    level 5: 0 / 1024 cells occupied
    level 6: 0 / 4096 cells occupied
    level 7: 30 / 16384 cells occupied
  Field[16] 'screen_tile' levels:7 dims:2
    bounds X:[393.7500,400.0000] Y:[281.2500,285.9375] Z:[0.0000,1.0000]
    level 0: 0 / 1 cells occupied
    level 1: 0 / 4 cells occupied
    level 2: 0 / 16 cells occupied
    level 3: 0 / 64 cells occupied
    level 4: 0 / 256 cells occupied
    level 5: 0 / 1024 cells occupied
    level 6: 0 / 4096 cells occupied
    level 7: 30 / 16384 cells occupied
  Field[17] 'screen_tile' levels:7 dims:2
    bounds X:[400.0000,406.2500] Y:[314.0625,318.7500] Z:[0.0000,1.0000]
    level 0: 0 / 1 cells occupied
    level 1: 0 / 4 cells occupied
    level 2: 0 / 16 cells occupied
    level 3: 0 / 64 cells occupied
    level 4: 0 / 256 cells occupied
    level 5: 0 / 1024 cells occupied
    level 6: 0 / 4096 cells occupied
    level 7: 30 / 16384 cells occupied
  Field[18] 'screen_tile' levels:7 dims:2
    bounds X:[393.7500,400.0000] Y:[314.0625,318.7500] Z:[0.0000,1.0000]
    level 0: 0 / 1 cells occupied
    level 1: 0 / 4 cells occupied
    level 2: 0 / 16 cells occupied
    level 3: 0 / 64 cells occupied
    level 4: 0 / 256 cells occupied
    level 5: 0 / 1024 cells occupied
    level 6: 0 / 4096 cells occupied
    level 7: 30 / 16384 cells occupied
  Field[19] 'screen_tile' levels:7 dims:2
    bounds X:[387.5000,393.7500] Y:[285.9375,290.6250] Z:[0.0000,1.0000]
    level 0: 0 / 1 cells occupied
    level 1: 0 / 4 cells occupied
    level 2: 0 / 16 cells occupied
    level 3: 0 / 64 cells occupied
    level 4: 0 / 256 cells occupied
    level 5: 0 / 1024 cells occupied
    level 6: 0 / 4096 cells occupied
    level 7: 35 / 16384 cells occupied
  Field[20] 'screen_tile' levels:7 dims:2
    bounds X:[406.2500,412.5000] Y:[285.9375,290.6250] Z:[0.0000,1.0000]
    level 0: 0 / 1 cells occupied
    level 1: 0 / 4 cells occupied
    level 2: 0 / 16 cells occupied
    level 3: 0 / 64 cells occupied
    level 4: 0 / 256 cells occupied
    level 5: 0 / 1024 cells occupied
    level 6: 0 / 4096 cells occupied
    level 7: 30 / 16384 cells occupied
  Field[21] 'screen_tile' levels:7 dims:2
    bounds X:[387.5000,393.7500] Y:[281.2500,285.9375] Z:[0.0000,1.0000]
    level 0: 0 / 1 cells occupied
    level 1: 0 / 4 cells occupied
    level 2: 0 / 16 cells occupied
    level 3: 0 / 64 cells occupied
    level 4: 0 / 256 cells occupied
    level 5: 0 / 1024 cells occupied
    level 6: 0 / 4096 cells occupied
    level 7: 35 / 16384 cells occupied
  Field[22] 'screen_tile' levels:7 dims:2
    bounds X:[406.2500,412.5000] Y:[281.2500,285.9375] Z:[0.0000,1.0000]
    level 0: 0 / 1 cells occupied
    level 1: 0 / 4 cells occupied
    level 2: 0 / 16 cells occupied
    level 3: 0 / 64 cells occupied
    level 4: 0 / 256 cells occupied
    level 5: 0 / 1024 cells occupied
    level 6: 0 / 4096 cells occupied
    level 7: 30 / 16384 cells occupied
  Field[23] 'screen_tile' levels:7 dims:2
    bounds X:[393.7500,400.0000] Y:[276.5625,281.2500] Z:[0.0000,1.0000]
    level 0: 0 / 1 cells occupied
    level 1: 0 / 4 cells occupied
    level 2: 0 / 16 cells occupied
    level 3: 0 / 64 cells occupied
    level 4: 0 / 256 cells occupied
    level 5: 0 / 1024 cells occupied
    level 6: 0 / 4096 cells occupied
    level 7: 24 / 16384 cells occupied
  Field[24] 'screen_tile' levels:7 dims:2
    bounds X:[400.0000,406.2500] Y:[276.5625,281.2500] Z:[0.0000,1.0000]
    level 0: 0 / 1 cells occupied
    level 1: 0 / 4 cells occupied
    level 2: 0 / 16 cells occupied
    level 3: 0 / 64 cells occupied
    level 4: 0 / 256 cells occupied
    level 5: 0 / 1024 cells occupied
    level 6: 0 / 4096 cells occupied
    level 7: 24 / 16384 cells occupied
  Field[25] 'screen_tile' levels:7 dims:2
    bounds X:[387.5000,393.7500] Y:[276.5625,281.2500] Z:[0.0000,1.0000]
    level 0: 0 / 1 cells occupied
    level 1: 0 / 4 cells occupied
    level 2: 0 / 16 cells occupied
    level 3: 0 / 64 cells occupied
    level 4: 0 / 256 cells occupied
    level 5: 0 / 1024 cells occupied
    level 6: 0 / 4096 cells occupied
    level 7: 28 / 16384 cells occupied
  Field[26] 'screen_tile' levels:7 dims:2
    bounds X:[406.2500,412.5000] Y:[276.5625,281.2500] Z:[0.0000,1.0000]
    level 0: 0 / 1 cells occupied
    level 1: 0 / 4 cells occupied
    level 2: 0 / 16 cells occupied
    level 3: 0 / 64 cells occupied
    level 4: 0 / 256 cells occupied
    level 5: 0 / 1024 cells occupied
    level 6: 0 / 4096 cells occupied
    level 7: 24 / 16384 cells occupied
  Field[27] 'screen_tile' levels:7 dims:2
    bounds X:[400.0000,406.2500] Y:[318.7500,323.4375] Z:[0.0000,1.0000]
    level 0: 0 / 1 cells occupied
    level 1: 0 / 4 cells occupied
    level 2: 0 / 16 cells occupied
    level 3: 0 / 64 cells occupied
    level 4: 0 / 256 cells occupied
    level 5: 0 / 1024 cells occupied
    level 6: 0 / 4096 cells occupied
    level 7: 24 / 16384 cells occupied
  Field[28] 'screen_tile' levels:7 dims:2
    bounds X:[393.7500,400.0000] Y:[318.7500,323.4375] Z:[0.0000,1.0000]
    level 0: 0 / 1 cells occupied
    level 1: 0 / 4 cells occupied
    level 2: 0 / 16 cells occupied
    level 3: 0 / 64 cells occupied
    level 4: 0 / 256 cells occupied
    level 5: 0 / 1024 cells occupied
    level 6: 0 / 4096 cells occupied
    level 7: 24 / 16384 cells occupied
  Field[29] 'screen_tile' levels:7 dims:2
    bounds X:[393.7500,400.0000] Y:[271.8750,276.5625] Z:[0.0000,1.0000]
    level 0: 0 / 1 cells occupied
    level 1: 0 / 4 cells occupied
    level 2: 0 / 16 cells occupied
    level 3: 0 / 64 cells occupied
    level 4: 0 / 256 cells occupied
    level 5: 0 / 1024 cells occupied
    level 6: 0 / 4096 cells occupied
    level 7: 30 / 16384 cells occupied
  Field[30] 'screen_tile' levels:7 dims:2
    bounds X:[400.0000,406.2500] Y:[271.8750,276.5625] Z:[0.0000,1.0000]
    level 0: 0 / 1 cells occupied
    level 1: 0 / 4 cells occupied
    level 2: 0 / 16 cells occupied
    level 3: 0 / 64 cells occupied
    level 4: 0 / 256 cells occupied
    level 5: 0 / 1024 cells occupied
    level 6: 0 / 4096 cells occupied
    level 7: 30 / 16384 cells occupied
  Field[31] 'screen_tile' levels:7 dims:2
    bounds X:[406.2500,412.5000] Y:[271.8750,276.5625] Z:[0.0000,1.0000]
    level 0: 0 / 1 cells occupied
    level 1: 0 / 4 cells occupied
    level 2: 0 / 16 cells occupied
    level 3: 0 / 64 cells occupied
    level 4: 0 / 256 cells occupied
    level 5: 0 / 1024 cells occupied
    level 6: 0 / 4096 cells occupied
    level 7: 30 / 16384 cells occupied
  Field[32] 'screen_tile' levels:7 dims:2
    bounds X:[387.5000,393.7500] Y:[271.8750,276.5625] Z:[0.0000,1.0000]
    level 0: 0 / 1 cells occupied
    level 1: 0 / 4 cells occupied
    level 2: 0 / 16 cells occupied
    level 3: 0 / 64 cells occupied
    level 4: 0 / 256 cells occupied
    level 5: 0 / 1024 cells occupied
    level 6: 0 / 4096 cells occupied
    level 7: 35 / 16384 cells occupied
  Field[33] 'screen_tile' levels:7 dims:2
    bounds X:[400.0000,406.2500] Y:[323.4375,328.1250] Z:[0.0000,1.0000]
    level 0: 0 / 1 cells occupied
    level 1: 0 / 4 cells occupied
    level 2: 0 / 16 cells occupied
    level 3: 0 / 64 cells occupied
    level 4: 0 / 256 cells occupied
    level 5: 0 / 1024 cells occupied
    level 6: 0 / 4096 cells occupied
    level 7: 30 / 16384 cells occupied
  Field[34] 'screen_tile' levels:7 dims:2
    bounds X:[393.7500,400.0000] Y:[323.4375,328.1250] Z:[0.0000,1.0000]
    level 0: 0 / 1 cells occupied
    level 1: 0 / 4 cells occupied
    level 2: 0 / 16 cells occupied
    level 3: 0 / 64 cells occupied
    level 4: 0 / 256 cells occupied
    level 5: 0 / 1024 cells occupied
    level 6: 0 / 4096 cells occupied
    level 7: 30 / 16384 cells occupied
  Field[35] 'screen_tile' levels:7 dims:2
    bounds X:[387.5000,393.7500] Y:[304.6875,309.3750] Z:[0.0000,1.0000]
    level 0: 0 / 1 cells occupied
    level 1: 0 / 4 cells occupied
    level 2: 0 / 16 cells occupied
    level 3: 0 / 64 cells occupied
    level 4: 0 / 256 cells occupied
    level 5: 0 / 1024 cells occupied
    level 6: 0 / 4096 cells occupied
    level 7: 28 / 16384 cells occupied
  Field[36] 'screen_tile' levels:7 dims:2
    bounds X:[406.2500,412.5000] Y:[304.6875,309.3750] Z:[0.0000,1.0000]
    level 0: 0 / 1 cells occupied
    level 1: 0 / 4 cells occupied
    level 2: 0 / 16 cells occupied
    level 3: 0 / 64 cells occupied
    level 4: 0 / 256 cells occupied
    level 5: 0 / 1024 cells occupied
    level 6: 0 / 4096 cells occupied
    level 7: 24 / 16384 cells occupied
  Field[37] 'screen_tile' levels:7 dims:2
    bounds X:[400.0000,406.2500] Y:[267.1875,271.8750] Z:[0.0000,1.0000]
    level 0: 0 / 1 cells occupied
    level 1: 0 / 4 cells occupied
    level 2: 0 / 16 cells occupied
    level 3: 0 / 64 cells occupied
    level 4: 0 / 256 cells occupied
    level 5: 0 / 1024 cells occupied
    level 6: 0 / 4096 cells occupied
    level 7: 30 / 16384 cells occupied
  Field[38] 'screen_tile' levels:7 dims:2
    bounds X:[393.7500,400.0000] Y:[267.1875,271.8750] Z:[0.0000,1.0000]
    level 0: 0 / 1 cells occupied
    level 1: 0 / 4 cells occupied
    level 2: 0 / 16 cells occupied
    level 3: 0 / 64 cells occupied
    level 4: 0 / 256 cells occupied
    level 5: 0 / 1024 cells occupied
    level 6: 0 / 4096 cells occupied
    level 7: 30 / 16384 cells occupied
  Field[39] 'screen_tile' levels:7 dims:2
    bounds X:[387.5000,393.7500] Y:[267.1875,271.8750] Z:[0.0000,1.0000]
    level 0: 0 / 1 cells occupied
    level 1: 0 / 4 cells occupied
    level 2: 0 / 16 cells occupied
    level 3: 0 / 64 cells occupied
    level 4: 0 / 256 cells occupied
    level 5: 0 / 1024 cells occupied
    level 6: 0 / 4096 cells occupied
    level 7: 35 / 16384 cells occupied
  Field[40] 'screen_tile' levels:7 dims:2
    bounds X:[406.2500,412.5000] Y:[267.1875,271.8750] Z:[0.0000,1.0000]
    level 0: 0 / 1 cells occupied
    level 1: 0 / 4 cells occupied
    level 2: 0 / 16 cells occupied
    level 3: 0 / 64 cells occupied
    level 4: 0 / 256 cells occupied
    level 5: 0 / 1024 cells occupied
    level 6: 0 / 4096 cells occupied
    level 7: 30 / 16384 cells occupied
  Field[41] 'screen_tile' levels:7 dims:2
    bounds X:[400.0000,406.2500] Y:[328.1250,332.8125] Z:[0.0000,1.0000]
    level 0: 0 / 1 cells occupied
    level 1: 0 / 4 cells occupied
    level 2: 0 / 16 cells occupied
    level 3: 0 / 64 cells occupied
    level 4: 0 / 256 cells occupied
    level 5: 0 / 1024 cells occupied
    level 6: 0 / 4096 cells occupied
    level 7: 30 / 16384 cells occupied
  Field[42] 'screen_tile' levels:7 dims:2
    bounds X:[393.7500,400.0000] Y:[328.1250,332.8125] Z:[0.0000,1.0000]
    level 0: 0 / 1 cells occupied
    level 1: 0 / 4 cells occupied
    level 2: 0 / 16 cells occupied
    level 3: 0 / 64 cells occupied
    level 4: 0 / 256 cells occupied
    level 5: 0 / 1024 cells occupied
    level 6: 0 / 4096 cells occupied
    level 7: 30 / 16384 cells occupied
  Field[43] 'screen_tile' levels:7 dims:2
    bounds X:[406.2500,412.5000] Y:[309.3750,314.0625] Z:[0.0000,1.0000]
    level 0: 0 / 1 cells occupied
    level 1: 0 / 4 cells occupied
    level 2: 0 / 16 cells occupied
    level 3: 0 / 64 cells occupied
    level 4: 0 / 256 cells occupied
    level 5: 0 / 1024 cells occupied
    level 6: 0 / 4096 cells occupied
    level 7: 30 / 16384 cells occupied
  Field[44] 'screen_tile' levels:7 dims:2
    bounds X:[387.5000,393.7500] Y:[309.3750,314.0625] Z:[0.0000,1.0000]
    level 0: 0 / 1 cells occupied
    level 1: 0 / 4 cells occupied
    level 2: 0 / 16 cells occupied
    level 3: 0 / 64 cells occupied
    level 4: 0 / 256 cells occupied
    level 5: 0 / 1024 cells occupied
    level 6: 0 / 4096 cells occupied
    level 7: 35 / 16384 cells occupied
  Field[45] 'screen_tile' levels:7 dims:2
    bounds X:[406.2500,412.5000] Y:[318.7500,323.4375] Z:[0.0000,1.0000]
    level 0: 0 / 1 cells occupied
    level 1: 0 / 4 cells occupied
    level 2: 0 / 16 cells occupied
    level 3: 0 / 64 cells occupied
    level 4: 0 / 256 cells occupied
    level 5: 0 / 1024 cells occupied
    level 6: 0 / 4096 cells occupied
    level 7: 24 / 16384 cells occupied
  Field[46] 'screen_tile' levels:7 dims:2
    bounds X:[387.5000,393.7500] Y:[318.7500,323.4375] Z:[0.0000,1.0000]
    level 0: 0 / 1 cells occupied
    level 1: 0 / 4 cells occupied
    level 2: 0 / 16 cells occupied
    level 3: 0 / 64 cells occupied
    level 4: 0 / 256 cells occupied
    level 5: 0 / 1024 cells occupied
    level 6: 0 / 4096 cells occupied
    level 7: 28 / 16384 cells occupied
  Field[47] 'screen_tile' levels:7 dims:2
    bounds X:[406.2500,412.5000] Y:[314.0625,318.7500] Z:[0.0000,1.0000]
    level 0: 0 / 1 cells occupied
    level 1: 0 / 4 cells occupied
    level 2: 0 / 16 cells occupied
    level 3: 0 / 64 cells occupied
    level 4: 0 / 256 cells occupied
    level 5: 0 / 1024 cells occupied
    level 6: 0 / 4096 cells occupied
    level 7: 30 / 16384 cells occupied
  Field[48] 'screen_tile' levels:7 dims:2
    bounds X:[387.5000,393.7500] Y:[314.0625,318.7500] Z:[0.0000,1.0000]
    level 0: 0 / 1 cells occupied
    level 1: 0 / 4 cells occupied
    level 2: 0 / 16 cells occupied
    level 3: 0 / 64 cells occupied
    level 4: 0 / 256 cells occupied
    level 5: 0 / 1024 cells occupied
    level 6: 0 / 4096 cells occupied
    level 7: 35 / 16384 cells occupied
  Field[49] 'screen_tile' levels:7 dims:2
    bounds X:[387.5000,393.7500] Y:[262.5000,267.1875] Z:[0.0000,1.0000]
    level 0: 0 / 1 cells occupied
    level 1: 0 / 4 cells occupied
    level 2: 0 / 16 cells occupied
    level 3: 0 / 64 cells occupied
    level 4: 0 / 256 cells occupied
    level 5: 0 / 1024 cells occupied
    level 6: 0 / 4096 cells occupied
    level 7: 35 / 16384 cells occupied
  Field[50] 'screen_tile' levels:7 dims:2
    bounds X:[393.7500,400.0000] Y:[262.5000,267.1875] Z:[0.0000,1.0000]
    level 0: 0 / 1 cells occupied
    level 1: 0 / 4 cells occupied
    level 2: 0 / 16 cells occupied
    level 3: 0 / 64 cells occupied
    level 4: 0 / 256 cells occupied
    level 5: 0 / 1024 cells occupied
    level 6: 0 / 4096 cells occupied
    level 7: 30 / 16384 cells occupied
  Field[51] 'screen_tile' levels:7 dims:2
    bounds X:[400.0000,406.2500] Y:[262.5000,267.1875] Z:[0.0000,1.0000]
    level 0: 0 / 1 cells occupied
    level 1: 0 / 4 cells occupied
    level 2: 0 / 16 cells occupied
    level 3: 0 / 64 cells occupied
    level 4: 0 / 256 cells occupied
    level 5: 0 / 1024 cells occupied
    level 6: 0 / 4096 cells occupied
    level 7: 30 / 16384 cells occupied
  Field[52] 'screen_tile' levels:7 dims:2
    bounds X:[406.2500,412.5000] Y:[262.5000,267.1875] Z:[0.0000,1.0000]
    level 0: 0 / 1 cells occupied
    level 1: 0 / 4 cells occupied
    level 2: 0 / 16 cells occupied
    level 3: 0 / 64 cells occupied
    level 4: 0 / 256 cells occupied
    level 5: 0 / 1024 cells occupied
    level 6: 0 / 4096 cells occupied
    level 7: 30 / 16384 cells occupied
  Field[53] 'screen_tile' levels:7 dims:2
    bounds X:[412.5000,418.7500] Y:[271.8750,276.5625] Z:[0.0000,1.0000]
    level 0: 0 / 1 cells occupied
    level 1: 0 / 4 cells occupied
    level 2: 0 / 16 cells occupied
    level 3: 0 / 64 cells occupied
    level 4: 0 / 256 cells occupied
    level 5: 0 / 1024 cells occupied
    level 6: 0 / 4096 cells occupied
    level 7: 35 / 16384 cells occupied
  Field[54] 'screen_tile' levels:7 dims:2
    bounds X:[406.2500,412.5000] Y:[323.4375,328.1250] Z:[0.0000,1.0000]
    level 0: 0 / 1 cells occupied
    level 1: 0 / 4 cells occupied
    level 2: 0 / 16 cells occupied
    level 3: 0 / 64 cells occupied
    level 4: 0 / 256 cells occupied
    level 5: 0 / 1024 cells occupied
    level 6: 0 / 4096 cells occupied
    level 7: 30 / 16384 cells occupied
  Field[55] 'screen_tile' levels:7 dims:2
    bounds X:[387.5000,393.7500] Y:[323.4375,328.1250] Z:[0.0000,1.0000]
    level 0: 0 / 1 cells occupied
    level 1: 0 / 4 cells occupied
    level 2: 0 / 16 cells occupied
    level 3: 0 / 64 cells occupied
    level 4: 0 / 256 cells occupied
    level 5: 0 / 1024 cells occupied
    level 6: 0 / 4096 cells occupied
    level 7: 35 / 16384 cells occupied
  Field[56] 'screen_tile' levels:7 dims:2
    bounds X:[412.5000,418.7500] Y:[267.1875,271.8750] Z:[0.0000,1.0000]
    level 0: 0 / 1 cells occupied
    level 1: 0 / 4 cells occupied
    level 2: 0 / 16 cells occupied
    level 3: 0 / 64 cells occupied
    level 4: 0 / 256 cells occupied
    level 5: 0 / 1024 cells occupied
    level 6: 0 / 4096 cells occupied
    level 7: 35 / 16384 cells occupied
  Field[57] 'screen_tile' levels:7 dims:2
    bounds X:[400.0000,406.2500] Y:[332.8125,337.5000] Z:[0.0000,1.0000]
    level 0: 0 / 1 cells occupied
    level 1: 0 / 4 cells occupied
    level 2: 0 / 16 cells occupied
    level 3: 0 / 64 cells occupied
    level 4: 0 / 256 cells occupied
    level 5: 0 / 1024 cells occupied
    level 6: 0 / 4096 cells occupied
    level 7: 24 / 16384 cells occupied
  Field[58] 'screen_tile' levels:7 dims:2
    bounds X:[393.7500,400.0000] Y:[332.8125,337.5000] Z:[0.0000,1.0000]
    level 0: 0 / 1 cells occupied
    level 1: 0 / 4 cells occupied
    level 2: 0 / 16 cells occupied
    level 3: 0 / 64 cells occupied
    level 4: 0 / 256 cells occupied
    level 5: 0 / 1024 cells occupied
    level 6: 0 / 4096 cells occupied
    level 7: 24 / 16384 cells occupied
  Field[59] 'screen_tile' levels:7 dims:2
    bounds X:[412.5000,418.7500] Y:[262.5000,267.1875] Z:[0.0000,1.0000]
    level 0: 0 / 1 cells occupied
    level 1: 0 / 4 cells occupied
    level 2: 0 / 16 cells occupied
    level 3: 0 / 64 cells occupied
    level 4: 0 / 256 cells occupied
    level 5: 0 / 1024 cells occupied
    level 6: 0 / 4096 cells occupied
    level 7: 35 / 16384 cells occupied
  Field[60] 'screen_tile' levels:7 dims:2
    bounds X:[381.2500,387.5000] Y:[271.8750,276.5625] Z:[0.0000,1.0000]
    level 0: 0 / 1 cells occupied
    level 1: 0 / 4 cells occupied
    level 2: 0 / 16 cells occupied
    level 3: 0 / 64 cells occupied
    level 4: 0 / 256 cells occupied
    level 5: 0 / 1024 cells occupied
    level 6: 0 / 4096 cells occupied
    level 7: 30 / 16384 cells occupied
  Field[61] 'screen_tile' levels:7 dims:2
    bounds X:[381.2500,387.5000] Y:[267.1875,271.8750] Z:[0.0000,1.0000]
    level 0: 0 / 1 cells occupied
    level 1: 0 / 4 cells occupied
    level 2: 0 / 16 cells occupied
    level 3: 0 / 64 cells occupied
    level 4: 0 / 256 cells occupied
    level 5: 0 / 1024 cells occupied
    level 6: 0 / 4096 cells occupied
    level 7: 30 / 16384 cells occupied
  Field[62] 'screen_tile' levels:7 dims:2
    bounds X:[381.2500,387.5000] Y:[262.5000,267.1875] Z:[0.0000,1.0000]
    level 0: 0 / 1 cells occupied
    level 1: 0 / 4 cells occupied
    level 2: 0 / 16 cells occupied
    level 3: 0 / 64 cells occupied
    level 4: 0 / 256 cells occupied
    level 5: 0 / 1024 cells occupied
    level 6: 0 / 4096 cells occupied
    level 7: 30 / 16384 cells occupied
  Field[63] 'screen_tile' levels:7 dims:2
    bounds X:[400.0000,406.2500] Y:[337.5000,342.1875] Z:[0.0000,1.0000]
    level 0: 0 / 1 cells occupied
    level 1: 0 / 4 cells occupied
    level 2: 0 / 16 cells occupied
    level 3: 0 / 64 cells occupied
    level 4: 0 / 256 cells occupied
    level 5: 0 / 1024 cells occupied
    level 6: 0 / 4096 cells occupied
    level 7: 30 / 16384 cells occupied
  Field[64] 'screen_tile' levels:7 dims:2
    bounds X:[393.7500,400.0000] Y:[337.5000,342.1875] Z:[0.0000,1.0000]
    level 0: 0 / 1 cells occupied
    level 1: 0 / 4 cells occupied
    level 2: 0 / 16 cells occupied
    level 3: 0 / 64 cells occupied
    level 4: 0 / 256 cells occupied
    level 5: 0 / 1024 cells occupied
    level 6: 0 / 4096 cells occupied
    level 7: 30 / 16384 cells occupied
  Field[65] 'screen_tile' levels:7 dims:2
    bounds X:[387.5000,393.7500] Y:[257.8125,262.5000] Z:[0.0000,1.0000]
    level 0: 0 / 1 cells occupied
    level 1: 0 / 4 cells occupied
    level 2: 0 / 16 cells occupied
    level 3: 0 / 64 cells occupied
    level 4: 0 / 256 cells occupied
    level 5: 0 / 1024 cells occupied
    level 6: 0 / 4096 cells occupied
    level 7: 28 / 16384 cells occupied
  Field[66] 'screen_tile' levels:7 dims:2
    bounds X:[393.7500,400.0000] Y:[257.8125,262.5000] Z:[0.0000,1.0000]
    level 0: 0 / 1 cells occupied
    level 1: 0 / 4 cells occupied
    level 2: 0 / 16 cells occupied
    level 3: 0 / 64 cells occupied
    level 4: 0 / 256 cells occupied
    level 5: 0 / 1024 cells occupied
    level 6: 0 / 4096 cells occupied
    level 7: 24 / 16384 cells occupied
  Field[67] 'screen_tile' levels:7 dims:2
    bounds X:[400.0000,406.2500] Y:[257.8125,262.5000] Z:[0.0000,1.0000]
    level 0: 0 / 1 cells occupied
    level 1: 0 / 4 cells occupied
    level 2: 0 / 16 cells occupied
    level 3: 0 / 64 cells occupied
    level 4: 0 / 256 cells occupied
    level 5: 0 / 1024 cells occupied
    level 6: 0 / 4096 cells occupied
    level 7: 24 / 16384 cells occupied
  Field[68] 'screen_tile' levels:7 dims:2
    bounds X:[406.2500,412.5000] Y:[257.8125,262.5000] Z:[0.0000,1.0000]
    level 0: 0 / 1 cells occupied
    level 1: 0 / 4 cells occupied
    level 2: 0 / 16 cells occupied
    level 3: 0 / 64 cells occupied
    level 4: 0 / 256 cells occupied
    level 5: 0 / 1024 cells occupied
    level 6: 0 / 4096 cells occupied
    level 7: 24 / 16384 cells occupied
  Field[69] 'screen_tile' levels:7 dims:2
    bounds X:[412.5000,418.7500] Y:[257.8125,262.5000] Z:[0.0000,1.0000]
    level 0: 0 / 1 cells occupied
    level 1: 0 / 4 cells occupied
    level 2: 0 / 16 cells occupied
    level 3: 0 / 64 cells occupied
    level 4: 0 / 256 cells occupied
    level 5: 0 / 1024 cells occupied
    level 6: 0 / 4096 cells occupied
    level 7: 28 / 16384 cells occupied
  Field[70] 'screen_tile' levels:7 dims:2
    bounds X:[381.2500,387.5000] Y:[257.8125,262.5000] Z:[0.0000,1.0000]
    level 0: 0 / 1 cells occupied
    level 1: 0 / 4 cells occupied
    level 2: 0 / 16 cells occupied
    level 3: 0 / 64 cells occupied
    level 4: 0 / 256 cells occupied
    level 5: 0 / 1024 cells occupied
    level 6: 0 / 4096 cells occupied
    level 7: 24 / 16384 cells occupied
  Field[71] 'screen_tile' levels:7 dims:2
    bounds X:[406.2500,412.5000] Y:[328.1250,332.8125] Z:[0.0000,1.0000]
    level 0: 0 / 1 cells occupied
    level 1: 0 / 4 cells occupied
    level 2: 0 / 16 cells occupied
    level 3: 0 / 64 cells occupied
    level 4: 0 / 256 cells occupied
    level 5: 0 / 1024 cells occupied
    level 6: 0 / 4096 cells occupied
    level 7: 30 / 16384 cells occupied
  Field[72] 'screen_tile' levels:7 dims:2
    bounds X:[387.5000,393.7500] Y:[328.1250,332.8125] Z:[0.0000,1.0000]
    level 0: 0 / 1 cells occupied
    level 1: 0 / 4 cells occupied
    level 2: 0 / 16 cells occupied
    level 3: 0 / 64 cells occupied
    level 4: 0 / 256 cells occupied
    level 5: 0 / 1024 cells occupied
    level 6: 0 / 4096 cells occupied
    level 7: 35 / 16384 cells occupied
  Field[73] 'screen_tile' levels:7 dims:2
    bounds X:[387.5000,393.7500] Y:[253.1250,257.8125] Z:[0.0000,1.0000]
    level 0: 0 / 1 cells occupied
    level 1: 0 / 4 cells occupied
    level 2: 0 / 16 cells occupied
    level 3: 0 / 64 cells occupied
    level 4: 0 / 256 cells occupied
    level 5: 0 / 1024 cells occupied
    level 6: 0 / 4096 cells occupied
    level 7: 35 / 16384 cells occupied
  Field[74] 'screen_tile' levels:7 dims:2
    bounds X:[393.7500,400.0000] Y:[253.1250,257.8125] Z:[0.0000,1.0000]
    level 0: 0 / 1 cells occupied
    level 1: 0 / 4 cells occupied
    level 2: 0 / 16 cells occupied
    level 3: 0 / 64 cells occupied
    level 4: 0 / 256 cells occupied
    level 5: 0 / 1024 cells occupied
    level 6: 0 / 4096 cells occupied
    level 7: 30 / 16384 cells occupied
  Field[75] 'screen_tile' levels:7 dims:2
    bounds X:[400.0000,406.2500] Y:[253.1250,257.8125] Z:[0.0000,1.0000]
    level 0: 0 / 1 cells occupied
    level 1: 0 / 4 cells occupied
    level 2: 0 / 16 cells occupied
    level 3: 0 / 64 cells occupied
    level 4: 0 / 256 cells occupied
    level 5: 0 / 1024 cells occupied
    level 6: 0 / 4096 cells occupied
    level 7: 30 / 16384 cells occupied
  Field[76] 'screen_tile' levels:7 dims:2
    bounds X:[406.2500,412.5000] Y:[253.1250,257.8125] Z:[0.0000,1.0000]
    level 0: 0 / 1 cells occupied
    level 1: 0 / 4 cells occupied
    level 2: 0 / 16 cells occupied
    level 3: 0 / 64 cells occupied
    level 4: 0 / 256 cells occupied
    level 5: 0 / 1024 cells occupied
    level 6: 0 / 4096 cells occupied
    level 7: 30 / 16384 cells occupied
  Field[77] 'screen_tile' levels:7 dims:2
    bounds X:[381.2500,387.5000] Y:[253.1250,257.8125] Z:[0.0000,1.0000]
    level 0: 0 / 1 cells occupied
    level 1: 0 / 4 cells occupied
    level 2: 0 / 16 cells occupied
    level 3: 0 / 64 cells occupied
    level 4: 0 / 256 cells occupied
    level 5: 0 / 1024 cells occupied
    level 6: 0 / 4096 cells occupied
    level 7: 30 / 16384 cells occupied
  Field[78] 'screen_tile' levels:7 dims:2
    bounds X:[412.5000,418.7500] Y:[253.1250,257.8125] Z:[0.0000,1.0000]
    level 0: 0 / 1 cells occupied
    level 1: 0 / 4 cells occupied
    level 2: 0 / 16 cells occupied
    level 3: 0 / 64 cells occupied
    level 4: 0 / 256 cells occupied
    level 5: 0 / 1024 cells occupied
    level 6: 0 / 4096 cells occupied
    level 7: 35 / 16384 cells occupied
  Field[79] 'screen_tile' levels:7 dims:2
    bounds X:[400.0000,406.2500] Y:[342.1875,346.8750] Z:[0.0000,1.0000]
    level 0: 0 / 1 cells occupied
    level 1: 0 / 4 cells occupied
    level 2: 0 / 16 cells occupied
    level 3: 0 / 64 cells occupied
    level 4: 0 / 256 cells occupied
    level 5: 0 / 1024 cells occupied
    level 6: 0 / 4096 cells occupied
    level 7: 30 / 16384 cells occupied
  Field[80] 'screen_tile' levels:7 dims:2
    bounds X:[393.7500,400.0000] Y:[342.1875,346.8750] Z:[0.0000,1.0000]
    level 0: 0 / 1 cells occupied
    level 1: 0 / 4 cells occupied
    level 2: 0 / 16 cells occupied
    level 3: 0 / 64 cells occupied
    level 4: 0 / 256 cells occupied
    level 5: 0 / 1024 cells occupied
    level 6: 0 / 4096 cells occupied
    level 7: 30 / 16384 cells occupied
  Field[81] 'screen_tile' levels:7 dims:2
    bounds X:[387.5000,393.7500] Y:[248.4375,253.1250] Z:[0.0000,1.0000]
    level 0: 0 / 1 cells occupied
    level 1: 0 / 4 cells occupied
    level 2: 0 / 16 cells occupied
    level 3: 0 / 64 cells occupied
    level 4: 0 / 256 cells occupied
    level 5: 0 / 1024 cells occupied
    level 6: 0 / 4096 cells occupied
    level 7: 35 / 16384 cells occupied
  Field[82] 'screen_tile' levels:7 dims:2
    bounds X:[393.7500,400.0000] Y:[248.4375,253.1250] Z:[0.0000,1.0000]
    level 0: 0 / 1 cells occupied
    level 1: 0 / 4 cells occupied
    level 2: 0 / 16 cells occupied
    level 3: 0 / 64 cells occupied
    level 4: 0 / 256 cells occupied
    level 5: 0 / 1024 cells occupied
    level 6: 0 / 4096 cells occupied
    level 7: 30 / 16384 cells occupied
  Field[83] 'screen_tile' levels:7 dims:2
    bounds X:[400.0000,406.2500] Y:[248.4375,253.1250] Z:[0.0000,1.0000]
    level 0: 0 / 1 cells occupied
    level 1: 0 / 4 cells occupied
    level 2: 0 / 16 cells occupied
    level 3: 0 / 64 cells occupied
    level 4: 0 / 256 cells occupied
    level 5: 0 / 1024 cells occupied
    level 6: 0 / 4096 cells occupied
    level 7: 30 / 16384 cells occupied
  Field[84] 'screen_tile' levels:7 dims:2
    bounds X:[406.2500,412.5000] Y:[248.4375,253.1250] Z:[0.0000,1.0000]
    level 0: 0 / 1 cells occupied
    level 1: 0 / 4 cells occupied
    level 2: 0 / 16 cells occupied
    level 3: 0 / 64 cells occupied
    level 4: 0 / 256 cells occupied
    level 5: 0 / 1024 cells occupied
    level 6: 0 / 4096 cells occupied
    level 7: 30 / 16384 cells occupied
  Field[85] 'screen_tile' levels:7 dims:2
    bounds X:[387.5000,393.7500] Y:[300.0000,304.6875] Z:[0.0000,1.0000]
    level 0: 0 / 1 cells occupied
    level 1: 0 / 4 cells occupied
    level 2: 0 / 16 cells occupied
    level 3: 0 / 64 cells occupied
    level 4: 0 / 256 cells occupied
    level 5: 0 / 1024 cells occupied
    level 6: 0 / 4096 cells occupied
    level 7: 35 / 16384 cells occupied
  Field[86] 'screen_tile' levels:7 dims:2
    bounds X:[381.2500,387.5000] Y:[248.4375,253.1250] Z:[0.0000,1.0000]
    level 0: 0 / 1 cells occupied
    level 1: 0 / 4 cells occupied
    level 2: 0 / 16 cells occupied
    level 3: 0 / 64 cells occupied
    level 4: 0 / 256 cells occupied
    level 5: 0 / 1024 cells occupied
    level 6: 0 / 4096 cells occupied
    level 7: 30 / 16384 cells occupied
  Field[87] 'screen_tile' levels:7 dims:2
    bounds X:[412.5000,418.7500] Y:[248.4375,253.1250] Z:[0.0000,1.0000]
    level 0: 0 / 1 cells occupied
    level 1: 0 / 4 cells occupied
    level 2: 0 / 16 cells occupied
    level 3: 0 / 64 cells occupied
    level 4: 0 / 256 cells occupied
    level 5: 0 / 1024 cells occupied
    level 6: 0 / 4096 cells occupied
    level 7: 35 / 16384 cells occupied
  Field[88] 'screen_tile' levels:7 dims:2
    bounds X:[406.2500,412.5000] Y:[300.0000,304.6875] Z:[0.0000,1.0000]
    level 0: 0 / 1 cells occupied
    level 1: 0 / 4 cells occupied
    level 2: 0 / 16 cells occupied
    level 3: 0 / 64 cells occupied
    level 4: 0 / 256 cells occupied
    level 5: 0 / 1024 cells occupied
    level 6: 0 / 4096 cells occupied
    level 7: 30 / 16384 cells occupied
  Field[89] 'screen_tile' levels:7 dims:2
    bounds X:[400.0000,406.2500] Y:[346.8750,351.5625] Z:[0.0000,1.0000]
    level 0: 0 / 1 cells occupied
    level 1: 0 / 4 cells occupied
    level 2: 0 / 16 cells occupied
    level 3: 0 / 64 cells occupied
    level 4: 0 / 256 cells occupied
    level 5: 0 / 1024 cells occupied
    level 6: 0 / 4096 cells occupied
    level 7: 30 / 16384 cells occupied
  Field[90] 'screen_tile' levels:7 dims:2
    bounds X:[393.7500,400.0000] Y:[346.8750,351.5625] Z:[0.0000,1.0000]
    level 0: 0 / 1 cells occupied
    level 1: 0 / 4 cells occupied
    level 2: 0 / 16 cells occupied
    level 3: 0 / 64 cells occupied
    level 4: 0 / 256 cells occupied
    level 5: 0 / 1024 cells occupied
    level 6: 0 / 4096 cells occupied
    level 7: 30 / 16384 cells occupied
  Field[91] 'screen_tile' levels:7 dims:2
    bounds X:[406.2500,412.5000] Y:[332.8125,337.5000] Z:[0.0000,1.0000]
    level 0: 0 / 1 cells occupied
    level 1: 0 / 4 cells occupied
    level 2: 0 / 16 cells occupied
    level 3: 0 / 64 cells occupied
    level 4: 0 / 256 cells occupied
    level 5: 0 / 1024 cells occupied
    level 6: 0 / 4096 cells occupied
    level 7: 24 / 16384 cells occupied
  Field[92] 'screen_tile' levels:7 dims:2
    bounds X:[387.5000,393.7500] Y:[332.8125,337.5000] Z:[0.0000,1.0000]
    level 0: 0 / 1 cells occupied
    level 1: 0 / 4 cells occupied
    level 2: 0 / 16 cells occupied
    level 3: 0 / 64 cells occupied
    level 4: 0 / 256 cells occupied
    level 5: 0 / 1024 cells occupied
    level 6: 0 / 4096 cells occupied
    level 7: 28 / 16384 cells occupied
  Field[93] 'screen_tile' levels:7 dims:2
    bounds X:[400.0000,406.2500] Y:[243.7500,248.4375] Z:[0.0000,1.0000]
    level 0: 0 / 1 cells occupied
    level 1: 0 / 4 cells occupied
    level 2: 0 / 16 cells occupied
    level 3: 0 / 64 cells occupied
    level 4: 0 / 256 cells occupied
    level 5: 0 / 1024 cells occupied
    level 6: 0 / 4096 cells occupied
    level 7: 24 / 16384 cells occupied
  Field[94] 'screen_tile' levels:7 dims:2
    bounds X:[393.7500,400.0000] Y:[243.7500,248.4375] Z:[0.0000,1.0000]
    level 0: 0 / 1 cells occupied
    level 1: 0 / 4 cells occupied
    level 2: 0 / 16 cells occupied
    level 3: 0 / 64 cells occupied
    level 4: 0 / 256 cells occupied
    level 5: 0 / 1024 cells occupied
    level 6: 0 / 4096 cells occupied
    level 7: 24 / 16384 cells occupied
  Field[95] 'screen_tile' levels:7 dims:2
    bounds X:[387.5000,393.7500] Y:[295.3125,300.0000] Z:[0.0000,1.0000]
    level 0: 0 / 1 cells occupied
    level 1: 0 / 4 cells occupied
    level 2: 0 / 16 cells occupied
    level 3: 0 / 64 cells occupied
    level 4: 0 / 256 cells occupied
    level 5: 0 / 1024 cells occupied
    level 6: 0 / 4096 cells occupied
    level 7: 35 / 16384 cells occupied
  Field[96] 'screen_tile' levels:7 dims:2
    bounds X:[375.0000,381.2500] Y:[257.8125,262.5000] Z:[0.0000,1.0000]
    level 0: 0 / 1 cells occupied
    level 1: 0 / 4 cells occupied
    level 2: 0 / 16 cells occupied
    level 3: 0 / 64 cells occupied
    level 4: 0 / 256 cells occupied
    level 5: 0 / 1024 cells occupied
    level 6: 0 / 4096 cells occupied
    level 7: 24 / 16384 cells occupied
  Field[97] 'screen_tile' levels:7 dims:2
    bounds X:[375.0000,381.2500] Y:[253.1250,257.8125] Z:[0.0000,1.0000]
    level 0: 0 / 1 cells occupied
    level 1: 0 / 4 cells occupied
    level 2: 0 / 16 cells occupied
    level 3: 0 / 64 cells occupied
    level 4: 0 / 256 cells occupied
    level 5: 0 / 1024 cells occupied
    level 6: 0 / 4096 cells occupied
    level 7: 30 / 16384 cells occupied
  Field[98] 'screen_tile' levels:7 dims:2
    bounds X:[381.2500,387.5000] Y:[243.7500,248.4375] Z:[0.0000,1.0000]
    level 0: 0 / 1 cells occupied
    level 1: 0 / 4 cells occupied
    level 2: 0 / 16 cells occupied
    level 3: 0 / 64 cells occupied
    level 4: 0 / 256 cells occupied
    level 5: 0 / 1024 cells occupied
    level 6: 0 / 4096 cells occupied
    level 7: 24 / 16384 cells occupied
  Field[99] 'screen_tile' levels:7 dims:2
    bounds X:[387.5000,393.7500] Y:[243.7500,248.4375] Z:[0.0000,1.0000]
    level 0: 0 / 1 cells occupied
    level 1: 0 / 4 cells occupied
    level 2: 0 / 16 cells occupied
    level 3: 0 / 64 cells occupied
    level 4: 0 / 256 cells occupied
    level 5: 0 / 1024 cells occupied
    level 6: 0 / 4096 cells occupied
    level 7: 28 / 16384 cells occupied
  Field[100] 'screen_tile' levels:7 dims:2
    bounds X:[406.2500,412.5000] Y:[243.7500,248.4375] Z:[0.0000,1.0000]
    level 0: 0 / 1 cells occupied
    level 1: 0 / 4 cells occupied
    level 2: 0 / 16 cells occupied
    level 3: 0 / 64 cells occupied
    level 4: 0 / 256 cells occupied
    level 5: 0 / 1024 cells occupied
    level 6: 0 / 4096 cells occupied
    level 7: 24 / 16384 cells occupied
  Field[101] 'screen_tile' levels:7 dims:2
    bounds X:[412.5000,418.7500] Y:[243.7500,248.4375] Z:[0.0000,1.0000]
    level 0: 0 / 1 cells occupied
    level 1: 0 / 4 cells occupied
    level 2: 0 / 16 cells occupied
    level 3: 0 / 64 cells occupied
    level 4: 0 / 256 cells occupied
    level 5: 0 / 1024 cells occupied
    level 6: 0 / 4096 cells occupied
    level 7: 28 / 16384 cells occupied
  Field[102] 'screen_tile' levels:7 dims:2
    bounds X:[418.7500,425.0000] Y:[253.1250,257.8125] Z:[0.0000,1.0000]
    level 0: 0 / 1 cells occupied
    level 1: 0 / 4 cells occupied
    level 2: 0 / 16 cells occupied
    level 3: 0 / 64 cells occupied
    level 4: 0 / 256 cells occupied
    level 5: 0 / 1024 cells occupied
    level 6: 0 / 4096 cells occupied
    level 7: 30 / 16384 cells occupied
  Field[103] 'screen_tile' levels:7 dims:2
    bounds X:[418.7500,425.0000] Y:[257.8125,262.5000] Z:[0.0000,1.0000]
    level 0: 0 / 1 cells occupied
    level 1: 0 / 4 cells occupied
    level 2: 0 / 16 cells occupied
    level 3: 0 / 64 cells occupied
    level 4: 0 / 256 cells occupied
    level 5: 0 / 1024 cells occupied
    level 6: 0 / 4096 cells occupied
    level 7: 23 / 16384 cells occupied
  Field[104] 'screen_tile' levels:7 dims:2
    bounds X:[406.2500,412.5000] Y:[295.3125,300.0000] Z:[0.0000,1.0000]
    level 0: 0 / 1 cells occupied
    level 1: 0 / 4 cells occupied
    level 2: 0 / 16 cells occupied
    level 3: 0 / 64 cells occupied
    level 4: 0 / 256 cells occupied
    level 5: 0 / 1024 cells occupied
    level 6: 0 / 4096 cells occupied
    level 7: 30 / 16384 cells occupied
  Field[105] 'screen_tile' levels:7 dims:2
    bounds X:[400.0000,406.2500] Y:[351.5625,356.2500] Z:[0.0000,1.0000]
    level 0: 0 / 1 cells occupied
    level 1: 0 / 4 cells occupied
    level 2: 0 / 16 cells occupied
    level 3: 0 / 64 cells occupied
    level 4: 0 / 256 cells occupied
    level 5: 0 / 1024 cells occupied
    level 6: 0 / 4096 cells occupied
    level 7: 24 / 16384 cells occupied
  Field[106] 'screen_tile' levels:7 dims:2
    bounds X:[393.7500,400.0000] Y:[351.5625,356.2500] Z:[0.0000,1.0000]
    level 0: 0 / 1 cells occupied
    level 1: 0 / 4 cells occupied
    level 2: 0 / 16 cells occupied
    level 3: 0 / 64 cells occupied
    level 4: 0 / 256 cells occupied
    level 5: 0 / 1024 cells occupied
    level 6: 0 / 4096 cells occupied
    level 7: 24 / 16384 cells occupied
  Field[107] 'screen_tile' levels:7 dims:2
    bounds X:[387.5000,393.7500] Y:[290.6250,295.3125] Z:[0.0000,1.0000]
    level 0: 0 / 1 cells occupied
    level 1: 0 / 4 cells occupied
    level 2: 0 / 16 cells occupied
    level 3: 0 / 64 cells occupied
    level 4: 0 / 256 cells occupied
    level 5: 0 / 1024 cells occupied
    level 6: 0 / 4096 cells occupied
    level 7: 28 / 16384 cells occupied
  Field[108] 'screen_tile' levels:7 dims:2
    bounds X:[375.0000,381.2500] Y:[248.4375,253.1250] Z:[0.0000,1.0000]
    level 0: 0 / 1 cells occupied
    level 1: 0 / 4 cells occupied
    level 2: 0 / 16 cells occupied
    level 3: 0 / 64 cells occupied
    level 4: 0 / 256 cells occupied
    level 5: 0 / 1024 cells occupied
    level 6: 0 / 4096 cells occupied
    level 7: 30 / 16384 cells occupied
  Field[109] 'screen_tile' levels:7 dims:2
    bounds X:[375.0000,381.2500] Y:[243.7500,248.4375] Z:[0.0000,1.0000]
    level 0: 0 / 1 cells occupied
    level 1: 0 / 4 cells occupied
    level 2: 0 / 16 cells occupied
    level 3: 0 / 64 cells occupied
    level 4: 0 / 256 cells occupied
    level 5: 0 / 1024 cells occupied
    level 6: 0 / 4096 cells occupied
    level 7: 24 / 16384 cells occupied
  Field[110] 'screen_tile' levels:7 dims:2
    bounds X:[418.7500,425.0000] Y:[243.7500,248.4375] Z:[0.0000,1.0000]
    level 0: 0 / 1 cells occupied
    level 1: 0 / 4 cells occupied
    level 2: 0 / 16 cells occupied
    level 3: 0 / 64 cells occupied
    level 4: 0 / 256 cells occupied
    level 5: 0 / 1024 cells occupied
    level 6: 0 / 4096 cells occupied
    level 7: 24 / 16384 cells occupied
  Field[111] 'screen_tile' levels:7 dims:2
    bounds X:[418.7500,425.0000] Y:[248.4375,253.1250] Z:[0.0000,1.0000]
    level 0: 0 / 1 cells occupied
    level 1: 0 / 4 cells occupied
    level 2: 0 / 16 cells occupied
    level 3: 0 / 64 cells occupied
    level 4: 0 / 256 cells occupied
    level 5: 0 / 1024 cells occupied
    level 6: 0 / 4096 cells occupied
    level 7: 30 / 16384 cells occupied
  Field[112] 'screen_tile' levels:7 dims:2
    bounds X:[406.2500,412.5000] Y:[290.6250,295.3125] Z:[0.0000,1.0000]
    level 0: 0 / 1 cells occupied
    level 1: 0 / 4 cells occupied
    level 2: 0 / 16 cells occupied
    level 3: 0 / 64 cells occupied
    level 4: 0 / 256 cells occupied
    level 5: 0 / 1024 cells occupied
    level 6: 0 / 4096 cells occupied
    level 7: 24 / 16384 cells occupied
  Field[113] 'screen_tile' levels:7 dims:2
    bounds X:[406.2500,412.5000] Y:[337.5000,342.1875] Z:[0.0000,1.0000]
    level 0: 0 / 1 cells occupied
    level 1: 0 / 4 cells occupied
    level 2: 0 / 16 cells occupied
    level 3: 0 / 64 cells occupied
    level 4: 0 / 256 cells occupied
    level 5: 0 / 1024 cells occupied
    level 6: 0 / 4096 cells occupied
    level 7: 30 / 16384 cells occupied
  Field[114] 'screen_tile' levels:7 dims:2
    bounds X:[387.5000,393.7500] Y:[337.5000,342.1875] Z:[0.0000,1.0000]
    level 0: 0 / 1 cells occupied
    level 1: 0 / 4 cells occupied
    level 2: 0 / 16 cells occupied
    level 3: 0 / 64 cells occupied
    level 4: 0 / 256 cells occupied
    level 5: 0 / 1024 cells occupied
    level 6: 0 / 4096 cells occupied
    level 7: 35 / 16384 cells occupied
  Field[115] 'screen_tile' levels:7 dims:2
    bounds X:[393.7500,400.0000] Y:[239.0625,243.7500] Z:[0.0000,1.0000]
    level 0: 0 / 1 cells occupied
    level 1: 0 / 4 cells occupied
    level 2: 0 / 16 cells occupied
    level 3: 0 / 64 cells occupied
    level 4: 0 / 256 cells occupied
    level 5: 0 / 1024 cells occupied
    level 6: 0 / 4096 cells occupied
    level 7: 30 / 16384 cells occupied
  Field[116] 'screen_tile' levels:7 dims:2
    bounds X:[400.0000,406.2500] Y:[239.0625,243.7500] Z:[0.0000,1.0000]
    level 0: 0 / 1 cells occupied
    level 1: 0 / 4 cells occupied
    level 2: 0 / 16 cells occupied
    level 3: 0 / 64 cells occupied
    level 4: 0 / 256 cells occupied
    level 5: 0 / 1024 cells occupied
    level 6: 0 / 4096 cells occupied
    level 7: 30 / 16384 cells occupied
  Field[117] 'screen_tile' levels:7 dims:2
    bounds X:[412.5000,418.7500] Y:[314.0625,318.7500] Z:[0.0000,1.0000]
    level 0: 0 / 1 cells occupied
    level 1: 0 / 4 cells occupied
    level 2: 0 / 16 cells occupied
    level 3: 0 / 64 cells occupied
    level 4: 0 / 256 cells occupied
    level 5: 0 / 1024 cells occupied
    level 6: 0 / 4096 cells occupied
    level 7: 35 / 16384 cells occupied
  Field[118] 'screen_tile' levels:7 dims:2
    bounds X:[375.0000,381.2500] Y:[239.0625,243.7500] Z:[0.0000,1.0000]
    level 0: 0 / 1 cells occupied
    level 1: 0 / 4 cells occupied
    level 2: 0 / 16 cells occupied
    level 3: 0 / 64 cells occupied
    level 4: 0 / 256 cells occupied
    level 5: 0 / 1024 cells occupied
    level 6: 0 / 4096 cells occupied
    level 7: 30 / 16384 cells occupied
  Field[119] 'screen_tile' levels:7 dims:2
    bounds X:[381.2500,387.5000] Y:[239.0625,243.7500] Z:[0.0000,1.0000]
    level 0: 0 / 1 cells occupied
    level 1: 0 / 4 cells occupied
    level 2: 0 / 16 cells occupied
    level 3: 0 / 64 cells occupied
    level 4: 0 / 256 cells occupied
    level 5: 0 / 1024 cells occupied
    level 6: 0 / 4096 cells occupied
    level 7: 30 / 16384 cells occupied
  Field[120] 'screen_tile' levels:7 dims:2
    bounds X:[387.5000,393.7500] Y:[239.0625,243.7500] Z:[0.0000,1.0000]
    level 0: 0 / 1 cells occupied
    level 1: 0 / 4 cells occupied
    level 2: 0 / 16 cells occupied
    level 3: 0 / 64 cells occupied
    level 4: 0 / 256 cells occupied
    level 5: 0 / 1024 cells occupied
    level 6: 0 / 4096 cells occupied
    level 7: 35 / 16384 cells occupied
  Field[121] 'screen_tile' levels:7 dims:2
    bounds X:[406.2500,412.5000] Y:[239.0625,243.7500] Z:[0.0000,1.0000]
    level 0: 0 / 1 cells occupied
    level 1: 0 / 4 cells occupied
    level 2: 0 / 16 cells occupied
    level 3: 0 / 64 cells occupied
    level 4: 0 / 256 cells occupied
    level 5: 0 / 1024 cells occupied
    level 6: 0 / 4096 cells occupied
    level 7: 30 / 16384 cells occupied
  Field[122] 'screen_tile' levels:7 dims:2
    bounds X:[412.5000,418.7500] Y:[239.0625,243.7500] Z:[0.0000,1.0000]
    level 0: 0 / 1 cells occupied
    level 1: 0 / 4 cells occupied
    level 2: 0 / 16 cells occupied
    level 3: 0 / 64 cells occupied
    level 4: 0 / 256 cells occupied
    level 5: 0 / 1024 cells occupied
    level 6: 0 / 4096 cells occupied
    level 7: 35 / 16384 cells occupied
  Field[123] 'screen_tile' levels:7 dims:2
    bounds X:[418.7500,425.0000] Y:[239.0625,243.7500] Z:[0.0000,1.0000]
    level 0: 0 / 1 cells occupied
    level 1: 0 / 4 cells occupied
    level 2: 0 / 16 cells occupied
    level 3: 0 / 64 cells occupied
    level 4: 0 / 256 cells occupied
    level 5: 0 / 1024 cells occupied
    level 6: 0 / 4096 cells occupied
    level 7: 30 / 16384 cells occupied
  Field[124] 'screen_tile' levels:7 dims:2
    bounds X:[400.0000,406.2500] Y:[356.2500,360.9375] Z:[0.0000,1.0000]
    level 0: 0 / 1 cells occupied
    level 1: 0 / 4 cells occupied
    level 2: 0 / 16 cells occupied
    level 3: 0 / 64 cells occupied
    level 4: 0 / 256 cells occupied
    level 5: 0 / 1024 cells occupied
    level 6: 0 / 4096 cells occupied
    level 7: 30 / 16384 cells occupied
  Field[125] 'screen_tile' levels:7 dims:2
    bounds X:[393.7500,400.0000] Y:[356.2500,360.9375] Z:[0.0000,1.0000]
    level 0: 0 / 1 cells occupied
    level 1: 0 / 4 cells occupied
    level 2: 0 / 16 cells occupied
    level 3: 0 / 64 cells occupied
    level 4: 0 / 256 cells occupied
    level 5: 0 / 1024 cells occupied
    level 6: 0 / 4096 cells occupied
    level 7: 30 / 16384 cells occupied
  Field[126] 'screen_tile' levels:7 dims:2
    bounds X:[412.5000,418.7500] Y:[318.7500,323.4375] Z:[0.0000,1.0000]
    level 0: 0 / 1 cells occupied
    level 1: 0 / 4 cells occupied
    level 2: 0 / 16 cells occupied
    level 3: 0 / 64 cells occupied
    level 4: 0 / 256 cells occupied
    level 5: 0 / 1024 cells occupied
    level 6: 0 / 4096 cells occupied
    level 7: 28 / 16384 cells occupied
  Field[127] 'screen_tile' levels:7 dims:2
    bounds X:[406.2500,412.5000] Y:[356.2500,360.9375] Z:[0.0000,1.0000]
    level 0: 0 / 1 cells occupied
    level 1: 0 / 4 cells occupied
    level 2: 0 / 16 cells occupied
    level 3: 0 / 64 cells occupied
    level 4: 0 / 256 cells occupied
    level 5: 0 / 1024 cells occupied
    level 6: 0 / 4096 cells occupied
    level 7: 30 / 16384 cells occupied
  Field[128] 'screen_tile' levels:7 dims:2
    bounds X:[406.2500,412.5000] Y:[351.5625,356.2500] Z:[0.0000,1.0000]
    level 0: 0 / 1 cells occupied
    level 1: 0 / 4 cells occupied
    level 2: 0 / 16 cells occupied
    level 3: 0 / 64 cells occupied
    level 4: 0 / 256 cells occupied
    level 5: 0 / 1024 cells occupied
    level 6: 0 / 4096 cells occupied
    level 7: 24 / 16384 cells occupied
  Field[129] 'screen_tile' levels:7 dims:2
    bounds X:[387.5000,393.7500] Y:[356.2500,360.9375] Z:[0.0000,1.0000]
    level 0: 0 / 1 cells occupied
    level 1: 0 / 4 cells occupied
    level 2: 0 / 16 cells occupied
    level 3: 0 / 64 cells occupied
    level 4: 0 / 256 cells occupied
    level 5: 0 / 1024 cells occupied
    level 6: 0 / 4096 cells occupied
    level 7: 35 / 16384 cells occupied
  Field[130] 'screen_tile' levels:7 dims:2
    bounds X:[387.5000,393.7500] Y:[351.5625,356.2500] Z:[0.0000,1.0000]
    level 0: 0 / 1 cells occupied
    level 1: 0 / 4 cells occupied
    level 2: 0 / 16 cells occupied
    level 3: 0 / 64 cells occupied
    level 4: 0 / 256 cells occupied
    level 5: 0 / 1024 cells occupied
    level 6: 0 / 4096 cells occupied
    level 7: 28 / 16384 cells occupied
  Field[131] 'screen_tile' levels:7 dims:2
    bounds X:[387.5000,393.7500] Y:[346.8750,351.5625] Z:[0.0000,1.0000]
    level 0: 0 / 1 cells occupied
    level 1: 0 / 4 cells occupied
    level 2: 0 / 16 cells occupied
    level 3: 0 / 64 cells occupied
    level 4: 0 / 256 cells occupied
    level 5: 0 / 1024 cells occupied
    level 6: 0 / 4096 cells occupied
    level 7: 35 / 16384 cells occupied
  Field[132] 'screen_tile' levels:7 dims:2
    bounds X:[406.2500,412.5000] Y:[346.8750,351.5625] Z:[0.0000,1.0000]
    level 0: 0 / 1 cells occupied
    level 1: 0 / 4 cells occupied
    level 2: 0 / 16 cells occupied
    level 3: 0 / 64 cells occupied
    level 4: 0 / 256 cells occupied
    level 5: 0 / 1024 cells occupied
    level 6: 0 / 4096 cells occupied
    level 7: 30 / 16384 cells occupied
  Field[133] 'screen_tile' levels:7 dims:2
    bounds X:[412.5000,418.7500] Y:[337.5000,342.1875] Z:[0.0000,1.0000]
    level 0: 0 / 1 cells occupied
    level 1: 0 / 4 cells occupied
    level 2: 0 / 16 cells occupied
    level 3: 0 / 64 cells occupied
    level 4: 0 / 256 cells occupied
    level 5: 0 / 1024 cells occupied
    level 6: 0 / 4096 cells occupied
    level 7: 35 / 16384 cells occupied
  Field[134] 'screen_tile' levels:7 dims:2
    bounds X:[393.7500,400.0000] Y:[234.3750,239.0625] Z:[0.0000,1.0000]
    level 0: 0 / 1 cells occupied
    level 1: 0 / 4 cells occupied
    level 2: 0 / 16 cells occupied
    level 3: 0 / 64 cells occupied
    level 4: 0 / 256 cells occupied
    level 5: 0 / 1024 cells occupied
    level 6: 0 / 4096 cells occupied
    level 7: 30 / 16384 cells occupied
  Field[135] 'screen_tile' levels:7 dims:2
    bounds X:[400.0000,406.2500] Y:[234.3750,239.0625] Z:[0.0000,1.0000]
    level 0: 0 / 1 cells occupied
    level 1: 0 / 4 cells occupied
    level 2: 0 / 16 cells occupied
    level 3: 0 / 64 cells occupied
    level 4: 0 / 256 cells occupied
    level 5: 0 / 1024 cells occupied
    level 6: 0 / 4096 cells occupied
    level 7: 30 / 16384 cells occupied
  Field[136] 'screen_tile' levels:7 dims:2
    bounds X:[381.2500,387.5000] Y:[314.0625,318.7500] Z:[0.0000,1.0000]
    level 0: 0 / 1 cells occupied
    level 1: 0 / 4 cells occupied
    level 2: 0 / 16 cells occupied
    level 3: 0 / 64 cells occupied
    level 4: 0 / 256 cells occupied
    level 5: 0 / 1024 cells occupied
    level 6: 0 / 4096 cells occupied
    level 7: 30 / 16384 cells occupied
  Field[137] 'screen_tile' levels:7 dims:2
    bounds X:[381.2500,387.5000] Y:[318.7500,323.4375] Z:[0.0000,1.0000]
    level 0: 0 / 1 cells occupied
    level 1: 0 / 4 cells occupied
    level 2: 0 / 16 cells occupied
    level 3: 0 / 64 cells occupied
    level 4: 0 / 256 cells occupied
    level 5: 0 / 1024 cells occupied
    level 6: 0 / 4096 cells occupied
    level 7: 24 / 16384 cells occupied
  Field[138] 'screen_tile' levels:7 dims:2
    bounds X:[375.0000,381.2500] Y:[234.3750,239.0625] Z:[0.0000,1.0000]
    level 0: 0 / 1 cells occupied
    level 1: 0 / 4 cells occupied
    level 2: 0 / 16 cells occupied
    level 3: 0 / 64 cells occupied
    level 4: 0 / 256 cells occupied
    level 5: 0 / 1024 cells occupied
    level 6: 0 / 4096 cells occupied
    level 7: 30 / 16384 cells occupied
  Field[139] 'screen_tile' levels:7 dims:2
    bounds X:[381.2500,387.5000] Y:[234.3750,239.0625] Z:[0.0000,1.0000]
    level 0: 0 / 1 cells occupied
    level 1: 0 / 4 cells occupied
    level 2: 0 / 16 cells occupied
    level 3: 0 / 64 cells occupied
    level 4: 0 / 256 cells occupied
    level 5: 0 / 1024 cells occupied
    level 6: 0 / 4096 cells occupied
    level 7: 30 / 16384 cells occupied
  Field[140] 'screen_tile' levels:7 dims:2
    bounds X:[387.5000,393.7500] Y:[234.3750,239.0625] Z:[0.0000,1.0000]
    level 0: 0 / 1 cells occupied
    level 1: 0 / 4 cells occupied
    level 2: 0 / 16 cells occupied
    level 3: 0 / 64 cells occupied
    level 4: 0 / 256 cells occupied
    level 5: 0 / 1024 cells occupied
    level 6: 0 / 4096 cells occupied
    level 7: 35 / 16384 cells occupied
  Field[141] 'screen_tile' levels:7 dims:2
    bounds X:[406.2500,412.5000] Y:[234.3750,239.0625] Z:[0.0000,1.0000]
    level 0: 0 / 1 cells occupied
    level 1: 0 / 4 cells occupied
    level 2: 0 / 16 cells occupied
    level 3: 0 / 64 cells occupied
    level 4: 0 / 256 cells occupied
    level 5: 0 / 1024 cells occupied
    level 6: 0 / 4096 cells occupied
    level 7: 30 / 16384 cells occupied
  Field[142] 'screen_tile' levels:7 dims:2
    bounds X:[412.5000,418.7500] Y:[234.3750,239.0625] Z:[0.0000,1.0000]
    level 0: 0 / 1 cells occupied
    level 1: 0 / 4 cells occupied
    level 2: 0 / 16 cells occupied
    level 3: 0 / 64 cells occupied
    level 4: 0 / 256 cells occupied
    level 5: 0 / 1024 cells occupied
    level 6: 0 / 4096 cells occupied
    level 7: 35 / 16384 cells occupied
  Field[143] 'screen_tile' levels:7 dims:2
    bounds X:[418.7500,425.0000] Y:[234.3750,239.0625] Z:[0.0000,1.0000]
    level 0: 0 / 1 cells occupied
    level 1: 0 / 4 cells occupied
    level 2: 0 / 16 cells occupied
    level 3: 0 / 64 cells occupied
    level 4: 0 / 256 cells occupied
    level 5: 0 / 1024 cells occupied
    level 6: 0 / 4096 cells occupied
    level 7: 30 / 16384 cells occupied
  Field[144] 'screen_tile' levels:7 dims:2
    bounds X:[400.0000,406.2500] Y:[360.9375,365.6250] Z:[0.0000,1.0000]
    level 0: 0 / 1 cells occupied
    level 1: 0 / 4 cells occupied
    level 2: 0 / 16 cells occupied
    level 3: 0 / 64 cells occupied
    level 4: 0 / 256 cells occupied
    level 5: 0 / 1024 cells occupied
    level 6: 0 / 4096 cells occupied
    level 7: 30 / 16384 cells occupied
  Field[145] 'screen_tile' levels:7 dims:2
    bounds X:[393.7500,400.0000] Y:[360.9375,365.6250] Z:[0.0000,1.0000]
    level 0: 0 / 1 cells occupied
    level 1: 0 / 4 cells occupied
    level 2: 0 / 16 cells occupied
    level 3: 0 / 64 cells occupied
    level 4: 0 / 256 cells occupied
    level 5: 0 / 1024 cells occupied
    level 6: 0 / 4096 cells occupied
    level 7: 30 / 16384 cells occupied
  Field[146] 'screen_tile' levels:7 dims:2
    bounds X:[406.2500,412.5000] Y:[342.1875,346.8750] Z:[0.0000,1.0000]
    level 0: 0 / 1 cells occupied
    level 1: 0 / 4 cells occupied
    level 2: 0 / 16 cells occupied
    level 3: 0 / 64 cells occupied
    level 4: 0 / 256 cells occupied
    level 5: 0 / 1024 cells occupied
    level 6: 0 / 4096 cells occupied
    level 7: 30 / 16384 cells occupied
  Field[147] 'screen_tile' levels:7 dims:2
    bounds X:[412.5000,418.7500] Y:[342.1875,346.8750] Z:[0.0000,1.0000]
    level 0: 0 / 1 cells occupied
    level 1: 0 / 4 cells occupied
    level 2: 0 / 16 cells occupied
    level 3: 0 / 64 cells occupied
    level 4: 0 / 256 cells occupied
    level 5: 0 / 1024 cells occupied
    level 6: 0 / 4096 cells occupied
    level 7: 35 / 16384 cells occupied
  Field[148] 'screen_tile' levels:7 dims:2
    bounds X:[387.5000,393.7500] Y:[342.1875,346.8750] Z:[0.0000,1.0000]
    level 0: 0 / 1 cells occupied
    level 1: 0 / 4 cells occupied
    level 2: 0 / 16 cells occupied
    level 3: 0 / 64 cells occupied
    level 4: 0 / 256 cells occupied
    level 5: 0 / 1024 cells occupied
    level 6: 0 / 4096 cells occupied
    level 7: 35 / 16384 cells occupied
  Field[149] 'screen_tile' levels:7 dims:2
    bounds X:[381.2500,387.5000] Y:[229.6875,234.3750] Z:[0.0000,1.0000]
    level 0: 0 / 1 cells occupied
    level 1: 0 / 4 cells occupied
    level 2: 0 / 16 cells occupied
    level 3: 0 / 64 cells occupied
    level 4: 0 / 256 cells occupied
    level 5: 0 / 1024 cells occupied
    level 6: 0 / 4096 cells occupied
    level 7: 24 / 16384 cells occupied
  Field[150] 'screen_tile' levels:7 dims:2
    bounds X:[387.5000,393.7500] Y:[229.6875,234.3750] Z:[0.0000,1.0000]
    level 0: 0 / 1 cells occupied
    level 1: 0 / 4 cells occupied
    level 2: 0 / 16 cells occupied
    level 3: 0 / 64 cells occupied
    level 4: 0 / 256 cells occupied
    level 5: 0 / 1024 cells occupied
    level 6: 0 / 4096 cells occupied
    level 7: 28 / 16384 cells occupied
  Field[151] 'screen_tile' levels:7 dims:2
    bounds X:[393.7500,400.0000] Y:[229.6875,234.3750] Z:[0.0000,1.0000]
    level 0: 0 / 1 cells occupied
    level 1: 0 / 4 cells occupied
    level 2: 0 / 16 cells occupied
    level 3: 0 / 64 cells occupied
    level 4: 0 / 256 cells occupied
    level 5: 0 / 1024 cells occupied
    level 6: 0 / 4096 cells occupied
    level 7: 24 / 16384 cells occupied
  Field[152] 'screen_tile' levels:7 dims:2
    bounds X:[400.0000,406.2500] Y:[229.6875,234.3750] Z:[0.0000,1.0000]
    level 0: 0 / 1 cells occupied
    level 1: 0 / 4 cells occupied
    level 2: 0 / 16 cells occupied
    level 3: 0 / 64 cells occupied
    level 4: 0 / 256 cells occupied
    level 5: 0 / 1024 cells occupied
    level 6: 0 / 4096 cells occupied
    level 7: 24 / 16384 cells occupied
  Field[153] 'screen_tile' levels:7 dims:2
    bounds X:[406.2500,412.5000] Y:[229.6875,234.3750] Z:[0.0000,1.0000]
    level 0: 0 / 1 cells occupied
    level 1: 0 / 4 cells occupied
    level 2: 0 / 16 cells occupied
    level 3: 0 / 64 cells occupied
    level 4: 0 / 256 cells occupied
    level 5: 0 / 1024 cells occupied
    level 6: 0 / 4096 cells occupied
    level 7: 24 / 16384 cells occupied
  Field[154] 'screen_tile' levels:7 dims:2
    bounds X:[412.5000,418.7500] Y:[229.6875,234.3750] Z:[0.0000,1.0000]
    level 0: 0 / 1 cells occupied
    level 1: 0 / 4 cells occupied
    level 2: 0 / 16 cells occupied
    level 3: 0 / 64 cells occupied
    level 4: 0 / 256 cells occupied
    level 5: 0 / 1024 cells occupied
    level 6: 0 / 4096 cells occupied
    level 7: 28 / 16384 cells occupied
  Field[155] 'screen_tile' levels:7 dims:2
    bounds X:[406.2500,412.5000] Y:[360.9375,365.6250] Z:[0.0000,1.0000]
    level 0: 0 / 1 cells occupied
    level 1: 0 / 4 cells occupied
    level 2: 0 / 16 cells occupied
    level 3: 0 / 64 cells occupied
    level 4: 0 / 256 cells occupied
    level 5: 0 / 1024 cells occupied
    level 6: 0 / 4096 cells occupied
    level 7: 30 / 16384 cells occupied
  Field[156] 'screen_tile' levels:7 dims:2
    bounds X:[387.5000,393.7500] Y:[360.9375,365.6250] Z:[0.0000,1.0000]
    level 0: 0 / 1 cells occupied
    level 1: 0 / 4 cells occupied
    level 2: 0 / 16 cells occupied
    level 3: 0 / 64 cells occupied
    level 4: 0 / 256 cells occupied
    level 5: 0 / 1024 cells occupied
    level 6: 0 / 4096 cells occupied
    level 7: 35 / 16384 cells occupied
  Field[157] 'screen_tile' levels:7 dims:2
    bounds X:[381.2500,387.5000] Y:[342.1875,346.8750] Z:[0.0000,1.0000]
    level 0: 0 / 1 cells occupied
    level 1: 0 / 4 cells occupied
    level 2: 0 / 16 cells occupied
    level 3: 0 / 64 cells occupied
    level 4: 0 / 256 cells occupied
    level 5: 0 / 1024 cells occupied
    level 6: 0 / 4096 cells occupied
    level 7: 30 / 16384 cells occupied
  Field[158] 'screen_tile' levels:7 dims:2
    bounds X:[381.2500,387.5000] Y:[337.5000,342.1875] Z:[0.0000,1.0000]
    level 0: 0 / 1 cells occupied
    level 1: 0 / 4 cells occupied
    level 2: 0 / 16 cells occupied
    level 3: 0 / 64 cells occupied
    level 4: 0 / 256 cells occupied
    level 5: 0 / 1024 cells occupied
    level 6: 0 / 4096 cells occupied
    level 7: 30 / 16384 cells occupied
  Field[159] 'screen_tile' levels:7 dims:2
    bounds X:[368.7500,375.0000] Y:[243.7500,248.4375] Z:[0.0000,1.0000]
    level 0: 0 / 1 cells occupied
    level 1: 0 / 4 cells occupied
    level 2: 0 / 16 cells occupied
    level 3: 0 / 64 cells occupied
    level 4: 0 / 256 cells occupied
    level 5: 0 / 1024 cells occupied
    level 6: 0 / 4096 cells occupied
    level 7: 0 / 16384 cells occupied
  Field[160] 'screen_tile' levels:7 dims:2
    bounds X:[368.7500,375.0000] Y:[248.4375,253.1250] Z:[0.0000,1.0000]
    level 0: 0 / 1 cells occupied
    level 1: 0 / 4 cells occupied
    level 2: 0 / 16 cells occupied
    level 3: 0 / 64 cells occupied
    level 4: 0 / 256 cells occupied
    level 5: 0 / 1024 cells occupied
    level 6: 0 / 4096 cells occupied
    level 7: 0 / 16384 cells occupied
  Field[161] 'screen_tile' levels:7 dims:2
    bounds X:[368.7500,375.0000] Y:[239.0625,243.7500] Z:[0.0000,1.0000]
    level 0: 0 / 1 cells occupied
    level 1: 0 / 4 cells occupied
    level 2: 0 / 16 cells occupied
    level 3: 0 / 64 cells occupied
    level 4: 0 / 256 cells occupied
    level 5: 0 / 1024 cells occupied
    level 6: 0 / 4096 cells occupied
    level 7: 12 / 16384 cells occupied
  Field[162] 'screen_tile' levels:7 dims:2
    bounds X:[375.0000,381.2500] Y:[229.6875,234.3750] Z:[0.0000,1.0000]
    level 0: 0 / 1 cells occupied
    level 1: 0 / 4 cells occupied
    level 2: 0 / 16 cells occupied
    level 3: 0 / 64 cells occupied
    level 4: 0 / 256 cells occupied
    level 5: 0 / 1024 cells occupied
    level 6: 0 / 4096 cells occupied
    level 7: 24 / 16384 cells occupied
  Field[163] 'screen_tile' levels:7 dims:2
    bounds X:[381.2500,387.5000] Y:[225.0000,229.6875] Z:[0.0000,1.0000]
    level 0: 0 / 1 cells occupied
    level 1: 0 / 4 cells occupied
    level 2: 0 / 16 cells occupied
    level 3: 0 / 64 cells occupied
    level 4: 0 / 256 cells occupied
    level 5: 0 / 1024 cells occupied
    level 6: 0 / 4096 cells occupied
    level 7: 30 / 16384 cells occupied
  Field[164] 'screen_tile' levels:7 dims:2
    bounds X:[387.5000,393.7500] Y:[225.0000,229.6875] Z:[0.0000,1.0000]
    level 0: 0 / 1 cells occupied
    level 1: 0 / 4 cells occupied
    level 2: 0 / 16 cells occupied
    level 3: 0 / 64 cells occupied
    level 4: 0 / 256 cells occupied
    level 5: 0 / 1024 cells occupied
    level 6: 0 / 4096 cells occupied
    level 7: 35 / 16384 cells occupied
  Field[165] 'screen_tile' levels:7 dims:2
    bounds X:[393.7500,400.0000] Y:[225.0000,229.6875] Z:[0.0000,1.0000]
    level 0: 0 / 1 cells occupied
    level 1: 0 / 4 cells occupied
    level 2: 0 / 16 cells occupied
    level 3: 0 / 64 cells occupied
    level 4: 0 / 256 cells occupied
    level 5: 0 / 1024 cells occupied
    level 6: 0 / 4096 cells occupied
    level 7: 30 / 16384 cells occupied
  Field[166] 'screen_tile' levels:7 dims:2
    bounds X:[400.0000,406.2500] Y:[225.0000,229.6875] Z:[0.0000,1.0000]
    level 0: 0 / 1 cells occupied
    level 1: 0 / 4 cells occupied
    level 2: 0 / 16 cells occupied
    level 3: 0 / 64 cells occupied
    level 4: 0 / 256 cells occupied
    level 5: 0 / 1024 cells occupied
    level 6: 0 / 4096 cells occupied
    level 7: 30 / 16384 cells occupied
  Field[167] 'screen_tile' levels:7 dims:2
    bounds X:[406.2500,412.5000] Y:[225.0000,229.6875] Z:[0.0000,1.0000]
    level 0: 0 / 1 cells occupied
    level 1: 0 / 4 cells occupied
    level 2: 0 / 16 cells occupied
    level 3: 0 / 64 cells occupied
    level 4: 0 / 256 cells occupied
    level 5: 0 / 1024 cells occupied
    level 6: 0 / 4096 cells occupied
    level 7: 30 / 16384 cells occupied
  Field[168] 'screen_tile' levels:7 dims:2
    bounds X:[412.5000,418.7500] Y:[225.0000,229.6875] Z:[0.0000,1.0000]
    level 0: 0 / 1 cells occupied
    level 1: 0 / 4 cells occupied
    level 2: 0 / 16 cells occupied
    level 3: 0 / 64 cells occupied
    level 4: 0 / 256 cells occupied
    level 5: 0 / 1024 cells occupied
    level 6: 0 / 4096 cells occupied
    level 7: 35 / 16384 cells occupied
  Field[169] 'screen_tile' levels:7 dims:2
    bounds X:[418.7500,425.0000] Y:[229.6875,234.3750] Z:[0.0000,1.0000]
    level 0: 0 / 1 cells occupied
    level 1: 0 / 4 cells occupied
    level 2: 0 / 16 cells occupied
    level 3: 0 / 64 cells occupied
    level 4: 0 / 256 cells occupied
    level 5: 0 / 1024 cells occupied
    level 6: 0 / 4096 cells occupied
    level 7: 24 / 16384 cells occupied
  Field[170] 'screen_tile' levels:7 dims:2
    bounds X:[425.0000,431.2500] Y:[239.0625,243.7500] Z:[0.0000,1.0000]
    level 0: 0 / 1 cells occupied
    level 1: 0 / 4 cells occupied
    level 2: 0 / 16 cells occupied
    level 3: 0 / 64 cells occupied
    level 4: 0 / 256 cells occupied
    level 5: 0 / 1024 cells occupied
    level 6: 0 / 4096 cells occupied
    level 7: 11 / 16384 cells occupied
  Field[171] 'screen_tile' levels:7 dims:2
    bounds X:[425.0000,431.2500] Y:[243.7500,248.4375] Z:[0.0000,1.0000]
    level 0: 0 / 1 cells occupied
    level 1: 0 / 4 cells occupied
    level 2: 0 / 16 cells occupied
    level 3: 0 / 64 cells occupied
    level 4: 0 / 256 cells occupied
    level 5: 0 / 1024 cells occupied
    level 6: 0 / 4096 cells occupied
    level 7: 0 / 16384 cells occupied
  Field[172] 'screen_tile' levels:7 dims:2
    bounds X:[425.0000,431.2500] Y:[248.4375,253.1250] Z:[0.0000,1.0000]
    level 0: 0 / 1 cells occupied
    level 1: 0 / 4 cells occupied
    level 2: 0 / 16 cells occupied
    level 3: 0 / 64 cells occupied
    level 4: 0 / 256 cells occupied
    level 5: 0 / 1024 cells occupied
    level 6: 0 / 4096 cells occupied
    level 7: 0 / 16384 cells occupied
  Field[173] 'screen_tile' levels:7 dims:2
    bounds X:[400.0000,406.2500] Y:[365.6250,370.3125] Z:[0.0000,1.0000]
    level 0: 0 / 1 cells occupied
    level 1: 0 / 4 cells occupied
    level 2: 0 / 16 cells occupied
    level 3: 0 / 64 cells occupied
    level 4: 0 / 256 cells occupied
    level 5: 0 / 1024 cells occupied
    level 6: 0 / 4096 cells occupied
    level 7: 24 / 16384 cells occupied
  Field[174] 'screen_tile' levels:7 dims:2
    bounds X:[393.7500,400.0000] Y:[365.6250,370.3125] Z:[0.0000,1.0000]
    level 0: 0 / 1 cells occupied
    level 1: 0 / 4 cells occupied
    level 2: 0 / 16 cells occupied
    level 3: 0 / 64 cells occupied
    level 4: 0 / 256 cells occupied
    level 5: 0 / 1024 cells occupied
    level 6: 0 / 4096 cells occupied
    level 7: 24 / 16384 cells occupied
  Field[175] 'screen_tile' levels:7 dims:2
    bounds X:[412.5000,418.7500] Y:[346.8750,351.5625] Z:[0.0000,1.0000]
    level 0: 0 / 1 cells occupied
    level 1: 0 / 4 cells occupied
    level 2: 0 / 16 cells occupied
    level 3: 0 / 64 cells occupied
    level 4: 0 / 256 cells occupied
    level 5: 0 / 1024 cells occupied
    level 6: 0 / 4096 cells occupied
    level 7: 35 / 16384 cells occupied
  Field[176] 'screen_tile' levels:7 dims:2
    bounds X:[381.2500,387.5000] Y:[346.8750,351.5625] Z:[0.0000,1.0000]
    level 0: 0 / 1 cells occupied
    level 1: 0 / 4 cells occupied
    level 2: 0 / 16 cells occupied
    level 3: 0 / 64 cells occupied
    level 4: 0 / 256 cells occupied
    level 5: 0 / 1024 cells occupied
    level 6: 0 / 4096 cells occupied
    level 7: 30 / 16384 cells occupied
  Field[177] 'screen_tile' levels:7 dims:2
    bounds X:[381.2500,387.5000] Y:[323.4375,328.1250] Z:[0.0000,1.0000]
    level 0: 0 / 1 cells occupied
    level 1: 0 / 4 cells occupied
    level 2: 0 / 16 cells occupied
    level 3: 0 / 64 cells occupied
    level 4: 0 / 256 cells occupied
    level 5: 0 / 1024 cells occupied
    level 6: 0 / 4096 cells occupied
    level 7: 30 / 16384 cells occupied
  Field[178] 'screen_tile' levels:7 dims:2
    bounds X:[412.5000,418.7500] Y:[323.4375,328.1250] Z:[0.0000,1.0000]
    level 0: 0 / 1 cells occupied
    level 1: 0 / 4 cells occupied
    level 2: 0 / 16 cells occupied
    level 3: 0 / 64 cells occupied
    level 4: 0 / 256 cells occupied
    level 5: 0 / 1024 cells occupied
    level 6: 0 / 4096 cells occupied
    level 7: 35 / 16384 cells occupied
  Field[179] 'screen_tile' levels:7 dims:2
    bounds X:[368.7500,375.0000] Y:[234.3750,239.0625] Z:[0.0000,1.0000]
    level 0: 0 / 1 cells occupied
    level 1: 0 / 4 cells occupied
    level 2: 0 / 16 cells occupied
    level 3: 0 / 64 cells occupied
    level 4: 0 / 256 cells occupied
    level 5: 0 / 1024 cells occupied
    level 6: 0 / 4096 cells occupied
    level 7: 15 / 16384 cells occupied
  Field[180] 'screen_tile' levels:7 dims:2
    bounds X:[368.7500,375.0000] Y:[229.6875,234.3750] Z:[0.0000,1.0000]
    level 0: 0 / 1 cells occupied
    level 1: 0 / 4 cells occupied
    level 2: 0 / 16 cells occupied
    level 3: 0 / 64 cells occupied
    level 4: 0 / 256 cells occupied
    level 5: 0 / 1024 cells occupied
    level 6: 0 / 4096 cells occupied
    level 7: 12 / 16384 cells occupied
  Field[181] 'screen_tile' levels:7 dims:2
    bounds X:[368.7500,375.0000] Y:[225.0000,229.6875] Z:[0.0000,1.0000]
    level 0: 0 / 1 cells occupied
    level 1: 0 / 4 cells occupied
    level 2: 0 / 16 cells occupied
    level 3: 0 / 64 cells occupied
    level 4: 0 / 256 cells occupied
    level 5: 0 / 1024 cells occupied
    level 6: 0 / 4096 cells occupied
    level 7: 18 / 16384 cells occupied
  Field[182] 'screen_tile' levels:7 dims:2
    bounds X:[375.0000,381.2500] Y:[225.0000,229.6875] Z:[0.0000,1.0000]
    level 0: 0 / 1 cells occupied
    level 1: 0 / 4 cells occupied
    level 2: 0 / 16 cells occupied
    level 3: 0 / 64 cells occupied
    level 4: 0 / 256 cells occupied
    level 5: 0 / 1024 cells occupied
    level 6: 0 / 4096 cells occupied
    level 7: 30 / 16384 cells occupied
  Field[183] 'screen_tile' levels:7 dims:2
    bounds X:[387.5000,393.7500] Y:[220.3125,225.0000] Z:[0.0000,1.0000]
    level 0: 0 / 1 cells occupied
    level 1: 0 / 4 cells occupied
    level 2: 0 / 16 cells occupied
    level 3: 0 / 64 cells occupied
    level 4: 0 / 256 cells occupied
    level 5: 0 / 1024 cells occupied
    level 6: 0 / 4096 cells occupied
    level 7: 35 / 16384 cells occupied
  Field[184] 'screen_tile' levels:7 dims:2
    bounds X:[393.7500,400.0000] Y:[220.3125,225.0000] Z:[0.0000,1.0000]
    level 0: 0 / 1 cells occupied
    level 1: 0 / 4 cells occupied
    level 2: 0 / 16 cells occupied
    level 3: 0 / 64 cells occupied
    level 4: 0 / 256 cells occupied
    level 5: 0 / 1024 cells occupied
    level 6: 0 / 4096 cells occupied
    level 7: 30 / 16384 cells occupied
  Field[185] 'screen_tile' levels:7 dims:2
    bounds X:[400.0000,406.2500] Y:[220.3125,225.0000] Z:[0.0000,1.0000]
    level 0: 0 / 1 cells occupied
    level 1: 0 / 4 cells occupied
    level 2: 0 / 16 cells occupied
    level 3: 0 / 64 cells occupied
    level 4: 0 / 256 cells occupied
    level 5: 0 / 1024 cells occupied
    level 6: 0 / 4096 cells occupied
    level 7: 30 / 16384 cells occupied
  Field[186] 'screen_tile' levels:7 dims:2
    bounds X:[406.2500,412.5000] Y:[220.3125,225.0000] Z:[0.0000,1.0000]
    level 0: 0 / 1 cells occupied
    level 1: 0 / 4 cells occupied
    level 2: 0 / 16 cells occupied
    level 3: 0 / 64 cells occupied
    level 4: 0 / 256 cells occupied
    level 5: 0 / 1024 cells occupied
    level 6: 0 / 4096 cells occupied
    level 7: 30 / 16384 cells occupied
  Field[187] 'screen_tile' levels:7 dims:2
    bounds X:[418.7500,425.0000] Y:[225.0000,229.6875] Z:[0.0000,1.0000]
    level 0: 0 / 1 cells occupied
    level 1: 0 / 4 cells occupied
    level 2: 0 / 16 cells occupied
    level 3: 0 / 64 cells occupied
    level 4: 0 / 256 cells occupied
    level 5: 0 / 1024 cells occupied
    level 6: 0 / 4096 cells occupied
    level 7: 30 / 16384 cells occupied
  Field[188] 'screen_tile' levels:7 dims:2
    bounds X:[425.0000,431.2500] Y:[225.0000,229.6875] Z:[0.0000,1.0000]
    level 0: 0 / 1 cells occupied
    level 1: 0 / 4 cells occupied
    level 2: 0 / 16 cells occupied
    level 3: 0 / 64 cells occupied
    level 4: 0 / 256 cells occupied
    level 5: 0 / 1024 cells occupied
    level 6: 0 / 4096 cells occupied
    level 7: 17 / 16384 cells occupied
  Field[189] 'screen_tile' levels:7 dims:2
    bounds X:[425.0000,431.2500] Y:[229.6875,234.3750] Z:[0.0000,1.0000]
    level 0: 0 / 1 cells occupied
    level 1: 0 / 4 cells occupied
    level 2: 0 / 16 cells occupied
    level 3: 0 / 64 cells occupied
    level 4: 0 / 256 cells occupied
    level 5: 0 / 1024 cells occupied
    level 6: 0 / 4096 cells occupied
    level 7: 12 / 16384 cells occupied
  Field[190] 'screen_tile' levels:7 dims:2
    bounds X:[425.0000,431.2500] Y:[234.3750,239.0625] Z:[0.0000,1.0000]
    level 0: 0 / 1 cells occupied
    level 1: 0 / 4 cells occupied
    level 2: 0 / 16 cells occupied
    level 3: 0 / 64 cells occupied
    level 4: 0 / 256 cells occupied
    level 5: 0 / 1024 cells occupied
    level 6: 0 / 4096 cells occupied
    level 7: 15 / 16384 cells occupied
  Field[191] 'screen_tile' levels:7 dims:2
    bounds X:[412.5000,418.7500] Y:[220.3125,225.0000] Z:[0.0000,1.0000]
    level 0: 0 / 1 cells occupied
    level 1: 0 / 4 cells occupied
    level 2: 0 / 16 cells occupied
    level 3: 0 / 64 cells occupied
    level 4: 0 / 256 cells occupied
    level 5: 0 / 1024 cells occupied
    level 6: 0 / 4096 cells occupied
    level 7: 35 / 16384 cells occupied
  Field[192] 'screen_tile' levels:7 dims:2
    bounds X:[381.2500,387.5000] Y:[220.3125,225.0000] Z:[0.0000,1.0000]
    level 0: 0 / 1 cells occupied
    level 1: 0 / 4 cells occupied
    level 2: 0 / 16 cells occupied
    level 3: 0 / 64 cells occupied
    level 4: 0 / 256 cells occupied
    level 5: 0 / 1024 cells occupied
    level 6: 0 / 4096 cells occupied
    level 7: 30 / 16384 cells occupied
  Field[193] 'screen_tile' levels:7 dims:2
    bounds X:[406.2500,412.5000] Y:[365.6250,370.3125] Z:[0.0000,1.0000]
    level 0: 0 / 1 cells occupied
    level 1: 0 / 4 cells occupied
    level 2: 0 / 16 cells occupied
    level 3: 0 / 64 cells occupied
    level 4: 0 / 256 cells occupied
    level 5: 0 / 1024 cells occupied
    level 6: 0 / 4096 cells occupied
    level 7: 24 / 16384 cells occupied
  Field[194] 'screen_tile' levels:7 dims:2
    bounds X:[400.0000,406.2500] Y:[370.3125,375.0000] Z:[0.0000,1.0000]
    level 0: 0 / 1 cells occupied
    level 1: 0 / 4 cells occupied
    level 2: 0 / 16 cells occupied
    level 3: 0 / 64 cells occupied
    level 4: 0 / 256 cells occupied
    level 5: 0 / 1024 cells occupied
    level 6: 0 / 4096 cells occupied
    level 7: 30 / 16384 cells occupied
  Field[195] 'screen_tile' levels:7 dims:2
    bounds X:[406.2500,412.5000] Y:[370.3125,375.0000] Z:[0.0000,1.0000]
    level 0: 0 / 1 cells occupied
    level 1: 0 / 4 cells occupied
    level 2: 0 / 16 cells occupied
    level 3: 0 / 64 cells occupied
    level 4: 0 / 256 cells occupied
    level 5: 0 / 1024 cells occupied
    level 6: 0 / 4096 cells occupied
    level 7: 30 / 16384 cells occupied
  Field[196] 'screen_tile' levels:7 dims:2
    bounds X:[387.5000,393.7500] Y:[365.6250,370.3125] Z:[0.0000,1.0000]
    level 0: 0 / 1 cells occupied
    level 1: 0 / 4 cells occupied
    level 2: 0 / 16 cells occupied
    level 3: 0 / 64 cells occupied
    level 4: 0 / 256 cells occupied
    level 5: 0 / 1024 cells occupied
    level 6: 0 / 4096 cells occupied
    level 7: 28 / 16384 cells occupied
  Field[197] 'screen_tile' levels:7 dims:2
    bounds X:[393.7500,400.0000] Y:[370.3125,375.0000] Z:[0.0000,1.0000]
    level 0: 0 / 1 cells occupied
    level 1: 0 / 4 cells occupied
    level 2: 0 / 16 cells occupied
    level 3: 0 / 64 cells occupied
    level 4: 0 / 256 cells occupied
    level 5: 0 / 1024 cells occupied
    level 6: 0 / 4096 cells occupied
    level 7: 30 / 16384 cells occupied
  Field[198] 'screen_tile' levels:7 dims:2
    bounds X:[387.5000,393.7500] Y:[370.3125,375.0000] Z:[0.0000,1.0000]
    level 0: 0 / 1 cells occupied
    level 1: 0 / 4 cells occupied
    level 2: 0 / 16 cells occupied
    level 3: 0 / 64 cells occupied
    level 4: 0 / 256 cells occupied
    level 5: 0 / 1024 cells occupied
    level 6: 0 / 4096 cells occupied
    level 7: 35 / 16384 cells occupied
  Field[199] 'screen_tile' levels:7 dims:2
    bounds X:[368.7500,375.0000] Y:[220.3125,225.0000] Z:[0.0000,1.0000]
    level 0: 0 / 1 cells occupied
    level 1: 0 / 4 cells occupied
    level 2: 0 / 16 cells occupied
    level 3: 0 / 64 cells occupied
    level 4: 0 / 256 cells occupied
    level 5: 0 / 1024 cells occupied
    level 6: 0 / 4096 cells occupied
    level 7: 25 / 16384 cells occupied
  Field[200] 'screen_tile' levels:7 dims:2
    bounds X:[375.0000,381.2500] Y:[220.3125,225.0000] Z:[0.0000,1.0000]
    level 0: 0 / 1 cells occupied
    level 1: 0 / 4 cells occupied
    level 2: 0 / 16 cells occupied
    level 3: 0 / 64 cells occupied
    level 4: 0 / 256 cells occupied
    level 5: 0 / 1024 cells occupied
    level 6: 0 / 4096 cells occupied
    level 7: 30 / 16384 cells occupied
  Field[201] 'screen_tile' levels:7 dims:2
    bounds X:[381.2500,387.5000] Y:[215.6250,220.3125] Z:[0.0000,1.0000]
    level 0: 0 / 1 cells occupied
    level 1: 0 / 4 cells occupied
    level 2: 0 / 16 cells occupied
    level 3: 0 / 64 cells occupied
    level 4: 0 / 256 cells occupied
    level 5: 0 / 1024 cells occupied
    level 6: 0 / 4096 cells occupied
    level 7: 24 / 16384 cells occupied
  Field[202] 'screen_tile' levels:7 dims:2
    bounds X:[387.5000,393.7500] Y:[215.6250,220.3125] Z:[0.0000,1.0000]
    level 0: 0 / 1 cells occupied
    level 1: 0 / 4 cells occupied
    level 2: 0 / 16 cells occupied
    level 3: 0 / 64 cells occupied
    level 4: 0 / 256 cells occupied
    level 5: 0 / 1024 cells occupied
    level 6: 0 / 4096 cells occupied
    level 7: 28 / 16384 cells occupied
  Field[203] 'screen_tile' levels:7 dims:2
    bounds X:[393.7500,400.0000] Y:[215.6250,220.3125] Z:[0.0000,1.0000]
    level 0: 0 / 1 cells occupied
    level 1: 0 / 4 cells occupied
    level 2: 0 / 16 cells occupied
    level 3: 0 / 64 cells occupied
    level 4: 0 / 256 cells occupied
    level 5: 0 / 1024 cells occupied
    level 6: 0 / 4096 cells occupied
    level 7: 24 / 16384 cells occupied
  Field[204] 'screen_tile' levels:7 dims:2
    bounds X:[400.0000,406.2500] Y:[215.6250,220.3125] Z:[0.0000,1.0000]
    level 0: 0 / 1 cells occupied
    level 1: 0 / 4 cells occupied
    level 2: 0 / 16 cells occupied
    level 3: 0 / 64 cells occupied
    level 4: 0 / 256 cells occupied
    level 5: 0 / 1024 cells occupied
    level 6: 0 / 4096 cells occupied
    level 7: 24 / 16384 cells occupied
  Field[205] 'screen_tile' levels:7 dims:2
    bounds X:[406.2500,412.5000] Y:[215.6250,220.3125] Z:[0.0000,1.0000]
    level 0: 0 / 1 cells occupied
    level 1: 0 / 4 cells occupied
    level 2: 0 / 16 cells occupied
    level 3: 0 / 64 cells occupied
    level 4: 0 / 256 cells occupied
    level 5: 0 / 1024 cells occupied
    level 6: 0 / 4096 cells occupied
    level 7: 24 / 16384 cells occupied
  Field[206] 'screen_tile' levels:7 dims:2
    bounds X:[412.5000,418.7500] Y:[215.6250,220.3125] Z:[0.0000,1.0000]
    level 0: 0 / 1 cells occupied
    level 1: 0 / 4 cells occupied
    level 2: 0 / 16 cells occupied
    level 3: 0 / 64 cells occupied
    level 4: 0 / 256 cells occupied
    level 5: 0 / 1024 cells occupied
    level 6: 0 / 4096 cells occupied
    level 7: 28 / 16384 cells occupied
  Field[207] 'screen_tile' levels:7 dims:2
    bounds X:[418.7500,425.0000] Y:[220.3125,225.0000] Z:[0.0000,1.0000]
    level 0: 0 / 1 cells occupied
    level 1: 0 / 4 cells occupied
    level 2: 0 / 16 cells occupied
    level 3: 0 / 64 cells occupied
    level 4: 0 / 256 cells occupied
    level 5: 0 / 1024 cells occupied
    level 6: 0 / 4096 cells occupied
    level 7: 30 / 16384 cells occupied
  Field[208] 'screen_tile' levels:7 dims:2
    bounds X:[425.0000,431.2500] Y:[220.3125,225.0000] Z:[0.0000,1.0000]
    level 0: 0 / 1 cells occupied
    level 1: 0 / 4 cells occupied
    level 2: 0 / 16 cells occupied
    level 3: 0 / 64 cells occupied
    level 4: 0 / 256 cells occupied
    level 5: 0 / 1024 cells occupied
    level 6: 0 / 4096 cells occupied
    level 7: 25 / 16384 cells occupied
  Field[209] 'screen_tile' levels:7 dims:2
    bounds X:[418.7500,425.0000] Y:[215.6250,220.3125] Z:[0.0000,1.0000]
    level 0: 0 / 1 cells occupied
    level 1: 0 / 4 cells occupied
    level 2: 0 / 16 cells occupied
    level 3: 0 / 64 cells occupied
    level 4: 0 / 256 cells occupied
    level 5: 0 / 1024 cells occupied
    level 6: 0 / 4096 cells occupied
    level 7: 24 / 16384 cells occupied
  Field[210] 'screen_tile' levels:7 dims:2
    bounds X:[375.0000,381.2500] Y:[215.6250,220.3125] Z:[0.0000,1.0000]
    level 0: 0 / 1 cells occupied
    level 1: 0 / 4 cells occupied
    level 2: 0 / 16 cells occupied
    level 3: 0 / 64 cells occupied
    level 4: 0 / 256 cells occupied
    level 5: 0 / 1024 cells occupied
    level 6: 0 / 4096 cells occupied
    level 7: 24 / 16384 cells occupied
  Field[211] 'screen_tile' levels:7 dims:2
    bounds X:[400.0000,406.2500] Y:[375.0000,379.6875] Z:[0.0000,1.0000]
    level 0: 0 / 1 cells occupied
    level 1: 0 / 4 cells occupied
    level 2: 0 / 16 cells occupied
    level 3: 0 / 64 cells occupied
    level 4: 0 / 256 cells occupied
    level 5: 0 / 1024 cells occupied
    level 6: 0 / 4096 cells occupied
    level 7: 30 / 16384 cells occupied
  Field[212] 'screen_tile' levels:7 dims:2
    bounds X:[406.2500,412.5000] Y:[375.0000,379.6875] Z:[0.0000,1.0000]
    level 0: 0 / 1 cells occupied
    level 1: 0 / 4 cells occupied
    level 2: 0 / 16 cells occupied
    level 3: 0 / 64 cells occupied
    level 4: 0 / 256 cells occupied
    level 5: 0 / 1024 cells occupied
    level 6: 0 / 4096 cells occupied
    level 7: 30 / 16384 cells occupied
  Field[213] 'screen_tile' levels:7 dims:2
    bounds X:[393.7500,400.0000] Y:[375.0000,379.6875] Z:[0.0000,1.0000]
    level 0: 0 / 1 cells occupied
    level 1: 0 / 4 cells occupied
    level 2: 0 / 16 cells occupied
    level 3: 0 / 64 cells occupied
    level 4: 0 / 256 cells occupied
    level 5: 0 / 1024 cells occupied
    level 6: 0 / 4096 cells occupied
    level 7: 30 / 16384 cells occupied
  Field[214] 'screen_tile' levels:7 dims:2
    bounds X:[387.5000,393.7500] Y:[375.0000,379.6875] Z:[0.0000,1.0000]
    level 0: 0 / 1 cells occupied
    level 1: 0 / 4 cells occupied
    level 2: 0 / 16 cells occupied
    level 3: 0 / 64 cells occupied
    level 4: 0 / 256 cells occupied
    level 5: 0 / 1024 cells occupied
    level 6: 0 / 4096 cells occupied
    level 7: 35 / 16384 cells occupied
  Field[215] 'screen_tile' levels:7 dims:2
    bounds X:[412.5000,418.7500] Y:[351.5625,356.2500] Z:[0.0000,1.0000]
    level 0: 0 / 1 cells occupied
    level 1: 0 / 4 cells occupied
    level 2: 0 / 16 cells occupied
    level 3: 0 / 64 cells occupied
    level 4: 0 / 256 cells occupied
    level 5: 0 / 1024 cells occupied
    level 6: 0 / 4096 cells occupied
    level 7: 28 / 16384 cells occupied
  Field[216] 'screen_tile' levels:7 dims:2
    bounds X:[381.2500,387.5000] Y:[351.5625,356.2500] Z:[0.0000,1.0000]
    level 0: 0 / 1 cells occupied
    level 1: 0 / 4 cells occupied
    level 2: 0 / 16 cells occupied
    level 3: 0 / 64 cells occupied
    level 4: 0 / 256 cells occupied
    level 5: 0 / 1024 cells occupied
    level 6: 0 / 4096 cells occupied
    level 7: 24 / 16384 cells occupied
  Field[217] 'screen_tile' levels:7 dims:2
    bounds X:[368.7500,375.0000] Y:[215.6250,220.3125] Z:[0.0000,1.0000]
    level 0: 0 / 1 cells occupied
    level 1: 0 / 4 cells occupied
    level 2: 0 / 16 cells occupied
    level 3: 0 / 64 cells occupied
    level 4: 0 / 256 cells occupied
    level 5: 0 / 1024 cells occupied
    level 6: 0 / 4096 cells occupied
    level 7: 20 / 16384 cells occupied
  Field[218] 'screen_tile' levels:7 dims:2
    bounds X:[368.7500,375.0000] Y:[210.9375,215.6250] Z:[0.0000,1.0000]
    level 0: 0 / 1 cells occupied
    level 1: 0 / 4 cells occupied
    level 2: 0 / 16 cells occupied
    level 3: 0 / 64 cells occupied
    level 4: 0 / 256 cells occupied
    level 5: 0 / 1024 cells occupied
    level 6: 0 / 4096 cells occupied
    level 7: 27 / 16384 cells occupied
  Field[219] 'screen_tile' levels:7 dims:2
    bounds X:[375.0000,381.2500] Y:[210.9375,215.6250] Z:[0.0000,1.0000]
    level 0: 0 / 1 cells occupied
    level 1: 0 / 4 cells occupied
    level 2: 0 / 16 cells occupied
    level 3: 0 / 64 cells occupied
    level 4: 0 / 256 cells occupied
    level 5: 0 / 1024 cells occupied
    level 6: 0 / 4096 cells occupied
    level 7: 30 / 16384 cells occupied
  Field[220] 'screen_tile' levels:7 dims:2
    bounds X:[381.2500,387.5000] Y:[210.9375,215.6250] Z:[0.0000,1.0000]
    level 0: 0 / 1 cells occupied
    level 1: 0 / 4 cells occupied
    level 2: 0 / 16 cells occupied
    level 3: 0 / 64 cells occupied
    level 4: 0 / 256 cells occupied
    level 5: 0 / 1024 cells occupied
    level 6: 0 / 4096 cells occupied
    level 7: 30 / 16384 cells occupied
  Field[221] 'screen_tile' levels:7 dims:2
    bounds X:[387.5000,393.7500] Y:[210.9375,215.6250] Z:[0.0000,1.0000]
    level 0: 0 / 1 cells occupied
    level 1: 0 / 4 cells occupied
    level 2: 0 / 16 cells occupied
    level 3: 0 / 64 cells occupied
    level 4: 0 / 256 cells occupied
    level 5: 0 / 1024 cells occupied
    level 6: 0 / 4096 cells occupied
    level 7: 35 / 16384 cells occupied
  Field[222] 'screen_tile' levels:7 dims:2
    bounds X:[393.7500,400.0000] Y:[210.9375,215.6250] Z:[0.0000,1.0000]
    level 0: 0 / 1 cells occupied
    level 1: 0 / 4 cells occupied
    level 2: 0 / 16 cells occupied
    level 3: 0 / 64 cells occupied
    level 4: 0 / 256 cells occupied
    level 5: 0 / 1024 cells occupied
    level 6: 0 / 4096 cells occupied
    level 7: 30 / 16384 cells occupied
  Field[223] 'screen_tile' levels:7 dims:2
    bounds X:[400.0000,406.2500] Y:[210.9375,215.6250] Z:[0.0000,1.0000]
    level 0: 0 / 1 cells occupied
    level 1: 0 / 4 cells occupied
    level 2: 0 / 16 cells occupied
    level 3: 0 / 64 cells occupied
    level 4: 0 / 256 cells occupied
    level 5: 0 / 1024 cells occupied
    level 6: 0 / 4096 cells occupied
    level 7: 30 / 16384 cells occupied
  Field[224] 'screen_tile' levels:7 dims:2
    bounds X:[406.2500,412.5000] Y:[210.9375,215.6250] Z:[0.0000,1.0000]
    level 0: 0 / 1 cells occupied
    level 1: 0 / 4 cells occupied
    level 2: 0 / 16 cells occupied
    level 3: 0 / 64 cells occupied
    level 4: 0 / 256 cells occupied
    level 5: 0 / 1024 cells occupied
    level 6: 0 / 4096 cells occupied
    level 7: 30 / 16384 cells occupied
  Field[225] 'screen_tile' levels:7 dims:2
    bounds X:[412.5000,418.7500] Y:[210.9375,215.6250] Z:[0.0000,1.0000]
    level 0: 0 / 1 cells occupied
    level 1: 0 / 4 cells occupied
    level 2: 0 / 16 cells occupied
    level 3: 0 / 64 cells occupied
    level 4: 0 / 256 cells occupied
    level 5: 0 / 1024 cells occupied
    level 6: 0 / 4096 cells occupied
    level 7: 35 / 16384 cells occupied
  Field[226] 'screen_tile' levels:7 dims:2
    bounds X:[418.7500,425.0000] Y:[210.9375,215.6250] Z:[0.0000,1.0000]
    level 0: 0 / 1 cells occupied
    level 1: 0 / 4 cells occupied
    level 2: 0 / 16 cells occupied
    level 3: 0 / 64 cells occupied
    level 4: 0 / 256 cells occupied
    level 5: 0 / 1024 cells occupied
    level 6: 0 / 4096 cells occupied
    level 7: 30 / 16384 cells occupied
  Field[227] 'screen_tile' levels:7 dims:2
    bounds X:[425.0000,431.2500] Y:[210.9375,215.6250] Z:[0.0000,1.0000]
    level 0: 0 / 1 cells occupied
    level 1: 0 / 4 cells occupied
    level 2: 0 / 16 cells occupied
    level 3: 0 / 64 cells occupied
    level 4: 0 / 256 cells occupied
    level 5: 0 / 1024 cells occupied
    level 6: 0 / 4096 cells occupied
    level 7: 26 / 16384 cells occupied
  Field[228] 'screen_tile' levels:7 dims:2
    bounds X:[425.0000,431.2500] Y:[215.6250,220.3125] Z:[0.0000,1.0000]
    level 0: 0 / 1 cells occupied
    level 1: 0 / 4 cells occupied
    level 2: 0 / 16 cells occupied
    level 3: 0 / 64 cells occupied
    level 4: 0 / 256 cells occupied
    level 5: 0 / 1024 cells occupied
    level 6: 0 / 4096 cells occupied
    level 7: 20 / 16384 cells occupied
  Field[229] 'screen_tile' levels:7 dims:2
    bounds X:[400.0000,406.2500] Y:[379.6875,384.3750] Z:[0.0000,1.0000]
    level 0: 0 / 1 cells occupied
    level 1: 0 / 4 cells occupied
    level 2: 0 / 16 cells occupied
    level 3: 0 / 64 cells occupied
    level 4: 0 / 256 cells occupied
    level 5: 0 / 1024 cells occupied
    level 6: 0 / 4096 cells occupied
    level 7: 24 / 16384 cells occupied
  Field[230] 'screen_tile' levels:7 dims:2
    bounds X:[406.2500,412.5000] Y:[379.6875,384.3750] Z:[0.0000,1.0000]
    level 0: 0 / 1 cells occupied
    level 1: 0 / 4 cells occupied
    level 2: 0 / 16 cells occupied
    level 3: 0 / 64 cells occupied
    level 4: 0 / 256 cells occupied
    level 5: 0 / 1024 cells occupied
    level 6: 0 / 4096 cells occupied
    level 7: 24 / 16384 cells occupied
  Field[231] 'screen_tile' levels:7 dims:2
    bounds X:[393.7500,400.0000] Y:[379.6875,384.3750] Z:[0.0000,1.0000]
    level 0: 0 / 1 cells occupied
    level 1: 0 / 4 cells occupied
    level 2: 0 / 16 cells occupied
    level 3: 0 / 64 cells occupied
    level 4: 0 / 256 cells occupied
    level 5: 0 / 1024 cells occupied
    level 6: 0 / 4096 cells occupied
    level 7: 24 / 16384 cells occupied
  Field[232] 'screen_tile' levels:7 dims:2
    bounds X:[387.5000,393.7500] Y:[379.6875,384.3750] Z:[0.0000,1.0000]
    level 0: 0 / 1 cells occupied
    level 1: 0 / 4 cells occupied
    level 2: 0 / 16 cells occupied
    level 3: 0 / 64 cells occupied
    level 4: 0 / 256 cells occupied
    level 5: 0 / 1024 cells occupied
    level 6: 0 / 4096 cells occupied
    level 7: 28 / 16384 cells occupied
  Field[233] 'screen_tile' levels:7 dims:2
    bounds X:[412.5000,418.7500] Y:[356.2500,360.9375] Z:[0.0000,1.0000]
    level 0: 0 / 1 cells occupied
    level 1: 0 / 4 cells occupied
    level 2: 0 / 16 cells occupied
    level 3: 0 / 64 cells occupied
    level 4: 0 / 256 cells occupied
    level 5: 0 / 1024 cells occupied
    level 6: 0 / 4096 cells occupied
    level 7: 35 / 16384 cells occupied
  Field[234] 'screen_tile' levels:7 dims:2
    bounds X:[381.2500,387.5000] Y:[356.2500,360.9375] Z:[0.0000,1.0000]
    level 0: 0 / 1 cells occupied
    level 1: 0 / 4 cells occupied
    level 2: 0 / 16 cells occupied
    level 3: 0 / 64 cells occupied
    level 4: 0 / 256 cells occupied
    level 5: 0 / 1024 cells occupied
    level 6: 0 / 4096 cells occupied
    level 7: 30 / 16384 cells occupied
  Field[235] 'screen_tile' levels:7 dims:2
    bounds X:[412.5000,418.7500] Y:[328.1250,332.8125] Z:[0.0000,1.0000]
    level 0: 0 / 1 cells occupied
    level 1: 0 / 4 cells occupied
    level 2: 0 / 16 cells occupied
    level 3: 0 / 64 cells occupied
    level 4: 0 / 256 cells occupied
    level 5: 0 / 1024 cells occupied
    level 6: 0 / 4096 cells occupied
    level 7: 35 / 16384 cells occupied
  Field[236] 'screen_tile' levels:7 dims:2
    bounds X:[393.7500,400.0000] Y:[206.2500,210.9375] Z:[0.0000,1.0000]
    level 0: 0 / 1 cells occupied
    level 1: 0 / 4 cells occupied
    level 2: 0 / 16 cells occupied
    level 3: 0 / 64 cells occupied
    level 4: 0 / 256 cells occupied
    level 5: 0 / 1024 cells occupied
    level 6: 0 / 4096 cells occupied
    level 7: 30 / 16384 cells occupied
  Field[237] 'screen_tile' levels:7 dims:2
    bounds X:[400.0000,406.2500] Y:[206.2500,210.9375] Z:[0.0000,1.0000]
    level 0: 0 / 1 cells occupied
    level 1: 0 / 4 cells occupied
    level 2: 0 / 16 cells occupied
    level 3: 0 / 64 cells occupied
    level 4: 0 / 256 cells occupied
    level 5: 0 / 1024 cells occupied
    level 6: 0 / 4096 cells occupied
    level 7: 30 / 16384 cells occupied
  Field[238] 'screen_tile' levels:7 dims:2
    bounds X:[381.2500,387.5000] Y:[328.1250,332.8125] Z:[0.0000,1.0000]
    level 0: 0 / 1 cells occupied
    level 1: 0 / 4 cells occupied
    level 2: 0 / 16 cells occupied
    level 3: 0 / 64 cells occupied
    level 4: 0 / 256 cells occupied
    level 5: 0 / 1024 cells occupied
    level 6: 0 / 4096 cells occupied
    level 7: 30 / 16384 cells occupied
  Field[239] 'screen_tile' levels:7 dims:2
    bounds X:[375.0000,381.2500] Y:[323.4375,328.1250] Z:[0.0000,1.0000]
    level 0: 0 / 1 cells occupied
    level 1: 0 / 4 cells occupied
    level 2: 0 / 16 cells occupied
    level 3: 0 / 64 cells occupied
    level 4: 0 / 256 cells occupied
    level 5: 0 / 1024 cells occupied
    level 6: 0 / 4096 cells occupied
    level 7: 30 / 16384 cells occupied
  Field[240] 'screen_tile' levels:7 dims:2
    bounds X:[375.0000,381.2500] Y:[328.1250,332.8125] Z:[0.0000,1.0000]
    level 0: 0 / 1 cells occupied
    level 1: 0 / 4 cells occupied
    level 2: 0 / 16 cells occupied
    level 3: 0 / 64 cells occupied
    level 4: 0 / 256 cells occupied
    level 5: 0 / 1024 cells occupied
    level 6: 0 / 4096 cells occupied
    level 7: 30 / 16384 cells occupied
  Field[241] 'screen_tile' levels:7 dims:2
    bounds X:[362.5000,368.7500] Y:[229.6875,234.3750] Z:[0.0000,1.0000]
    level 0: 0 / 1 cells occupied
    level 1: 0 / 4 cells occupied
    level 2: 0 / 16 cells occupied
    level 3: 0 / 64 cells occupied
    level 4: 0 / 256 cells occupied
    level 5: 0 / 1024 cells occupied
    level 6: 0 / 4096 cells occupied
    level 7: 0 / 16384 cells occupied
  Field[242] 'screen_tile' levels:7 dims:2
    bounds X:[362.5000,368.7500] Y:[234.3750,239.0625] Z:[0.0000,1.0000]
    level 0: 0 / 1 cells occupied
    level 1: 0 / 4 cells occupied
    level 2: 0 / 16 cells occupied
    level 3: 0 / 64 cells occupied
    level 4: 0 / 256 cells occupied
    level 5: 0 / 1024 cells occupied
    level 6: 0 / 4096 cells occupied
    level 7: 0 / 16384 cells occupied
  Field[243] 'screen_tile' levels:7 dims:2
    bounds X:[362.5000,368.7500] Y:[225.0000,229.6875] Z:[0.0000,1.0000]
    level 0: 0 / 1 cells occupied
    level 1: 0 / 4 cells occupied
    level 2: 0 / 16 cells occupied
    level 3: 0 / 64 cells occupied
    level 4: 0 / 256 cells occupied
    level 5: 0 / 1024 cells occupied
    level 6: 0 / 4096 cells occupied
    level 7: 0 / 16384 cells occupied
  Field[244] 'screen_tile' levels:7 dims:2
    bounds X:[362.5000,368.7500] Y:[220.3125,225.0000] Z:[0.0000,1.0000]
    level 0: 0 / 1 cells occupied
    level 1: 0 / 4 cells occupied
    level 2: 0 / 16 cells occupied
    level 3: 0 / 64 cells occupied
    level 4: 0 / 256 cells occupied
    level 5: 0 / 1024 cells occupied
    level 6: 0 / 4096 cells occupied
    level 7: 0 / 16384 cells occupied
  Field[245] 'screen_tile' levels:7 dims:2
    bounds X:[418.7500,425.0000] Y:[323.4375,328.1250] Z:[0.0000,1.0000]
    level 0: 0 / 1 cells occupied
    level 1: 0 / 4 cells occupied
    level 2: 0 / 16 cells occupied
    level 3: 0 / 64 cells occupied
    level 4: 0 / 256 cells occupied
    level 5: 0 / 1024 cells occupied
    level 6: 0 / 4096 cells occupied
    level 7: 30 / 16384 cells occupied
  Field[246] 'screen_tile' levels:7 dims:2
    bounds X:[418.7500,425.0000] Y:[328.1250,332.8125] Z:[0.0000,1.0000]
    level 0: 0 / 1 cells occupied
    level 1: 0 / 4 cells occupied
    level 2: 0 / 16 cells occupied
    level 3: 0 / 64 cells occupied
    level 4: 0 / 256 cells occupied
    level 5: 0 / 1024 cells occupied
    level 6: 0 / 4096 cells occupied
    level 7: 30 / 16384 cells occupied
  Field[247] 'screen_tile' levels:7 dims:2
    bounds X:[362.5000,368.7500] Y:[210.9375,215.6250] Z:[0.0000,1.0000]
    level 0: 0 / 1 cells occupied
    level 1: 0 / 4 cells occupied
    level 2: 0 / 16 cells occupied
    level 3: 0 / 64 cells occupied
    level 4: 0 / 256 cells occupied
    level 5: 0 / 1024 cells occupied
    level 6: 0 / 4096 cells occupied
    level 7: 1 / 16384 cells occupied
  Field[248] 'screen_tile' levels:7 dims:2
    bounds X:[362.5000,368.7500] Y:[215.6250,220.3125] Z:[0.0000,1.0000]
    level 0: 0 / 1 cells occupied
    level 1: 0 / 4 cells occupied
    level 2: 0 / 16 cells occupied
    level 3: 0 / 64 cells occupied
    level 4: 0 / 256 cells occupied
    level 5: 0 / 1024 cells occupied
    level 6: 0 / 4096 cells occupied
    level 7: 0 / 16384 cells occupied
  Field[249] 'screen_tile' levels:7 dims:2
    bounds X:[362.5000,368.7500] Y:[206.2500,210.9375] Z:[0.0000,1.0000]
    level 0: 0 / 1 cells occupied
    level 1: 0 / 4 cells occupied
    level 2: 0 / 16 cells occupied
    level 3: 0 / 64 cells occupied
    level 4: 0 / 256 cells occupied
    level 5: 0 / 1024 cells occupied
    level 6: 0 / 4096 cells occupied
    level 7: 5 / 16384 cells occupied
  Field[250] 'screen_tile' levels:7 dims:2
    bounds X:[368.7500,375.0000] Y:[206.2500,210.9375] Z:[0.0000,1.0000]
    level 0: 0 / 1 cells occupied
    level 1: 0 / 4 cells occupied
    level 2: 0 / 16 cells occupied
    level 3: 0 / 64 cells occupied
    level 4: 0 / 256 cells occupied
    level 5: 0 / 1024 cells occupied
    level 6: 0 / 4096 cells occupied
    level 7: 30 / 16384 cells occupied
  Field[251] 'screen_tile' levels:7 dims:2
    bounds X:[368.7500,375.0000] Y:[201.5625,206.2500] Z:[0.0000,1.0000]
    level 0: 0 / 1 cells occupied
    level 1: 0 / 4 cells occupied
    level 2: 0 / 16 cells occupied
    level 3: 0 / 64 cells occupied
    level 4: 0 / 256 cells occupied
    level 5: 0 / 1024 cells occupied
    level 6: 0 / 4096 cells occupied
    level 7: 24 / 16384 cells occupied
  Field[252] 'screen_tile' levels:7 dims:2
    bounds X:[375.0000,381.2500] Y:[201.5625,206.2500] Z:[0.0000,1.0000]
    level 0: 0 / 1 cells occupied
    level 1: 0 / 4 cells occupied
    level 2: 0 / 16 cells occupied
    level 3: 0 / 64 cells occupied
    level 4: 0 / 256 cells occupied
    level 5: 0 / 1024 cells occupied
    level 6: 0 / 4096 cells occupied
    level 7: 24 / 16384 cells occupied
  Field[253] 'screen_tile' levels:7 dims:2
    bounds X:[375.0000,381.2500] Y:[206.2500,210.9375] Z:[0.0000,1.0000]
    level 0: 0 / 1 cells occupied
    level 1: 0 / 4 cells occupied
    level 2: 0 / 16 cells occupied
    level 3: 0 / 64 cells occupied
    level 4: 0 / 256 cells occupied
    level 5: 0 / 1024 cells occupied
    level 6: 0 / 4096 cells occupied
    level 7: 30 / 16384 cells occupied
  Field[254] 'screen_tile' levels:7 dims:2
    bounds X:[381.2500,387.5000] Y:[201.5625,206.2500] Z:[0.0000,1.0000]
    level 0: 0 / 1 cells occupied
    level 1: 0 / 4 cells occupied
    level 2: 0 / 16 cells occupied
    level 3: 0 / 64 cells occupied
    level 4: 0 / 256 cells occupied
    level 5: 0 / 1024 cells occupied
    level 6: 0 / 4096 cells occupied
    level 7: 24 / 16384 cells occupied
  Field[255] 'screen_tile' levels:7 dims:2
    bounds X:[381.2500,387.5000] Y:[206.2500,210.9375] Z:[0.0000,1.0000]
    level 0: 0 / 1 cells occupied
    level 1: 0 / 4 cells occupied
    level 2: 0 / 16 cells occupied
    level 3: 0 / 64 cells occupied
    level 4: 0 / 256 cells occupied
    level 5: 0 / 1024 cells occupied
    level 6: 0 / 4096 cells occupied
    level 7: 30 / 16384 cells occupied
  Field[256] 'screen_tile' levels:7 dims:2
    bounds X:[387.5000,393.7500] Y:[201.5625,206.2500] Z:[0.0000,1.0000]
    level 0: 0 / 1 cells occupied
    level 1: 0 / 4 cells occupied
    level 2: 0 / 16 cells occupied
    level 3: 0 / 64 cells occupied
    level 4: 0 / 256 cells occupied
    level 5: 0 / 1024 cells occupied
    level 6: 0 / 4096 cells occupied
    level 7: 28 / 16384 cells occupied
  Field[257] 'screen_tile' levels:7 dims:2
    bounds X:[393.7500,400.0000] Y:[201.5625,206.2500] Z:[0.0000,1.0000]
    level 0: 0 / 1 cells occupied
    level 1: 0 / 4 cells occupied
    level 2: 0 / 16 cells occupied
    level 3: 0 / 64 cells occupied
    level 4: 0 / 256 cells occupied
    level 5: 0 / 1024 cells occupied
    level 6: 0 / 4096 cells occupied
    level 7: 24 / 16384 cells occupied
  Field[258] 'screen_tile' levels:7 dims:2
    bounds X:[387.5000,393.7500] Y:[206.2500,210.9375] Z:[0.0000,1.0000]
    level 0: 0 / 1 cells occupied
    level 1: 0 / 4 cells occupied
    level 2: 0 / 16 cells occupied
    level 3: 0 / 64 cells occupied
    level 4: 0 / 256 cells occupied
    level 5: 0 / 1024 cells occupied
    level 6: 0 / 4096 cells occupied
    level 7: 35 / 16384 cells occupied
  Field[259] 'screen_tile' levels:7 dims:2
    bounds X:[400.0000,406.2500] Y:[201.5625,206.2500] Z:[0.0000,1.0000]
    level 0: 0 / 1 cells occupied
    level 1: 0 / 4 cells occupied
    level 2: 0 / 16 cells occupied
    level 3: 0 / 64 cells occupied
    level 4: 0 / 256 cells occupied
    level 5: 0 / 1024 cells occupied
    level 6: 0 / 4096 cells occupied
    level 7: 24 / 16384 cells occupied
  Field[260] 'screen_tile' levels:7 dims:2
    bounds X:[406.2500,412.5000] Y:[201.5625,206.2500] Z:[0.0000,1.0000]
    level 0: 0 / 1 cells occupied
    level 1: 0 / 4 cells occupied
    level 2: 0 / 16 cells occupied
    level 3: 0 / 64 cells occupied
    level 4: 0 / 256 cells occupied
    level 5: 0 / 1024 cells occupied
    level 6: 0 / 4096 cells occupied
    level 7: 24 / 16384 cells occupied
  Field[261] 'screen_tile' levels:7 dims:2
    bounds X:[412.5000,418.7500] Y:[201.5625,206.2500] Z:[0.0000,1.0000]
    level 0: 0 / 1 cells occupied
    level 1: 0 / 4 cells occupied
    level 2: 0 / 16 cells occupied
    level 3: 0 / 64 cells occupied
    level 4: 0 / 256 cells occupied
    level 5: 0 / 1024 cells occupied
    level 6: 0 / 4096 cells occupied
    level 7: 28 / 16384 cells occupied
  Field[262] 'screen_tile' levels:7 dims:2
    bounds X:[406.2500,412.5000] Y:[206.2500,210.9375] Z:[0.0000,1.0000]
    level 0: 0 / 1 cells occupied
    level 1: 0 / 4 cells occupied
    level 2: 0 / 16 cells occupied
    level 3: 0 / 64 cells occupied
    level 4: 0 / 256 cells occupied
    level 5: 0 / 1024 cells occupied
    level 6: 0 / 4096 cells occupied
    level 7: 30 / 16384 cells occupied
  Field[263] 'screen_tile' levels:7 dims:2
    bounds X:[418.7500,425.0000] Y:[201.5625,206.2500] Z:[0.0000,1.0000]
    level 0: 0 / 1 cells occupied
    level 1: 0 / 4 cells occupied
    level 2: 0 / 16 cells occupied
    level 3: 0 / 64 cells occupied
    level 4: 0 / 256 cells occupied
    level 5: 0 / 1024 cells occupied
    level 6: 0 / 4096 cells occupied
    level 7: 24 / 16384 cells occupied
  Field[264] 'screen_tile' levels:7 dims:2
    bounds X:[412.5000,418.7500] Y:[206.2500,210.9375] Z:[0.0000,1.0000]
    level 0: 0 / 1 cells occupied
    level 1: 0 / 4 cells occupied
    level 2: 0 / 16 cells occupied
    level 3: 0 / 64 cells occupied
    level 4: 0 / 256 cells occupied
    level 5: 0 / 1024 cells occupied
    level 6: 0 / 4096 cells occupied
    level 7: 35 / 16384 cells occupied
  Field[265] 'screen_tile' levels:7 dims:2
    bounds X:[418.7500,425.0000] Y:[206.2500,210.9375] Z:[0.0000,1.0000]
    level 0: 0 / 1 cells occupied
    level 1: 0 / 4 cells occupied
    level 2: 0 / 16 cells occupied
    level 3: 0 / 64 cells occupied
    level 4: 0 / 256 cells occupied
    level 5: 0 / 1024 cells occupied
    level 6: 0 / 4096 cells occupied
    level 7: 30 / 16384 cells occupied
  Field[266] 'screen_tile' levels:7 dims:2
    bounds X:[425.0000,431.2500] Y:[201.5625,206.2500] Z:[0.0000,1.0000]
    level 0: 0 / 1 cells occupied
    level 1: 0 / 4 cells occupied
    level 2: 0 / 16 cells occupied
    level 3: 0 / 64 cells occupied
    level 4: 0 / 256 cells occupied
    level 5: 0 / 1024 cells occupied
    level 6: 0 / 4096 cells occupied
    level 7: 24 / 16384 cells occupied
  Field[267] 'screen_tile' levels:7 dims:2
    bounds X:[425.0000,431.2500] Y:[206.2500,210.9375] Z:[0.0000,1.0000]
    level 0: 0 / 1 cells occupied
    level 1: 0 / 4 cells occupied
    level 2: 0 / 16 cells occupied
    level 3: 0 / 64 cells occupied
    level 4: 0 / 256 cells occupied
    level 5: 0 / 1024 cells occupied
    level 6: 0 / 4096 cells occupied
    level 7: 30 / 16384 cells occupied
  Field[268] 'screen_tile' levels:7 dims:2
    bounds X:[431.2500,437.5000] Y:[206.2500,210.9375] Z:[0.0000,1.0000]
    level 0: 0 / 1 cells occupied
    level 1: 0 / 4 cells occupied
    level 2: 0 / 16 cells occupied
    level 3: 0 / 64 cells occupied
    level 4: 0 / 256 cells occupied
    level 5: 0 / 1024 cells occupied
    level 6: 0 / 4096 cells occupied
    level 7: 5 / 16384 cells occupied
  Field[269] 'screen_tile' levels:7 dims:2
    bounds X:[431.2500,437.5000] Y:[210.9375,215.6250] Z:[0.0000,1.0000]
    level 0: 0 / 1 cells occupied
    level 1: 0 / 4 cells occupied
    level 2: 0 / 16 cells occupied
    level 3: 0 / 64 cells occupied
    level 4: 0 / 256 cells occupied
    level 5: 0 / 1024 cells occupied
    level 6: 0 / 4096 cells occupied
    level 7: 1 / 16384 cells occupied
  Field[270] 'screen_tile' levels:7 dims:2
    bounds X:[431.2500,437.5000] Y:[225.0000,229.6875] Z:[0.0000,1.0000]
    level 0: 0 / 1 cells occupied
    level 1: 0 / 4 cells occupied
    level 2: 0 / 16 cells occupied
    level 3: 0 / 64 cells occupied
    level 4: 0 / 256 cells occupied
    level 5: 0 / 1024 cells occupied
    level 6: 0 / 4096 cells occupied
    level 7: 0 / 16384 cells occupied
  Field[271] 'screen_tile' levels:7 dims:2
    bounds X:[431.2500,437.5000] Y:[229.6875,234.3750] Z:[0.0000,1.0000]
    level 0: 0 / 1 cells occupied
    level 1: 0 / 4 cells occupied
    level 2: 0 / 16 cells occupied
    level 3: 0 / 64 cells occupied
    level 4: 0 / 256 cells occupied
    level 5: 0 / 1024 cells occupied
    level 6: 0 / 4096 cells occupied
    level 7: 0 / 16384 cells occupied
  Field[272] 'screen_tile' levels:7 dims:2
    bounds X:[431.2500,437.5000] Y:[220.3125,225.0000] Z:[0.0000,1.0000]
    level 0: 0 / 1 cells occupied
    level 1: 0 / 4 cells occupied
    level 2: 0 / 16 cells occupied
    level 3: 0 / 64 cells occupied
    level 4: 0 / 256 cells occupied
    level 5: 0 / 1024 cells occupied
    level 6: 0 / 4096 cells occupied
    level 7: 0 / 16384 cells occupied
  Field[273] 'screen_tile' levels:7 dims:2
    bounds X:[412.5000,418.7500] Y:[309.3750,314.0625] Z:[0.0000,1.0000]
    level 0: 0 / 1 cells occupied
    level 1: 0 / 4 cells occupied
    level 2: 0 / 16 cells occupied
    level 3: 0 / 64 cells occupied
    level 4: 0 / 256 cells occupied
    level 5: 0 / 1024 cells occupied
    level 6: 0 / 4096 cells occupied
    level 7: 35 / 16384 cells occupied
  Field[274] 'screen_tile' levels:7 dims:2
    bounds X:[431.2500,437.5000] Y:[234.3750,239.0625] Z:[0.0000,1.0000]
    level 0: 0 / 1 cells occupied
    level 1: 0 / 4 cells occupied
    level 2: 0 / 16 cells occupied
    level 3: 0 / 64 cells occupied
    level 4: 0 / 256 cells occupied
    level 5: 0 / 1024 cells occupied
    level 6: 0 / 4096 cells occupied
    level 7: 0 / 16384 cells occupied
  Field[275] 'screen_tile' levels:7 dims:2
    bounds X:[406.2500,412.5000] Y:[384.3750,389.0625] Z:[0.0000,1.0000]
    level 0: 0 / 1 cells occupied
    level 1: 0 / 4 cells occupied
    level 2: 0 / 16 cells occupied
    level 3: 0 / 64 cells occupied
    level 4: 0 / 256 cells occupied
    level 5: 0 / 1024 cells occupied
    level 6: 0 / 4096 cells occupied
    level 7: 30 / 16384 cells occupied
  Field[276] 'screen_tile' levels:7 dims:2
    bounds X:[400.0000,406.2500] Y:[384.3750,389.0625] Z:[0.0000,1.0000]
    level 0: 0 / 1 cells occupied
    level 1: 0 / 4 cells occupied
    level 2: 0 / 16 cells occupied
    level 3: 0 / 64 cells occupied
    level 4: 0 / 256 cells occupied
    level 5: 0 / 1024 cells occupied
    level 6: 0 / 4096 cells occupied
    level 7: 30 / 16384 cells occupied
  Field[277] 'screen_tile' levels:7 dims:2
    bounds X:[406.2500,412.5000] Y:[389.0625,393.7500] Z:[0.0000,1.0000]
    level 0: 0 / 1 cells occupied
    level 1: 0 / 4 cells occupied
    level 2: 0 / 16 cells occupied
    level 3: 0 / 64 cells occupied
    level 4: 0 / 256 cells occupied
    level 5: 0 / 1024 cells occupied
    level 6: 0 / 4096 cells occupied
    level 7: 30 / 16384 cells occupied
  Field[278] 'screen_tile' levels:7 dims:2
    bounds X:[400.0000,406.2500] Y:[389.0625,393.7500] Z:[0.0000,1.0000]
    level 0: 0 / 1 cells occupied
    level 1: 0 / 4 cells occupied
    level 2: 0 / 16 cells occupied
    level 3: 0 / 64 cells occupied
    level 4: 0 / 256 cells occupied
    level 5: 0 / 1024 cells occupied
    level 6: 0 / 4096 cells occupied
    level 7: 30 / 16384 cells occupied
  Field[279] 'screen_tile' levels:7 dims:2
    bounds X:[387.5000,393.7500] Y:[384.3750,389.0625] Z:[0.0000,1.0000]
    level 0: 0 / 1 cells occupied
    level 1: 0 / 4 cells occupied
    level 2: 0 / 16 cells occupied
    level 3: 0 / 64 cells occupied
    level 4: 0 / 256 cells occupied
    level 5: 0 / 1024 cells occupied
    level 6: 0 / 4096 cells occupied
    level 7: 35 / 16384 cells occupied
  Field[280] 'screen_tile' levels:7 dims:2
    bounds X:[393.7500,400.0000] Y:[384.3750,389.0625] Z:[0.0000,1.0000]
    level 0: 0 / 1 cells occupied
    level 1: 0 / 4 cells occupied
    level 2: 0 / 16 cells occupied
    level 3: 0 / 64 cells occupied
    level 4: 0 / 256 cells occupied
    level 5: 0 / 1024 cells occupied
    level 6: 0 / 4096 cells occupied
    level 7: 30 / 16384 cells occupied
  Field[281] 'screen_tile' levels:7 dims:2
    bounds X:[387.5000,393.7500] Y:[389.0625,393.7500] Z:[0.0000,1.0000]
    level 0: 0 / 1 cells occupied
    level 1: 0 / 4 cells occupied
    level 2: 0 / 16 cells occupied
    level 3: 0 / 64 cells occupied
    level 4: 0 / 256 cells occupied
    level 5: 0 / 1024 cells occupied
    level 6: 0 / 4096 cells occupied
    level 7: 35 / 16384 cells occupied
  Field[282] 'screen_tile' levels:7 dims:2
    bounds X:[393.7500,400.0000] Y:[389.0625,393.7500] Z:[0.0000,1.0000]
    level 0: 0 / 1 cells occupied
    level 1: 0 / 4 cells occupied
    level 2: 0 / 16 cells occupied
    level 3: 0 / 64 cells occupied
    level 4: 0 / 256 cells occupied
    level 5: 0 / 1024 cells occupied
    level 6: 0 / 4096 cells occupied
    level 7: 30 / 16384 cells occupied
  Field[283] 'screen_tile' levels:7 dims:2
    bounds X:[412.5000,418.7500] Y:[360.9375,365.6250] Z:[0.0000,1.0000]
    level 0: 0 / 1 cells occupied
    level 1: 0 / 4 cells occupied
    level 2: 0 / 16 cells occupied
    level 3: 0 / 64 cells occupied
    level 4: 0 / 256 cells occupied
    level 5: 0 / 1024 cells occupied
    level 6: 0 / 4096 cells occupied
    level 7: 35 / 16384 cells occupied
  Field[284] 'screen_tile' levels:7 dims:2
    bounds X:[381.2500,387.5000] Y:[360.9375,365.6250] Z:[0.0000,1.0000]
    level 0: 0 / 1 cells occupied
    level 1: 0 / 4 cells occupied
    level 2: 0 / 16 cells occupied
    level 3: 0 / 64 cells occupied
    level 4: 0 / 256 cells occupied
    level 5: 0 / 1024 cells occupied
    level 6: 0 / 4096 cells occupied
    level 7: 30 / 16384 cells occupied
  Field[285] 'screen_tile' levels:7 dims:2
    bounds X:[412.5000,418.7500] Y:[332.8125,337.5000] Z:[0.0000,1.0000]
    level 0: 0 / 1 cells occupied
    level 1: 0 / 4 cells occupied
    level 2: 0 / 16 cells occupied
    level 3: 0 / 64 cells occupied
    level 4: 0 / 256 cells occupied
    level 5: 0 / 1024 cells occupied
    level 6: 0 / 4096 cells occupied
    level 7: 28 / 16384 cells occupied
  Field[286] 'screen_tile' levels:7 dims:2
    bounds X:[381.2500,387.5000] Y:[332.8125,337.5000] Z:[0.0000,1.0000]
    level 0: 0 / 1 cells occupied
    level 1: 0 / 4 cells occupied
    level 2: 0 / 16 cells occupied
    level 3: 0 / 64 cells occupied
    level 4: 0 / 256 cells occupied
    level 5: 0 / 1024 cells occupied
    level 6: 0 / 4096 cells occupied
    level 7: 24 / 16384 cells occupied
  Field[287] 'screen_tile' levels:7 dims:2
    bounds X:[393.7500,400.0000] Y:[196.8750,201.5625] Z:[0.0000,1.0000]
    level 0: 0 / 1 cells occupied
    level 1: 0 / 4 cells occupied
    level 2: 0 / 16 cells occupied
    level 3: 0 / 64 cells occupied
    level 4: 0 / 256 cells occupied
    level 5: 0 / 1024 cells occupied
    level 6: 0 / 4096 cells occupied
    level 7: 30 / 16384 cells occupied
  Field[288] 'screen_tile' levels:7 dims:2
    bounds X:[400.0000,406.2500] Y:[196.8750,201.5625] Z:[0.0000,1.0000]
    level 0: 0 / 1 cells occupied
    level 1: 0 / 4 cells occupied
    level 2: 0 / 16 cells occupied
    level 3: 0 / 64 cells occupied
    level 4: 0 / 256 cells occupied
    level 5: 0 / 1024 cells occupied
    level 6: 0 / 4096 cells occupied
    level 7: 30 / 16384 cells occupied
  Field[289] 'screen_tile' levels:7 dims:2
    bounds X:[381.2500,387.5000] Y:[309.3750,314.0625] Z:[0.0000,1.0000]
    level 0: 0 / 1 cells occupied
    level 1: 0 / 4 cells occupied
    level 2: 0 / 16 cells occupied
    level 3: 0 / 64 cells occupied
    level 4: 0 / 256 cells occupied
    level 5: 0 / 1024 cells occupied
    level 6: 0 / 4096 cells occupied
    level 7: 30 / 16384 cells occupied
  Field[290] 'screen_tile' levels:7 dims:2
    bounds X:[362.5000,368.7500] Y:[201.5625,206.2500] Z:[0.0000,1.0000]
    level 0: 0 / 1 cells occupied
    level 1: 0 / 4 cells occupied
    level 2: 0 / 16 cells occupied
    level 3: 0 / 64 cells occupied
    level 4: 0 / 256 cells occupied
    level 5: 0 / 1024 cells occupied
    level 6: 0 / 4096 cells occupied
    level 7: 7 / 16384 cells occupied
  Field[291] 'screen_tile' levels:7 dims:2
    bounds X:[362.5000,368.7500] Y:[196.8750,201.5625] Z:[0.0000,1.0000]
    level 0: 0 / 1 cells occupied
    level 1: 0 / 4 cells occupied
    level 2: 0 / 16 cells occupied
    level 3: 0 / 64 cells occupied
    level 4: 0 / 256 cells occupied
    level 5: 0 / 1024 cells occupied
    level 6: 0 / 4096 cells occupied
    level 7: 20 / 16384 cells occupied
  Field[292] 'screen_tile' levels:7 dims:2
    bounds X:[368.7500,375.0000] Y:[196.8750,201.5625] Z:[0.0000,1.0000]
    level 0: 0 / 1 cells occupied
    level 1: 0 / 4 cells occupied
    level 2: 0 / 16 cells occupied
    level 3: 0 / 64 cells occupied
    level 4: 0 / 256 cells occupied
    level 5: 0 / 1024 cells occupied
    level 6: 0 / 4096 cells occupied
    level 7: 30 / 16384 cells occupied
  Field[293] 'screen_tile' levels:7 dims:2
    bounds X:[368.7500,375.0000] Y:[192.1875,196.8750] Z:[0.0000,1.0000]
    level 0: 0 / 1 cells occupied
    level 1: 0 / 4 cells occupied
    level 2: 0 / 16 cells occupied
    level 3: 0 / 64 cells occupied
    level 4: 0 / 256 cells occupied
    level 5: 0 / 1024 cells occupied
    level 6: 0 / 4096 cells occupied
    level 7: 30 / 16384 cells occupied
  Field[294] 'screen_tile' levels:7 dims:2
    bounds X:[375.0000,381.2500] Y:[192.1875,196.8750] Z:[0.0000,1.0000]
    level 0: 0 / 1 cells occupied
    level 1: 0 / 4 cells occupied
    level 2: 0 / 16 cells occupied
    level 3: 0 / 64 cells occupied
    level 4: 0 / 256 cells occupied
    level 5: 0 / 1024 cells occupied
    level 6: 0 / 4096 cells occupied
    level 7: 30 / 16384 cells occupied
  Field[295] 'screen_tile' levels:7 dims:2
    bounds X:[375.0000,381.2500] Y:[196.8750,201.5625] Z:[0.0000,1.0000]
    level 0: 0 / 1 cells occupied
    level 1: 0 / 4 cells occupied
    level 2: 0 / 16 cells occupied
    level 3: 0 / 64 cells occupied
    level 4: 0 / 256 cells occupied
    level 5: 0 / 1024 cells occupied
    level 6: 0 / 4096 cells occupied
    level 7: 30 / 16384 cells occupied
  Field[296] 'screen_tile' levels:7 dims:2
    bounds X:[381.2500,387.5000] Y:[192.1875,196.8750] Z:[0.0000,1.0000]
    level 0: 0 / 1 cells occupied
    level 1: 0 / 4 cells occupied
    level 2: 0 / 16 cells occupied
    level 3: 0 / 64 cells occupied
    level 4: 0 / 256 cells occupied
    level 5: 0 / 1024 cells occupied
    level 6: 0 / 4096 cells occupied
    level 7: 30 / 16384 cells occupied
  Field[297] 'screen_tile' levels:7 dims:2
    bounds X:[387.5000,393.7500] Y:[192.1875,196.8750] Z:[0.0000,1.0000]
    level 0: 0 / 1 cells occupied
    level 1: 0 / 4 cells occupied
    level 2: 0 / 16 cells occupied
    level 3: 0 / 64 cells occupied
    level 4: 0 / 256 cells occupied
    level 5: 0 / 1024 cells occupied
    level 6: 0 / 4096 cells occupied
    level 7: 35 / 16384 cells occupied
  Field[298] 'screen_tile' levels:7 dims:2
    bounds X:[381.2500,387.5000] Y:[196.8750,201.5625] Z:[0.0000,1.0000]
    level 0: 0 / 1 cells occupied
    level 1: 0 / 4 cells occupied
    level 2: 0 / 16 cells occupied
    level 3: 0 / 64 cells occupied
    level 4: 0 / 256 cells occupied
    level 5: 0 / 1024 cells occupied
    level 6: 0 / 4096 cells occupied
    level 7: 30 / 16384 cells occupied
  Field[299] 'screen_tile' levels:7 dims:2
    bounds X:[393.7500,400.0000] Y:[192.1875,196.8750] Z:[0.0000,1.0000]
    level 0: 0 / 1 cells occupied
    level 1: 0 / 4 cells occupied
    level 2: 0 / 16 cells occupied
    level 3: 0 / 64 cells occupied
    level 4: 0 / 256 cells occupied
    level 5: 0 / 1024 cells occupied
    level 6: 0 / 4096 cells occupied
    level 7: 30 / 16384 cells occupied
  Field[300] 'screen_tile' levels:7 dims:2
    bounds X:[400.0000,406.2500] Y:[192.1875,196.8750] Z:[0.0000,1.0000]
    level 0: 0 / 1 cells occupied
    level 1: 0 / 4 cells occupied
    level 2: 0 / 16 cells occupied
    level 3: 0 / 64 cells occupied
    level 4: 0 / 256 cells occupied
    level 5: 0 / 1024 cells occupied
    level 6: 0 / 4096 cells occupied
    level 7: 30 / 16384 cells occupied
  Field[301] 'screen_tile' levels:7 dims:2
    bounds X:[406.2500,412.5000] Y:[192.1875,196.8750] Z:[0.0000,1.0000]
    level 0: 0 / 1 cells occupied
    level 1: 0 / 4 cells occupied
    level 2: 0 / 16 cells occupied
    level 3: 0 / 64 cells occupied
    level 4: 0 / 256 cells occupied
    level 5: 0 / 1024 cells occupied
    level 6: 0 / 4096 cells occupied
    level 7: 30 / 16384 cells occupied
  Field[302] 'screen_tile' levels:7 dims:2
    bounds X:[412.5000,418.7500] Y:[192.1875,196.8750] Z:[0.0000,1.0000]
    level 0: 0 / 1 cells occupied
    level 1: 0 / 4 cells occupied
    level 2: 0 / 16 cells occupied
    level 3: 0 / 64 cells occupied
    level 4: 0 / 256 cells occupied
    level 5: 0 / 1024 cells occupied
    level 6: 0 / 4096 cells occupied
    level 7: 35 / 16384 cells occupied
  Field[303] 'screen_tile' levels:7 dims:2
    bounds X:[418.7500,425.0000] Y:[192.1875,196.8750] Z:[0.0000,1.0000]
    level 0: 0 / 1 cells occupied
    level 1: 0 / 4 cells occupied
    level 2: 0 / 16 cells occupied
    level 3: 0 / 64 cells occupied
    level 4: 0 / 256 cells occupied
    level 5: 0 / 1024 cells occupied
    level 6: 0 / 4096 cells occupied
    level 7: 30 / 16384 cells occupied
  Field[304] 'screen_tile' levels:7 dims:2
    bounds X:[425.0000,431.2500] Y:[192.1875,196.8750] Z:[0.0000,1.0000]
    level 0: 0 / 1 cells occupied
    level 1: 0 / 4 cells occupied
    level 2: 0 / 16 cells occupied
    level 3: 0 / 64 cells occupied
    level 4: 0 / 256 cells occupied
    level 5: 0 / 1024 cells occupied
    level 6: 0 / 4096 cells occupied
    level 7: 30 / 16384 cells occupied
  Field[305] 'screen_tile' levels:7 dims:2
    bounds X:[425.0000,431.2500] Y:[196.8750,201.5625] Z:[0.0000,1.0000]
    level 0: 0 / 1 cells occupied
    level 1: 0 / 4 cells occupied
    level 2: 0 / 16 cells occupied
    level 3: 0 / 64 cells occupied
    level 4: 0 / 256 cells occupied
    level 5: 0 / 1024 cells occupied
    level 6: 0 / 4096 cells occupied
    level 7: 30 / 16384 cells occupied
  Field[306] 'screen_tile' levels:7 dims:2
    bounds X:[412.5000,418.7500] Y:[196.8750,201.5625] Z:[0.0000,1.0000]
    level 0: 0 / 1 cells occupied
    level 1: 0 / 4 cells occupied
    level 2: 0 / 16 cells occupied
    level 3: 0 / 64 cells occupied
    level 4: 0 / 256 cells occupied
    level 5: 0 / 1024 cells occupied
    level 6: 0 / 4096 cells occupied
    level 7: 35 / 16384 cells occupied
  Field[307] 'screen_tile' levels:7 dims:2
    bounds X:[418.7500,425.0000] Y:[196.8750,201.5625] Z:[0.0000,1.0000]
    level 0: 0 / 1 cells occupied
    level 1: 0 / 4 cells occupied
    level 2: 0 / 16 cells occupied
    level 3: 0 / 64 cells occupied
    level 4: 0 / 256 cells occupied
    level 5: 0 / 1024 cells occupied
    level 6: 0 / 4096 cells occupied
    level 7: 30 / 16384 cells occupied
  Field[308] 'screen_tile' levels:7 dims:2
    bounds X:[431.2500,437.5000] Y:[196.8750,201.5625] Z:[0.0000,1.0000]
    level 0: 0 / 1 cells occupied
    level 1: 0 / 4 cells occupied
    level 2: 0 / 16 cells occupied
    level 3: 0 / 64 cells occupied
    level 4: 0 / 256 cells occupied
    level 5: 0 / 1024 cells occupied
    level 6: 0 / 4096 cells occupied
    level 7: 17 / 16384 cells occupied
  Field[309] 'screen_tile' levels:7 dims:2
    bounds X:[431.2500,437.5000] Y:[201.5625,206.2500] Z:[0.0000,1.0000]
    level 0: 0 / 1 cells occupied
    level 1: 0 / 4 cells occupied
    level 2: 0 / 16 cells occupied
    level 3: 0 / 64 cells occupied
    level 4: 0 / 256 cells occupied
    level 5: 0 / 1024 cells occupied
    level 6: 0 / 4096 cells occupied
    level 7: 6 / 16384 cells occupied
  Field[310] 'screen_tile' levels:7 dims:2
    bounds X:[406.2500,412.5000] Y:[196.8750,201.5625] Z:[0.0000,1.0000]
    level 0: 0 / 1 cells occupied
    level 1: 0 / 4 cells occupied
    level 2: 0 / 16 cells occupied
    level 3: 0 / 64 cells occupied
    level 4: 0 / 256 cells occupied
    level 5: 0 / 1024 cells occupied
    level 6: 0 / 4096 cells occupied
    level 7: 30 / 16384 cells occupied
  Field[311] 'screen_tile' levels:7 dims:2
    bounds X:[387.5000,393.7500] Y:[196.8750,201.5625] Z:[0.0000,1.0000]
    level 0: 0 / 1 cells occupied
    level 1: 0 / 4 cells occupied
    level 2: 0 / 16 cells occupied
    level 3: 0 / 64 cells occupied
    level 4: 0 / 256 cells occupied
    level 5: 0 / 1024 cells occupied
    level 6: 0 / 4096 cells occupied
    level 7: 35 / 16384 cells occupied
  Field[312] 'screen_tile' levels:7 dims:2
    bounds X:[431.2500,437.5000] Y:[215.6250,220.3125] Z:[0.0000,1.0000]
    level 0: 0 / 1 cells occupied
    level 1: 0 / 4 cells occupied
    level 2: 0 / 16 cells occupied
    level 3: 0 / 64 cells occupied
    level 4: 0 / 256 cells occupied
    level 5: 0 / 1024 cells occupied
    level 6: 0 / 4096 cells occupied
    level 7: 0 / 16384 cells occupied
  Field[313] 'screen_tile' levels:7 dims:2
    bounds X:[412.5000,418.7500] Y:[304.6875,309.3750] Z:[0.0000,1.0000]
    level 0: 0 / 1 cells occupied
    level 1: 0 / 4 cells occupied
    level 2: 0 / 16 cells occupied
    level 3: 0 / 64 cells occupied
    level 4: 0 / 256 cells occupied
    level 5: 0 / 1024 cells occupied
    level 6: 0 / 4096 cells occupied
    level 7: 28 / 16384 cells occupied
  Field[314] 'screen_tile' levels:7 dims:2
    bounds X:[412.5000,418.7500] Y:[276.5625,281.2500] Z:[0.0000,1.0000]
    level 0: 0 / 1 cells occupied
    level 1: 0 / 4 cells occupied
    level 2: 0 / 16 cells occupied
    level 3: 0 / 64 cells occupied
    level 4: 0 / 256 cells occupied
    level 5: 0 / 1024 cells occupied
    level 6: 0 / 4096 cells occupied
    level 7: 28 / 16384 cells occupied
  Field[315] 'screen_tile' levels:7 dims:2
    bounds X:[431.2500,437.5000] Y:[192.1875,196.8750] Z:[0.0000,1.0000]
    level 0: 0 / 1 cells occupied
    level 1: 0 / 4 cells occupied
    level 2: 0 / 16 cells occupied
    level 3: 0 / 64 cells occupied
    level 4: 0 / 256 cells occupied
    level 5: 0 / 1024 cells occupied
    level 6: 0 / 4096 cells occupied
    level 7: 30 / 16384 cells occupied
  Field[316] 'screen_tile' levels:7 dims:2
    bounds X:[362.5000,368.7500] Y:[192.1875,196.8750] Z:[0.0000,1.0000]
    level 0: 0 / 1 cells occupied
    level 1: 0 / 4 cells occupied
    level 2: 0 / 16 cells occupied
    level 3: 0 / 64 cells occupied
    level 4: 0 / 256 cells occupied
    level 5: 0 / 1024 cells occupied
    level 6: 0 / 4096 cells occupied
    level 7: 35 / 16384 cells occupied
  Field[317] 'screen_tile' levels:7 dims:2
    bounds X:[406.2500,412.5000] Y:[393.7500,398.4375] Z:[0.0000,1.0000]
    level 0: 0 / 1 cells occupied
    level 1: 0 / 4 cells occupied
    level 2: 0 / 16 cells occupied
    level 3: 0 / 64 cells occupied
    level 4: 0 / 256 cells occupied
    level 5: 0 / 1024 cells occupied
    level 6: 0 / 4096 cells occupied
    level 7: 24 / 16384 cells occupied
  Field[318] 'screen_tile' levels:7 dims:2
    bounds X:[400.0000,406.2500] Y:[393.7500,398.4375] Z:[0.0000,1.0000]
    level 0: 0 / 1 cells occupied
    level 1: 0 / 4 cells occupied
    level 2: 0 / 16 cells occupied
    level 3: 0 / 64 cells occupied
    level 4: 0 / 256 cells occupied
    level 5: 0 / 1024 cells occupied
    level 6: 0 / 4096 cells occupied
    level 7: 24 / 16384 cells occupied
  Field[319] 'screen_tile' levels:7 dims:2
    bounds X:[406.2500,412.5000] Y:[398.4375,403.1250] Z:[0.0000,1.0000]
    level 0: 0 / 1 cells occupied
    level 1: 0 / 4 cells occupied
    level 2: 0 / 16 cells occupied
    level 3: 0 / 64 cells occupied
    level 4: 0 / 256 cells occupied
    level 5: 0 / 1024 cells occupied
    level 6: 0 / 4096 cells occupied
    level 7: 30 / 16384 cells occupied
  Field[320] 'screen_tile' levels:7 dims:2
    bounds X:[400.0000,406.2500] Y:[398.4375,403.1250] Z:[0.0000,1.0000]
    level 0: 0 / 1 cells occupied
    level 1: 0 / 4 cells occupied
    level 2: 0 / 16 cells occupied
    level 3: 0 / 64 cells occupied
    level 4: 0 / 256 cells occupied
    level 5: 0 / 1024 cells occupied
    level 6: 0 / 4096 cells occupied
    level 7: 30 / 16384 cells occupied
  Field[321] 'screen_tile' levels:7 dims:2
    bounds X:[387.5000,393.7500] Y:[393.7500,398.4375] Z:[0.0000,1.0000]
    level 0: 0 / 1 cells occupied
    level 1: 0 / 4 cells occupied
    level 2: 0 / 16 cells occupied
    level 3: 0 / 64 cells occupied
    level 4: 0 / 256 cells occupied
    level 5: 0 / 1024 cells occupied
    level 6: 0 / 4096 cells occupied
    level 7: 28 / 16384 cells occupied
  Field[322] 'screen_tile' levels:7 dims:2
    bounds X:[393.7500,400.0000] Y:[393.7500,398.4375] Z:[0.0000,1.0000]
    level 0: 0 / 1 cells occupied
    level 1: 0 / 4 cells occupied
    level 2: 0 / 16 cells occupied
    level 3: 0 / 64 cells occupied
    level 4: 0 / 256 cells occupied
    level 5: 0 / 1024 cells occupied
    level 6: 0 / 4096 cells occupied
    level 7: 24 / 16384 cells occupied
  Field[323] 'screen_tile' levels:7 dims:2
    bounds X:[387.5000,393.7500] Y:[398.4375,403.1250] Z:[0.0000,1.0000]
    level 0: 0 / 1 cells occupied
    level 1: 0 / 4 cells occupied
    level 2: 0 / 16 cells occupied
    level 3: 0 / 64 cells occupied
    level 4: 0 / 256 cells occupied
    level 5: 0 / 1024 cells occupied
    level 6: 0 / 4096 cells occupied
    level 7: 35 / 16384 cells occupied
  Field[324] 'screen_tile' levels:7 dims:2
    bounds X:[393.7500,400.0000] Y:[398.4375,403.1250] Z:[0.0000,1.0000]
    level 0: 0 / 1 cells occupied
    level 1: 0 / 4 cells occupied
    level 2: 0 / 16 cells occupied
    level 3: 0 / 64 cells occupied
    level 4: 0 / 256 cells occupied
    level 5: 0 / 1024 cells occupied
    level 6: 0 / 4096 cells occupied
    level 7: 30 / 16384 cells occupied
  Field[325] 'screen_tile' levels:7 dims:2
    bounds X:[412.5000,418.7500] Y:[365.6250,370.3125] Z:[0.0000,1.0000]
    level 0: 0 / 1 cells occupied
    level 1: 0 / 4 cells occupied
    level 2: 0 / 16 cells occupied
    level 3: 0 / 64 cells occupied
    level 4: 0 / 256 cells occupied
    level 5: 0 / 1024 cells occupied
    level 6: 0 / 4096 cells occupied
    level 7: 28 / 16384 cells occupied
  Field[326] 'screen_tile' levels:7 dims:2
    bounds X:[418.7500,425.0000] Y:[365.6250,370.3125] Z:[0.0000,1.0000]
    level 0: 0 / 1 cells occupied
    level 1: 0 / 4 cells occupied
    level 2: 0 / 16 cells occupied
    level 3: 0 / 64 cells occupied
    level 4: 0 / 256 cells occupied
    level 5: 0 / 1024 cells occupied
    level 6: 0 / 4096 cells occupied
    level 7: 24 / 16384 cells occupied
  Field[327] 'screen_tile' levels:7 dims:2
    bounds X:[418.7500,425.0000] Y:[360.9375,365.6250] Z:[0.0000,1.0000]
    level 0: 0 / 1 cells occupied
    level 1: 0 / 4 cells occupied
    level 2: 0 / 16 cells occupied
    level 3: 0 / 64 cells occupied
    level 4: 0 / 256 cells occupied
    level 5: 0 / 1024 cells occupied
    level 6: 0 / 4096 cells occupied
    level 7: 30 / 16384 cells occupied
  Field[328] 'screen_tile' levels:7 dims:2
    bounds X:[418.7500,425.0000] Y:[356.2500,360.9375] Z:[0.0000,1.0000]
    level 0: 0 / 1 cells occupied
    level 1: 0 / 4 cells occupied
    level 2: 0 / 16 cells occupied
    level 3: 0 / 64 cells occupied
    level 4: 0 / 256 cells occupied
    level 5: 0 / 1024 cells occupied
    level 6: 0 / 4096 cells occupied
    level 7: 30 / 16384 cells occupied
  Field[329] 'screen_tile' levels:7 dims:2
    bounds X:[412.5000,418.7500] Y:[370.3125,375.0000] Z:[0.0000,1.0000]
    level 0: 0 / 1 cells occupied
    level 1: 0 / 4 cells occupied
    level 2: 0 / 16 cells occupied
    level 3: 0 / 64 cells occupied
    level 4: 0 / 256 cells occupied
    level 5: 0 / 1024 cells occupied
    level 6: 0 / 4096 cells occupied
    level 7: 35 / 16384 cells occupied
  Field[330] 'screen_tile' levels:7 dims:2
    bounds X:[418.7500,425.0000] Y:[370.3125,375.0000] Z:[0.0000,1.0000]
    level 0: 0 / 1 cells occupied
    level 1: 0 / 4 cells occupied
    level 2: 0 / 16 cells occupied
    level 3: 0 / 64 cells occupied
    level 4: 0 / 256 cells occupied
    level 5: 0 / 1024 cells occupied
    level 6: 0 / 4096 cells occupied
    level 7: 30 / 16384 cells occupied
  Field[331] 'screen_tile' levels:7 dims:2
    bounds X:[381.2500,387.5000] Y:[365.6250,370.3125] Z:[0.0000,1.0000]
    level 0: 0 / 1 cells occupied
    level 1: 0 / 4 cells occupied
    level 2: 0 / 16 cells occupied
    level 3: 0 / 64 cells occupied
    level 4: 0 / 256 cells occupied
    level 5: 0 / 1024 cells occupied
    level 6: 0 / 4096 cells occupied
    level 7: 24 / 16384 cells occupied
  Field[332] 'screen_tile' levels:7 dims:2
    bounds X:[381.2500,387.5000] Y:[370.3125,375.0000] Z:[0.0000,1.0000]
    level 0: 0 / 1 cells occupied
    level 1: 0 / 4 cells occupied
    level 2: 0 / 16 cells occupied
    level 3: 0 / 64 cells occupied
    level 4: 0 / 256 cells occupied
    level 5: 0 / 1024 cells occupied
    level 6: 0 / 4096 cells occupied
    level 7: 30 / 16384 cells occupied
  Field[333] 'screen_tile' levels:7 dims:2
    bounds X:[375.0000,381.2500] Y:[365.6250,370.3125] Z:[0.0000,1.0000]
    level 0: 0 / 1 cells occupied
    level 1: 0 / 4 cells occupied
    level 2: 0 / 16 cells occupied
    level 3: 0 / 64 cells occupied
    level 4: 0 / 256 cells occupied
    level 5: 0 / 1024 cells occupied
    level 6: 0 / 4096 cells occupied
    level 7: 24 / 16384 cells occupied
  Field[334] 'screen_tile' levels:7 dims:2
    bounds X:[375.0000,381.2500] Y:[360.9375,365.6250] Z:[0.0000,1.0000]
    level 0: 0 / 1 cells occupied
    level 1: 0 / 4 cells occupied
    level 2: 0 / 16 cells occupied
    level 3: 0 / 64 cells occupied
    level 4: 0 / 256 cells occupied
    level 5: 0 / 1024 cells occupied
    level 6: 0 / 4096 cells occupied
    level 7: 30 / 16384 cells occupied
  Field[335] 'screen_tile' levels:7 dims:2
    bounds X:[375.0000,381.2500] Y:[356.2500,360.9375] Z:[0.0000,1.0000]
    level 0: 0 / 1 cells occupied
    level 1: 0 / 4 cells occupied
    level 2: 0 / 16 cells occupied
    level 3: 0 / 64 cells occupied
    level 4: 0 / 256 cells occupied
    level 5: 0 / 1024 cells occupied
    level 6: 0 / 4096 cells occupied
    level 7: 30 / 16384 cells occupied
  Field[336] 'screen_tile' levels:7 dims:2
    bounds X:[393.7500,400.0000] Y:[187.5000,192.1875] Z:[0.0000,1.0000]
    level 0: 0 / 1 cells occupied
    level 1: 0 / 4 cells occupied
    level 2: 0 / 16 cells occupied
    level 3: 0 / 64 cells occupied
    level 4: 0 / 256 cells occupied
    level 5: 0 / 1024 cells occupied
    level 6: 0 / 4096 cells occupied
    level 7: 30 / 16384 cells occupied
  Field[337] 'screen_tile' levels:7 dims:2
    bounds X:[400.0000,406.2500] Y:[187.5000,192.1875] Z:[0.0000,1.0000]
    level 0: 0 / 1 cells occupied
    level 1: 0 / 4 cells occupied
    level 2: 0 / 16 cells occupied
    level 3: 0 / 64 cells occupied
    level 4: 0 / 256 cells occupied
    level 5: 0 / 1024 cells occupied
    level 6: 0 / 4096 cells occupied
    level 7: 30 / 16384 cells occupied
  Field[338] 'screen_tile' levels:7 dims:2
    bounds X:[375.0000,381.2500] Y:[332.8125,337.5000] Z:[0.0000,1.0000]
    level 0: 0 / 1 cells occupied
    level 1: 0 / 4 cells occupied
    level 2: 0 / 16 cells occupied
    level 3: 0 / 64 cells occupied
    level 4: 0 / 256 cells occupied
    level 5: 0 / 1024 cells occupied
    level 6: 0 / 4096 cells occupied
    level 7: 24 / 16384 cells occupied
  Field[339] 'screen_tile' levels:7 dims:2
    bounds X:[381.2500,387.5000] Y:[304.6875,309.3750] Z:[0.0000,1.0000]
    level 0: 0 / 1 cells occupied
    level 1: 0 / 4 cells occupied
    level 2: 0 / 16 cells occupied
    level 3: 0 / 64 cells occupied
    level 4: 0 / 256 cells occupied
    level 5: 0 / 1024 cells occupied
    level 6: 0 / 4096 cells occupied
    level 7: 24 / 16384 cells occupied
  Field[340] 'screen_tile' levels:7 dims:2
    bounds X:[381.2500,387.5000] Y:[295.3125,300.0000] Z:[0.0000,1.0000]
    level 0: 0 / 1 cells occupied
    level 1: 0 / 4 cells occupied
    level 2: 0 / 16 cells occupied
    level 3: 0 / 64 cells occupied
    level 4: 0 / 256 cells occupied
    level 5: 0 / 1024 cells occupied
    level 6: 0 / 4096 cells occupied
    level 7: 30 / 16384 cells occupied
  Field[341] 'screen_tile' levels:7 dims:2
    bounds X:[381.2500,387.5000] Y:[300.0000,304.6875] Z:[0.0000,1.0000]
    level 0: 0 / 1 cells occupied
    level 1: 0 / 4 cells occupied
    level 2: 0 / 16 cells occupied
    level 3: 0 / 64 cells occupied
    level 4: 0 / 256 cells occupied
    level 5: 0 / 1024 cells occupied
    level 6: 0 / 4096 cells occupied
    level 7: 30 / 16384 cells occupied
  Field[342] 'screen_tile' levels:7 dims:2
    bounds X:[381.2500,387.5000] Y:[276.5625,281.2500] Z:[0.0000,1.0000]
    level 0: 0 / 1 cells occupied
    level 1: 0 / 4 cells occupied
    level 2: 0 / 16 cells occupied
    level 3: 0 / 64 cells occupied
    level 4: 0 / 256 cells occupied
    level 5: 0 / 1024 cells occupied
    level 6: 0 / 4096 cells occupied
    level 7: 24 / 16384 cells occupied
  Field[343] 'screen_tile' levels:7 dims:2
    bounds X:[356.2500,362.5000] Y:[215.6250,220.3125] Z:[0.0000,1.0000]
    level 0: 0 / 1 cells occupied
    level 1: 0 / 4 cells occupied
    level 2: 0 / 16 cells occupied
    level 3: 0 / 64 cells occupied
    level 4: 0 / 256 cells occupied
    level 5: 0 / 1024 cells occupied
    level 6: 0 / 4096 cells occupied
    level 7: 0 / 16384 cells occupied
  Field[344] 'screen_tile' levels:7 dims:2
    bounds X:[356.2500,362.5000] Y:[210.9375,215.6250] Z:[0.0000,1.0000]
    level 0: 0 / 1 cells occupied
    level 1: 0 / 4 cells occupied
    level 2: 0 / 16 cells occupied
    level 3: 0 / 64 cells occupied
    level 4: 0 / 256 cells occupied
    level 5: 0 / 1024 cells occupied
    level 6: 0 / 4096 cells occupied
    level 7: 0 / 16384 cells occupied
  Field[345] 'screen_tile' levels:7 dims:2
    bounds X:[356.2500,362.5000] Y:[206.2500,210.9375] Z:[0.0000,1.0000]
    level 0: 0 / 1 cells occupied
    level 1: 0 / 4 cells occupied
    level 2: 0 / 16 cells occupied
    level 3: 0 / 64 cells occupied
    level 4: 0 / 256 cells occupied
    level 5: 0 / 1024 cells occupied
    level 6: 0 / 4096 cells occupied
    level 7: 0 / 16384 cells occupied
  Field[346] 'screen_tile' levels:7 dims:2
    bounds X:[375.0000,381.2500] Y:[337.5000,342.1875] Z:[0.0000,1.0000]
    level 0: 0 / 1 cells occupied
    level 1: 0 / 4 cells occupied
    level 2: 0 / 16 cells occupied
    level 3: 0 / 64 cells occupied
    level 4: 0 / 256 cells occupied
    level 5: 0 / 1024 cells occupied
    level 6: 0 / 4096 cells occupied
    level 7: 30 / 16384 cells occupied
  Field[347] 'screen_tile' levels:7 dims:2
    bounds X:[418.7500,425.0000] Y:[332.8125,337.5000] Z:[0.0000,1.0000]
    level 0: 0 / 1 cells occupied
    level 1: 0 / 4 cells occupied
    level 2: 0 / 16 cells occupied
    level 3: 0 / 64 cells occupied
    level 4: 0 / 256 cells occupied
    level 5: 0 / 1024 cells occupied
    level 6: 0 / 4096 cells occupied
    level 7: 24 / 16384 cells occupied
  Field[348] 'screen_tile' levels:7 dims:2
    bounds X:[418.7500,425.0000] Y:[337.5000,342.1875] Z:[0.0000,1.0000]
    level 0: 0 / 1 cells occupied
    level 1: 0 / 4 cells occupied
    level 2: 0 / 16 cells occupied
    level 3: 0 / 64 cells occupied
    level 4: 0 / 256 cells occupied
    level 5: 0 / 1024 cells occupied
    level 6: 0 / 4096 cells occupied
    level 7: 30 / 16384 cells occupied
  Field[349] 'screen_tile' levels:7 dims:2
    bounds X:[356.2500,362.5000] Y:[220.3125,225.0000] Z:[0.0000,1.0000]
    level 0: 0 / 1 cells occupied
    level 1: 0 / 4 cells occupied
    level 2: 0 / 16 cells occupied
    level 3: 0 / 64 cells occupied
    level 4: 0 / 256 cells occupied
    level 5: 0 / 1024 cells occupied
    level 6: 0 / 4096 cells occupied
    level 7: 0 / 16384 cells occupied
  Field[350] 'screen_tile' levels:7 dims:2
    bounds X:[356.2500,362.5000] Y:[201.5625,206.2500] Z:[0.0000,1.0000]
    level 0: 0 / 1 cells occupied
    level 1: 0 / 4 cells occupied
    level 2: 0 / 16 cells occupied
    level 3: 0 / 64 cells occupied
    level 4: 0 / 256 cells occupied
    level 5: 0 / 1024 cells occupied
    level 6: 0 / 4096 cells occupied
    level 7: 0 / 16384 cells occupied
  Field[351] 'screen_tile' levels:7 dims:2
    bounds X:[356.2500,362.5000] Y:[192.1875,196.8750] Z:[0.0000,1.0000]
    level 0: 0 / 1 cells occupied
    level 1: 0 / 4 cells occupied
    level 2: 0 / 16 cells occupied
    level 3: 0 / 64 cells occupied
    level 4: 0 / 256 cells occupied
    level 5: 0 / 1024 cells occupied
    level 6: 0 / 4096 cells occupied
    level 7: 29 / 16384 cells occupied
  Field[352] 'screen_tile' levels:7 dims:2
    bounds X:[356.2500,362.5000] Y:[187.5000,192.1875] Z:[0.0000,1.0000]
    level 0: 0 / 1 cells occupied
    level 1: 0 / 4 cells occupied
    level 2: 0 / 16 cells occupied
    level 3: 0 / 64 cells occupied
    level 4: 0 / 256 cells occupied
    level 5: 0 / 1024 cells occupied
    level 6: 0 / 4096 cells occupied
    level 7: 30 / 16384 cells occupied
  Field[353] 'screen_tile' levels:7 dims:2
    bounds X:[362.5000,368.7500] Y:[187.5000,192.1875] Z:[0.0000,1.0000]
    level 0: 0 / 1 cells occupied
    level 1: 0 / 4 cells occupied
    level 2: 0 / 16 cells occupied
    level 3: 0 / 64 cells occupied
    level 4: 0 / 256 cells occupied
    level 5: 0 / 1024 cells occupied
    level 6: 0 / 4096 cells occupied
    level 7: 35 / 16384 cells occupied
  Field[354] 'screen_tile' levels:7 dims:2
    bounds X:[356.2500,362.5000] Y:[196.8750,201.5625] Z:[0.0000,1.0000]
    level 0: 0 / 1 cells occupied
    level 1: 0 / 4 cells occupied
    level 2: 0 / 16 cells occupied
    level 3: 0 / 64 cells occupied
    level 4: 0 / 256 cells occupied
    level 5: 0 / 1024 cells occupied
    level 6: 0 / 4096 cells occupied
    level 7: 2 / 16384 cells occupied
  Field[355] 'screen_tile' levels:7 dims:2
    bounds X:[356.2500,362.5000] Y:[182.8125,187.5000] Z:[0.0000,1.0000]
    level 0: 0 / 1 cells occupied
    level 1: 0 / 4 cells occupied
    level 2: 0 / 16 cells occupied
    level 3: 0 / 64 cells occupied
    level 4: 0 / 256 cells occupied
    level 5: 0 / 1024 cells occupied
    level 6: 0 / 4096 cells occupied
    level 7: 24 / 16384 cells occupied
  Field[356] 'screen_tile' levels:7 dims:2
    bounds X:[362.5000,368.7500] Y:[182.8125,187.5000] Z:[0.0000,1.0000]
    level 0: 0 / 1 cells occupied
    level 1: 0 / 4 cells occupied
    level 2: 0 / 16 cells occupied
    level 3: 0 / 64 cells occupied
    level 4: 0 / 256 cells occupied
    level 5: 0 / 1024 cells occupied
    level 6: 0 / 4096 cells occupied
    level 7: 28 / 16384 cells occupied
  Field[357] 'screen_tile' levels:7 dims:2
    bounds X:[362.5000,368.7500] Y:[178.1250,182.8125] Z:[0.0000,1.0000]
    level 0: 0 / 1 cells occupied
    level 1: 0 / 4 cells occupied
    level 2: 0 / 16 cells occupied
    level 3: 0 / 64 cells occupied
    level 4: 0 / 256 cells occupied
    level 5: 0 / 1024 cells occupied
    level 6: 0 / 4096 cells occupied
    level 7: 35 / 16384 cells occupied
  Field[358] 'screen_tile' levels:7 dims:2
    bounds X:[368.7500,375.0000] Y:[178.1250,182.8125] Z:[0.0000,1.0000]
    level 0: 0 / 1 cells occupied
    level 1: 0 / 4 cells occupied
    level 2: 0 / 16 cells occupied
    level 3: 0 / 64 cells occupied
    level 4: 0 / 256 cells occupied
    level 5: 0 / 1024 cells occupied
    level 6: 0 / 4096 cells occupied
    level 7: 30 / 16384 cells occupied
  Field[359] 'screen_tile' levels:7 dims:2
    bounds X:[368.7500,375.0000] Y:[182.8125,187.5000] Z:[0.0000,1.0000]
    level 0: 0 / 1 cells occupied
    level 1: 0 / 4 cells occupied
    level 2: 0 / 16 cells occupied
    level 3: 0 / 64 cells occupied
    level 4: 0 / 256 cells occupied
    level 5: 0 / 1024 cells occupied
    level 6: 0 / 4096 cells occupied
    level 7: 24 / 16384 cells occupied
  Field[360] 'screen_tile' levels:7 dims:2
    bounds X:[375.0000,381.2500] Y:[178.1250,182.8125] Z:[0.0000,1.0000]
    level 0: 0 / 1 cells occupied
    level 1: 0 / 4 cells occupied
    level 2: 0 / 16 cells occupied
    level 3: 0 / 64 cells occupied
    level 4: 0 / 256 cells occupied
    level 5: 0 / 1024 cells occupied
    level 6: 0 / 4096 cells occupied
    level 7: 30 / 16384 cells occupied
  Field[361] 'screen_tile' levels:7 dims:2
    bounds X:[381.2500,387.5000] Y:[178.1250,182.8125] Z:[0.0000,1.0000]
    level 0: 0 / 1 cells occupied
    level 1: 0 / 4 cells occupied
    level 2: 0 / 16 cells occupied
    level 3: 0 / 64 cells occupied
    level 4: 0 / 256 cells occupied
    level 5: 0 / 1024 cells occupied
    level 6: 0 / 4096 cells occupied
    level 7: 30 / 16384 cells occupied
  Field[362] 'screen_tile' levels:7 dims:2
    bounds X:[387.5000,393.7500] Y:[178.1250,182.8125] Z:[0.0000,1.0000]
    level 0: 0 / 1 cells occupied
    level 1: 0 / 4 cells occupied
    level 2: 0 / 16 cells occupied
    level 3: 0 / 64 cells occupied
    level 4: 0 / 256 cells occupied
    level 5: 0 / 1024 cells occupied
    level 6: 0 / 4096 cells occupied
    level 7: 35 / 16384 cells occupied
  Field[363] 'screen_tile' levels:7 dims:2
    bounds X:[375.0000,381.2500] Y:[182.8125,187.5000] Z:[0.0000,1.0000]
    level 0: 0 / 1 cells occupied
    level 1: 0 / 4 cells occupied
    level 2: 0 / 16 cells occupied
    level 3: 0 / 64 cells occupied
    level 4: 0 / 256 cells occupied
    level 5: 0 / 1024 cells occupied
    level 6: 0 / 4096 cells occupied
    level 7: 24 / 16384 cells occupied
  Field[364] 'screen_tile' levels:7 dims:2
    bounds X:[393.7500,400.0000] Y:[178.1250,182.8125] Z:[0.0000,1.0000]
    level 0: 0 / 1 cells occupied
    level 1: 0 / 4 cells occupied
    level 2: 0 / 16 cells occupied
    level 3: 0 / 64 cells occupied
    level 4: 0 / 256 cells occupied
    level 5: 0 / 1024 cells occupied
    level 6: 0 / 4096 cells occupied
    level 7: 30 / 16384 cells occupied
  Field[365] 'screen_tile' levels:7 dims:2
    bounds X:[400.0000,406.2500] Y:[178.1250,182.8125] Z:[0.0000,1.0000]
    level 0: 0 / 1 cells occupied
    level 1: 0 / 4 cells occupied
    level 2: 0 / 16 cells occupied
    level 3: 0 / 64 cells occupied
    level 4: 0 / 256 cells occupied
    level 5: 0 / 1024 cells occupied
    level 6: 0 / 4096 cells occupied
    level 7: 30 / 16384 cells occupied
  Field[366] 'screen_tile' levels:7 dims:2
    bounds X:[406.2500,412.5000] Y:[178.1250,182.8125] Z:[0.0000,1.0000]
    level 0: 0 / 1 cells occupied
    level 1: 0 / 4 cells occupied
    level 2: 0 / 16 cells occupied
    level 3: 0 / 64 cells occupied
    level 4: 0 / 256 cells occupied
    level 5: 0 / 1024 cells occupied
    level 6: 0 / 4096 cells occupied
    level 7: 30 / 16384 cells occupied
  Field[367] 'screen_tile' levels:7 dims:2
    bounds X:[412.5000,418.7500] Y:[178.1250,182.8125] Z:[0.0000,1.0000]
    level 0: 0 / 1 cells occupied
    level 1: 0 / 4 cells occupied
    level 2: 0 / 16 cells occupied
    level 3: 0 / 64 cells occupied
    level 4: 0 / 256 cells occupied
    level 5: 0 / 1024 cells occupied
    level 6: 0 / 4096 cells occupied
    level 7: 35 / 16384 cells occupied
  Field[368] 'screen_tile' levels:7 dims:2
    bounds X:[418.7500,425.0000] Y:[178.1250,182.8125] Z:[0.0000,1.0000]
    level 0: 0 / 1 cells occupied
    level 1: 0 / 4 cells occupied
    level 2: 0 / 16 cells occupied
    level 3: 0 / 64 cells occupied
    level 4: 0 / 256 cells occupied
    level 5: 0 / 1024 cells occupied
    level 6: 0 / 4096 cells occupied
    level 7: 30 / 16384 cells occupied
  Field[369] 'screen_tile' levels:7 dims:2
    bounds X:[425.0000,431.2500] Y:[178.1250,182.8125] Z:[0.0000,1.0000]
    level 0: 0 / 1 cells occupied
    level 1: 0 / 4 cells occupied
    level 2: 0 / 16 cells occupied
    level 3: 0 / 64 cells occupied
    level 4: 0 / 256 cells occupied
    level 5: 0 / 1024 cells occupied
    level 6: 0 / 4096 cells occupied
    level 7: 30 / 16384 cells occupied
  Field[370] 'screen_tile' levels:7 dims:2
    bounds X:[431.2500,437.5000] Y:[178.1250,182.8125] Z:[0.0000,1.0000]
    level 0: 0 / 1 cells occupied
    level 1: 0 / 4 cells occupied
    level 2: 0 / 16 cells occupied
    level 3: 0 / 64 cells occupied
    level 4: 0 / 256 cells occupied
    level 5: 0 / 1024 cells occupied
    level 6: 0 / 4096 cells occupied
    level 7: 30 / 16384 cells occupied
  Field[371] 'screen_tile' levels:7 dims:2
    bounds X:[425.0000,431.2500] Y:[182.8125,187.5000] Z:[0.0000,1.0000]
    level 0: 0 / 1 cells occupied
    level 1: 0 / 4 cells occupied
    level 2: 0 / 16 cells occupied
    level 3: 0 / 64 cells occupied
    level 4: 0 / 256 cells occupied
    level 5: 0 / 1024 cells occupied
    level 6: 0 / 4096 cells occupied
    level 7: 24 / 16384 cells occupied
  Field[372] 'screen_tile' levels:7 dims:2
    bounds X:[431.2500,437.5000] Y:[182.8125,187.5000] Z:[0.0000,1.0000]
    level 0: 0 / 1 cells occupied
    level 1: 0 / 4 cells occupied
    level 2: 0 / 16 cells occupied
    level 3: 0 / 64 cells occupied
    level 4: 0 / 256 cells occupied
    level 5: 0 / 1024 cells occupied
    level 6: 0 / 4096 cells occupied
    level 7: 24 / 16384 cells occupied
  Field[373] 'screen_tile' levels:7 dims:2
    bounds X:[418.7500,425.0000] Y:[182.8125,187.5000] Z:[0.0000,1.0000]
    level 0: 0 / 1 cells occupied
    level 1: 0 / 4 cells occupied
    level 2: 0 / 16 cells occupied
    level 3: 0 / 64 cells occupied
    level 4: 0 / 256 cells occupied
    level 5: 0 / 1024 cells occupied
    level 6: 0 / 4096 cells occupied
    level 7: 24 / 16384 cells occupied
  Field[374] 'screen_tile' levels:7 dims:2
    bounds X:[437.5000,443.7500] Y:[182.8125,187.5000] Z:[0.0000,1.0000]
    level 0: 0 / 1 cells occupied
    level 1: 0 / 4 cells occupied
    level 2: 0 / 16 cells occupied
    level 3: 0 / 64 cells occupied
    level 4: 0 / 256 cells occupied
    level 5: 0 / 1024 cells occupied
    level 6: 0 / 4096 cells occupied
    level 7: 28 / 16384 cells occupied
  Field[375] 'screen_tile' levels:7 dims:2
    bounds X:[437.5000,443.7500] Y:[187.5000,192.1875] Z:[0.0000,1.0000]
    level 0: 0 / 1 cells occupied
    level 1: 0 / 4 cells occupied
    level 2: 0 / 16 cells occupied
    level 3: 0 / 64 cells occupied
    level 4: 0 / 256 cells occupied
    level 5: 0 / 1024 cells occupied
    level 6: 0 / 4096 cells occupied
    level 7: 35 / 16384 cells occupied
  Field[376] 'screen_tile' levels:7 dims:2
    bounds X:[431.2500,437.5000] Y:[187.5000,192.1875] Z:[0.0000,1.0000]
    level 0: 0 / 1 cells occupied
    level 1: 0 / 4 cells occupied
    level 2: 0 / 16 cells occupied
    level 3: 0 / 64 cells occupied
    level 4: 0 / 256 cells occupied
    level 5: 0 / 1024 cells occupied
    level 6: 0 / 4096 cells occupied
    level 7: 30 / 16384 cells occupied
  Field[377] 'screen_tile' levels:7 dims:2
    bounds X:[437.5000,443.7500] Y:[192.1875,196.8750] Z:[0.0000,1.0000]
    level 0: 0 / 1 cells occupied
    level 1: 0 / 4 cells occupied
    level 2: 0 / 16 cells occupied
    level 3: 0 / 64 cells occupied
    level 4: 0 / 256 cells occupied
    level 5: 0 / 1024 cells occupied
    level 6: 0 / 4096 cells occupied
    level 7: 30 / 16384 cells occupied
  Field[378] 'screen_tile' levels:7 dims:2
    bounds X:[425.0000,431.2500] Y:[187.5000,192.1875] Z:[0.0000,1.0000]
    level 0: 0 / 1 cells occupied
    level 1: 0 / 4 cells occupied
    level 2: 0 / 16 cells occupied
    level 3: 0 / 64 cells occupied
    level 4: 0 / 256 cells occupied
    level 5: 0 / 1024 cells occupied
    level 6: 0 / 4096 cells occupied
    level 7: 30 / 16384 cells occupied
  Field[379] 'screen_tile' levels:7 dims:2
    bounds X:[412.5000,418.7500] Y:[182.8125,187.5000] Z:[0.0000,1.0000]
    level 0: 0 / 1 cells occupied
    level 1: 0 / 4 cells occupied
    level 2: 0 / 16 cells occupied
    level 3: 0 / 64 cells occupied
    level 4: 0 / 256 cells occupied
    level 5: 0 / 1024 cells occupied
    level 6: 0 / 4096 cells occupied
    level 7: 28 / 16384 cells occupied
  Field[380] 'screen_tile' levels:7 dims:2
    bounds X:[406.2500,412.5000] Y:[182.8125,187.5000] Z:[0.0000,1.0000]
    level 0: 0 / 1 cells occupied
    level 1: 0 / 4 cells occupied
    level 2: 0 / 16 cells occupied
    level 3: 0 / 64 cells occupied
    level 4: 0 / 256 cells occupied
    level 5: 0 / 1024 cells occupied
    level 6: 0 / 4096 cells occupied
    level 7: 24 / 16384 cells occupied
  Field[381] 'screen_tile' levels:7 dims:2
    bounds X:[400.0000,406.2500] Y:[182.8125,187.5000] Z:[0.0000,1.0000]
    level 0: 0 / 1 cells occupied
    level 1: 0 / 4 cells occupied
    level 2: 0 / 16 cells occupied
    level 3: 0 / 64 cells occupied
    level 4: 0 / 256 cells occupied
    level 5: 0 / 1024 cells occupied
    level 6: 0 / 4096 cells occupied
    level 7: 24 / 16384 cells occupied
  Field[382] 'screen_tile' levels:7 dims:2
    bounds X:[393.7500,400.0000] Y:[182.8125,187.5000] Z:[0.0000,1.0000]
    level 0: 0 / 1 cells occupied
    level 1: 0 / 4 cells occupied
    level 2: 0 / 16 cells occupied
    level 3: 0 / 64 cells occupied
    level 4: 0 / 256 cells occupied
    level 5: 0 / 1024 cells occupied
    level 6: 0 / 4096 cells occupied
    level 7: 24 / 16384 cells occupied
  Field[383] 'screen_tile' levels:7 dims:2
    bounds X:[387.5000,393.7500] Y:[182.8125,187.5000] Z:[0.0000,1.0000]
    level 0: 0 / 1 cells occupied
    level 1: 0 / 4 cells occupied
    level 2: 0 / 16 cells occupied
    level 3: 0 / 64 cells occupied
    level 4: 0 / 256 cells occupied
    level 5: 0 / 1024 cells occupied
    level 6: 0 / 4096 cells occupied
    level 7: 28 / 16384 cells occupied
  Field[384] 'screen_tile' levels:7 dims:2
    bounds X:[381.2500,387.5000] Y:[182.8125,187.5000] Z:[0.0000,1.0000]
    level 0: 0 / 1 cells occupied
    level 1: 0 / 4 cells occupied
    level 2: 0 / 16 cells occupied
    level 3: 0 / 64 cells occupied
    level 4: 0 / 256 cells occupied
    level 5: 0 / 1024 cells occupied
    level 6: 0 / 4096 cells occupied
    level 7: 24 / 16384 cells occupied
  Field[385] 'screen_tile' levels:7 dims:2
    bounds X:[368.7500,375.0000] Y:[187.5000,192.1875] Z:[0.0000,1.0000]
    level 0: 0 / 1 cells occupied
    level 1: 0 / 4 cells occupied
    level 2: 0 / 16 cells occupied
    level 3: 0 / 64 cells occupied
    level 4: 0 / 256 cells occupied
    level 5: 0 / 1024 cells occupied
    level 6: 0 / 4096 cells occupied
    level 7: 30 / 16384 cells occupied
  Field[386] 'screen_tile' levels:7 dims:2
    bounds X:[375.0000,381.2500] Y:[187.5000,192.1875] Z:[0.0000,1.0000]
    level 0: 0 / 1 cells occupied
    level 1: 0 / 4 cells occupied
    level 2: 0 / 16 cells occupied
    level 3: 0 / 64 cells occupied
    level 4: 0 / 256 cells occupied
    level 5: 0 / 1024 cells occupied
    level 6: 0 / 4096 cells occupied
    level 7: 30 / 16384 cells occupied
  Field[387] 'screen_tile' levels:7 dims:2
    bounds X:[381.2500,387.5000] Y:[187.5000,192.1875] Z:[0.0000,1.0000]
    level 0: 0 / 1 cells occupied
    level 1: 0 / 4 cells occupied
    level 2: 0 / 16 cells occupied
    level 3: 0 / 64 cells occupied
    level 4: 0 / 256 cells occupied
    level 5: 0 / 1024 cells occupied
    level 6: 0 / 4096 cells occupied
    level 7: 30 / 16384 cells occupied
  Field[388] 'screen_tile' levels:7 dims:2
    bounds X:[387.5000,393.7500] Y:[187.5000,192.1875] Z:[0.0000,1.0000]
    level 0: 0 / 1 cells occupied
    level 1: 0 / 4 cells occupied
    level 2: 0 / 16 cells occupied
    level 3: 0 / 64 cells occupied
    level 4: 0 / 256 cells occupied
    level 5: 0 / 1024 cells occupied
    level 6: 0 / 4096 cells occupied
    level 7: 35 / 16384 cells occupied
  Field[389] 'screen_tile' levels:7 dims:2
    bounds X:[437.5000,443.7500] Y:[206.2500,210.9375] Z:[0.0000,1.0000]
    level 0: 0 / 1 cells occupied
    level 1: 0 / 4 cells occupied
    level 2: 0 / 16 cells occupied
    level 3: 0 / 64 cells occupied
    level 4: 0 / 256 cells occupied
    level 5: 0 / 1024 cells occupied
    level 6: 0 / 4096 cells occupied
    level 7: 0 / 16384 cells occupied
  Field[390] 'screen_tile' levels:7 dims:2
    bounds X:[437.5000,443.7500] Y:[201.5625,206.2500] Z:[0.0000,1.0000]
    level 0: 0 / 1 cells occupied
    level 1: 0 / 4 cells occupied
    level 2: 0 / 16 cells occupied
    level 3: 0 / 64 cells occupied
    level 4: 0 / 256 cells occupied
    level 5: 0 / 1024 cells occupied
    level 6: 0 / 4096 cells occupied
    level 7: 0 / 16384 cells occupied
  Field[391] 'screen_tile' levels:7 dims:2
    bounds X:[437.5000,443.7500] Y:[210.9375,215.6250] Z:[0.0000,1.0000]
    level 0: 0 / 1 cells occupied
    level 1: 0 / 4 cells occupied
    level 2: 0 / 16 cells occupied
    level 3: 0 / 64 cells occupied
    level 4: 0 / 256 cells occupied
    level 5: 0 / 1024 cells occupied
    level 6: 0 / 4096 cells occupied
    level 7: 0 / 16384 cells occupied
  Field[392] 'screen_tile' levels:7 dims:2
    bounds X:[437.5000,443.7500] Y:[215.6250,220.3125] Z:[0.0000,1.0000]
    level 0: 0 / 1 cells occupied
    level 1: 0 / 4 cells occupied
    level 2: 0 / 16 cells occupied
    level 3: 0 / 64 cells occupied
    level 4: 0 / 256 cells occupied
    level 5: 0 / 1024 cells occupied
    level 6: 0 / 4096 cells occupied
    level 7: 0 / 16384 cells occupied
  Field[393] 'screen_tile' levels:7 dims:2
    bounds X:[437.5000,443.7500] Y:[196.8750,201.5625] Z:[0.0000,1.0000]
    level 0: 0 / 1 cells occupied
    level 1: 0 / 4 cells occupied
    level 2: 0 / 16 cells occupied
    level 3: 0 / 64 cells occupied
    level 4: 0 / 256 cells occupied
    level 5: 0 / 1024 cells occupied
    level 6: 0 / 4096 cells occupied
    level 7: 1 / 16384 cells occupied
  Field[394] 'screen_tile' levels:7 dims:2
    bounds X:[406.2500,412.5000] Y:[187.5000,192.1875] Z:[0.0000,1.0000]
    level 0: 0 / 1 cells occupied
    level 1: 0 / 4 cells occupied
    level 2: 0 / 16 cells occupied
    level 3: 0 / 64 cells occupied
    level 4: 0 / 256 cells occupied
    level 5: 0 / 1024 cells occupied
    level 6: 0 / 4096 cells occupied
    level 7: 30 / 16384 cells occupied
  Field[395] 'screen_tile' levels:7 dims:2
    bounds X:[412.5000,418.7500] Y:[187.5000,192.1875] Z:[0.0000,1.0000]
    level 0: 0 / 1 cells occupied
    level 1: 0 / 4 cells occupied
    level 2: 0 / 16 cells occupied
    level 3: 0 / 64 cells occupied
    level 4: 0 / 256 cells occupied
    level 5: 0 / 1024 cells occupied
    level 6: 0 / 4096 cells occupied
    level 7: 35 / 16384 cells occupied
  Field[396] 'screen_tile' levels:7 dims:2
    bounds X:[418.7500,425.0000] Y:[187.5000,192.1875] Z:[0.0000,1.0000]
    level 0: 0 / 1 cells occupied
    level 1: 0 / 4 cells occupied
    level 2: 0 / 16 cells occupied
    level 3: 0 / 64 cells occupied
    level 4: 0 / 256 cells occupied
    level 5: 0 / 1024 cells occupied
    level 6: 0 / 4096 cells occupied
    level 7: 30 / 16384 cells occupied
  Field[397] 'screen_tile' levels:7 dims:2
    bounds X:[412.5000,418.7500] Y:[295.3125,300.0000] Z:[0.0000,1.0000]
    level 0: 0 / 1 cells occupied
    level 1: 0 / 4 cells occupied
    level 2: 0 / 16 cells occupied
    level 3: 0 / 64 cells occupied
    level 4: 0 / 256 cells occupied
    level 5: 0 / 1024 cells occupied
    level 6: 0 / 4096 cells occupied
    level 7: 35 / 16384 cells occupied
  Field[398] 'screen_tile' levels:7 dims:2
    bounds X:[412.5000,418.7500] Y:[300.0000,304.6875] Z:[0.0000,1.0000]
    level 0: 0 / 1 cells occupied
    level 1: 0 / 4 cells occupied
    level 2: 0 / 16 cells occupied
    level 3: 0 / 64 cells occupied
    level 4: 0 / 256 cells occupied
    level 5: 0 / 1024 cells occupied
    level 6: 0 / 4096 cells occupied
    level 7: 35 / 16384 cells occupied
  Field[399] 'screen_tile' levels:7 dims:2
    bounds X:[412.5000,418.7500] Y:[285.9375,290.6250] Z:[0.0000,1.0000]
    level 0: 0 / 1 cells occupied
    level 1: 0 / 4 cells occupied
    level 2: 0 / 16 cells occupied
    level 3: 0 / 64 cells occupied
    level 4: 0 / 256 cells occupied
    level 5: 0 / 1024 cells occupied
    level 6: 0 / 4096 cells occupied
    level 7: 35 / 16384 cells occupied
  Field[400] 'screen_tile' levels:7 dims:2
    bounds X:[412.5000,418.7500] Y:[290.6250,295.3125] Z:[0.0000,1.0000]
    level 0: 0 / 1 cells occupied
    level 1: 0 / 4 cells occupied
    level 2: 0 / 16 cells occupied
    level 3: 0 / 64 cells occupied
    level 4: 0 / 256 cells occupied
    level 5: 0 / 1024 cells occupied
    level 6: 0 / 4096 cells occupied
    level 7: 28 / 16384 cells occupied
  Field[401] 'screen_tile' levels:7 dims:2
    bounds X:[412.5000,418.7500] Y:[281.2500,285.9375] Z:[0.0000,1.0000]
    level 0: 0 / 1 cells occupied
    level 1: 0 / 4 cells occupied
    level 2: 0 / 16 cells occupied
    level 3: 0 / 64 cells occupied
    level 4: 0 / 256 cells occupied
    level 5: 0 / 1024 cells occupied
    level 6: 0 / 4096 cells occupied
    level 7: 35 / 16384 cells occupied
  Field[402] 'screen_tile' levels:7 dims:2
    bounds X:[406.2500,412.5000] Y:[407.8125,412.5000] Z:[0.0000,1.0000]
    level 0: 0 / 1 cells occupied
    level 1: 0 / 4 cells occupied
    level 2: 0 / 16 cells occupied
    level 3: 0 / 64 cells occupied
    level 4: 0 / 256 cells occupied
    level 5: 0 / 1024 cells occupied
    level 6: 0 / 4096 cells occupied
    level 7: 24 / 16384 cells occupied
  Field[403] 'screen_tile' levels:7 dims:2
    bounds X:[406.2500,412.5000] Y:[403.1250,407.8125] Z:[0.0000,1.0000]
    level 0: 0 / 1 cells occupied
    level 1: 0 / 4 cells occupied
    level 2: 0 / 16 cells occupied
    level 3: 0 / 64 cells occupied
    level 4: 0 / 256 cells occupied
    level 5: 0 / 1024 cells occupied
    level 6: 0 / 4096 cells occupied
    level 7: 30 / 16384 cells occupied
  Field[404] 'screen_tile' levels:7 dims:2
    bounds X:[400.0000,406.2500] Y:[403.1250,407.8125] Z:[0.0000,1.0000]
    level 0: 0 / 1 cells occupied
    level 1: 0 / 4 cells occupied
    level 2: 0 / 16 cells occupied
    level 3: 0 / 64 cells occupied
    level 4: 0 / 256 cells occupied
    level 5: 0 / 1024 cells occupied
    level 6: 0 / 4096 cells occupied
    level 7: 30 / 16384 cells occupied
  Field[405] 'screen_tile' levels:7 dims:2
    bounds X:[406.2500,412.5000] Y:[412.5000,417.1875] Z:[0.0000,1.0000]
    level 0: 0 / 1 cells occupied
    level 1: 0 / 4 cells occupied
    level 2: 0 / 16 cells occupied
    level 3: 0 / 64 cells occupied
    level 4: 0 / 256 cells occupied
    level 5: 0 / 1024 cells occupied
    level 6: 0 / 4096 cells occupied
    level 7: 30 / 16384 cells occupied
  Field[406] 'screen_tile' levels:7 dims:2
    bounds X:[400.0000,406.2500] Y:[407.8125,412.5000] Z:[0.0000,1.0000]
    level 0: 0 / 1 cells occupied
    level 1: 0 / 4 cells occupied
    level 2: 0 / 16 cells occupied
    level 3: 0 / 64 cells occupied
    level 4: 0 / 256 cells occupied
    level 5: 0 / 1024 cells occupied
    level 6: 0 / 4096 cells occupied
    level 7: 24 / 16384 cells occupied
  Field[407] 'screen_tile' levels:7 dims:2
    bounds X:[400.0000,406.2500] Y:[412.5000,417.1875] Z:[0.0000,1.0000]
    level 0: 0 / 1 cells occupied
    level 1: 0 / 4 cells occupied
    level 2: 0 / 16 cells occupied
    level 3: 0 / 64 cells occupied
    level 4: 0 / 256 cells occupied
    level 5: 0 / 1024 cells occupied
    level 6: 0 / 4096 cells occupied
    level 7: 30 / 16384 cells occupied
  Field[408] 'screen_tile' levels:7 dims:2
    bounds X:[387.5000,393.7500] Y:[407.8125,412.5000] Z:[0.0000,1.0000]
    level 0: 0 / 1 cells occupied
    level 1: 0 / 4 cells occupied
    level 2: 0 / 16 cells occupied
    level 3: 0 / 64 cells occupied
    level 4: 0 / 256 cells occupied
    level 5: 0 / 1024 cells occupied
    level 6: 0 / 4096 cells occupied
    level 7: 28 / 16384 cells occupied
  Field[409] 'screen_tile' levels:7 dims:2
    bounds X:[387.5000,393.7500] Y:[403.1250,407.8125] Z:[0.0000,1.0000]
    level 0: 0 / 1 cells occupied
    level 1: 0 / 4 cells occupied
    level 2: 0 / 16 cells occupied
    level 3: 0 / 64 cells occupied
    level 4: 0 / 256 cells occupied
    level 5: 0 / 1024 cells occupied
    level 6: 0 / 4096 cells occupied
    level 7: 35 / 16384 cells occupied
  Field[410] 'screen_tile' levels:7 dims:2
    bounds X:[393.7500,400.0000] Y:[403.1250,407.8125] Z:[0.0000,1.0000]
    level 0: 0 / 1 cells occupied
    level 1: 0 / 4 cells occupied
    level 2: 0 / 16 cells occupied
    level 3: 0 / 64 cells occupied
    level 4: 0 / 256 cells occupied
    level 5: 0 / 1024 cells occupied
    level 6: 0 / 4096 cells occupied
    level 7: 30 / 16384 cells occupied
  Field[411] 'screen_tile' levels:7 dims:2
    bounds X:[387.5000,393.7500] Y:[412.5000,417.1875] Z:[0.0000,1.0000]
    level 0: 0 / 1 cells occupied
    level 1: 0 / 4 cells occupied
    level 2: 0 / 16 cells occupied
    level 3: 0 / 64 cells occupied
    level 4: 0 / 256 cells occupied
    level 5: 0 / 1024 cells occupied
    level 6: 0 / 4096 cells occupied
    level 7: 35 / 16384 cells occupied
  Field[412] 'screen_tile' levels:7 dims:2
    bounds X:[393.7500,400.0000] Y:[407.8125,412.5000] Z:[0.0000,1.0000]
    level 0: 0 / 1 cells occupied
    level 1: 0 / 4 cells occupied
    level 2: 0 / 16 cells occupied
    level 3: 0 / 64 cells occupied
    level 4: 0 / 256 cells occupied
    level 5: 0 / 1024 cells occupied
    level 6: 0 / 4096 cells occupied
    level 7: 24 / 16384 cells occupied
  Field[413] 'screen_tile' levels:7 dims:2
    bounds X:[393.7500,400.0000] Y:[412.5000,417.1875] Z:[0.0000,1.0000]
    level 0: 0 / 1 cells occupied
    level 1: 0 / 4 cells occupied
    level 2: 0 / 16 cells occupied
    level 3: 0 / 64 cells occupied
    level 4: 0 / 256 cells occupied
    level 5: 0 / 1024 cells occupied
    level 6: 0 / 4096 cells occupied
    level 7: 30 / 16384 cells occupied
  Field[414] 'screen_tile' levels:7 dims:2
    bounds X:[412.5000,418.7500] Y:[375.0000,379.6875] Z:[0.0000,1.0000]
    level 0: 0 / 1 cells occupied
    level 1: 0 / 4 cells occupied
    level 2: 0 / 16 cells occupied
    level 3: 0 / 64 cells occupied
    level 4: 0 / 256 cells occupied
    level 5: 0 / 1024 cells occupied
    level 6: 0 / 4096 cells occupied
    level 7: 35 / 16384 cells occupied
  Field[415] 'screen_tile' levels:7 dims:2
    bounds X:[418.7500,425.0000] Y:[375.0000,379.6875] Z:[0.0000,1.0000]
    level 0: 0 / 1 cells occupied
    level 1: 0 / 4 cells occupied
    level 2: 0 / 16 cells occupied
    level 3: 0 / 64 cells occupied
    level 4: 0 / 256 cells occupied
    level 5: 0 / 1024 cells occupied
    level 6: 0 / 4096 cells occupied
    level 7: 28 / 16384 cells occupied
  Field[416] 'screen_tile' levels:7 dims:2
    bounds X:[412.5000,418.7500] Y:[379.6875,384.3750] Z:[0.0000,1.0000]
    level 0: 0 / 1 cells occupied
    level 1: 0 / 4 cells occupied
    level 2: 0 / 16 cells occupied
    level 3: 0 / 64 cells occupied
    level 4: 0 / 256 cells occupied
    level 5: 0 / 1024 cells occupied
    level 6: 0 / 4096 cells occupied
    level 7: 28 / 16384 cells occupied
  Field[417] 'screen_tile' levels:7 dims:2
    bounds X:[418.7500,425.0000] Y:[379.6875,384.3750] Z:[0.0000,1.0000]
    level 0: 0 / 1 cells occupied
    level 1: 0 / 4 cells occupied
    level 2: 0 / 16 cells occupied
    level 3: 0 / 64 cells occupied
    level 4: 0 / 256 cells occupied
    level 5: 0 / 1024 cells occupied
    level 6: 0 / 4096 cells occupied
    level 7: 20 / 16384 cells occupied
  Field[418] 'screen_tile' levels:7 dims:2
    bounds X:[381.2500,387.5000] Y:[375.0000,379.6875] Z:[0.0000,1.0000]
    level 0: 0 / 1 cells occupied
    level 1: 0 / 4 cells occupied
    level 2: 0 / 16 cells occupied
    level 3: 0 / 64 cells occupied
    level 4: 0 / 256 cells occupied
    level 5: 0 / 1024 cells occupied
    level 6: 0 / 4096 cells occupied
    level 7: 30 / 16384 cells occupied
  Field[419] 'screen_tile' levels:7 dims:2
    bounds X:[375.0000,381.2500] Y:[375.0000,379.6875] Z:[0.0000,1.0000]
    level 0: 0 / 1 cells occupied
    level 1: 0 / 4 cells occupied
    level 2: 0 / 16 cells occupied
    level 3: 0 / 64 cells occupied
    level 4: 0 / 256 cells occupied
    level 5: 0 / 1024 cells occupied
    level 6: 0 / 4096 cells occupied
    level 7: 28 / 16384 cells occupied
  Field[420] 'screen_tile' levels:7 dims:2
    bounds X:[381.2500,387.5000] Y:[379.6875,384.3750] Z:[0.0000,1.0000]
    level 0: 0 / 1 cells occupied
    level 1: 0 / 4 cells occupied
    level 2: 0 / 16 cells occupied
    level 3: 0 / 64 cells occupied
    level 4: 0 / 256 cells occupied
    level 5: 0 / 1024 cells occupied
    level 6: 0 / 4096 cells occupied
    level 7: 24 / 16384 cells occupied
  Field[421] 'screen_tile' levels:7 dims:2
    bounds X:[375.0000,381.2500] Y:[370.3125,375.0000] Z:[0.0000,1.0000]
    level 0: 0 / 1 cells occupied
    level 1: 0 / 4 cells occupied
    level 2: 0 / 16 cells occupied
    level 3: 0 / 64 cells occupied
    level 4: 0 / 256 cells occupied
    level 5: 0 / 1024 cells occupied
    level 6: 0 / 4096 cells occupied
    level 7: 30 / 16384 cells occupied
  Field[422] 'screen_tile' levels:7 dims:2
    bounds X:[393.7500,400.0000] Y:[159.3750,164.0625] Z:[0.0000,1.0000]
    level 0: 0 / 1 cells occupied
    level 1: 0 / 4 cells occupied
    level 2: 0 / 16 cells occupied
    level 3: 0 / 64 cells occupied
    level 4: 0 / 256 cells occupied
    level 5: 0 / 1024 cells occupied
    level 6: 0 / 4096 cells occupied
    level 7: 30 / 16384 cells occupied
  Field[423] 'screen_tile' levels:7 dims:2
    bounds X:[400.0000,406.2500] Y:[159.3750,164.0625] Z:[0.0000,1.0000]
    level 0: 0 / 1 cells occupied
    level 1: 0 / 4 cells occupied
    level 2: 0 / 16 cells occupied
    level 3: 0 / 64 cells occupied
    level 4: 0 / 256 cells occupied
    level 5: 0 / 1024 cells occupied
    level 6: 0 / 4096 cells occupied
    level 7: 30 / 16384 cells occupied
  Field[424] 'screen_tile' levels:7 dims:2
    bounds X:[393.7500,400.0000] Y:[164.0625,168.7500] Z:[0.0000,1.0000]
    level 0: 0 / 1 cells occupied
    level 1: 0 / 4 cells occupied
    level 2: 0 / 16 cells occupied
    level 3: 0 / 64 cells occupied
    level 4: 0 / 256 cells occupied
    level 5: 0 / 1024 cells occupied
    level 6: 0 / 4096 cells occupied
    level 7: 30 / 16384 cells occupied
  Field[425] 'screen_tile' levels:7 dims:2
    bounds X:[400.0000,406.2500] Y:[164.0625,168.7500] Z:[0.0000,1.0000]
    level 0: 0 / 1 cells occupied
    level 1: 0 / 4 cells occupied
    level 2: 0 / 16 cells occupied
    level 3: 0 / 64 cells occupied
    level 4: 0 / 256 cells occupied
    level 5: 0 / 1024 cells occupied
    level 6: 0 / 4096 cells occupied
    level 7: 30 / 16384 cells occupied
  Field[426] 'screen_tile' levels:7 dims:2
    bounds X:[418.7500,425.0000] Y:[342.1875,346.8750] Z:[0.0000,1.0000]
    level 0: 0 / 1 cells occupied
    level 1: 0 / 4 cells occupied
    level 2: 0 / 16 cells occupied
    level 3: 0 / 64 cells occupied
    level 4: 0 / 256 cells occupied
    level 5: 0 / 1024 cells occupied
    level 6: 0 / 4096 cells occupied
    level 7: 30 / 16384 cells occupied
  Field[427] 'screen_tile' levels:7 dims:2
    bounds X:[375.0000,381.2500] Y:[342.1875,346.8750] Z:[0.0000,1.0000]
    level 0: 0 / 1 cells occupied
    level 1: 0 / 4 cells occupied
    level 2: 0 / 16 cells occupied
    level 3: 0 / 64 cells occupied
    level 4: 0 / 256 cells occupied
    level 5: 0 / 1024 cells occupied
    level 6: 0 / 4096 cells occupied
    level 7: 30 / 16384 cells occupied
  Field[428] 'screen_tile' levels:7 dims:2
    bounds X:[368.7500,375.0000] Y:[342.1875,346.8750] Z:[0.0000,1.0000]
    level 0: 0 / 1 cells occupied
    level 1: 0 / 4 cells occupied
    level 2: 0 / 16 cells occupied
    level 3: 0 / 64 cells occupied
    level 4: 0 / 256 cells occupied
    level 5: 0 / 1024 cells occupied
    level 6: 0 / 4096 cells occupied
    level 7: 27 / 16384 cells occupied
  Field[429] 'screen_tile' levels:7 dims:2
    bounds X:[368.7500,375.0000] Y:[337.5000,342.1875] Z:[0.0000,1.0000]
    level 0: 0 / 1 cells occupied
    level 1: 0 / 4 cells occupied
    level 2: 0 / 16 cells occupied
    level 3: 0 / 64 cells occupied
    level 4: 0 / 256 cells occupied
    level 5: 0 / 1024 cells occupied
    level 6: 0 / 4096 cells occupied
    level 7: 19 / 16384 cells occupied
  Field[430] 'screen_tile' levels:7 dims:2
    bounds X:[368.7500,375.0000] Y:[332.8125,337.5000] Z:[0.0000,1.0000]
    level 0: 0 / 1 cells occupied
    level 1: 0 / 4 cells occupied
    level 2: 0 / 16 cells occupied
    level 3: 0 / 64 cells occupied
    level 4: 0 / 256 cells occupied
    level 5: 0 / 1024 cells occupied
    level 6: 0 / 4096 cells occupied
    level 7: 12 / 16384 cells occupied
  Field[431] 'screen_tile' levels:7 dims:2
    bounds X:[375.0000,381.2500] Y:[318.7500,323.4375] Z:[0.0000,1.0000]
    level 0: 0 / 1 cells occupied
    level 1: 0 / 4 cells occupied
    level 2: 0 / 16 cells occupied
    level 3: 0 / 64 cells occupied
    level 4: 0 / 256 cells occupied
    level 5: 0 / 1024 cells occupied
    level 6: 0 / 4096 cells occupied
    level 7: 24 / 16384 cells occupied
  Field[432] 'screen_tile' levels:7 dims:2
    bounds X:[381.2500,387.5000] Y:[281.2500,285.9375] Z:[0.0000,1.0000]
    level 0: 0 / 1 cells occupied
    level 1: 0 / 4 cells occupied
    level 2: 0 / 16 cells occupied
    level 3: 0 / 64 cells occupied
    level 4: 0 / 256 cells occupied
    level 5: 0 / 1024 cells occupied
    level 6: 0 / 4096 cells occupied
    level 7: 30 / 16384 cells occupied
  Field[433] 'screen_tile' levels:7 dims:2
    bounds X:[381.2500,387.5000] Y:[285.9375,290.6250] Z:[0.0000,1.0000]
    level 0: 0 / 1 cells occupied
    level 1: 0 / 4 cells occupied
    level 2: 0 / 16 cells occupied
    level 3: 0 / 64 cells occupied
    level 4: 0 / 256 cells occupied
    level 5: 0 / 1024 cells occupied
    level 6: 0 / 4096 cells occupied
    level 7: 30 / 16384 cells occupied
  Field[434] 'screen_tile' levels:7 dims:2
    bounds X:[381.2500,387.5000] Y:[290.6250,295.3125] Z:[0.0000,1.0000]
    level 0: 0 / 1 cells occupied
    level 1: 0 / 4 cells occupied
    level 2: 0 / 16 cells occupied
    level 3: 0 / 64 cells occupied
    level 4: 0 / 256 cells occupied
    level 5: 0 / 1024 cells occupied
    level 6: 0 / 4096 cells occupied
    level 7: 24 / 16384 cells occupied
  Field[435] 'screen_tile' levels:7 dims:2
    bounds X:[350.0000,356.2500] Y:[196.8750,201.5625] Z:[0.0000,1.0000]
    level 0: 0 / 1 cells occupied
    level 1: 0 / 4 cells occupied
    level 2: 0 / 16 cells occupied
    level 3: 0 / 64 cells occupied
    level 4: 0 / 256 cells occupied
    level 5: 0 / 1024 cells occupied
    level 6: 0 / 4096 cells occupied
    level 7: 0 / 16384 cells occupied
  Field[436] 'screen_tile' levels:7 dims:2
    bounds X:[350.0000,356.2500] Y:[201.5625,206.2500] Z:[0.0000,1.0000]
    level 0: 0 / 1 cells occupied
    level 1: 0 / 4 cells occupied
    level 2: 0 / 16 cells occupied
    level 3: 0 / 64 cells occupied
    level 4: 0 / 256 cells occupied
    level 5: 0 / 1024 cells occupied
    level 6: 0 / 4096 cells occupied
    level 7: 0 / 16384 cells occupied
  Field[437] 'screen_tile' levels:7 dims:2
    bounds X:[350.0000,356.2500] Y:[192.1875,196.8750] Z:[0.0000,1.0000]
    level 0: 0 / 1 cells occupied
    level 1: 0 / 4 cells occupied
    level 2: 0 / 16 cells occupied
    level 3: 0 / 64 cells occupied
    level 4: 0 / 256 cells occupied
    level 5: 0 / 1024 cells occupied
    level 6: 0 / 4096 cells occupied
    level 7: 10 / 16384 cells occupied
  Field[438] 'screen_tile' levels:7 dims:2
    bounds X:[343.7500,350.0000] Y:[192.1875,196.8750] Z:[0.0000,1.0000]
    level 0: 0 / 1 cells occupied
    level 1: 0 / 4 cells occupied
    level 2: 0 / 16 cells occupied
    level 3: 0 / 64 cells occupied
    level 4: 0 / 256 cells occupied
    level 5: 0 / 1024 cells occupied
    level 6: 0 / 4096 cells occupied
    level 7: 0 / 16384 cells occupied
  Field[439] 'screen_tile' levels:7 dims:2
    bounds X:[343.7500,350.0000] Y:[196.8750,201.5625] Z:[0.0000,1.0000]
    level 0: 0 / 1 cells occupied
    level 1: 0 / 4 cells occupied
    level 2: 0 / 16 cells occupied
    level 3: 0 / 64 cells occupied
    level 4: 0 / 256 cells occupied
    level 5: 0 / 1024 cells occupied
    level 6: 0 / 4096 cells occupied
    level 7: 0 / 16384 cells occupied
  Field[440] 'screen_tile' levels:7 dims:2
    bounds X:[343.7500,350.0000] Y:[187.5000,192.1875] Z:[0.0000,1.0000]
    level 0: 0 / 1 cells occupied
    level 1: 0 / 4 cells occupied
    level 2: 0 / 16 cells occupied
    level 3: 0 / 64 cells occupied
    level 4: 0 / 256 cells occupied
    level 5: 0 / 1024 cells occupied
    level 6: 0 / 4096 cells occupied
    level 7: 0 / 16384 cells occupied
  Field[441] 'screen_tile' levels:7 dims:2
    bounds X:[350.0000,356.2500] Y:[187.5000,192.1875] Z:[0.0000,1.0000]
    level 0: 0 / 1 cells occupied
    level 1: 0 / 4 cells occupied
    level 2: 0 / 16 cells occupied
    level 3: 0 / 64 cells occupied
    level 4: 0 / 256 cells occupied
    level 5: 0 / 1024 cells occupied
    level 6: 0 / 4096 cells occupied
    level 7: 25 / 16384 cells occupied
  Field[442] 'screen_tile' levels:7 dims:2
    bounds X:[425.0000,431.2500] Y:[342.1875,346.8750] Z:[0.0000,1.0000]
    level 0: 0 / 1 cells occupied
    level 1: 0 / 4 cells occupied
    level 2: 0 / 16 cells occupied
    level 3: 0 / 64 cells occupied
    level 4: 0 / 256 cells occupied
    level 5: 0 / 1024 cells occupied
    level 6: 0 / 4096 cells occupied
    level 7: 28 / 16384 cells occupied
  Field[443] 'screen_tile' levels:7 dims:2
    bounds X:[425.0000,431.2500] Y:[337.5000,342.1875] Z:[0.0000,1.0000]
    level 0: 0 / 1 cells occupied
    level 1: 0 / 4 cells occupied
    level 2: 0 / 16 cells occupied
    level 3: 0 / 64 cells occupied
    level 4: 0 / 256 cells occupied
    level 5: 0 / 1024 cells occupied
    level 6: 0 / 4096 cells occupied
    level 7: 20 / 16384 cells occupied
  Field[444] 'screen_tile' levels:7 dims:2
    bounds X:[350.0000,356.2500] Y:[182.8125,187.5000] Z:[0.0000,1.0000]
    level 0: 0 / 1 cells occupied
    level 1: 0 / 4 cells occupied
    level 2: 0 / 16 cells occupied
    level 3: 0 / 64 cells occupied
    level 4: 0 / 256 cells occupied
    level 5: 0 / 1024 cells occupied
    level 6: 0 / 4096 cells occupied
    level 7: 20 / 16384 cells occupied
  Field[445] 'screen_tile' levels:7 dims:2
    bounds X:[350.0000,356.2500] Y:[178.1250,182.8125] Z:[0.0000,1.0000]
    level 0: 0 / 1 cells occupied
    level 1: 0 / 4 cells occupied
    level 2: 0 / 16 cells occupied
    level 3: 0 / 64 cells occupied
    level 4: 0 / 256 cells occupied
    level 5: 0 / 1024 cells occupied
    level 6: 0 / 4096 cells occupied
    level 7: 21 / 16384 cells occupied
  Field[446] 'screen_tile' levels:7 dims:2
    bounds X:[356.2500,362.5000] Y:[178.1250,182.8125] Z:[0.0000,1.0000]
    level 0: 0 / 1 cells occupied
    level 1: 0 / 4 cells occupied
    level 2: 0 / 16 cells occupied
    level 3: 0 / 64 cells occupied
    level 4: 0 / 256 cells occupied
    level 5: 0 / 1024 cells occupied
    level 6: 0 / 4096 cells occupied
    level 7: 30 / 16384 cells occupied
  Field[447] 'screen_tile' levels:7 dims:2
    bounds X:[356.2500,362.5000] Y:[173.4375,178.1250] Z:[0.0000,1.0000]
    level 0: 0 / 1 cells occupied
    level 1: 0 / 4 cells occupied
    level 2: 0 / 16 cells occupied
    level 3: 0 / 64 cells occupied
    level 4: 0 / 256 cells occupied
    level 5: 0 / 1024 cells occupied
    level 6: 0 / 4096 cells occupied
    level 7: 30 / 16384 cells occupied
  Field[448] 'screen_tile' levels:7 dims:2
    bounds X:[350.0000,356.2500] Y:[173.4375,178.1250] Z:[0.0000,1.0000]
    level 0: 0 / 1 cells occupied
    level 1: 0 / 4 cells occupied
    level 2: 0 / 16 cells occupied
    level 3: 0 / 64 cells occupied
    level 4: 0 / 256 cells occupied
    level 5: 0 / 1024 cells occupied
    level 6: 0 / 4096 cells occupied
    level 7: 28 / 16384 cells occupied
  Field[449] 'screen_tile' levels:7 dims:2
    bounds X:[350.0000,356.2500] Y:[168.7500,173.4375] Z:[0.0000,1.0000]
    level 0: 0 / 1 cells occupied
    level 1: 0 / 4 cells occupied
    level 2: 0 / 16 cells occupied
    level 3: 0 / 64 cells occupied
    level 4: 0 / 256 cells occupied
    level 5: 0 / 1024 cells occupied
    level 6: 0 / 4096 cells occupied
    level 7: 24 / 16384 cells occupied
  Field[450] 'screen_tile' levels:7 dims:2
    bounds X:[356.2500,362.5000] Y:[168.7500,173.4375] Z:[0.0000,1.0000]
    level 0: 0 / 1 cells occupied
    level 1: 0 / 4 cells occupied
    level 2: 0 / 16 cells occupied
    level 3: 0 / 64 cells occupied
    level 4: 0 / 256 cells occupied
    level 5: 0 / 1024 cells occupied
    level 6: 0 / 4096 cells occupied
    level 7: 24 / 16384 cells occupied
  Field[451] 'screen_tile' levels:7 dims:2
    bounds X:[350.0000,356.2500] Y:[164.0625,168.7500] Z:[0.0000,1.0000]
    level 0: 0 / 1 cells occupied
    level 1: 0 / 4 cells occupied
    level 2: 0 / 16 cells occupied
    level 3: 0 / 64 cells occupied
    level 4: 0 / 256 cells occupied
    level 5: 0 / 1024 cells occupied
    level 6: 0 / 4096 cells occupied
    level 7: 30 / 16384 cells occupied
  Field[452] 'screen_tile' levels:7 dims:2
    bounds X:[356.2500,362.5000] Y:[164.0625,168.7500] Z:[0.0000,1.0000]
    level 0: 0 / 1 cells occupied
    level 1: 0 / 4 cells occupied
    level 2: 0 / 16 cells occupied
    level 3: 0 / 64 cells occupied
    level 4: 0 / 256 cells occupied
    level 5: 0 / 1024 cells occupied
    level 6: 0 / 4096 cells occupied
    level 7: 30 / 16384 cells occupied
  Field[453] 'screen_tile' levels:7 dims:2
    bounds X:[362.5000,368.7500] Y:[173.4375,178.1250] Z:[0.0000,1.0000]
    level 0: 0 / 1 cells occupied
    level 1: 0 / 4 cells occupied
    level 2: 0 / 16 cells occupied
    level 3: 0 / 64 cells occupied
    level 4: 0 / 256 cells occupied
    level 5: 0 / 1024 cells occupied
    level 6: 0 / 4096 cells occupied
    level 7: 35 / 16384 cells occupied
  Field[454] 'screen_tile' levels:7 dims:2
    bounds X:[425.0000,431.2500] Y:[332.8125,337.5000] Z:[0.0000,1.0000]
    level 0: 0 / 1 cells occupied
    level 1: 0 / 4 cells occupied
    level 2: 0 / 16 cells occupied
    level 3: 0 / 64 cells occupied
    level 4: 0 / 256 cells occupied
    level 5: 0 / 1024 cells occupied
    level 6: 0 / 4096 cells occupied
    level 7: 12 / 16384 cells occupied
  Field[455] 'screen_tile' levels:7 dims:2
    bounds X:[343.7500,350.0000] Y:[182.8125,187.5000] Z:[0.0000,1.0000]
    level 0: 0 / 1 cells occupied
    level 1: 0 / 4 cells occupied
    level 2: 0 / 16 cells occupied
    level 3: 0 / 64 cells occupied
    level 4: 0 / 256 cells occupied
    level 5: 0 / 1024 cells occupied
    level 6: 0 / 4096 cells occupied
    level 7: 0 / 16384 cells occupied
  Field[456] 'screen_tile' levels:7 dims:2
    bounds X:[362.5000,368.7500] Y:[168.7500,173.4375] Z:[0.0000,1.0000]
    level 0: 0 / 1 cells occupied
    level 1: 0 / 4 cells occupied
    level 2: 0 / 16 cells occupied
    level 3: 0 / 64 cells occupied
    level 4: 0 / 256 cells occupied
    level 5: 0 / 1024 cells occupied
    level 6: 0 / 4096 cells occupied
    level 7: 28 / 16384 cells occupied
  Field[457] 'screen_tile' levels:7 dims:2
    bounds X:[350.0000,356.2500] Y:[159.3750,164.0625] Z:[0.0000,1.0000]
    level 0: 0 / 1 cells occupied
    level 1: 0 / 4 cells occupied
    level 2: 0 / 16 cells occupied
    level 3: 0 / 64 cells occupied
    level 4: 0 / 256 cells occupied
    level 5: 0 / 1024 cells occupied
    level 6: 0 / 4096 cells occupied
    level 7: 30 / 16384 cells occupied
  Field[458] 'screen_tile' levels:7 dims:2
    bounds X:[350.0000,356.2500] Y:[154.6875,159.3750] Z:[0.0000,1.0000]
    level 0: 0 / 1 cells occupied
    level 1: 0 / 4 cells occupied
    level 2: 0 / 16 cells occupied
    level 3: 0 / 64 cells occupied
    level 4: 0 / 256 cells occupied
    level 5: 0 / 1024 cells occupied
    level 6: 0 / 4096 cells occupied
    level 7: 24 / 16384 cells occupied
  Field[459] 'screen_tile' levels:7 dims:2
    bounds X:[356.2500,362.5000] Y:[154.6875,159.3750] Z:[0.0000,1.0000]
    level 0: 0 / 1 cells occupied
    level 1: 0 / 4 cells occupied
    level 2: 0 / 16 cells occupied
    level 3: 0 / 64 cells occupied
    level 4: 0 / 256 cells occupied
    level 5: 0 / 1024 cells occupied
    level 6: 0 / 4096 cells occupied
    level 7: 24 / 16384 cells occupied
  Field[460] 'screen_tile' levels:7 dims:2
    bounds X:[356.2500,362.5000] Y:[159.3750,164.0625] Z:[0.0000,1.0000]
    level 0: 0 / 1 cells occupied
    level 1: 0 / 4 cells occupied
    level 2: 0 / 16 cells occupied
    level 3: 0 / 64 cells occupied
    level 4: 0 / 256 cells occupied
    level 5: 0 / 1024 cells occupied
    level 6: 0 / 4096 cells occupied
    level 7: 30 / 16384 cells occupied
  Field[461] 'screen_tile' levels:7 dims:2
    bounds X:[362.5000,368.7500] Y:[154.6875,159.3750] Z:[0.0000,1.0000]
    level 0: 0 / 1 cells occupied
    level 1: 0 / 4 cells occupied
    level 2: 0 / 16 cells occupied
    level 3: 0 / 64 cells occupied
    level 4: 0 / 256 cells occupied
    level 5: 0 / 1024 cells occupied
    level 6: 0 / 4096 cells occupied
    level 7: 28 / 16384 cells occupied
  Field[462] 'screen_tile' levels:7 dims:2
    bounds X:[362.5000,368.7500] Y:[150.0000,154.6875] Z:[0.0000,1.0000]
    level 0: 0 / 1 cells occupied
    level 1: 0 / 4 cells occupied
    level 2: 0 / 16 cells occupied
    level 3: 0 / 64 cells occupied
    level 4: 0 / 256 cells occupied
    level 5: 0 / 1024 cells occupied
    level 6: 0 / 4096 cells occupied
    level 7: 35 / 16384 cells occupied
  Field[463] 'screen_tile' levels:7 dims:2
    bounds X:[362.5000,368.7500] Y:[159.3750,164.0625] Z:[0.0000,1.0000]
    level 0: 0 / 1 cells occupied
    level 1: 0 / 4 cells occupied
    level 2: 0 / 16 cells occupied
    level 3: 0 / 64 cells occupied
    level 4: 0 / 256 cells occupied
    level 5: 0 / 1024 cells occupied
    level 6: 0 / 4096 cells occupied
    level 7: 35 / 16384 cells occupied
  Field[464] 'screen_tile' levels:7 dims:2
    bounds X:[368.7500,375.0000] Y:[150.0000,154.6875] Z:[0.0000,1.0000]
    level 0: 0 / 1 cells occupied
    level 1: 0 / 4 cells occupied
    level 2: 0 / 16 cells occupied
    level 3: 0 / 64 cells occupied
    level 4: 0 / 256 cells occupied
    level 5: 0 / 1024 cells occupied
    level 6: 0 / 4096 cells occupied
    level 7: 30 / 16384 cells occupied
  Field[465] 'screen_tile' levels:7 dims:2
    bounds X:[368.7500,375.0000] Y:[154.6875,159.3750] Z:[0.0000,1.0000]
    level 0: 0 / 1 cells occupied
    level 1: 0 / 4 cells occupied
    level 2: 0 / 16 cells occupied
    level 3: 0 / 64 cells occupied
    level 4: 0 / 256 cells occupied
    level 5: 0 / 1024 cells occupied
    level 6: 0 / 4096 cells occupied
    level 7: 24 / 16384 cells occupied
  Field[466] 'screen_tile' levels:7 dims:2
    bounds X:[375.0000,381.2500] Y:[150.0000,154.6875] Z:[0.0000,1.0000]
    level 0: 0 / 1 cells occupied
    level 1: 0 / 4 cells occupied
    level 2: 0 / 16 cells occupied
    level 3: 0 / 64 cells occupied
    level 4: 0 / 256 cells occupied
    level 5: 0 / 1024 cells occupied
    level 6: 0 / 4096 cells occupied
    level 7: 30 / 16384 cells occupied
  Field[467] 'screen_tile' levels:7 dims:2
    bounds X:[381.2500,387.5000] Y:[150.0000,154.6875] Z:[0.0000,1.0000]
    level 0: 0 / 1 cells occupied
    level 1: 0 / 4 cells occupied
    level 2: 0 / 16 cells occupied
    level 3: 0 / 64 cells occupied
    level 4: 0 / 256 cells occupied
    level 5: 0 / 1024 cells occupied
    level 6: 0 / 4096 cells occupied
    level 7: 30 / 16384 cells occupied
  Field[468] 'screen_tile' levels:7 dims:2
    bounds X:[387.5000,393.7500] Y:[150.0000,154.6875] Z:[0.0000,1.0000]
    level 0: 0 / 1 cells occupied
    level 1: 0 / 4 cells occupied
    level 2: 0 / 16 cells occupied
    level 3: 0 / 64 cells occupied
    level 4: 0 / 256 cells occupied
    level 5: 0 / 1024 cells occupied
    level 6: 0 / 4096 cells occupied
    level 7: 35 / 16384 cells occupied
  Field[469] 'screen_tile' levels:7 dims:2
    bounds X:[375.0000,381.2500] Y:[154.6875,159.3750] Z:[0.0000,1.0000]
    level 0: 0 / 1 cells occupied
    level 1: 0 / 4 cells occupied
    level 2: 0 / 16 cells occupied
    level 3: 0 / 64 cells occupied
    level 4: 0 / 256 cells occupied
    level 5: 0 / 1024 cells occupied
    level 6: 0 / 4096 cells occupied
    level 7: 24 / 16384 cells occupied
  Field[470] 'screen_tile' levels:7 dims:2
    bounds X:[393.7500,400.0000] Y:[150.0000,154.6875] Z:[0.0000,1.0000]
    level 0: 0 / 1 cells occupied
    level 1: 0 / 4 cells occupied
    level 2: 0 / 16 cells occupied
    level 3: 0 / 64 cells occupied
    level 4: 0 / 256 cells occupied
    level 5: 0 / 1024 cells occupied
    level 6: 0 / 4096 cells occupied
    level 7: 30 / 16384 cells occupied
  Field[471] 'screen_tile' levels:7 dims:2
    bounds X:[381.2500,387.5000] Y:[154.6875,159.3750] Z:[0.0000,1.0000]
    level 0: 0 / 1 cells occupied
    level 1: 0 / 4 cells occupied
    level 2: 0 / 16 cells occupied
    level 3: 0 / 64 cells occupied
    level 4: 0 / 256 cells occupied
    level 5: 0 / 1024 cells occupied
    level 6: 0 / 4096 cells occupied
    level 7: 24 / 16384 cells occupied
  Field[472] 'screen_tile' levels:7 dims:2
    bounds X:[400.0000,406.2500] Y:[150.0000,154.6875] Z:[0.0000,1.0000]
    level 0: 0 / 1 cells occupied
    level 1: 0 / 4 cells occupied
    level 2: 0 / 16 cells occupied
    level 3: 0 / 64 cells occupied
    level 4: 0 / 256 cells occupied
    level 5: 0 / 1024 cells occupied
    level 6: 0 / 4096 cells occupied
    level 7: 30 / 16384 cells occupied
  Field[473] 'screen_tile' levels:7 dims:2
    bounds X:[406.2500,412.5000] Y:[150.0000,154.6875] Z:[0.0000,1.0000]
    level 0: 0 / 1 cells occupied
    level 1: 0 / 4 cells occupied
    level 2: 0 / 16 cells occupied
    level 3: 0 / 64 cells occupied
    level 4: 0 / 256 cells occupied
    level 5: 0 / 1024 cells occupied
    level 6: 0 / 4096 cells occupied
    level 7: 30 / 16384 cells occupied
  Field[474] 'screen_tile' levels:7 dims:2
    bounds X:[412.5000,418.7500] Y:[150.0000,154.6875] Z:[0.0000,1.0000]
    level 0: 0 / 1 cells occupied
    level 1: 0 / 4 cells occupied
    level 2: 0 / 16 cells occupied
    level 3: 0 / 64 cells occupied
    level 4: 0 / 256 cells occupied
    level 5: 0 / 1024 cells occupied
    level 6: 0 / 4096 cells occupied
    level 7: 35 / 16384 cells occupied
  Field[475] 'screen_tile' levels:7 dims:2
    bounds X:[418.7500,425.0000] Y:[150.0000,154.6875] Z:[0.0000,1.0000]
    level 0: 0 / 1 cells occupied
    level 1: 0 / 4 cells occupied
    level 2: 0 / 16 cells occupied
    level 3: 0 / 64 cells occupied
    level 4: 0 / 256 cells occupied
    level 5: 0 / 1024 cells occupied
    level 6: 0 / 4096 cells occupied
    level 7: 30 / 16384 cells occupied
  Field[476] 'screen_tile' levels:7 dims:2
    bounds X:[425.0000,431.2500] Y:[150.0000,154.6875] Z:[0.0000,1.0000]
    level 0: 0 / 1 cells occupied
    level 1: 0 / 4 cells occupied
    level 2: 0 / 16 cells occupied
    level 3: 0 / 64 cells occupied
    level 4: 0 / 256 cells occupied
    level 5: 0 / 1024 cells occupied
    level 6: 0 / 4096 cells occupied
    level 7: 30 / 16384 cells occupied
  Field[477] 'screen_tile' levels:7 dims:2
    bounds X:[431.2500,437.5000] Y:[150.0000,154.6875] Z:[0.0000,1.0000]
    level 0: 0 / 1 cells occupied
    level 1: 0 / 4 cells occupied
    level 2: 0 / 16 cells occupied
    level 3: 0 / 64 cells occupied
    level 4: 0 / 256 cells occupied
    level 5: 0 / 1024 cells occupied
    level 6: 0 / 4096 cells occupied
    level 7: 30 / 16384 cells occupied
  Field[478] 'screen_tile' levels:7 dims:2
    bounds X:[431.2500,437.5000] Y:[154.6875,159.3750] Z:[0.0000,1.0000]
    level 0: 0 / 1 cells occupied
    level 1: 0 / 4 cells occupied
    level 2: 0 / 16 cells occupied
    level 3: 0 / 64 cells occupied
    level 4: 0 / 256 cells occupied
    level 5: 0 / 1024 cells occupied
    level 6: 0 / 4096 cells occupied
    level 7: 24 / 16384 cells occupied
  Field[479] 'screen_tile' levels:7 dims:2
    bounds X:[412.5000,418.7500] Y:[154.6875,159.3750] Z:[0.0000,1.0000]
    level 0: 0 / 1 cells occupied
    level 1: 0 / 4 cells occupied
    level 2: 0 / 16 cells occupied
    level 3: 0 / 64 cells occupied
    level 4: 0 / 256 cells occupied
    level 5: 0 / 1024 cells occupied
    level 6: 0 / 4096 cells occupied
    level 7: 28 / 16384 cells occupied
  Field[480] 'screen_tile' levels:7 dims:2
    bounds X:[418.7500,425.0000] Y:[154.6875,159.3750] Z:[0.0000,1.0000]
    level 0: 0 / 1 cells occupied
    level 1: 0 / 4 cells occupied
    level 2: 0 / 16 cells occupied
    level 3: 0 / 64 cells occupied
    level 4: 0 / 256 cells occupied
    level 5: 0 / 1024 cells occupied
    level 6: 0 / 4096 cells occupied
    level 7: 24 / 16384 cells occupied
  Field[481] 'screen_tile' levels:7 dims:2
    bounds X:[425.0000,431.2500] Y:[154.6875,159.3750] Z:[0.0000,1.0000]
    level 0: 0 / 1 cells occupied
    level 1: 0 / 4 cells occupied
    level 2: 0 / 16 cells occupied
    level 3: 0 / 64 cells occupied
    level 4: 0 / 256 cells occupied
    level 5: 0 / 1024 cells occupied
    level 6: 0 / 4096 cells occupied
    level 7: 24 / 16384 cells occupied
  Field[482] 'screen_tile' levels:7 dims:2
    bounds X:[437.5000,443.7500] Y:[154.6875,159.3750] Z:[0.0000,1.0000]
    level 0: 0 / 1 cells occupied
    level 1: 0 / 4 cells occupied
    level 2: 0 / 16 cells occupied
    level 3: 0 / 64 cells occupied
    level 4: 0 / 256 cells occupied
    level 5: 0 / 1024 cells occupied
    level 6: 0 / 4096 cells occupied
    level 7: 28 / 16384 cells occupied
  Field[483] 'screen_tile' levels:7 dims:2
    bounds X:[443.7500,450.0000] Y:[154.6875,159.3750] Z:[0.0000,1.0000]
    level 0: 0 / 1 cells occupied
    level 1: 0 / 4 cells occupied
    level 2: 0 / 16 cells occupied
    level 3: 0 / 64 cells occupied
    level 4: 0 / 256 cells occupied
    level 5: 0 / 1024 cells occupied
    level 6: 0 / 4096 cells occupied
    level 7: 24 / 16384 cells occupied
  Field[484] 'screen_tile' levels:7 dims:2
    bounds X:[437.5000,443.7500] Y:[159.3750,164.0625] Z:[0.0000,1.0000]
    level 0: 0 / 1 cells occupied
    level 1: 0 / 4 cells occupied
    level 2: 0 / 16 cells occupied
    level 3: 0 / 64 cells occupied
    level 4: 0 / 256 cells occupied
    level 5: 0 / 1024 cells occupied
    level 6: 0 / 4096 cells occupied
    level 7: 35 / 16384 cells occupied
  Field[485] 'screen_tile' levels:7 dims:2
    bounds X:[443.7500,450.0000] Y:[159.3750,164.0625] Z:[0.0000,1.0000]
    level 0: 0 / 1 cells occupied
    level 1: 0 / 4 cells occupied
    level 2: 0 / 16 cells occupied
    level 3: 0 / 64 cells occupied
    level 4: 0 / 256 cells occupied
    level 5: 0 / 1024 cells occupied
    level 6: 0 / 4096 cells occupied
    level 7: 30 / 16384 cells occupied
  Field[486] 'screen_tile' levels:7 dims:2
    bounds X:[431.2500,437.5000] Y:[159.3750,164.0625] Z:[0.0000,1.0000]
    level 0: 0 / 1 cells occupied
    level 1: 0 / 4 cells occupied
    level 2: 0 / 16 cells occupied
    level 3: 0 / 64 cells occupied
    level 4: 0 / 256 cells occupied
    level 5: 0 / 1024 cells occupied
    level 6: 0 / 4096 cells occupied
    level 7: 30 / 16384 cells occupied
  Field[487] 'screen_tile' levels:7 dims:2
    bounds X:[443.7500,450.0000] Y:[164.0625,168.7500] Z:[0.0000,1.0000]
    level 0: 0 / 1 cells occupied
    level 1: 0 / 4 cells occupied
    level 2: 0 / 16 cells occupied
    level 3: 0 / 64 cells occupied
    level 4: 0 / 256 cells occupied
    level 5: 0 / 1024 cells occupied
    level 6: 0 / 4096 cells occupied
    level 7: 30 / 16384 cells occupied
  Field[488] 'screen_tile' levels:7 dims:2
    bounds X:[437.5000,443.7500] Y:[164.0625,168.7500] Z:[0.0000,1.0000]
    level 0: 0 / 1 cells occupied
    level 1: 0 / 4 cells occupied
    level 2: 0 / 16 cells occupied
    level 3: 0 / 64 cells occupied
    level 4: 0 / 256 cells occupied
    level 5: 0 / 1024 cells occupied
    level 6: 0 / 4096 cells occupied
    level 7: 35 / 16384 cells occupied
  Field[489] 'screen_tile' levels:7 dims:2
    bounds X:[437.5000,443.7500] Y:[168.7500,173.4375] Z:[0.0000,1.0000]
    level 0: 0 / 1 cells occupied
    level 1: 0 / 4 cells occupied
    level 2: 0 / 16 cells occupied
    level 3: 0 / 64 cells occupied
    level 4: 0 / 256 cells occupied
    level 5: 0 / 1024 cells occupied
    level 6: 0 / 4096 cells occupied
    level 7: 28 / 16384 cells occupied
  Field[490] 'screen_tile' levels:7 dims:2
    bounds X:[443.7500,450.0000] Y:[168.7500,173.4375] Z:[0.0000,1.0000]
    level 0: 0 / 1 cells occupied
    level 1: 0 / 4 cells occupied
    level 2: 0 / 16 cells occupied
    level 3: 0 / 64 cells occupied
    level 4: 0 / 256 cells occupied
    level 5: 0 / 1024 cells occupied
    level 6: 0 / 4096 cells occupied
    level 7: 24 / 16384 cells occupied
  Field[491] 'screen_tile' levels:7 dims:2
    bounds X:[431.2500,437.5000] Y:[168.7500,173.4375] Z:[0.0000,1.0000]
    level 0: 0 / 1 cells occupied
    level 1: 0 / 4 cells occupied
    level 2: 0 / 16 cells occupied
    level 3: 0 / 64 cells occupied
    level 4: 0 / 256 cells occupied
    level 5: 0 / 1024 cells occupied
    level 6: 0 / 4096 cells occupied
    level 7: 24 / 16384 cells occupied
  Field[492] 'screen_tile' levels:7 dims:2
    bounds X:[431.2500,437.5000] Y:[173.4375,178.1250] Z:[0.0000,1.0000]
    level 0: 0 / 1 cells occupied
    level 1: 0 / 4 cells occupied
    level 2: 0 / 16 cells occupied
    level 3: 0 / 64 cells occupied
    level 4: 0 / 256 cells occupied
    level 5: 0 / 1024 cells occupied
    level 6: 0 / 4096 cells occupied
    level 7: 30 / 16384 cells occupied
  Field[493] 'screen_tile' levels:7 dims:2
    bounds X:[425.0000,431.2500] Y:[173.4375,178.1250] Z:[0.0000,1.0000]
    level 0: 0 / 1 cells occupied
    level 1: 0 / 4 cells occupied
    level 2: 0 / 16 cells occupied
    level 3: 0 / 64 cells occupied
    level 4: 0 / 256 cells occupied
    level 5: 0 / 1024 cells occupied
    level 6: 0 / 4096 cells occupied
    level 7: 30 / 16384 cells occupied
  Field[494] 'screen_tile' levels:7 dims:2
    bounds X:[437.5000,443.7500] Y:[173.4375,178.1250] Z:[0.0000,1.0000]
    level 0: 0 / 1 cells occupied
    level 1: 0 / 4 cells occupied
    level 2: 0 / 16 cells occupied
    level 3: 0 / 64 cells occupied
    level 4: 0 / 256 cells occupied
    level 5: 0 / 1024 cells occupied
    level 6: 0 / 4096 cells occupied
    level 7: 35 / 16384 cells occupied
  Field[495] 'screen_tile' levels:7 dims:2
    bounds X:[418.7500,425.0000] Y:[173.4375,178.1250] Z:[0.0000,1.0000]
    level 0: 0 / 1 cells occupied
    level 1: 0 / 4 cells occupied
    level 2: 0 / 16 cells occupied
    level 3: 0 / 64 cells occupied
    level 4: 0 / 256 cells occupied
    level 5: 0 / 1024 cells occupied
    level 6: 0 / 4096 cells occupied
    level 7: 30 / 16384 cells occupied
  Field[496] 'screen_tile' levels:7 dims:2
    bounds X:[412.5000,418.7500] Y:[173.4375,178.1250] Z:[0.0000,1.0000]
    level 0: 0 / 1 cells occupied
    level 1: 0 / 4 cells occupied
    level 2: 0 / 16 cells occupied
    level 3: 0 / 64 cells occupied
    level 4: 0 / 256 cells occupied
    level 5: 0 / 1024 cells occupied
    level 6: 0 / 4096 cells occupied
    level 7: 35 / 16384 cells occupied
  Field[497] 'screen_tile' levels:7 dims:2
    bounds X:[406.2500,412.5000] Y:[173.4375,178.1250] Z:[0.0000,1.0000]
    level 0: 0 / 1 cells occupied
    level 1: 0 / 4 cells occupied
    level 2: 0 / 16 cells occupied
    level 3: 0 / 64 cells occupied
    level 4: 0 / 256 cells occupied
    level 5: 0 / 1024 cells occupied
    level 6: 0 / 4096 cells occupied
    level 7: 30 / 16384 cells occupied
  Field[498] 'screen_tile' levels:7 dims:2
    bounds X:[400.0000,406.2500] Y:[173.4375,178.1250] Z:[0.0000,1.0000]
    level 0: 0 / 1 cells occupied
    level 1: 0 / 4 cells occupied
    level 2: 0 / 16 cells occupied
    level 3: 0 / 64 cells occupied
    level 4: 0 / 256 cells occupied
    level 5: 0 / 1024 cells occupied
    level 6: 0 / 4096 cells occupied
    level 7: 30 / 16384 cells occupied
  Field[499] 'screen_tile' levels:7 dims:2
    bounds X:[393.7500,400.0000] Y:[173.4375,178.1250] Z:[0.0000,1.0000]
    level 0: 0 / 1 cells occupied
    level 1: 0 / 4 cells occupied
    level 2: 0 / 16 cells occupied
    level 3: 0 / 64 cells occupied
    level 4: 0 / 256 cells occupied
    level 5: 0 / 1024 cells occupied
    level 6: 0 / 4096 cells occupied
    level 7: 30 / 16384 cells occupied
  Field[500] 'screen_tile' levels:7 dims:2
    bounds X:[387.5000,393.7500] Y:[173.4375,178.1250] Z:[0.0000,1.0000]
    level 0: 0 / 1 cells occupied
    level 1: 0 / 4 cells occupied
    level 2: 0 / 16 cells occupied
    level 3: 0 / 64 cells occupied
    level 4: 0 / 256 cells occupied
    level 5: 0 / 1024 cells occupied
    level 6: 0 / 4096 cells occupied
    level 7: 35 / 16384 cells occupied
  Field[501] 'screen_tile' levels:7 dims:2
    bounds X:[381.2500,387.5000] Y:[173.4375,178.1250] Z:[0.0000,1.0000]
    level 0: 0 / 1 cells occupied
    level 1: 0 / 4 cells occupied
    level 2: 0 / 16 cells occupied
    level 3: 0 / 64 cells occupied
    level 4: 0 / 256 cells occupied
    level 5: 0 / 1024 cells occupied
    level 6: 0 / 4096 cells occupied
    level 7: 30 / 16384 cells occupied
  Field[502] 'screen_tile' levels:7 dims:2
    bounds X:[375.0000,381.2500] Y:[173.4375,178.1250] Z:[0.0000,1.0000]
    level 0: 0 / 1 cells occupied
    level 1: 0 / 4 cells occupied
    level 2: 0 / 16 cells occupied
    level 3: 0 / 64 cells occupied
    level 4: 0 / 256 cells occupied
    level 5: 0 / 1024 cells occupied
    level 6: 0 / 4096 cells occupied
    level 7: 30 / 16384 cells occupied
  Field[503] 'screen_tile' levels:7 dims:2
    bounds X:[368.7500,375.0000] Y:[173.4375,178.1250] Z:[0.0000,1.0000]
    level 0: 0 / 1 cells occupied
    level 1: 0 / 4 cells occupied
    level 2: 0 / 16 cells occupied
    level 3: 0 / 64 cells occupied
    level 4: 0 / 256 cells occupied
    level 5: 0 / 1024 cells occupied
    level 6: 0 / 4096 cells occupied
    level 7: 30 / 16384 cells occupied
  Field[504] 'screen_tile' levels:7 dims:2
    bounds X:[443.7500,450.0000] Y:[173.4375,178.1250] Z:[0.0000,1.0000]
    level 0: 0 / 1 cells occupied
    level 1: 0 / 4 cells occupied
    level 2: 0 / 16 cells occupied
    level 3: 0 / 64 cells occupied
    level 4: 0 / 256 cells occupied
    level 5: 0 / 1024 cells occupied
    level 6: 0 / 4096 cells occupied
    level 7: 24 / 16384 cells occupied
  Field[505] 'screen_tile' levels:7 dims:2
    bounds X:[425.0000,431.2500] Y:[159.3750,164.0625] Z:[0.0000,1.0000]
    level 0: 0 / 1 cells occupied
    level 1: 0 / 4 cells occupied
    level 2: 0 / 16 cells occupied
    level 3: 0 / 64 cells occupied
    level 4: 0 / 256 cells occupied
    level 5: 0 / 1024 cells occupied
    level 6: 0 / 4096 cells occupied
    level 7: 30 / 16384 cells occupied
  Field[506] 'screen_tile' levels:7 dims:2
    bounds X:[406.2500,412.5000] Y:[154.6875,159.3750] Z:[0.0000,1.0000]
    level 0: 0 / 1 cells occupied
    level 1: 0 / 4 cells occupied
    level 2: 0 / 16 cells occupied
    level 3: 0 / 64 cells occupied
    level 4: 0 / 256 cells occupied
    level 5: 0 / 1024 cells occupied
    level 6: 0 / 4096 cells occupied
    level 7: 24 / 16384 cells occupied
  Field[507] 'screen_tile' levels:7 dims:2
    bounds X:[393.7500,400.0000] Y:[154.6875,159.3750] Z:[0.0000,1.0000]
    level 0: 0 / 1 cells occupied
    level 1: 0 / 4 cells occupied
    level 2: 0 / 16 cells occupied
    level 3: 0 / 64 cells occupied
    level 4: 0 / 256 cells occupied
    level 5: 0 / 1024 cells occupied
    level 6: 0 / 4096 cells occupied
    level 7: 24 / 16384 cells occupied
  Field[508] 'screen_tile' levels:7 dims:2
    bounds X:[400.0000,406.2500] Y:[154.6875,159.3750] Z:[0.0000,1.0000]
    level 0: 0 / 1 cells occupied
    level 1: 0 / 4 cells occupied
    level 2: 0 / 16 cells occupied
    level 3: 0 / 64 cells occupied
    level 4: 0 / 256 cells occupied
    level 5: 0 / 1024 cells occupied
    level 6: 0 / 4096 cells occupied
    level 7: 24 / 16384 cells occupied
  Field[509] 'screen_tile' levels:7 dims:2
    bounds X:[387.5000,393.7500] Y:[154.6875,159.3750] Z:[0.0000,1.0000]
    level 0: 0 / 1 cells occupied
    level 1: 0 / 4 cells occupied
    level 2: 0 / 16 cells occupied
    level 3: 0 / 64 cells occupied
    level 4: 0 / 256 cells occupied
    level 5: 0 / 1024 cells occupied
    level 6: 0 / 4096 cells occupied
    level 7: 28 / 16384 cells occupied
  Field[510] 'screen_tile' levels:7 dims:2
    bounds X:[368.7500,375.0000] Y:[159.3750,164.0625] Z:[0.0000,1.0000]
    level 0: 0 / 1 cells occupied
    level 1: 0 / 4 cells occupied
    level 2: 0 / 16 cells occupied
    level 3: 0 / 64 cells occupied
    level 4: 0 / 256 cells occupied
    level 5: 0 / 1024 cells occupied
    level 6: 0 / 4096 cells occupied
    level 7: 30 / 16384 cells occupied
  Field[511] 'screen_tile' levels:7 dims:2
    bounds X:[362.5000,368.7500] Y:[164.0625,168.7500] Z:[0.0000,1.0000]
    level 0: 0 / 1 cells occupied
    level 1: 0 / 4 cells occupied
    level 2: 0 / 16 cells occupied
    level 3: 0 / 64 cells occupied
    level 4: 0 / 256 cells occupied
    level 5: 0 / 1024 cells occupied
    level 6: 0 / 4096 cells occupied
    level 7: 35 / 16384 cells occupied
  Field[512] 'screen_tile' levels:7 dims:2
    bounds X:[368.7500,375.0000] Y:[164.0625,168.7500] Z:[0.0000,1.0000]
    level 0: 0 / 1 cells occupied
    level 1: 0 / 4 cells occupied
    level 2: 0 / 16 cells occupied
    level 3: 0 / 64 cells occupied
    level 4: 0 / 256 cells occupied
    level 5: 0 / 1024 cells occupied
    level 6: 0 / 4096 cells occupied
    level 7: 30 / 16384 cells occupied
  Field[513] 'screen_tile' levels:7 dims:2
    bounds X:[368.7500,375.0000] Y:[168.7500,173.4375] Z:[0.0000,1.0000]
    level 0: 0 / 1 cells occupied
    level 1: 0 / 4 cells occupied
    level 2: 0 / 16 cells occupied
    level 3: 0 / 64 cells occupied
    level 4: 0 / 256 cells occupied
    level 5: 0 / 1024 cells occupied
    level 6: 0 / 4096 cells occupied
    level 7: 24 / 16384 cells occupied
  Field[514] 'screen_tile' levels:7 dims:2
    bounds X:[375.0000,381.2500] Y:[168.7500,173.4375] Z:[0.0000,1.0000]
    level 0: 0 / 1 cells occupied
    level 1: 0 / 4 cells occupied
    level 2: 0 / 16 cells occupied
    level 3: 0 / 64 cells occupied
    level 4: 0 / 256 cells occupied
    level 5: 0 / 1024 cells occupied
    level 6: 0 / 4096 cells occupied
    level 7: 24 / 16384 cells occupied
  Field[515] 'screen_tile' levels:7 dims:2
    bounds X:[375.0000,381.2500] Y:[164.0625,168.7500] Z:[0.0000,1.0000]
    level 0: 0 / 1 cells occupied
    level 1: 0 / 4 cells occupied
    level 2: 0 / 16 cells occupied
    level 3: 0 / 64 cells occupied
    level 4: 0 / 256 cells occupied
    level 5: 0 / 1024 cells occupied
    level 6: 0 / 4096 cells occupied
    level 7: 30 / 16384 cells occupied
  Field[516] 'screen_tile' levels:7 dims:2
    bounds X:[381.2500,387.5000] Y:[168.7500,173.4375] Z:[0.0000,1.0000]
    level 0: 0 / 1 cells occupied
    level 1: 0 / 4 cells occupied
    level 2: 0 / 16 cells occupied
    level 3: 0 / 64 cells occupied
    level 4: 0 / 256 cells occupied
    level 5: 0 / 1024 cells occupied
    level 6: 0 / 4096 cells occupied
    level 7: 24 / 16384 cells occupied
  Field[517] 'screen_tile' levels:7 dims:2
    bounds X:[387.5000,393.7500] Y:[168.7500,173.4375] Z:[0.0000,1.0000]
    level 0: 0 / 1 cells occupied
    level 1: 0 / 4 cells occupied
    level 2: 0 / 16 cells occupied
    level 3: 0 / 64 cells occupied
    level 4: 0 / 256 cells occupied
    level 5: 0 / 1024 cells occupied
    level 6: 0 / 4096 cells occupied
    level 7: 28 / 16384 cells occupied
  Field[518] 'screen_tile' levels:7 dims:2
    bounds X:[393.7500,400.0000] Y:[168.7500,173.4375] Z:[0.0000,1.0000]
    level 0: 0 / 1 cells occupied
    level 1: 0 / 4 cells occupied
    level 2: 0 / 16 cells occupied
    level 3: 0 / 64 cells occupied
    level 4: 0 / 256 cells occupied
    level 5: 0 / 1024 cells occupied
    level 6: 0 / 4096 cells occupied
    level 7: 24 / 16384 cells occupied
  Field[519] 'screen_tile' levels:7 dims:2
    bounds X:[400.0000,406.2500] Y:[168.7500,173.4375] Z:[0.0000,1.0000]
    level 0: 0 / 1 cells occupied
    level 1: 0 / 4 cells occupied
    level 2: 0 / 16 cells occupied
    level 3: 0 / 64 cells occupied
    level 4: 0 / 256 cells occupied
    level 5: 0 / 1024 cells occupied
    level 6: 0 / 4096 cells occupied
    level 7: 24 / 16384 cells occupied
  Field[520] 'screen_tile' levels:7 dims:2
    bounds X:[406.2500,412.5000] Y:[168.7500,173.4375] Z:[0.0000,1.0000]
    level 0: 0 / 1 cells occupied
    level 1: 0 / 4 cells occupied
    level 2: 0 / 16 cells occupied
    level 3: 0 / 64 cells occupied
    level 4: 0 / 256 cells occupied
    level 5: 0 / 1024 cells occupied
    level 6: 0 / 4096 cells occupied
    level 7: 24 / 16384 cells occupied
  Field[521] 'screen_tile' levels:7 dims:2
    bounds X:[381.2500,387.5000] Y:[164.0625,168.7500] Z:[0.0000,1.0000]
    level 0: 0 / 1 cells occupied
    level 1: 0 / 4 cells occupied
    level 2: 0 / 16 cells occupied
    level 3: 0 / 64 cells occupied
    level 4: 0 / 256 cells occupied
    level 5: 0 / 1024 cells occupied
    level 6: 0 / 4096 cells occupied
    level 7: 30 / 16384 cells occupied
  Field[522] 'screen_tile' levels:7 dims:2
    bounds X:[387.5000,393.7500] Y:[164.0625,168.7500] Z:[0.0000,1.0000]
    level 0: 0 / 1 cells occupied
    level 1: 0 / 4 cells occupied
    level 2: 0 / 16 cells occupied
    level 3: 0 / 64 cells occupied
    level 4: 0 / 256 cells occupied
    level 5: 0 / 1024 cells occupied
    level 6: 0 / 4096 cells occupied
    level 7: 35 / 16384 cells occupied
  Field[523] 'screen_tile' levels:7 dims:2
    bounds X:[375.0000,381.2500] Y:[159.3750,164.0625] Z:[0.0000,1.0000]
    level 0: 0 / 1 cells occupied
    level 1: 0 / 4 cells occupied
    level 2: 0 / 16 cells occupied
    level 3: 0 / 64 cells occupied
    level 4: 0 / 256 cells occupied
    level 5: 0 / 1024 cells occupied
    level 6: 0 / 4096 cells occupied
    level 7: 30 / 16384 cells occupied
  Field[524] 'screen_tile' levels:7 dims:2
    bounds X:[381.2500,387.5000] Y:[159.3750,164.0625] Z:[0.0000,1.0000]
    level 0: 0 / 1 cells occupied
    level 1: 0 / 4 cells occupied
    level 2: 0 / 16 cells occupied
    level 3: 0 / 64 cells occupied
    level 4: 0 / 256 cells occupied
    level 5: 0 / 1024 cells occupied
    level 6: 0 / 4096 cells occupied
    level 7: 30 / 16384 cells occupied
  Field[525] 'screen_tile' levels:7 dims:2
    bounds X:[387.5000,393.7500] Y:[159.3750,164.0625] Z:[0.0000,1.0000]
    level 0: 0 / 1 cells occupied
    level 1: 0 / 4 cells occupied
    level 2: 0 / 16 cells occupied
    level 3: 0 / 64 cells occupied
    level 4: 0 / 256 cells occupied
    level 5: 0 / 1024 cells occupied
    level 6: 0 / 4096 cells occupied
    level 7: 35 / 16384 cells occupied
  Field[526] 'screen_tile' levels:7 dims:2
    bounds X:[412.5000,418.7500] Y:[168.7500,173.4375] Z:[0.0000,1.0000]
    level 0: 0 / 1 cells occupied
    level 1: 0 / 4 cells occupied
    level 2: 0 / 16 cells occupied
    level 3: 0 / 64 cells occupied
    level 4: 0 / 256 cells occupied
    level 5: 0 / 1024 cells occupied
    level 6: 0 / 4096 cells occupied
    level 7: 28 / 16384 cells occupied
  Field[527] 'screen_tile' levels:7 dims:2
    bounds X:[418.7500,425.0000] Y:[168.7500,173.4375] Z:[0.0000,1.0000]
    level 0: 0 / 1 cells occupied
    level 1: 0 / 4 cells occupied
    level 2: 0 / 16 cells occupied
    level 3: 0 / 64 cells occupied
    level 4: 0 / 256 cells occupied
    level 5: 0 / 1024 cells occupied
    level 6: 0 / 4096 cells occupied
    level 7: 24 / 16384 cells occupied
  Field[528] 'screen_tile' levels:7 dims:2
    bounds X:[437.5000,443.7500] Y:[178.1250,182.8125] Z:[0.0000,1.0000]
    level 0: 0 / 1 cells occupied
    level 1: 0 / 4 cells occupied
    level 2: 0 / 16 cells occupied
    level 3: 0 / 64 cells occupied
    level 4: 0 / 256 cells occupied
    level 5: 0 / 1024 cells occupied
    level 6: 0 / 4096 cells occupied
    level 7: 35 / 16384 cells occupied
  Field[529] 'screen_tile' levels:7 dims:2
    bounds X:[443.7500,450.0000] Y:[182.8125,187.5000] Z:[0.0000,1.0000]
    level 0: 0 / 1 cells occupied
    level 1: 0 / 4 cells occupied
    level 2: 0 / 16 cells occupied
    level 3: 0 / 64 cells occupied
    level 4: 0 / 256 cells occupied
    level 5: 0 / 1024 cells occupied
    level 6: 0 / 4096 cells occupied
    level 7: 20 / 16384 cells occupied
  Field[530] 'screen_tile' levels:7 dims:2
    bounds X:[443.7500,450.0000] Y:[187.5000,192.1875] Z:[0.0000,1.0000]
    level 0: 0 / 1 cells occupied
    level 1: 0 / 4 cells occupied
    level 2: 0 / 16 cells occupied
    level 3: 0 / 64 cells occupied
    level 4: 0 / 256 cells occupied
    level 5: 0 / 1024 cells occupied
    level 6: 0 / 4096 cells occupied
    level 7: 24 / 16384 cells occupied
  Field[531] 'screen_tile' levels:7 dims:2
    bounds X:[443.7500,450.0000] Y:[192.1875,196.8750] Z:[0.0000,1.0000]
    level 0: 0 / 1 cells occupied
    level 1: 0 / 4 cells occupied
    level 2: 0 / 16 cells occupied
    level 3: 0 / 64 cells occupied
    level 4: 0 / 256 cells occupied
    level 5: 0 / 1024 cells occupied
    level 6: 0 / 4096 cells occupied
    level 7: 6 / 16384 cells occupied
  Field[532] 'screen_tile' levels:7 dims:2
    bounds X:[443.7500,450.0000] Y:[178.1250,182.8125] Z:[0.0000,1.0000]
    level 0: 0 / 1 cells occupied
    level 1: 0 / 4 cells occupied
    level 2: 0 / 16 cells occupied
    level 3: 0 / 64 cells occupied
    level 4: 0 / 256 cells occupied
    level 5: 0 / 1024 cells occupied
    level 6: 0 / 4096 cells occupied
    level 7: 18 / 16384 cells occupied
  Field[533] 'screen_tile' levels:7 dims:2
    bounds X:[443.7500,450.0000] Y:[196.8750,201.5625] Z:[0.0000,1.0000]
    level 0: 0 / 1 cells occupied
    level 1: 0 / 4 cells occupied
    level 2: 0 / 16 cells occupied
    level 3: 0 / 64 cells occupied
    level 4: 0 / 256 cells occupied
    level 5: 0 / 1024 cells occupied
    level 6: 0 / 4096 cells occupied
    level 7: 0 / 16384 cells occupied
  Field[534] 'screen_tile' levels:7 dims:2
    bounds X:[450.0000,456.2500] Y:[182.8125,187.5000] Z:[0.0000,1.0000]
    level 0: 0 / 1 cells occupied
    level 1: 0 / 4 cells occupied
    level 2: 0 / 16 cells occupied
    level 3: 0 / 64 cells occupied
    level 4: 0 / 256 cells occupied
    level 5: 0 / 1024 cells occupied
    level 6: 0 / 4096 cells occupied
    level 7: 0 / 16384 cells occupied
  Field[535] 'screen_tile' levels:7 dims:2
    bounds X:[450.0000,456.2500] Y:[187.5000,192.1875] Z:[0.0000,1.0000]
    level 0: 0 / 1 cells occupied
    level 1: 0 / 4 cells occupied
    level 2: 0 / 16 cells occupied
    level 3: 0 / 64 cells occupied
    level 4: 0 / 256 cells occupied
    level 5: 0 / 1024 cells occupied
    level 6: 0 / 4096 cells occupied
    level 7: 0 / 16384 cells occupied
  Field[536] 'screen_tile' levels:7 dims:2
    bounds X:[450.0000,456.2500] Y:[192.1875,196.8750] Z:[0.0000,1.0000]
    level 0: 0 / 1 cells occupied
    level 1: 0 / 4 cells occupied
    level 2: 0 / 16 cells occupied
    level 3: 0 / 64 cells occupied
    level 4: 0 / 256 cells occupied
    level 5: 0 / 1024 cells occupied
    level 6: 0 / 4096 cells occupied
    level 7: 0 / 16384 cells occupied
  Field[537] 'screen_tile' levels:7 dims:2
    bounds X:[425.0000,431.2500] Y:[168.7500,173.4375] Z:[0.0000,1.0000]
    level 0: 0 / 1 cells occupied
    level 1: 0 / 4 cells occupied
    level 2: 0 / 16 cells occupied
    level 3: 0 / 64 cells occupied
    level 4: 0 / 256 cells occupied
    level 5: 0 / 1024 cells occupied
    level 6: 0 / 4096 cells occupied
    level 7: 24 / 16384 cells occupied
  Field[538] 'screen_tile' levels:7 dims:2
    bounds X:[406.2500,412.5000] Y:[164.0625,168.7500] Z:[0.0000,1.0000]
    level 0: 0 / 1 cells occupied
    level 1: 0 / 4 cells occupied
    level 2: 0 / 16 cells occupied
    level 3: 0 / 64 cells occupied
    level 4: 0 / 256 cells occupied
    level 5: 0 / 1024 cells occupied
    level 6: 0 / 4096 cells occupied
    level 7: 30 / 16384 cells occupied
  Field[539] 'screen_tile' levels:7 dims:2
    bounds X:[412.5000,418.7500] Y:[164.0625,168.7500] Z:[0.0000,1.0000]
    level 0: 0 / 1 cells occupied
    level 1: 0 / 4 cells occupied
    level 2: 0 / 16 cells occupied
    level 3: 0 / 64 cells occupied
    level 4: 0 / 256 cells occupied
    level 5: 0 / 1024 cells occupied
    level 6: 0 / 4096 cells occupied
    level 7: 35 / 16384 cells occupied
  Field[540] 'screen_tile' levels:7 dims:2
    bounds X:[418.7500,425.0000] Y:[164.0625,168.7500] Z:[0.0000,1.0000]
    level 0: 0 / 1 cells occupied
    level 1: 0 / 4 cells occupied
    level 2: 0 / 16 cells occupied
    level 3: 0 / 64 cells occupied
    level 4: 0 / 256 cells occupied
    level 5: 0 / 1024 cells occupied
    level 6: 0 / 4096 cells occupied
    level 7: 30 / 16384 cells occupied
  Field[541] 'screen_tile' levels:7 dims:2
    bounds X:[406.2500,412.5000] Y:[159.3750,164.0625] Z:[0.0000,1.0000]
    level 0: 0 / 1 cells occupied
    level 1: 0 / 4 cells occupied
    level 2: 0 / 16 cells occupied
    level 3: 0 / 64 cells occupied
    level 4: 0 / 256 cells occupied
    level 5: 0 / 1024 cells occupied
    level 6: 0 / 4096 cells occupied
    level 7: 30 / 16384 cells occupied
  Field[542] 'screen_tile' levels:7 dims:2
    bounds X:[412.5000,418.7500] Y:[159.3750,164.0625] Z:[0.0000,1.0000]
    level 0: 0 / 1 cells occupied
    level 1: 0 / 4 cells occupied
    level 2: 0 / 16 cells occupied
    level 3: 0 / 64 cells occupied
    level 4: 0 / 256 cells occupied
    level 5: 0 / 1024 cells occupied
    level 6: 0 / 4096 cells occupied
    level 7: 35 / 16384 cells occupied
  Field[543] 'screen_tile' levels:7 dims:2
    bounds X:[418.7500,425.0000] Y:[159.3750,164.0625] Z:[0.0000,1.0000]
    level 0: 0 / 1 cells occupied
    level 1: 0 / 4 cells occupied
    level 2: 0 / 16 cells occupied
    level 3: 0 / 64 cells occupied
    level 4: 0 / 256 cells occupied
    level 5: 0 / 1024 cells occupied
    level 6: 0 / 4096 cells occupied
    level 7: 30 / 16384 cells occupied
  Field[544] 'screen_tile' levels:7 dims:2
    bounds X:[425.0000,431.2500] Y:[164.0625,168.7500] Z:[0.0000,1.0000]
    level 0: 0 / 1 cells occupied
    level 1: 0 / 4 cells occupied
    level 2: 0 / 16 cells occupied
    level 3: 0 / 64 cells occupied
    level 4: 0 / 256 cells occupied
    level 5: 0 / 1024 cells occupied
    level 6: 0 / 4096 cells occupied
    level 7: 30 / 16384 cells occupied
  Field[545] 'screen_tile' levels:7 dims:2
    bounds X:[431.2500,437.5000] Y:[164.0625,168.7500] Z:[0.0000,1.0000]
    level 0: 0 / 1 cells occupied
    level 1: 0 / 4 cells occupied
    level 2: 0 / 16 cells occupied
    level 3: 0 / 64 cells occupied
    level 4: 0 / 256 cells occupied
    level 5: 0 / 1024 cells occupied
    level 6: 0 / 4096 cells occupied
    level 7: 30 / 16384 cells occupied
  Field[546] 'screen_tile' levels:7 dims:2
    bounds X:[418.7500,425.0000] Y:[318.7500,323.4375] Z:[0.0000,1.0000]
    level 0: 0 / 1 cells occupied
    level 1: 0 / 4 cells occupied
    level 2: 0 / 16 cells occupied
    level 3: 0 / 64 cells occupied
    level 4: 0 / 256 cells occupied
    level 5: 0 / 1024 cells occupied
    level 6: 0 / 4096 cells occupied
    level 7: 24 / 16384 cells occupied
  Field[547] 'screen_tile' levels:7 dims:2
    bounds X:[443.7500,450.0000] Y:[201.5625,206.2500] Z:[0.0000,1.0000]
    level 0: 0 / 1 cells occupied
    level 1: 0 / 4 cells occupied
    level 2: 0 / 16 cells occupied
    level 3: 0 / 64 cells occupied
    level 4: 0 / 256 cells occupied
    level 5: 0 / 1024 cells occupied
    level 6: 0 / 4096 cells occupied
    level 7: 0 / 16384 cells occupied
  Field[548] 'screen_tile' levels:7 dims:2
    bounds X:[412.5000,418.7500] Y:[426.5625,431.2500] Z:[0.0000,1.0000]
    level 0: 0 / 1 cells occupied
    level 1: 0 / 4 cells occupied
    level 2: 0 / 16 cells occupied
    level 3: 0 / 64 cells occupied
    level 4: 0 / 256 cells occupied
    level 5: 0 / 1024 cells occupied
    level 6: 0 / 4096 cells occupied
    level 7: 28 / 16384 cells occupied
  Field[549] 'screen_tile' levels:7 dims:2
    bounds X:[412.5000,418.7500] Y:[431.2500,435.9375] Z:[0.0000,1.0000]
    level 0: 0 / 1 cells occupied
    level 1: 0 / 4 cells occupied
    level 2: 0 / 16 cells occupied
    level 3: 0 / 64 cells occupied
    level 4: 0 / 256 cells occupied
    level 5: 0 / 1024 cells occupied
    level 6: 0 / 4096 cells occupied
    level 7: 35 / 16384 cells occupied
  Field[550] 'screen_tile' levels:7 dims:2
    bounds X:[412.5000,418.7500] Y:[421.8750,426.5625] Z:[0.0000,1.0000]
    level 0: 0 / 1 cells occupied
    level 1: 0 / 4 cells occupied
    level 2: 0 / 16 cells occupied
    level 3: 0 / 64 cells occupied
    level 4: 0 / 256 cells occupied
    level 5: 0 / 1024 cells occupied
    level 6: 0 / 4096 cells occupied
    level 7: 35 / 16384 cells occupied
  Field[551] 'screen_tile' levels:7 dims:2
    bounds X:[412.5000,418.7500] Y:[417.1875,421.8750] Z:[0.0000,1.0000]
    level 0: 0 / 1 cells occupied
    level 1: 0 / 4 cells occupied
    level 2: 0 / 16 cells occupied
    level 3: 0 / 64 cells occupied
    level 4: 0 / 256 cells occupied
    level 5: 0 / 1024 cells occupied
    level 6: 0 / 4096 cells occupied
    level 7: 35 / 16384 cells occupied
  Field[552] 'screen_tile' levels:7 dims:2
    bounds X:[406.2500,412.5000] Y:[426.5625,431.2500] Z:[0.0000,1.0000]
    level 0: 0 / 1 cells occupied
    level 1: 0 / 4 cells occupied
    level 2: 0 / 16 cells occupied
    level 3: 0 / 64 cells occupied
    level 4: 0 / 256 cells occupied
    level 5: 0 / 1024 cells occupied
    level 6: 0 / 4096 cells occupied
    level 7: 24 / 16384 cells occupied
  Field[553] 'screen_tile' levels:7 dims:2
    bounds X:[406.2500,412.5000] Y:[421.8750,426.5625] Z:[0.0000,1.0000]
    level 0: 0 / 1 cells occupied
    level 1: 0 / 4 cells occupied
    level 2: 0 / 16 cells occupied
    level 3: 0 / 64 cells occupied
    level 4: 0 / 256 cells occupied
    level 5: 0 / 1024 cells occupied
    level 6: 0 / 4096 cells occupied
    level 7: 30 / 16384 cells occupied
  Field[554] 'screen_tile' levels:7 dims:2
    bounds X:[400.0000,406.2500] Y:[421.8750,426.5625] Z:[0.0000,1.0000]
    level 0: 0 / 1 cells occupied
    level 1: 0 / 4 cells occupied
    level 2: 0 / 16 cells occupied
    level 3: 0 / 64 cells occupied
    level 4: 0 / 256 cells occupied
    level 5: 0 / 1024 cells occupied
    level 6: 0 / 4096 cells occupied
    level 7: 30 / 16384 cells occupied
  Field[555] 'screen_tile' levels:7 dims:2
    bounds X:[406.2500,412.5000] Y:[431.2500,435.9375] Z:[0.0000,1.0000]
    level 0: 0 / 1 cells occupied
    level 1: 0 / 4 cells occupied
    level 2: 0 / 16 cells occupied
    level 3: 0 / 64 cells occupied
    level 4: 0 / 256 cells occupied
    level 5: 0 / 1024 cells occupied
    level 6: 0 / 4096 cells occupied
    level 7: 30 / 16384 cells occupied
  Field[556] 'screen_tile' levels:7 dims:2
    bounds X:[400.0000,406.2500] Y:[426.5625,431.2500] Z:[0.0000,1.0000]
    level 0: 0 / 1 cells occupied
    level 1: 0 / 4 cells occupied
    level 2: 0 / 16 cells occupied
    level 3: 0 / 64 cells occupied
    level 4: 0 / 256 cells occupied
    level 5: 0 / 1024 cells occupied
    level 6: 0 / 4096 cells occupied
    level 7: 24 / 16384 cells occupied
  Field[557] 'screen_tile' levels:7 dims:2
    bounds X:[406.2500,412.5000] Y:[435.9375,440.6250] Z:[0.0000,1.0000]
    level 0: 0 / 1 cells occupied
    level 1: 0 / 4 cells occupied
    level 2: 0 / 16 cells occupied
    level 3: 0 / 64 cells occupied
    level 4: 0 / 256 cells occupied
    level 5: 0 / 1024 cells occupied
    level 6: 0 / 4096 cells occupied
    level 7: 30 / 16384 cells occupied
  Field[558] 'screen_tile' levels:7 dims:2
    bounds X:[400.0000,406.2500] Y:[435.9375,440.6250] Z:[0.0000,1.0000]
    level 0: 0 / 1 cells occupied
    level 1: 0 / 4 cells occupied
    level 2: 0 / 16 cells occupied
    level 3: 0 / 64 cells occupied
    level 4: 0 / 256 cells occupied
    level 5: 0 / 1024 cells occupied
    level 6: 0 / 4096 cells occupied
    level 7: 30 / 16384 cells occupied
  Field[559] 'screen_tile' levels:7 dims:2
    bounds X:[400.0000,406.2500] Y:[431.2500,435.9375] Z:[0.0000,1.0000]
    level 0: 0 / 1 cells occupied
    level 1: 0 / 4 cells occupied
    level 2: 0 / 16 cells occupied
    level 3: 0 / 64 cells occupied
    level 4: 0 / 256 cells occupied
    level 5: 0 / 1024 cells occupied
    level 6: 0 / 4096 cells occupied
    level 7: 30 / 16384 cells occupied
  Field[560] 'screen_tile' levels:7 dims:2
    bounds X:[412.5000,418.7500] Y:[412.5000,417.1875] Z:[0.0000,1.0000]
    level 0: 0 / 1 cells occupied
    level 1: 0 / 4 cells occupied
    level 2: 0 / 16 cells occupied
    level 3: 0 / 64 cells occupied
    level 4: 0 / 256 cells occupied
    level 5: 0 / 1024 cells occupied
    level 6: 0 / 4096 cells occupied
    level 7: 35 / 16384 cells occupied
  Field[561] 'screen_tile' levels:7 dims:2
    bounds X:[406.2500,412.5000] Y:[417.1875,421.8750] Z:[0.0000,1.0000]
    level 0: 0 / 1 cells occupied
    level 1: 0 / 4 cells occupied
    level 2: 0 / 16 cells occupied
    level 3: 0 / 64 cells occupied
    level 4: 0 / 256 cells occupied
    level 5: 0 / 1024 cells occupied
    level 6: 0 / 4096 cells occupied
    level 7: 30 / 16384 cells occupied
  Field[562] 'screen_tile' levels:7 dims:2
    bounds X:[400.0000,406.2500] Y:[417.1875,421.8750] Z:[0.0000,1.0000]
    level 0: 0 / 1 cells occupied
    level 1: 0 / 4 cells occupied
    level 2: 0 / 16 cells occupied
    level 3: 0 / 64 cells occupied
    level 4: 0 / 256 cells occupied
    level 5: 0 / 1024 cells occupied
    level 6: 0 / 4096 cells occupied
    level 7: 30 / 16384 cells occupied
  Field[563] 'screen_tile' levels:7 dims:2
    bounds X:[381.2500,387.5000] Y:[426.5625,431.2500] Z:[0.0000,1.0000]
    level 0: 0 / 1 cells occupied
    level 1: 0 / 4 cells occupied
    level 2: 0 / 16 cells occupied
    level 3: 0 / 64 cells occupied
    level 4: 0 / 256 cells occupied
    level 5: 0 / 1024 cells occupied
    level 6: 0 / 4096 cells occupied
    level 7: 24 / 16384 cells occupied
  Field[564] 'screen_tile' levels:7 dims:2
    bounds X:[381.2500,387.5000] Y:[431.2500,435.9375] Z:[0.0000,1.0000]
    level 0: 0 / 1 cells occupied
    level 1: 0 / 4 cells occupied
    level 2: 0 / 16 cells occupied
    level 3: 0 / 64 cells occupied
    level 4: 0 / 256 cells occupied
    level 5: 0 / 1024 cells occupied
    level 6: 0 / 4096 cells occupied
    level 7: 30 / 16384 cells occupied
  Field[565] 'screen_tile' levels:7 dims:2
    bounds X:[381.2500,387.5000] Y:[421.8750,426.5625] Z:[0.0000,1.0000]
    level 0: 0 / 1 cells occupied
    level 1: 0 / 4 cells occupied
    level 2: 0 / 16 cells occupied
    level 3: 0 / 64 cells occupied
    level 4: 0 / 256 cells occupied
    level 5: 0 / 1024 cells occupied
    level 6: 0 / 4096 cells occupied
    level 7: 30 / 16384 cells occupied
  Field[566] 'screen_tile' levels:7 dims:2
    bounds X:[381.2500,387.5000] Y:[417.1875,421.8750] Z:[0.0000,1.0000]
    level 0: 0 / 1 cells occupied
    level 1: 0 / 4 cells occupied
    level 2: 0 / 16 cells occupied
    level 3: 0 / 64 cells occupied
    level 4: 0 / 256 cells occupied
    level 5: 0 / 1024 cells occupied
    level 6: 0 / 4096 cells occupied
    level 7: 30 / 16384 cells occupied
  Field[567] 'screen_tile' levels:7 dims:2
    bounds X:[381.2500,387.5000] Y:[412.5000,417.1875] Z:[0.0000,1.0000]
    level 0: 0 / 1 cells occupied
    level 1: 0 / 4 cells occupied
    level 2: 0 / 16 cells occupied
    level 3: 0 / 64 cells occupied
    level 4: 0 / 256 cells occupied
    level 5: 0 / 1024 cells occupied
    level 6: 0 / 4096 cells occupied
    level 7: 30 / 16384 cells occupied
  Field[568] 'screen_tile' levels:7 dims:2
    bounds X:[387.5000,393.7500] Y:[426.5625,431.2500] Z:[0.0000,1.0000]
    level 0: 0 / 1 cells occupied
    level 1: 0 / 4 cells occupied
    level 2: 0 / 16 cells occupied
    level 3: 0 / 64 cells occupied
    level 4: 0 / 256 cells occupied
    level 5: 0 / 1024 cells occupied
    level 6: 0 / 4096 cells occupied
    level 7: 28 / 16384 cells occupied
  Field[569] 'screen_tile' levels:7 dims:2
    bounds X:[387.5000,393.7500] Y:[421.8750,426.5625] Z:[0.0000,1.0000]
    level 0: 0 / 1 cells occupied
    level 1: 0 / 4 cells occupied
    level 2: 0 / 16 cells occupied
    level 3: 0 / 64 cells occupied
    level 4: 0 / 256 cells occupied
    level 5: 0 / 1024 cells occupied
    level 6: 0 / 4096 cells occupied
    level 7: 35 / 16384 cells occupied
  Field[570] 'screen_tile' levels:7 dims:2
    bounds X:[393.7500,400.0000] Y:[421.8750,426.5625] Z:[0.0000,1.0000]
    level 0: 0 / 1 cells occupied
    level 1: 0 / 4 cells occupied
    level 2: 0 / 16 cells occupied
    level 3: 0 / 64 cells occupied
    level 4: 0 / 256 cells occupied
    level 5: 0 / 1024 cells occupied
    level 6: 0 / 4096 cells occupied
    level 7: 30 / 16384 cells occupied
  Field[571] 'screen_tile' levels:7 dims:2
    bounds X:[393.7500,400.0000] Y:[426.5625,431.2500] Z:[0.0000,1.0000]
    level 0: 0 / 1 cells occupied
    level 1: 0 / 4 cells occupied
    level 2: 0 / 16 cells occupied
    level 3: 0 / 64 cells occupied
    level 4: 0 / 256 cells occupied
    level 5: 0 / 1024 cells occupied
    level 6: 0 / 4096 cells occupied
    level 7: 24 / 16384 cells occupied
  Field[572] 'screen_tile' levels:7 dims:2
    bounds X:[387.5000,393.7500] Y:[431.2500,435.9375] Z:[0.0000,1.0000]
    level 0: 0 / 1 cells occupied
    level 1: 0 / 4 cells occupied
    level 2: 0 / 16 cells occupied
    level 3: 0 / 64 cells occupied
    level 4: 0 / 256 cells occupied
    level 5: 0 / 1024 cells occupied
    level 6: 0 / 4096 cells occupied
    level 7: 35 / 16384 cells occupied
  Field[573] 'screen_tile' levels:7 dims:2
    bounds X:[387.5000,393.7500] Y:[435.9375,440.6250] Z:[0.0000,1.0000]
    level 0: 0 / 1 cells occupied
    level 1: 0 / 4 cells occupied
    level 2: 0 / 16 cells occupied
    level 3: 0 / 64 cells occupied
    level 4: 0 / 256 cells occupied
    level 5: 0 / 1024 cells occupied
    level 6: 0 / 4096 cells occupied
    level 7: 35 / 16384 cells occupied
  Field[574] 'screen_tile' levels:7 dims:2
    bounds X:[393.7500,400.0000] Y:[435.9375,440.6250] Z:[0.0000,1.0000]
    level 0: 0 / 1 cells occupied
    level 1: 0 / 4 cells occupied
    level 2: 0 / 16 cells occupied
    level 3: 0 / 64 cells occupied
    level 4: 0 / 256 cells occupied
    level 5: 0 / 1024 cells occupied
    level 6: 0 / 4096 cells occupied
    level 7: 30 / 16384 cells occupied
  Field[575] 'screen_tile' levels:7 dims:2
    bounds X:[387.5000,393.7500] Y:[417.1875,421.8750] Z:[0.0000,1.0000]
    level 0: 0 / 1 cells occupied
    level 1: 0 / 4 cells occupied
    level 2: 0 / 16 cells occupied
    level 3: 0 / 64 cells occupied
    level 4: 0 / 256 cells occupied
    level 5: 0 / 1024 cells occupied
    level 6: 0 / 4096 cells occupied
    level 7: 35 / 16384 cells occupied
  Field[576] 'screen_tile' levels:7 dims:2
    bounds X:[393.7500,400.0000] Y:[417.1875,421.8750] Z:[0.0000,1.0000]
    level 0: 0 / 1 cells occupied
    level 1: 0 / 4 cells occupied
    level 2: 0 / 16 cells occupied
    level 3: 0 / 64 cells occupied
    level 4: 0 / 256 cells occupied
    level 5: 0 / 1024 cells occupied
    level 6: 0 / 4096 cells occupied
    level 7: 30 / 16384 cells occupied
  Field[577] 'screen_tile' levels:7 dims:2
    bounds X:[393.7500,400.0000] Y:[431.2500,435.9375] Z:[0.0000,1.0000]
    level 0: 0 / 1 cells occupied
    level 1: 0 / 4 cells occupied
    level 2: 0 / 16 cells occupied
    level 3: 0 / 64 cells occupied
    level 4: 0 / 256 cells occupied
    level 5: 0 / 1024 cells occupied
    level 6: 0 / 4096 cells occupied
    level 7: 30 / 16384 cells occupied
  Field[578] 'screen_tile' levels:7 dims:2
    bounds X:[412.5000,418.7500] Y:[393.7500,398.4375] Z:[0.0000,1.0000]
    level 0: 0 / 1 cells occupied
    level 1: 0 / 4 cells occupied
    level 2: 0 / 16 cells occupied
    level 3: 0 / 64 cells occupied
    level 4: 0 / 256 cells occupied
    level 5: 0 / 1024 cells occupied
    level 6: 0 / 4096 cells occupied
    level 7: 28 / 16384 cells occupied
  Field[579] 'screen_tile' levels:7 dims:2
    bounds X:[418.7500,425.0000] Y:[393.7500,398.4375] Z:[0.0000,1.0000]
    level 0: 0 / 1 cells occupied
    level 1: 0 / 4 cells occupied
    level 2: 0 / 16 cells occupied
    level 3: 0 / 64 cells occupied
    level 4: 0 / 256 cells occupied
    level 5: 0 / 1024 cells occupied
    level 6: 0 / 4096 cells occupied
    level 7: 24 / 16384 cells occupied
  Field[580] 'screen_tile' levels:7 dims:2
    bounds X:[425.0000,431.2500] Y:[393.7500,398.4375] Z:[0.0000,1.0000]
    level 0: 0 / 1 cells occupied
    level 1: 0 / 4 cells occupied
    level 2: 0 / 16 cells occupied
    level 3: 0 / 64 cells occupied
    level 4: 0 / 256 cells occupied
    level 5: 0 / 1024 cells occupied
    level 6: 0 / 4096 cells occupied
    level 7: 22 / 16384 cells occupied
  Field[581] 'screen_tile' levels:7 dims:2
    bounds X:[418.7500,425.0000] Y:[389.0625,393.7500] Z:[0.0000,1.0000]
    level 0: 0 / 1 cells occupied
    level 1: 0 / 4 cells occupied
    level 2: 0 / 16 cells occupied
    level 3: 0 / 64 cells occupied
    level 4: 0 / 256 cells occupied
    level 5: 0 / 1024 cells occupied
    level 6: 0 / 4096 cells occupied
    level 7: 30 / 16384 cells occupied
  Field[582] 'screen_tile' levels:7 dims:2
    bounds X:[412.5000,418.7500] Y:[389.0625,393.7500] Z:[0.0000,1.0000]
    level 0: 0 / 1 cells occupied
    level 1: 0 / 4 cells occupied
    level 2: 0 / 16 cells occupied
    level 3: 0 / 64 cells occupied
    level 4: 0 / 256 cells occupied
    level 5: 0 / 1024 cells occupied
    level 6: 0 / 4096 cells occupied
    level 7: 35 / 16384 cells occupied
  Field[583] 'screen_tile' levels:7 dims:2
    bounds X:[425.0000,431.2500] Y:[389.0625,393.7500] Z:[0.0000,1.0000]
    level 0: 0 / 1 cells occupied
    level 1: 0 / 4 cells occupied
    level 2: 0 / 16 cells occupied
    level 3: 0 / 64 cells occupied
    level 4: 0 / 256 cells occupied
    level 5: 0 / 1024 cells occupied
    level 6: 0 / 4096 cells occupied
    level 7: 15 / 16384 cells occupied
  Field[584] 'screen_tile' levels:7 dims:2
    bounds X:[425.0000,431.2500] Y:[384.3750,389.0625] Z:[0.0000,1.0000]
    level 0: 0 / 1 cells occupied
    level 1: 0 / 4 cells occupied
    level 2: 0 / 16 cells occupied
    level 3: 0 / 64 cells occupied
    level 4: 0 / 256 cells occupied
    level 5: 0 / 1024 cells occupied
    level 6: 0 / 4096 cells occupied
    level 7: 6 / 16384 cells occupied
  Field[585] 'screen_tile' levels:7 dims:2
    bounds X:[418.7500,425.0000] Y:[384.3750,389.0625] Z:[0.0000,1.0000]
    level 0: 0 / 1 cells occupied
    level 1: 0 / 4 cells occupied
    level 2: 0 / 16 cells occupied
    level 3: 0 / 64 cells occupied
    level 4: 0 / 256 cells occupied
    level 5: 0 / 1024 cells occupied
    level 6: 0 / 4096 cells occupied
    level 7: 30 / 16384 cells occupied
  Field[586] 'screen_tile' levels:7 dims:2
    bounds X:[425.0000,431.2500] Y:[379.6875,384.3750] Z:[0.0000,1.0000]
    level 0: 0 / 1 cells occupied
    level 1: 0 / 4 cells occupied
    level 2: 0 / 16 cells occupied
    level 3: 0 / 64 cells occupied
    level 4: 0 / 256 cells occupied
    level 5: 0 / 1024 cells occupied
    level 6: 0 / 4096 cells occupied
    level 7: 0 / 16384 cells occupied
  Field[587] 'screen_tile' levels:7 dims:2
    bounds X:[425.0000,431.2500] Y:[375.0000,379.6875] Z:[0.0000,1.0000]
    level 0: 0 / 1 cells occupied
    level 1: 0 / 4 cells occupied
    level 2: 0 / 16 cells occupied
    level 3: 0 / 64 cells occupied
    level 4: 0 / 256 cells occupied
    level 5: 0 / 1024 cells occupied
    level 6: 0 / 4096 cells occupied
    level 7: 13 / 16384 cells occupied
  Field[588] 'screen_tile' levels:7 dims:2
    bounds X:[412.5000,418.7500] Y:[398.4375,403.1250] Z:[0.0000,1.0000]
    level 0: 0 / 1 cells occupied
    level 1: 0 / 4 cells occupied
    level 2: 0 / 16 cells occupied
    level 3: 0 / 64 cells occupied
    level 4: 0 / 256 cells occupied
    level 5: 0 / 1024 cells occupied
    level 6: 0 / 4096 cells occupied
    level 7: 35 / 16384 cells occupied
  Field[589] 'screen_tile' levels:7 dims:2
    bounds X:[418.7500,425.0000] Y:[398.4375,403.1250] Z:[0.0000,1.0000]
    level 0: 0 / 1 cells occupied
    level 1: 0 / 4 cells occupied
    level 2: 0 / 16 cells occupied
    level 3: 0 / 64 cells occupied
    level 4: 0 / 256 cells occupied
    level 5: 0 / 1024 cells occupied
    level 6: 0 / 4096 cells occupied
    level 7: 30 / 16384 cells occupied
  Field[590] 'screen_tile' levels:7 dims:2
    bounds X:[412.5000,418.7500] Y:[384.3750,389.0625] Z:[0.0000,1.0000]
    level 0: 0 / 1 cells occupied
    level 1: 0 / 4 cells occupied
    level 2: 0 / 16 cells occupied
    level 3: 0 / 64 cells occupied
    level 4: 0 / 256 cells occupied
    level 5: 0 / 1024 cells occupied
    level 6: 0 / 4096 cells occupied
    level 7: 35 / 16384 cells occupied
  Field[591] 'screen_tile' levels:7 dims:2
    bounds X:[381.2500,387.5000] Y:[393.7500,398.4375] Z:[0.0000,1.0000]
    level 0: 0 / 1 cells occupied
    level 1: 0 / 4 cells occupied
    level 2: 0 / 16 cells occupied
    level 3: 0 / 64 cells occupied
    level 4: 0 / 256 cells occupied
    level 5: 0 / 1024 cells occupied
    level 6: 0 / 4096 cells occupied
    level 7: 24 / 16384 cells occupied
  Field[592] 'screen_tile' levels:7 dims:2
    bounds X:[381.2500,387.5000] Y:[389.0625,393.7500] Z:[0.0000,1.0000]
    level 0: 0 / 1 cells occupied
    level 1: 0 / 4 cells occupied
    level 2: 0 / 16 cells occupied
    level 3: 0 / 64 cells occupied
    level 4: 0 / 256 cells occupied
    level 5: 0 / 1024 cells occupied
    level 6: 0 / 4096 cells occupied
    level 7: 30 / 16384 cells occupied
  Field[593] 'screen_tile' levels:7 dims:2
    bounds X:[375.0000,381.2500] Y:[389.0625,393.7500] Z:[0.0000,1.0000]
    level 0: 0 / 1 cells occupied
    level 1: 0 / 4 cells occupied
    level 2: 0 / 16 cells occupied
    level 3: 0 / 64 cells occupied
    level 4: 0 / 256 cells occupied
    level 5: 0 / 1024 cells occupied
    level 6: 0 / 4096 cells occupied
    level 7: 30 / 16384 cells occupied
  Field[594] 'screen_tile' levels:7 dims:2
    bounds X:[375.0000,381.2500] Y:[393.7500,398.4375] Z:[0.0000,1.0000]
    level 0: 0 / 1 cells occupied
    level 1: 0 / 4 cells occupied
    level 2: 0 / 16 cells occupied
    level 3: 0 / 64 cells occupied
    level 4: 0 / 256 cells occupied
    level 5: 0 / 1024 cells occupied
    level 6: 0 / 4096 cells occupied
    level 7: 24 / 16384 cells occupied
  Field[595] 'screen_tile' levels:7 dims:2
    bounds X:[368.7500,375.0000] Y:[393.7500,398.4375] Z:[0.0000,1.0000]
    level 0: 0 / 1 cells occupied
    level 1: 0 / 4 cells occupied
    level 2: 0 / 16 cells occupied
    level 3: 0 / 64 cells occupied
    level 4: 0 / 256 cells occupied
    level 5: 0 / 1024 cells occupied
    level 6: 0 / 4096 cells occupied
    level 7: 20 / 16384 cells occupied
  Field[596] 'screen_tile' levels:7 dims:2
    bounds X:[381.2500,387.5000] Y:[398.4375,403.1250] Z:[0.0000,1.0000]
    level 0: 0 / 1 cells occupied
    level 1: 0 / 4 cells occupied
    level 2: 0 / 16 cells occupied
    level 3: 0 / 64 cells occupied
    level 4: 0 / 256 cells occupied
    level 5: 0 / 1024 cells occupied
    level 6: 0 / 4096 cells occupied
    level 7: 30 / 16384 cells occupied
  Field[597] 'screen_tile' levels:7 dims:2
    bounds X:[375.0000,381.2500] Y:[398.4375,403.1250] Z:[0.0000,1.0000]
    level 0: 0 / 1 cells occupied
    level 1: 0 / 4 cells occupied
    level 2: 0 / 16 cells occupied
    level 3: 0 / 64 cells occupied
    level 4: 0 / 256 cells occupied
    level 5: 0 / 1024 cells occupied
    level 6: 0 / 4096 cells occupied
    level 7: 30 / 16384 cells occupied
  Field[598] 'screen_tile' levels:7 dims:2
    bounds X:[368.7500,375.0000] Y:[389.0625,393.7500] Z:[0.0000,1.0000]
    level 0: 0 / 1 cells occupied
    level 1: 0 / 4 cells occupied
    level 2: 0 / 16 cells occupied
    level 3: 0 / 64 cells occupied
    level 4: 0 / 256 cells occupied
    level 5: 0 / 1024 cells occupied
    level 6: 0 / 4096 cells occupied
    level 7: 14 / 16384 cells occupied
  Field[599] 'screen_tile' levels:7 dims:2
    bounds X:[381.2500,387.5000] Y:[384.3750,389.0625] Z:[0.0000,1.0000]
    level 0: 0 / 1 cells occupied
    level 1: 0 / 4 cells occupied
    level 2: 0 / 16 cells occupied
    level 3: 0 / 64 cells occupied
    level 4: 0 / 256 cells occupied
    level 5: 0 / 1024 cells occupied
    level 6: 0 / 4096 cells occupied
    level 7: 30 / 16384 cells occupied
  Field[600] 'screen_tile' levels:7 dims:2
    bounds X:[375.0000,381.2500] Y:[384.3750,389.0625] Z:[0.0000,1.0000]
    level 0: 0 / 1 cells occupied
    level 1: 0 / 4 cells occupied
    level 2: 0 / 16 cells occupied
    level 3: 0 / 64 cells occupied
    level 4: 0 / 256 cells occupied
    level 5: 0 / 1024 cells occupied
    level 6: 0 / 4096 cells occupied
    level 7: 30 / 16384 cells occupied
  Field[601] 'screen_tile' levels:7 dims:2
    bounds X:[368.7500,375.0000] Y:[384.3750,389.0625] Z:[0.0000,1.0000]
    level 0: 0 / 1 cells occupied
    level 1: 0 / 4 cells occupied
    level 2: 0 / 16 cells occupied
    level 3: 0 / 64 cells occupied
    level 4: 0 / 256 cells occupied
    level 5: 0 / 1024 cells occupied
    level 6: 0 / 4096 cells occupied
    level 7: 4 / 16384 cells occupied
  Field[602] 'screen_tile' levels:7 dims:2
    bounds X:[375.0000,381.2500] Y:[379.6875,384.3750] Z:[0.0000,1.0000]
    level 0: 0 / 1 cells occupied
    level 1: 0 / 4 cells occupied
    level 2: 0 / 16 cells occupied
    level 3: 0 / 64 cells occupied
    level 4: 0 / 256 cells occupied
    level 5: 0 / 1024 cells occupied
    level 6: 0 / 4096 cells occupied
    level 7: 19 / 16384 cells occupied
  Field[603] 'screen_tile' levels:7 dims:2
    bounds X:[368.7500,375.0000] Y:[379.6875,384.3750] Z:[0.0000,1.0000]
    level 0: 0 / 1 cells occupied
    level 1: 0 / 4 cells occupied
    level 2: 0 / 16 cells occupied
    level 3: 0 / 64 cells occupied
    level 4: 0 / 256 cells occupied
    level 5: 0 / 1024 cells occupied
    level 6: 0 / 4096 cells occupied
    level 7: 0 / 16384 cells occupied
  Field[604] 'screen_tile' levels:7 dims:2
    bounds X:[368.7500,375.0000] Y:[375.0000,379.6875] Z:[0.0000,1.0000]
    level 0: 0 / 1 cells occupied
    level 1: 0 / 4 cells occupied
    level 2: 0 / 16 cells occupied
    level 3: 0 / 64 cells occupied
    level 4: 0 / 256 cells occupied
    level 5: 0 / 1024 cells occupied
    level 6: 0 / 4096 cells occupied
    level 7: 13 / 16384 cells occupied
  Field[605] 'screen_tile' levels:7 dims:2
    bounds X:[418.7500,425.0000] Y:[351.5625,356.2500] Z:[0.0000,1.0000]
    level 0: 0 / 1 cells occupied
    level 1: 0 / 4 cells occupied
    level 2: 0 / 16 cells occupied
    level 3: 0 / 64 cells occupied
    level 4: 0 / 256 cells occupied
    level 5: 0 / 1024 cells occupied
    level 6: 0 / 4096 cells occupied
    level 7: 24 / 16384 cells occupied
  Field[606] 'screen_tile' levels:7 dims:2
    bounds X:[375.0000,381.2500] Y:[351.5625,356.2500] Z:[0.0000,1.0000]
    level 0: 0 / 1 cells occupied
    level 1: 0 / 4 cells occupied
    level 2: 0 / 16 cells occupied
    level 3: 0 / 64 cells occupied
    level 4: 0 / 256 cells occupied
    level 5: 0 / 1024 cells occupied
    level 6: 0 / 4096 cells occupied
    level 7: 24 / 16384 cells occupied
  Field[607] 'screen_tile' levels:7 dims:2
    bounds X:[375.0000,381.2500] Y:[346.8750,351.5625] Z:[0.0000,1.0000]
    level 0: 0 / 1 cells occupied
    level 1: 0 / 4 cells occupied
    level 2: 0 / 16 cells occupied
    level 3: 0 / 64 cells occupied
    level 4: 0 / 256 cells occupied
    level 5: 0 / 1024 cells occupied
    level 6: 0 / 4096 cells occupied
    level 7: 30 / 16384 cells occupied
  Field[608] 'screen_tile' levels:7 dims:2
    bounds X:[418.7500,425.0000] Y:[346.8750,351.5625] Z:[0.0000,1.0000]
    level 0: 0 / 1 cells occupied
    level 1: 0 / 4 cells occupied
    level 2: 0 / 16 cells occupied
    level 3: 0 / 64 cells occupied
    level 4: 0 / 256 cells occupied
    level 5: 0 / 1024 cells occupied
    level 6: 0 / 4096 cells occupied
    level 7: 30 / 16384 cells occupied
  Field[609] 'screen_tile' levels:7 dims:2
    bounds X:[393.7500,400.0000] Y:[103.1250,107.8125] Z:[0.0000,1.0000]
    level 0: 0 / 1 cells occupied
    level 1: 0 / 4 cells occupied
    level 2: 0 / 16 cells occupied
    level 3: 0 / 64 cells occupied
    level 4: 0 / 256 cells occupied
    level 5: 0 / 1024 cells occupied
    level 6: 0 / 4096 cells occupied
    level 7: 30 / 16384 cells occupied
  Field[610] 'screen_tile' levels:7 dims:2
    bounds X:[400.0000,406.2500] Y:[103.1250,107.8125] Z:[0.0000,1.0000]
    level 0: 0 / 1 cells occupied
    level 1: 0 / 4 cells occupied
    level 2: 0 / 16 cells occupied
    level 3: 0 / 64 cells occupied
    level 4: 0 / 256 cells occupied
    level 5: 0 / 1024 cells occupied
    level 6: 0 / 4096 cells occupied
    level 7: 30 / 16384 cells occupied
  Field[611] 'screen_tile' levels:7 dims:2
    bounds X:[406.2500,412.5000] Y:[103.1250,107.8125] Z:[0.0000,1.0000]
    level 0: 0 / 1 cells occupied
    level 1: 0 / 4 cells occupied
    level 2: 0 / 16 cells occupied
    level 3: 0 / 64 cells occupied
    level 4: 0 / 256 cells occupied
    level 5: 0 / 1024 cells occupied
    level 6: 0 / 4096 cells occupied
    level 7: 30 / 16384 cells occupied
  Field[612] 'screen_tile' levels:7 dims:2
    bounds X:[425.0000,431.2500] Y:[360.9375,365.6250] Z:[0.0000,1.0000]
    level 0: 0 / 1 cells occupied
    level 1: 0 / 4 cells occupied
    level 2: 0 / 16 cells occupied
    level 3: 0 / 64 cells occupied
    level 4: 0 / 256 cells occupied
    level 5: 0 / 1024 cells occupied
    level 6: 0 / 4096 cells occupied
    level 7: 30 / 16384 cells occupied
  Field[613] 'screen_tile' levels:7 dims:2
    bounds X:[368.7500,375.0000] Y:[360.9375,365.6250] Z:[0.0000,1.0000]
    level 0: 0 / 1 cells occupied
    level 1: 0 / 4 cells occupied
    level 2: 0 / 16 cells occupied
    level 3: 0 / 64 cells occupied
    level 4: 0 / 256 cells occupied
    level 5: 0 / 1024 cells occupied
    level 6: 0 / 4096 cells occupied
    level 7: 30 / 16384 cells occupied
  Field[614] 'screen_tile' levels:7 dims:2
    bounds X:[362.5000,368.7500] Y:[360.9375,365.6250] Z:[0.0000,1.0000]
    level 0: 0 / 1 cells occupied
    level 1: 0 / 4 cells occupied
    level 2: 0 / 16 cells occupied
    level 3: 0 / 64 cells occupied
    level 4: 0 / 256 cells occupied
    level 5: 0 / 1024 cells occupied
    level 6: 0 / 4096 cells occupied
    level 7: 34 / 16384 cells occupied
  Field[615] 'screen_tile' levels:7 dims:2
    bounds X:[356.2500,362.5000] Y:[360.9375,365.6250] Z:[0.0000,1.0000]
    level 0: 0 / 1 cells occupied
    level 1: 0 / 4 cells occupied
    level 2: 0 / 16 cells occupied
    level 3: 0 / 64 cells occupied
    level 4: 0 / 256 cells occupied
    level 5: 0 / 1024 cells occupied
    level 6: 0 / 4096 cells occupied
    level 7: 14 / 16384 cells occupied
  Field[616] 'screen_tile' levels:7 dims:2
    bounds X:[356.2500,362.5000] Y:[356.2500,360.9375] Z:[0.0000,1.0000]
    level 0: 0 / 1 cells occupied
    level 1: 0 / 4 cells occupied
    level 2: 0 / 16 cells occupied
    level 3: 0 / 64 cells occupied
    level 4: 0 / 256 cells occupied
    level 5: 0 / 1024 cells occupied
    level 6: 0 / 4096 cells occupied
    level 7: 29 / 16384 cells occupied
  Field[617] 'screen_tile' levels:7 dims:2
    bounds X:[362.5000,368.7500] Y:[356.2500,360.9375] Z:[0.0000,1.0000]
    level 0: 0 / 1 cells occupied
    level 1: 0 / 4 cells occupied
    level 2: 0 / 16 cells occupied
    level 3: 0 / 64 cells occupied
    level 4: 0 / 256 cells occupied
    level 5: 0 / 1024 cells occupied
    level 6: 0 / 4096 cells occupied
    level 7: 35 / 16384 cells occupied
  Field[618] 'screen_tile' levels:7 dims:2
    bounds X:[356.2500,362.5000] Y:[351.5625,356.2500] Z:[0.0000,1.0000]
    level 0: 0 / 1 cells occupied
    level 1: 0 / 4 cells occupied
    level 2: 0 / 16 cells occupied
    level 3: 0 / 64 cells occupied
    level 4: 0 / 256 cells occupied
    level 5: 0 / 1024 cells occupied
    level 6: 0 / 4096 cells occupied
    level 7: 22 / 16384 cells occupied
  Field[619] 'screen_tile' levels:7 dims:2
    bounds X:[356.2500,362.5000] Y:[346.8750,351.5625] Z:[0.0000,1.0000]
    level 0: 0 / 1 cells occupied
    level 1: 0 / 4 cells occupied
    level 2: 0 / 16 cells occupied
    level 3: 0 / 64 cells occupied
    level 4: 0 / 256 cells occupied
    level 5: 0 / 1024 cells occupied
    level 6: 0 / 4096 cells occupied
    level 7: 15 / 16384 cells occupied
  Field[620] 'screen_tile' levels:7 dims:2
    bounds X:[362.5000,368.7500] Y:[346.8750,351.5625] Z:[0.0000,1.0000]
    level 0: 0 / 1 cells occupied
    level 1: 0 / 4 cells occupied
    level 2: 0 / 16 cells occupied
    level 3: 0 / 64 cells occupied
    level 4: 0 / 256 cells occupied
    level 5: 0 / 1024 cells occupied
    level 6: 0 / 4096 cells occupied
    level 7: 33 / 16384 cells occupied
  Field[621] 'screen_tile' levels:7 dims:2
    bounds X:[362.5000,368.7500] Y:[342.1875,346.8750] Z:[0.0000,1.0000]
    level 0: 0 / 1 cells occupied
    level 1: 0 / 4 cells occupied
    level 2: 0 / 16 cells occupied
    level 3: 0 / 64 cells occupied
    level 4: 0 / 256 cells occupied
    level 5: 0 / 1024 cells occupied
    level 6: 0 / 4096 cells occupied
    level 7: 4 / 16384 cells occupied
  Field[622] 'screen_tile' levels:7 dims:2
    bounds X:[368.7500,375.0000] Y:[346.8750,351.5625] Z:[0.0000,1.0000]
    level 0: 0 / 1 cells occupied
    level 1: 0 / 4 cells occupied
    level 2: 0 / 16 cells occupied
    level 3: 0 / 64 cells occupied
    level 4: 0 / 256 cells occupied
    level 5: 0 / 1024 cells occupied
    level 6: 0 / 4096 cells occupied
    level 7: 30 / 16384 cells occupied
  Field[623] 'screen_tile' levels:7 dims:2
    bounds X:[368.7500,375.0000] Y:[328.1250,332.8125] Z:[0.0000,1.0000]
    level 0: 0 / 1 cells occupied
    level 1: 0 / 4 cells occupied
    level 2: 0 / 16 cells occupied
    level 3: 0 / 64 cells occupied
    level 4: 0 / 256 cells occupied
    level 5: 0 / 1024 cells occupied
    level 6: 0 / 4096 cells occupied
    level 7: 12 / 16384 cells occupied
  Field[624] 'screen_tile' levels:7 dims:2
    bounds X:[368.7500,375.0000] Y:[318.7500,323.4375] Z:[0.0000,1.0000]
    level 0: 0 / 1 cells occupied
    level 1: 0 / 4 cells occupied
    level 2: 0 / 16 cells occupied
    level 3: 0 / 64 cells occupied
    level 4: 0 / 256 cells occupied
    level 5: 0 / 1024 cells occupied
    level 6: 0 / 4096 cells occupied
    level 7: 3 / 16384 cells occupied
  Field[625] 'screen_tile' levels:7 dims:2
    bounds X:[368.7500,375.0000] Y:[323.4375,328.1250] Z:[0.0000,1.0000]
    level 0: 0 / 1 cells occupied
    level 1: 0 / 4 cells occupied
    level 2: 0 / 16 cells occupied
    level 3: 0 / 64 cells occupied
    level 4: 0 / 256 cells occupied
    level 5: 0 / 1024 cells occupied
    level 6: 0 / 4096 cells occupied
    level 7: 10 / 16384 cells occupied
  Field[626] 'screen_tile' levels:7 dims:2
    bounds X:[375.0000,381.2500] Y:[309.3750,314.0625] Z:[0.0000,1.0000]
    level 0: 0 / 1 cells occupied
    level 1: 0 / 4 cells occupied
    level 2: 0 / 16 cells occupied
    level 3: 0 / 64 cells occupied
    level 4: 0 / 256 cells occupied
    level 5: 0 / 1024 cells occupied
    level 6: 0 / 4096 cells occupied
    level 7: 28 / 16384 cells occupied
  Field[627] 'screen_tile' levels:7 dims:2
    bounds X:[375.0000,381.2500] Y:[314.0625,318.7500] Z:[0.0000,1.0000]
    level 0: 0 / 1 cells occupied
    level 1: 0 / 4 cells occupied
    level 2: 0 / 16 cells occupied
    level 3: 0 / 64 cells occupied
    level 4: 0 / 256 cells occupied
    level 5: 0 / 1024 cells occupied
    level 6: 0 / 4096 cells occupied
    level 7: 30 / 16384 cells occupied
  Field[628] 'screen_tile' levels:7 dims:2
    bounds X:[375.0000,381.2500] Y:[295.3125,300.0000] Z:[0.0000,1.0000]
    level 0: 0 / 1 cells occupied
    level 1: 0 / 4 cells occupied
    level 2: 0 / 16 cells occupied
    level 3: 0 / 64 cells occupied
    level 4: 0 / 256 cells occupied
    level 5: 0 / 1024 cells occupied
    level 6: 0 / 4096 cells occupied
    level 7: 20 / 16384 cells occupied
  Field[629] 'screen_tile' levels:7 dims:2
    bounds X:[375.0000,381.2500] Y:[300.0000,304.6875] Z:[0.0000,1.0000]
    level 0: 0 / 1 cells occupied
    level 1: 0 / 4 cells occupied
    level 2: 0 / 16 cells occupied
    level 3: 0 / 64 cells occupied
    level 4: 0 / 256 cells occupied
    level 5: 0 / 1024 cells occupied
    level 6: 0 / 4096 cells occupied
    level 7: 20 / 16384 cells occupied
  Field[630] 'screen_tile' levels:7 dims:2
    bounds X:[375.0000,381.2500] Y:[304.6875,309.3750] Z:[0.0000,1.0000]
    level 0: 0 / 1 cells occupied
    level 1: 0 / 4 cells occupied
    level 2: 0 / 16 cells occupied
    level 3: 0 / 64 cells occupied
    level 4: 0 / 256 cells occupied
    level 5: 0 / 1024 cells occupied
    level 6: 0 / 4096 cells occupied
    level 7: 16 / 16384 cells occupied
  Field[631] 'screen_tile' levels:7 dims:2
    bounds X:[375.0000,381.2500] Y:[276.5625,281.2500] Z:[0.0000,1.0000]
    level 0: 0 / 1 cells occupied
    level 1: 0 / 4 cells occupied
    level 2: 0 / 16 cells occupied
    level 3: 0 / 64 cells occupied
    level 4: 0 / 256 cells occupied
    level 5: 0 / 1024 cells occupied
    level 6: 0 / 4096 cells occupied
    level 7: 15 / 16384 cells occupied
  Field[632] 'screen_tile' levels:7 dims:2
    bounds X:[375.0000,381.2500] Y:[281.2500,285.9375] Z:[0.0000,1.0000]
    level 0: 0 / 1 cells occupied
    level 1: 0 / 4 cells occupied
    level 2: 0 / 16 cells occupied
    level 3: 0 / 64 cells occupied
    level 4: 0 / 256 cells occupied
    level 5: 0 / 1024 cells occupied
    level 6: 0 / 4096 cells occupied
    level 7: 15 / 16384 cells occupied
  Field[633] 'screen_tile' levels:7 dims:2
    bounds X:[375.0000,381.2500] Y:[285.9375,290.6250] Z:[0.0000,1.0000]
    level 0: 0 / 1 cells occupied
    level 1: 0 / 4 cells occupied
    level 2: 0 / 16 cells occupied
    level 3: 0 / 64 cells occupied
    level 4: 0 / 256 cells occupied
    level 5: 0 / 1024 cells occupied
    level 6: 0 / 4096 cells occupied
    level 7: 15 / 16384 cells occupied
  Field[634] 'screen_tile' levels:7 dims:2
    bounds X:[375.0000,381.2500] Y:[290.6250,295.3125] Z:[0.0000,1.0000]
    level 0: 0 / 1 cells occupied
    level 1: 0 / 4 cells occupied
    level 2: 0 / 16 cells occupied
    level 3: 0 / 64 cells occupied
    level 4: 0 / 256 cells occupied
    level 5: 0 / 1024 cells occupied
    level 6: 0 / 4096 cells occupied
    level 7: 12 / 16384 cells occupied
  Field[635] 'screen_tile' levels:7 dims:2
    bounds X:[375.0000,381.2500] Y:[262.5000,267.1875] Z:[0.0000,1.0000]
    level 0: 0 / 1 cells occupied
    level 1: 0 / 4 cells occupied
    level 2: 0 / 16 cells occupied
    level 3: 0 / 64 cells occupied
    level 4: 0 / 256 cells occupied
    level 5: 0 / 1024 cells occupied
    level 6: 0 / 4096 cells occupied
    level 7: 20 / 16384 cells occupied
  Field[636] 'screen_tile' levels:7 dims:2
    bounds X:[375.0000,381.2500] Y:[267.1875,271.8750] Z:[0.0000,1.0000]
    level 0: 0 / 1 cells occupied
    level 1: 0 / 4 cells occupied
    level 2: 0 / 16 cells occupied
    level 3: 0 / 64 cells occupied
    level 4: 0 / 256 cells occupied
    level 5: 0 / 1024 cells occupied
    level 6: 0 / 4096 cells occupied
    level 7: 20 / 16384 cells occupied
  Field[637] 'screen_tile' levels:7 dims:2
    bounds X:[375.0000,381.2500] Y:[271.8750,276.5625] Z:[0.0000,1.0000]
    level 0: 0 / 1 cells occupied
    level 1: 0 / 4 cells occupied
    level 2: 0 / 16 cells occupied
    level 3: 0 / 64 cells occupied
    level 4: 0 / 256 cells occupied
    level 5: 0 / 1024 cells occupied
    level 6: 0 / 4096 cells occupied
    level 7: 20 / 16384 cells occupied
  Field[638] 'screen_tile' levels:7 dims:2
    bounds X:[431.2500,437.5000] Y:[360.9375,365.6250] Z:[0.0000,1.0000]
    level 0: 0 / 1 cells occupied
    level 1: 0 / 4 cells occupied
    level 2: 0 / 16 cells occupied
    level 3: 0 / 64 cells occupied
    level 4: 0 / 256 cells occupied
    level 5: 0 / 1024 cells occupied
    level 6: 0 / 4096 cells occupied
    level 7: 30 / 16384 cells occupied
  Field[639] 'screen_tile' levels:7 dims:2
    bounds X:[425.0000,431.2500] Y:[365.6250,370.3125] Z:[0.0000,1.0000]
    level 0: 0 / 1 cells occupied
    level 1: 0 / 4 cells occupied
    level 2: 0 / 16 cells occupied
    level 3: 0 / 64 cells occupied
    level 4: 0 / 256 cells occupied
    level 5: 0 / 1024 cells occupied
    level 6: 0 / 4096 cells occupied
    level 7: 20 / 16384 cells occupied
  Field[640] 'screen_tile' levels:7 dims:2
    bounds X:[343.7500,350.0000] Y:[164.0625,168.7500] Z:[0.0000,1.0000]
    level 0: 0 / 1 cells occupied
    level 1: 0 / 4 cells occupied
    level 2: 0 / 16 cells occupied
    level 3: 0 / 64 cells occupied
    level 4: 0 / 256 cells occupied
    level 5: 0 / 1024 cells occupied
    level 6: 0 / 4096 cells occupied
    level 7: 30 / 16384 cells occupied
  Field[641] 'screen_tile' levels:7 dims:2
    bounds X:[343.7500,350.0000] Y:[168.7500,173.4375] Z:[0.0000,1.0000]
    level 0: 0 / 1 cells occupied
    level 1: 0 / 4 cells occupied
    level 2: 0 / 16 cells occupied
    level 3: 0 / 64 cells occupied
    level 4: 0 / 256 cells occupied
    level 5: 0 / 1024 cells occupied
    level 6: 0 / 4096 cells occupied
    level 7: 24 / 16384 cells occupied
  Field[642] 'screen_tile' levels:7 dims:2
    bounds X:[343.7500,350.0000] Y:[173.4375,178.1250] Z:[0.0000,1.0000]
    level 0: 0 / 1 cells occupied
    level 1: 0 / 4 cells occupied
    level 2: 0 / 16 cells occupied
    level 3: 0 / 64 cells occupied
    level 4: 0 / 256 cells occupied
    level 5: 0 / 1024 cells occupied
    level 6: 0 / 4096 cells occupied
    level 7: 7 / 16384 cells occupied
  Field[643] 'screen_tile' levels:7 dims:2
    bounds X:[337.5000,343.7500] Y:[164.0625,168.7500] Z:[0.0000,1.0000]
    level 0: 0 / 1 cells occupied
    level 1: 0 / 4 cells occupied
    level 2: 0 / 16 cells occupied
    level 3: 0 / 64 cells occupied
    level 4: 0 / 256 cells occupied
    level 5: 0 / 1024 cells occupied
    level 6: 0 / 4096 cells occupied
    level 7: 31 / 16384 cells occupied
  Field[644] 'screen_tile' levels:7 dims:2
    bounds X:[337.5000,343.7500] Y:[168.7500,173.4375] Z:[0.0000,1.0000]
    level 0: 0 / 1 cells occupied
    level 1: 0 / 4 cells occupied
    level 2: 0 / 16 cells occupied
    level 3: 0 / 64 cells occupied
    level 4: 0 / 256 cells occupied
    level 5: 0 / 1024 cells occupied
    level 6: 0 / 4096 cells occupied
    level 7: 6 / 16384 cells occupied
  Field[645] 'screen_tile' levels:7 dims:2
    bounds X:[337.5000,343.7500] Y:[159.3750,164.0625] Z:[0.0000,1.0000]
    level 0: 0 / 1 cells occupied
    level 1: 0 / 4 cells occupied
    level 2: 0 / 16 cells occupied
    level 3: 0 / 64 cells occupied
    level 4: 0 / 256 cells occupied
    level 5: 0 / 1024 cells occupied
    level 6: 0 / 4096 cells occupied
    level 7: 35 / 16384 cells occupied
  Field[646] 'screen_tile' levels:7 dims:2
    bounds X:[343.7500,350.0000] Y:[159.3750,164.0625] Z:[0.0000,1.0000]
    level 0: 0 / 1 cells occupied
    level 1: 0 / 4 cells occupied
    level 2: 0 / 16 cells occupied
    level 3: 0 / 64 cells occupied
    level 4: 0 / 256 cells occupied
    level 5: 0 / 1024 cells occupied
    level 6: 0 / 4096 cells occupied
    level 7: 30 / 16384 cells occupied
  Field[647] 'screen_tile' levels:7 dims:2
    bounds X:[331.2500,337.5000] Y:[154.6875,159.3750] Z:[0.0000,1.0000]
    level 0: 0 / 1 cells occupied
    level 1: 0 / 4 cells occupied
    level 2: 0 / 16 cells occupied
    level 3: 0 / 64 cells occupied
    level 4: 0 / 256 cells occupied
    level 5: 0 / 1024 cells occupied
    level 6: 0 / 4096 cells occupied
    level 7: 24 / 16384 cells occupied
  Field[648] 'screen_tile' levels:7 dims:2
    bounds X:[337.5000,343.7500] Y:[154.6875,159.3750] Z:[0.0000,1.0000]
    level 0: 0 / 1 cells occupied
    level 1: 0 / 4 cells occupied
    level 2: 0 / 16 cells occupied
    level 3: 0 / 64 cells occupied
    level 4: 0 / 256 cells occupied
    level 5: 0 / 1024 cells occupied
    level 6: 0 / 4096 cells occupied
    level 7: 28 / 16384 cells occupied
  Field[649] 'screen_tile' levels:7 dims:2
    bounds X:[331.2500,337.5000] Y:[159.3750,164.0625] Z:[0.0000,1.0000]
    level 0: 0 / 1 cells occupied
    level 1: 0 / 4 cells occupied
    level 2: 0 / 16 cells occupied
    level 3: 0 / 64 cells occupied
    level 4: 0 / 256 cells occupied
    level 5: 0 / 1024 cells occupied
    level 6: 0 / 4096 cells occupied
    level 7: 25 / 16384 cells occupied
  Field[650] 'screen_tile' levels:7 dims:2
    bounds X:[368.7500,375.0000] Y:[365.6250,370.3125] Z:[0.0000,1.0000]
    level 0: 0 / 1 cells occupied
    level 1: 0 / 4 cells occupied
    level 2: 0 / 16 cells occupied
    level 3: 0 / 64 cells occupied
    level 4: 0 / 256 cells occupied
    level 5: 0 / 1024 cells occupied
    level 6: 0 / 4096 cells occupied
    level 7: 21 / 16384 cells occupied
  Field[651] 'screen_tile' levels:7 dims:2
    bounds X:[325.0000,331.2500] Y:[150.0000,154.6875] Z:[0.0000,1.0000]
    level 0: 0 / 1 cells occupied
    level 1: 0 / 4 cells occupied
    level 2: 0 / 16 cells occupied
    level 3: 0 / 64 cells occupied
    level 4: 0 / 256 cells occupied
    level 5: 0 / 1024 cells occupied
    level 6: 0 / 4096 cells occupied
    level 7: 17 / 16384 cells occupied
  Field[652] 'screen_tile' levels:7 dims:2
    bounds X:[331.2500,337.5000] Y:[150.0000,154.6875] Z:[0.0000,1.0000]
    level 0: 0 / 1 cells occupied
    level 1: 0 / 4 cells occupied
    level 2: 0 / 16 cells occupied
    level 3: 0 / 64 cells occupied
    level 4: 0 / 256 cells occupied
    level 5: 0 / 1024 cells occupied
    level 6: 0 / 4096 cells occupied
    level 7: 30 / 16384 cells occupied
  Field[653] 'screen_tile' levels:7 dims:2
    bounds X:[325.0000,331.2500] Y:[154.6875,159.3750] Z:[0.0000,1.0000]
    level 0: 0 / 1 cells occupied
    level 1: 0 / 4 cells occupied
    level 2: 0 / 16 cells occupied
    level 3: 0 / 64 cells occupied
    level 4: 0 / 256 cells occupied
    level 5: 0 / 1024 cells occupied
    level 6: 0 / 4096 cells occupied
    level 7: 10 / 16384 cells occupied
  Field[654] 'screen_tile' levels:7 dims:2
    bounds X:[325.0000,331.2500] Y:[145.3125,150.0000] Z:[0.0000,1.0000]
    level 0: 0 / 1 cells occupied
    level 1: 0 / 4 cells occupied
    level 2: 0 / 16 cells occupied
    level 3: 0 / 64 cells occupied
    level 4: 0 / 256 cells occupied
    level 5: 0 / 1024 cells occupied
    level 6: 0 / 4096 cells occupied
    level 7: 20 / 16384 cells occupied
  Field[655] 'screen_tile' levels:7 dims:2
    bounds X:[331.2500,337.5000] Y:[145.3125,150.0000] Z:[0.0000,1.0000]
    level 0: 0 / 1 cells occupied
    level 1: 0 / 4 cells occupied
    level 2: 0 / 16 cells occupied
    level 3: 0 / 64 cells occupied
    level 4: 0 / 256 cells occupied
    level 5: 0 / 1024 cells occupied
    level 6: 0 / 4096 cells occupied
    level 7: 30 / 16384 cells occupied
  Field[656] 'screen_tile' levels:7 dims:2
    bounds X:[325.0000,331.2500] Y:[140.6250,145.3125] Z:[0.0000,1.0000]
    level 0: 0 / 1 cells occupied
    level 1: 0 / 4 cells occupied
    level 2: 0 / 16 cells occupied
    level 3: 0 / 64 cells occupied
    level 4: 0 / 256 cells occupied
    level 5: 0 / 1024 cells occupied
    level 6: 0 / 4096 cells occupied
    level 7: 16 / 16384 cells occupied
  Field[657] 'screen_tile' levels:7 dims:2
    bounds X:[325.0000,331.2500] Y:[135.9375,140.6250] Z:[0.0000,1.0000]
    level 0: 0 / 1 cells occupied
    level 1: 0 / 4 cells occupied
    level 2: 0 / 16 cells occupied
    level 3: 0 / 64 cells occupied
    level 4: 0 / 256 cells occupied
    level 5: 0 / 1024 cells occupied
    level 6: 0 / 4096 cells occupied
    level 7: 20 / 16384 cells occupied
  Field[658] 'screen_tile' levels:7 dims:2
    bounds X:[431.2500,437.5000] Y:[365.6250,370.3125] Z:[0.0000,1.0000]
    level 0: 0 / 1 cells occupied
    level 1: 0 / 4 cells occupied
    level 2: 0 / 16 cells occupied
    level 3: 0 / 64 cells occupied
    level 4: 0 / 256 cells occupied
    level 5: 0 / 1024 cells occupied
    level 6: 0 / 4096 cells occupied
    level 7: 3 / 16384 cells occupied
  Field[659] 'screen_tile' levels:7 dims:2
    bounds X:[437.5000,443.7500] Y:[360.9375,365.6250] Z:[0.0000,1.0000]
    level 0: 0 / 1 cells occupied
    level 1: 0 / 4 cells occupied
    level 2: 0 / 16 cells occupied
    level 3: 0 / 64 cells occupied
    level 4: 0 / 256 cells occupied
    level 5: 0 / 1024 cells occupied
    level 6: 0 / 4096 cells occupied
    level 7: 22 / 16384 cells occupied
  Field[660] 'screen_tile' levels:7 dims:2
    bounds X:[431.2500,437.5000] Y:[356.2500,360.9375] Z:[0.0000,1.0000]
    level 0: 0 / 1 cells occupied
    level 1: 0 / 4 cells occupied
    level 2: 0 / 16 cells occupied
    level 3: 0 / 64 cells occupied
    level 4: 0 / 256 cells occupied
    level 5: 0 / 1024 cells occupied
    level 6: 0 / 4096 cells occupied
    level 7: 30 / 16384 cells occupied
  Field[661] 'screen_tile' levels:7 dims:2
    bounds X:[437.5000,443.7500] Y:[356.2500,360.9375] Z:[0.0000,1.0000]
    level 0: 0 / 1 cells occupied
    level 1: 0 / 4 cells occupied
    level 2: 0 / 16 cells occupied
    level 3: 0 / 64 cells occupied
    level 4: 0 / 256 cells occupied
    level 5: 0 / 1024 cells occupied
    level 6: 0 / 4096 cells occupied
    level 7: 35 / 16384 cells occupied
  Field[662] 'screen_tile' levels:7 dims:2
    bounds X:[425.0000,431.2500] Y:[356.2500,360.9375] Z:[0.0000,1.0000]
    level 0: 0 / 1 cells occupied
    level 1: 0 / 4 cells occupied
    level 2: 0 / 16 cells occupied
    level 3: 0 / 64 cells occupied
    level 4: 0 / 256 cells occupied
    level 5: 0 / 1024 cells occupied
    level 6: 0 / 4096 cells occupied
    level 7: 30 / 16384 cells occupied
  Field[663] 'screen_tile' levels:7 dims:2
    bounds X:[368.7500,375.0000] Y:[356.2500,360.9375] Z:[0.0000,1.0000]
    level 0: 0 / 1 cells occupied
    level 1: 0 / 4 cells occupied
    level 2: 0 / 16 cells occupied
    level 3: 0 / 64 cells occupied
    level 4: 0 / 256 cells occupied
    level 5: 0 / 1024 cells occupied
    level 6: 0 / 4096 cells occupied
    level 7: 30 / 16384 cells occupied
  Field[664] 'screen_tile' levels:7 dims:2
    bounds X:[362.5000,368.7500] Y:[351.5625,356.2500] Z:[0.0000,1.0000]
    level 0: 0 / 1 cells occupied
    level 1: 0 / 4 cells occupied
    level 2: 0 / 16 cells occupied
    level 3: 0 / 64 cells occupied
    level 4: 0 / 256 cells occupied
    level 5: 0 / 1024 cells occupied
    level 6: 0 / 4096 cells occupied
    level 7: 28 / 16384 cells occupied
  Field[665] 'screen_tile' levels:7 dims:2
    bounds X:[368.7500,375.0000] Y:[351.5625,356.2500] Z:[0.0000,1.0000]
    level 0: 0 / 1 cells occupied
    level 1: 0 / 4 cells occupied
    level 2: 0 / 16 cells occupied
    level 3: 0 / 64 cells occupied
    level 4: 0 / 256 cells occupied
    level 5: 0 / 1024 cells occupied
    level 6: 0 / 4096 cells occupied
    level 7: 24 / 16384 cells occupied
  Field[666] 'screen_tile' levels:7 dims:2
    bounds X:[425.0000,431.2500] Y:[351.5625,356.2500] Z:[0.0000,1.0000]
    level 0: 0 / 1 cells occupied
    level 1: 0 / 4 cells occupied
    level 2: 0 / 16 cells occupied
    level 3: 0 / 64 cells occupied
    level 4: 0 / 256 cells occupied
    level 5: 0 / 1024 cells occupied
    level 6: 0 / 4096 cells occupied
    level 7: 24 / 16384 cells occupied
  Field[667] 'screen_tile' levels:7 dims:2
    bounds X:[331.2500,337.5000] Y:[164.0625,168.7500] Z:[0.0000,1.0000]
    level 0: 0 / 1 cells occupied
    level 1: 0 / 4 cells occupied
    level 2: 0 / 16 cells occupied
    level 3: 0 / 64 cells occupied
    level 4: 0 / 256 cells occupied
    level 5: 0 / 1024 cells occupied
    level 6: 0 / 4096 cells occupied
    level 7: 3 / 16384 cells occupied
  Field[668] 'screen_tile' levels:7 dims:2
    bounds X:[337.5000,343.7500] Y:[150.0000,154.6875] Z:[0.0000,1.0000]
    level 0: 0 / 1 cells occupied
    level 1: 0 / 4 cells occupied
    level 2: 0 / 16 cells occupied
    level 3: 0 / 64 cells occupied
    level 4: 0 / 256 cells occupied
    level 5: 0 / 1024 cells occupied
    level 6: 0 / 4096 cells occupied
    level 7: 35 / 16384 cells occupied
  Field[669] 'screen_tile' levels:7 dims:2
    bounds X:[331.2500,337.5000] Y:[140.6250,145.3125] Z:[0.0000,1.0000]
    level 0: 0 / 1 cells occupied
    level 1: 0 / 4 cells occupied
    level 2: 0 / 16 cells occupied
    level 3: 0 / 64 cells occupied
    level 4: 0 / 256 cells occupied
    level 5: 0 / 1024 cells occupied
    level 6: 0 / 4096 cells occupied
    level 7: 24 / 16384 cells occupied
  Field[670] 'screen_tile' levels:7 dims:2
    bounds X:[331.2500,337.5000] Y:[135.9375,140.6250] Z:[0.0000,1.0000]
    level 0: 0 / 1 cells occupied
    level 1: 0 / 4 cells occupied
    level 2: 0 / 16 cells occupied
    level 3: 0 / 64 cells occupied
    level 4: 0 / 256 cells occupied
    level 5: 0 / 1024 cells occupied
    level 6: 0 / 4096 cells occupied
    level 7: 30 / 16384 cells occupied
  Field[671] 'screen_tile' levels:7 dims:2
    bounds X:[325.0000,331.2500] Y:[131.2500,135.9375] Z:[0.0000,1.0000]
    level 0: 0 / 1 cells occupied
    level 1: 0 / 4 cells occupied
    level 2: 0 / 16 cells occupied
    level 3: 0 / 64 cells occupied
    level 4: 0 / 256 cells occupied
    level 5: 0 / 1024 cells occupied
    level 6: 0 / 4096 cells occupied
    level 7: 20 / 16384 cells occupied
  Field[672] 'screen_tile' levels:7 dims:2
    bounds X:[331.2500,337.5000] Y:[131.2500,135.9375] Z:[0.0000,1.0000]
    level 0: 0 / 1 cells occupied
    level 1: 0 / 4 cells occupied
    level 2: 0 / 16 cells occupied
    level 3: 0 / 64 cells occupied
    level 4: 0 / 256 cells occupied
    level 5: 0 / 1024 cells occupied
    level 6: 0 / 4096 cells occupied
    level 7: 30 / 16384 cells occupied
  Field[673] 'screen_tile' levels:7 dims:2
    bounds X:[337.5000,343.7500] Y:[131.2500,135.9375] Z:[0.0000,1.0000]
    level 0: 0 / 1 cells occupied
    level 1: 0 / 4 cells occupied
    level 2: 0 / 16 cells occupied
    level 3: 0 / 64 cells occupied
    level 4: 0 / 256 cells occupied
    level 5: 0 / 1024 cells occupied
    level 6: 0 / 4096 cells occupied
    level 7: 35 / 16384 cells occupied
  Field[674] 'screen_tile' levels:7 dims:2
    bounds X:[337.5000,343.7500] Y:[135.9375,140.6250] Z:[0.0000,1.0000]
    level 0: 0 / 1 cells occupied
    level 1: 0 / 4 cells occupied
    level 2: 0 / 16 cells occupied
    level 3: 0 / 64 cells occupied
    level 4: 0 / 256 cells occupied
    level 5: 0 / 1024 cells occupied
    level 6: 0 / 4096 cells occupied
    level 7: 35 / 16384 cells occupied
  Field[675] 'screen_tile' levels:7 dims:2
    bounds X:[337.5000,343.7500] Y:[126.5625,131.2500] Z:[0.0000,1.0000]
    level 0: 0 / 1 cells occupied
    level 1: 0 / 4 cells occupied
    level 2: 0 / 16 cells occupied
    level 3: 0 / 64 cells occupied
    level 4: 0 / 256 cells occupied
    level 5: 0 / 1024 cells occupied
    level 6: 0 / 4096 cells occupied
    level 7: 28 / 16384 cells occupied
  Field[676] 'screen_tile' levels:7 dims:2
    bounds X:[343.7500,350.0000] Y:[126.5625,131.2500] Z:[0.0000,1.0000]
    level 0: 0 / 1 cells occupied
    level 1: 0 / 4 cells occupied
    level 2: 0 / 16 cells occupied
    level 3: 0 / 64 cells occupied
    level 4: 0 / 256 cells occupied
    level 5: 0 / 1024 cells occupied
    level 6: 0 / 4096 cells occupied
    level 7: 24 / 16384 cells occupied
  Field[677] 'screen_tile' levels:7 dims:2
    bounds X:[343.7500,350.0000] Y:[131.2500,135.9375] Z:[0.0000,1.0000]
    level 0: 0 / 1 cells occupied
    level 1: 0 / 4 cells occupied
    level 2: 0 / 16 cells occupied
    level 3: 0 / 64 cells occupied
    level 4: 0 / 256 cells occupied
    level 5: 0 / 1024 cells occupied
    level 6: 0 / 4096 cells occupied
    level 7: 30 / 16384 cells occupied
  Field[678] 'screen_tile' levels:7 dims:2
    bounds X:[343.7500,350.0000] Y:[121.8750,126.5625] Z:[0.0000,1.0000]
    level 0: 0 / 1 cells occupied
    level 1: 0 / 4 cells occupied
    level 2: 0 / 16 cells occupied
    level 3: 0 / 64 cells occupied
    level 4: 0 / 256 cells occupied
    level 5: 0 / 1024 cells occupied
    level 6: 0 / 4096 cells occupied
    level 7: 30 / 16384 cells occupied
  Field[679] 'screen_tile' levels:7 dims:2
    bounds X:[337.5000,343.7500] Y:[121.8750,126.5625] Z:[0.0000,1.0000]
    level 0: 0 / 1 cells occupied
    level 1: 0 / 4 cells occupied
    level 2: 0 / 16 cells occupied
    level 3: 0 / 64 cells occupied
    level 4: 0 / 256 cells occupied
    level 5: 0 / 1024 cells occupied
    level 6: 0 / 4096 cells occupied
    level 7: 35 / 16384 cells occupied
  Field[680] 'screen_tile' levels:7 dims:2
    bounds X:[337.5000,343.7500] Y:[117.1875,121.8750] Z:[0.0000,1.0000]
    level 0: 0 / 1 cells occupied
    level 1: 0 / 4 cells occupied
    level 2: 0 / 16 cells occupied
    level 3: 0 / 64 cells occupied
    level 4: 0 / 256 cells occupied
    level 5: 0 / 1024 cells occupied
    level 6: 0 / 4096 cells occupied
    level 7: 35 / 16384 cells occupied
  Field[681] 'screen_tile' levels:7 dims:2
    bounds X:[331.2500,337.5000] Y:[117.1875,121.8750] Z:[0.0000,1.0000]
    level 0: 0 / 1 cells occupied
    level 1: 0 / 4 cells occupied
    level 2: 0 / 16 cells occupied
    level 3: 0 / 64 cells occupied
    level 4: 0 / 256 cells occupied
    level 5: 0 / 1024 cells occupied
    level 6: 0 / 4096 cells occupied
    level 7: 29 / 16384 cells occupied
  Field[682] 'screen_tile' levels:7 dims:2
    bounds X:[331.2500,337.5000] Y:[121.8750,126.5625] Z:[0.0000,1.0000]
    level 0: 0 / 1 cells occupied
    level 1: 0 / 4 cells occupied
    level 2: 0 / 16 cells occupied
    level 3: 0 / 64 cells occupied
    level 4: 0 / 256 cells occupied
    level 5: 0 / 1024 cells occupied
    level 6: 0 / 4096 cells occupied
    level 7: 27 / 16384 cells occupied
  Field[683] 'screen_tile' levels:7 dims:2
    bounds X:[331.2500,337.5000] Y:[112.5000,117.1875] Z:[0.0000,1.0000]
    level 0: 0 / 1 cells occupied
    level 1: 0 / 4 cells occupied
    level 2: 0 / 16 cells occupied
    level 3: 0 / 64 cells occupied
    level 4: 0 / 256 cells occupied
    level 5: 0 / 1024 cells occupied
    level 6: 0 / 4096 cells occupied
    level 7: 30 / 16384 cells occupied
  Field[684] 'screen_tile' levels:7 dims:2
    bounds X:[325.0000,331.2500] Y:[112.5000,117.1875] Z:[0.0000,1.0000]
    level 0: 0 / 1 cells occupied
    level 1: 0 / 4 cells occupied
    level 2: 0 / 16 cells occupied
    level 3: 0 / 64 cells occupied
    level 4: 0 / 256 cells occupied
    level 5: 0 / 1024 cells occupied
    level 6: 0 / 4096 cells occupied
    level 7: 7 / 16384 cells occupied
  Field[685] 'screen_tile' levels:7 dims:2
    bounds X:[325.0000,331.2500] Y:[117.1875,121.8750] Z:[0.0000,1.0000]
    level 0: 0 / 1 cells occupied
    level 1: 0 / 4 cells occupied
    level 2: 0 / 16 cells occupied
    level 3: 0 / 64 cells occupied
    level 4: 0 / 256 cells occupied
    level 5: 0 / 1024 cells occupied
    level 6: 0 / 4096 cells occupied
    level 7: 3 / 16384 cells occupied
  Field[686] 'screen_tile' levels:7 dims:2
    bounds X:[325.0000,331.2500] Y:[107.8125,112.5000] Z:[0.0000,1.0000]
    level 0: 0 / 1 cells occupied
    level 1: 0 / 4 cells occupied
    level 2: 0 / 16 cells occupied
    level 3: 0 / 64 cells occupied
    level 4: 0 / 256 cells occupied
    level 5: 0 / 1024 cells occupied
    level 6: 0 / 4096 cells occupied
    level 7: 8 / 16384 cells occupied
  Field[687] 'screen_tile' levels:7 dims:2
    bounds X:[331.2500,337.5000] Y:[107.8125,112.5000] Z:[0.0000,1.0000]
    level 0: 0 / 1 cells occupied
    level 1: 0 / 4 cells occupied
    level 2: 0 / 16 cells occupied
    level 3: 0 / 64 cells occupied
    level 4: 0 / 256 cells occupied
    level 5: 0 / 1024 cells occupied
    level 6: 0 / 4096 cells occupied
    level 7: 24 / 16384 cells occupied
  Field[688] 'screen_tile' levels:7 dims:2
    bounds X:[325.0000,331.2500] Y:[103.1250,107.8125] Z:[0.0000,1.0000]
    level 0: 0 / 1 cells occupied
    level 1: 0 / 4 cells occupied
    level 2: 0 / 16 cells occupied
    level 3: 0 / 64 cells occupied
    level 4: 0 / 256 cells occupied
    level 5: 0 / 1024 cells occupied
    level 6: 0 / 4096 cells occupied
    level 7: 10 / 16384 cells occupied
  Field[689] 'screen_tile' levels:7 dims:2
    bounds X:[331.2500,337.5000] Y:[103.1250,107.8125] Z:[0.0000,1.0000]
    level 0: 0 / 1 cells occupied
    level 1: 0 / 4 cells occupied
    level 2: 0 / 16 cells occupied
    level 3: 0 / 64 cells occupied
    level 4: 0 / 256 cells occupied
    level 5: 0 / 1024 cells occupied
    level 6: 0 / 4096 cells occupied
    level 7: 30 / 16384 cells occupied
  Field[690] 'screen_tile' levels:7 dims:2
    bounds X:[337.5000,343.7500] Y:[112.5000,117.1875] Z:[0.0000,1.0000]
    level 0: 0 / 1 cells occupied
    level 1: 0 / 4 cells occupied
    level 2: 0 / 16 cells occupied
    level 3: 0 / 64 cells occupied
    level 4: 0 / 256 cells occupied
    level 5: 0 / 1024 cells occupied
    level 6: 0 / 4096 cells occupied
    level 7: 35 / 16384 cells occupied
  Field[691] 'screen_tile' levels:7 dims:2
    bounds X:[350.0000,356.2500] Y:[126.5625,131.2500] Z:[0.0000,1.0000]
    level 0: 0 / 1 cells occupied
    level 1: 0 / 4 cells occupied
    level 2: 0 / 16 cells occupied
    level 3: 0 / 64 cells occupied
    level 4: 0 / 256 cells occupied
    level 5: 0 / 1024 cells occupied
    level 6: 0 / 4096 cells occupied
    level 7: 24 / 16384 cells occupied
  Field[692] 'screen_tile' levels:7 dims:2
    bounds X:[350.0000,356.2500] Y:[131.2500,135.9375] Z:[0.0000,1.0000]
    level 0: 0 / 1 cells occupied
    level 1: 0 / 4 cells occupied
    level 2: 0 / 16 cells occupied
    level 3: 0 / 64 cells occupied
    level 4: 0 / 256 cells occupied
    level 5: 0 / 1024 cells occupied
    level 6: 0 / 4096 cells occupied
    level 7: 30 / 16384 cells occupied
  Field[693] 'screen_tile' levels:7 dims:2
    bounds X:[343.7500,350.0000] Y:[135.9375,140.6250] Z:[0.0000,1.0000]
    level 0: 0 / 1 cells occupied
    level 1: 0 / 4 cells occupied
    level 2: 0 / 16 cells occupied
    level 3: 0 / 64 cells occupied
    level 4: 0 / 256 cells occupied
    level 5: 0 / 1024 cells occupied
    level 6: 0 / 4096 cells occupied
    level 7: 30 / 16384 cells occupied
  Field[694] 'screen_tile' levels:7 dims:2
    bounds X:[350.0000,356.2500] Y:[135.9375,140.6250] Z:[0.0000,1.0000]
    level 0: 0 / 1 cells occupied
    level 1: 0 / 4 cells occupied
    level 2: 0 / 16 cells occupied
    level 3: 0 / 64 cells occupied
    level 4: 0 / 256 cells occupied
    level 5: 0 / 1024 cells occupied
    level 6: 0 / 4096 cells occupied
    level 7: 30 / 16384 cells occupied
  Field[695] 'screen_tile' levels:7 dims:2
    bounds X:[337.5000,343.7500] Y:[140.6250,145.3125] Z:[0.0000,1.0000]
    level 0: 0 / 1 cells occupied
    level 1: 0 / 4 cells occupied
    level 2: 0 / 16 cells occupied
    level 3: 0 / 64 cells occupied
    level 4: 0 / 256 cells occupied
    level 5: 0 / 1024 cells occupied
    level 6: 0 / 4096 cells occupied
    level 7: 28 / 16384 cells occupied
  Field[696] 'screen_tile' levels:7 dims:2
    bounds X:[337.5000,343.7500] Y:[145.3125,150.0000] Z:[0.0000,1.0000]
    level 0: 0 / 1 cells occupied
    level 1: 0 / 4 cells occupied
    level 2: 0 / 16 cells occupied
    level 3: 0 / 64 cells occupied
    level 4: 0 / 256 cells occupied
    level 5: 0 / 1024 cells occupied
    level 6: 0 / 4096 cells occupied
    level 7: 35 / 16384 cells occupied
  Field[697] 'screen_tile' levels:7 dims:2
    bounds X:[343.7500,350.0000] Y:[154.6875,159.3750] Z:[0.0000,1.0000]
    level 0: 0 / 1 cells occupied
    level 1: 0 / 4 cells occupied
    level 2: 0 / 16 cells occupied
    level 3: 0 / 64 cells occupied
    level 4: 0 / 256 cells occupied
    level 5: 0 / 1024 cells occupied
    level 6: 0 / 4096 cells occupied
    level 7: 24 / 16384 cells occupied
  Field[698] 'screen_tile' levels:7 dims:2
    bounds X:[431.2500,437.5000] Y:[351.5625,356.2500] Z:[0.0000,1.0000]
    level 0: 0 / 1 cells occupied
    level 1: 0 / 4 cells occupied
    level 2: 0 / 16 cells occupied
    level 3: 0 / 64 cells occupied
    level 4: 0 / 256 cells occupied
    level 5: 0 / 1024 cells occupied
    level 6: 0 / 4096 cells occupied
    level 7: 24 / 16384 cells occupied
  Field[699] 'screen_tile' levels:7 dims:2
    bounds X:[437.5000,443.7500] Y:[351.5625,356.2500] Z:[0.0000,1.0000]
    level 0: 0 / 1 cells occupied
    level 1: 0 / 4 cells occupied
    level 2: 0 / 16 cells occupied
    level 3: 0 / 64 cells occupied
    level 4: 0 / 256 cells occupied
    level 5: 0 / 1024 cells occupied
    level 6: 0 / 4096 cells occupied
    level 7: 27 / 16384 cells occupied
  Field[700] 'screen_tile' levels:7 dims:2
    bounds X:[343.7500,350.0000] Y:[150.0000,154.6875] Z:[0.0000,1.0000]
    level 0: 0 / 1 cells occupied
    level 1: 0 / 4 cells occupied
    level 2: 0 / 16 cells occupied
    level 3: 0 / 64 cells occupied
    level 4: 0 / 256 cells occupied
    level 5: 0 / 1024 cells occupied
    level 6: 0 / 4096 cells occupied
    level 7: 30 / 16384 cells occupied
  Field[701] 'screen_tile' levels:7 dims:2
    bounds X:[437.5000,443.7500] Y:[346.8750,351.5625] Z:[0.0000,1.0000]
    level 0: 0 / 1 cells occupied
    level 1: 0 / 4 cells occupied
    level 2: 0 / 16 cells occupied
    level 3: 0 / 64 cells occupied
    level 4: 0 / 256 cells occupied
    level 5: 0 / 1024 cells occupied
    level 6: 0 / 4096 cells occupied
    level 7: 21 / 16384 cells occupied
  Field[702] 'screen_tile' levels:7 dims:2
    bounds X:[431.2500,437.5000] Y:[346.8750,351.5625] Z:[0.0000,1.0000]
    level 0: 0 / 1 cells occupied
    level 1: 0 / 4 cells occupied
    level 2: 0 / 16 cells occupied
    level 3: 0 / 64 cells occupied
    level 4: 0 / 256 cells occupied
    level 5: 0 / 1024 cells occupied
    level 6: 0 / 4096 cells occupied
    level 7: 30 / 16384 cells occupied
  Field[703] 'screen_tile' levels:7 dims:2
    bounds X:[425.0000,431.2500] Y:[346.8750,351.5625] Z:[0.0000,1.0000]
    level 0: 0 / 1 cells occupied
    level 1: 0 / 4 cells occupied
    level 2: 0 / 16 cells occupied
    level 3: 0 / 64 cells occupied
    level 4: 0 / 256 cells occupied
    level 5: 0 / 1024 cells occupied
    level 6: 0 / 4096 cells occupied
    level 7: 30 / 16384 cells occupied
  Field[704] 'screen_tile' levels:7 dims:2
    bounds X:[325.0000,331.2500] Y:[126.5625,131.2500] Z:[0.0000,1.0000]
    level 0: 0 / 1 cells occupied
    level 1: 0 / 4 cells occupied
    level 2: 0 / 16 cells occupied
    level 3: 0 / 64 cells occupied
    level 4: 0 / 256 cells occupied
    level 5: 0 / 1024 cells occupied
    level 6: 0 / 4096 cells occupied
    level 7: 10 / 16384 cells occupied
  Field[705] 'screen_tile' levels:7 dims:2
    bounds X:[331.2500,337.5000] Y:[126.5625,131.2500] Z:[0.0000,1.0000]
    level 0: 0 / 1 cells occupied
    level 1: 0 / 4 cells occupied
    level 2: 0 / 16 cells occupied
    level 3: 0 / 64 cells occupied
    level 4: 0 / 256 cells occupied
    level 5: 0 / 1024 cells occupied
    level 6: 0 / 4096 cells occupied
    level 7: 24 / 16384 cells occupied
  Field[706] 'screen_tile' levels:7 dims:2
    bounds X:[343.7500,350.0000] Y:[117.1875,121.8750] Z:[0.0000,1.0000]
    level 0: 0 / 1 cells occupied
    level 1: 0 / 4 cells occupied
    level 2: 0 / 16 cells occupied
    level 3: 0 / 64 cells occupied
    level 4: 0 / 256 cells occupied
    level 5: 0 / 1024 cells occupied
    level 6: 0 / 4096 cells occupied
    level 7: 30 / 16384 cells occupied
  Field[707] 'screen_tile' levels:7 dims:2
    bounds X:[343.7500,350.0000] Y:[112.5000,117.1875] Z:[0.0000,1.0000]
    level 0: 0 / 1 cells occupied
    level 1: 0 / 4 cells occupied
    level 2: 0 / 16 cells occupied
    level 3: 0 / 64 cells occupied
    level 4: 0 / 256 cells occupied
    level 5: 0 / 1024 cells occupied
    level 6: 0 / 4096 cells occupied
    level 7: 30 / 16384 cells occupied
  Field[708] 'screen_tile' levels:7 dims:2
    bounds X:[337.5000,343.7500] Y:[107.8125,112.5000] Z:[0.0000,1.0000]
    level 0: 0 / 1 cells occupied
    level 1: 0 / 4 cells occupied
    level 2: 0 / 16 cells occupied
    level 3: 0 / 64 cells occupied
    level 4: 0 / 256 cells occupied
    level 5: 0 / 1024 cells occupied
    level 6: 0 / 4096 cells occupied
    level 7: 28 / 16384 cells occupied
  Field[709] 'screen_tile' levels:7 dims:2
    bounds X:[337.5000,343.7500] Y:[103.1250,107.8125] Z:[0.0000,1.0000]
    level 0: 0 / 1 cells occupied
    level 1: 0 / 4 cells occupied
    level 2: 0 / 16 cells occupied
    level 3: 0 / 64 cells occupied
    level 4: 0 / 256 cells occupied
    level 5: 0 / 1024 cells occupied
    level 6: 0 / 4096 cells occupied
    level 7: 35 / 16384 cells occupied
  Field[710] 'screen_tile' levels:7 dims:2
    bounds X:[331.2500,337.5000] Y:[98.4375,103.1250] Z:[0.0000,1.0000]
    level 0: 0 / 1 cells occupied
    level 1: 0 / 4 cells occupied
    level 2: 0 / 16 cells occupied
    level 3: 0 / 64 cells occupied
    level 4: 0 / 256 cells occupied
    level 5: 0 / 1024 cells occupied
    level 6: 0 / 4096 cells occupied
    level 7: 30 / 16384 cells occupied
  Field[711] 'screen_tile' levels:7 dims:2
    bounds X:[325.0000,331.2500] Y:[98.4375,103.1250] Z:[0.0000,1.0000]
    level 0: 0 / 1 cells occupied
    level 1: 0 / 4 cells occupied
    level 2: 0 / 16 cells occupied
    level 3: 0 / 64 cells occupied
    level 4: 0 / 256 cells occupied
    level 5: 0 / 1024 cells occupied
    level 6: 0 / 4096 cells occupied
    level 7: 7 / 16384 cells occupied
  Field[712] 'screen_tile' levels:7 dims:2
    bounds X:[325.0000,331.2500] Y:[93.7500,98.4375] Z:[0.0000,1.0000]
    level 0: 0 / 1 cells occupied
    level 1: 0 / 4 cells occupied
    level 2: 0 / 16 cells occupied
    level 3: 0 / 64 cells occupied
    level 4: 0 / 256 cells occupied
    level 5: 0 / 1024 cells occupied
    level 6: 0 / 4096 cells occupied
    level 7: 2 / 16384 cells occupied
  Field[713] 'screen_tile' levels:7 dims:2
    bounds X:[331.2500,337.5000] Y:[93.7500,98.4375] Z:[0.0000,1.0000]
    level 0: 0 / 1 cells occupied
    level 1: 0 / 4 cells occupied
    level 2: 0 / 16 cells occupied
    level 3: 0 / 64 cells occupied
    level 4: 0 / 256 cells occupied
    level 5: 0 / 1024 cells occupied
    level 6: 0 / 4096 cells occupied
    level 7: 22 / 16384 cells occupied
  Field[714] 'screen_tile' levels:7 dims:2
    bounds X:[331.2500,337.5000] Y:[89.0625,93.7500] Z:[0.0000,1.0000]
    level 0: 0 / 1 cells occupied
    level 1: 0 / 4 cells occupied
    level 2: 0 / 16 cells occupied
    level 3: 0 / 64 cells occupied
    level 4: 0 / 256 cells occupied
    level 5: 0 / 1024 cells occupied
    level 6: 0 / 4096 cells occupied
    level 7: 16 / 16384 cells occupied
  Field[715] 'screen_tile' levels:7 dims:2
    bounds X:[337.5000,343.7500] Y:[89.0625,93.7500] Z:[0.0000,1.0000]
    level 0: 0 / 1 cells occupied
    level 1: 0 / 4 cells occupied
    level 2: 0 / 16 cells occupied
    level 3: 0 / 64 cells occupied
    level 4: 0 / 256 cells occupied
    level 5: 0 / 1024 cells occupied
    level 6: 0 / 4096 cells occupied
    level 7: 35 / 16384 cells occupied
  Field[716] 'screen_tile' levels:7 dims:2
    bounds X:[337.5000,343.7500] Y:[93.7500,98.4375] Z:[0.0000,1.0000]
    level 0: 0 / 1 cells occupied
    level 1: 0 / 4 cells occupied
    level 2: 0 / 16 cells occupied
    level 3: 0 / 64 cells occupied
    level 4: 0 / 256 cells occupied
    level 5: 0 / 1024 cells occupied
    level 6: 0 / 4096 cells occupied
    level 7: 28 / 16384 cells occupied
  Field[717] 'screen_tile' levels:7 dims:2
    bounds X:[337.5000,343.7500] Y:[84.3750,89.0625] Z:[0.0000,1.0000]
    level 0: 0 / 1 cells occupied
    level 1: 0 / 4 cells occupied
    level 2: 0 / 16 cells occupied
    level 3: 0 / 64 cells occupied
    level 4: 0 / 256 cells occupied
    level 5: 0 / 1024 cells occupied
    level 6: 0 / 4096 cells occupied
    level 7: 12 / 16384 cells occupied
  Field[718] 'screen_tile' levels:7 dims:2
    bounds X:[343.7500,350.0000] Y:[84.3750,89.0625] Z:[0.0000,1.0000]
    level 0: 0 / 1 cells occupied
    level 1: 0 / 4 cells occupied
    level 2: 0 / 16 cells occupied
    level 3: 0 / 64 cells occupied
    level 4: 0 / 256 cells occupied
    level 5: 0 / 1024 cells occupied
    level 6: 0 / 4096 cells occupied
    level 7: 28 / 16384 cells occupied
  Field[719] 'screen_tile' levels:7 dims:2
    bounds X:[343.7500,350.0000] Y:[89.0625,93.7500] Z:[0.0000,1.0000]
    level 0: 0 / 1 cells occupied
    level 1: 0 / 4 cells occupied
    level 2: 0 / 16 cells occupied
    level 3: 0 / 64 cells occupied
    level 4: 0 / 256 cells occupied
    level 5: 0 / 1024 cells occupied
    level 6: 0 / 4096 cells occupied
    level 7: 30 / 16384 cells occupied
  Field[720] 'screen_tile' levels:7 dims:2
    bounds X:[350.0000,356.2500] Y:[84.3750,89.0625] Z:[0.0000,1.0000]
    level 0: 0 / 1 cells occupied
    level 1: 0 / 4 cells occupied
    level 2: 0 / 16 cells occupied
    level 3: 0 / 64 cells occupied
    level 4: 0 / 256 cells occupied
    level 5: 0 / 1024 cells occupied
    level 6: 0 / 4096 cells occupied
    level 7: 30 / 16384 cells occupied
  Field[721] 'screen_tile' levels:7 dims:2
    bounds X:[337.5000,343.7500] Y:[98.4375,103.1250] Z:[0.0000,1.0000]
    level 0: 0 / 1 cells occupied
    level 1: 0 / 4 cells occupied
    level 2: 0 / 16 cells occupied
    level 3: 0 / 64 cells occupied
    level 4: 0 / 256 cells occupied
    level 5: 0 / 1024 cells occupied
    level 6: 0 / 4096 cells occupied
    level 7: 35 / 16384 cells occupied
  Field[722] 'screen_tile' levels:7 dims:2
    bounds X:[343.7500,350.0000] Y:[93.7500,98.4375] Z:[0.0000,1.0000]
    level 0: 0 / 1 cells occupied
    level 1: 0 / 4 cells occupied
    level 2: 0 / 16 cells occupied
    level 3: 0 / 64 cells occupied
    level 4: 0 / 256 cells occupied
    level 5: 0 / 1024 cells occupied
    level 6: 0 / 4096 cells occupied
    level 7: 24 / 16384 cells occupied
  Field[723] 'screen_tile' levels:7 dims:2
    bounds X:[350.0000,356.2500] Y:[89.0625,93.7500] Z:[0.0000,1.0000]
    level 0: 0 / 1 cells occupied
    level 1: 0 / 4 cells occupied
    level 2: 0 / 16 cells occupied
    level 3: 0 / 64 cells occupied
    level 4: 0 / 256 cells occupied
    level 5: 0 / 1024 cells occupied
    level 6: 0 / 4096 cells occupied
    level 7: 30 / 16384 cells occupied
  Field[724] 'screen_tile' levels:7 dims:2
    bounds X:[350.0000,356.2500] Y:[79.6875,84.3750] Z:[0.0000,1.0000]
    level 0: 0 / 1 cells occupied
    level 1: 0 / 4 cells occupied
    level 2: 0 / 16 cells occupied
    level 3: 0 / 64 cells occupied
    level 4: 0 / 256 cells occupied
    level 5: 0 / 1024 cells occupied
    level 6: 0 / 4096 cells occupied
    level 7: 14 / 16384 cells occupied
  Field[725] 'screen_tile' levels:7 dims:2
    bounds X:[356.2500,362.5000] Y:[79.6875,84.3750] Z:[0.0000,1.0000]
    level 0: 0 / 1 cells occupied
    level 1: 0 / 4 cells occupied
    level 2: 0 / 16 cells occupied
    level 3: 0 / 64 cells occupied
    level 4: 0 / 256 cells occupied
    level 5: 0 / 1024 cells occupied
    level 6: 0 / 4096 cells occupied
    level 7: 20 / 16384 cells occupied
  Field[726] 'screen_tile' levels:7 dims:2
    bounds X:[356.2500,362.5000] Y:[84.3750,89.0625] Z:[0.0000,1.0000]
    level 0: 0 / 1 cells occupied
    level 1: 0 / 4 cells occupied
    level 2: 0 / 16 cells occupied
    level 3: 0 / 64 cells occupied
    level 4: 0 / 256 cells occupied
    level 5: 0 / 1024 cells occupied
    level 6: 0 / 4096 cells occupied
    level 7: 30 / 16384 cells occupied
  Field[727] 'screen_tile' levels:7 dims:2
    bounds X:[362.5000,368.7500] Y:[79.6875,84.3750] Z:[0.0000,1.0000]
    level 0: 0 / 1 cells occupied
    level 1: 0 / 4 cells occupied
    level 2: 0 / 16 cells occupied
    level 3: 0 / 64 cells occupied
    level 4: 0 / 256 cells occupied
    level 5: 0 / 1024 cells occupied
    level 6: 0 / 4096 cells occupied
    level 7: 28 / 16384 cells occupied
  Field[728] 'screen_tile' levels:7 dims:2
    bounds X:[368.7500,375.0000] Y:[79.6875,84.3750] Z:[0.0000,1.0000]
    level 0: 0 / 1 cells occupied
    level 1: 0 / 4 cells occupied
    level 2: 0 / 16 cells occupied
    level 3: 0 / 64 cells occupied
    level 4: 0 / 256 cells occupied
    level 5: 0 / 1024 cells occupied
    level 6: 0 / 4096 cells occupied
    level 7: 24 / 16384 cells occupied
  Field[729] 'screen_tile' levels:7 dims:2
    bounds X:[368.7500,375.0000] Y:[75.0000,79.6875] Z:[0.0000,1.0000]
    level 0: 0 / 1 cells occupied
    level 1: 0 / 4 cells occupied
    level 2: 0 / 16 cells occupied
    level 3: 0 / 64 cells occupied
    level 4: 0 / 256 cells occupied
    level 5: 0 / 1024 cells occupied
    level 6: 0 / 4096 cells occupied
    level 7: 12 / 16384 cells occupied
  Field[730] 'screen_tile' levels:7 dims:2
    bounds X:[375.0000,381.2500] Y:[75.0000,79.6875] Z:[0.0000,1.0000]
    level 0: 0 / 1 cells occupied
    level 1: 0 / 4 cells occupied
    level 2: 0 / 16 cells occupied
    level 3: 0 / 64 cells occupied
    level 4: 0 / 256 cells occupied
    level 5: 0 / 1024 cells occupied
    level 6: 0 / 4096 cells occupied
    level 7: 14 / 16384 cells occupied
  Field[731] 'screen_tile' levels:7 dims:2
    bounds X:[375.0000,381.2500] Y:[79.6875,84.3750] Z:[0.0000,1.0000]
    level 0: 0 / 1 cells occupied
    level 1: 0 / 4 cells occupied
    level 2: 0 / 16 cells occupied
    level 3: 0 / 64 cells occupied
    level 4: 0 / 256 cells occupied
    level 5: 0 / 1024 cells occupied
    level 6: 0 / 4096 cells occupied
    level 7: 24 / 16384 cells occupied
  Field[732] 'screen_tile' levels:7 dims:2
    bounds X:[362.5000,368.7500] Y:[84.3750,89.0625] Z:[0.0000,1.0000]
    level 0: 0 / 1 cells occupied
    level 1: 0 / 4 cells occupied
    level 2: 0 / 16 cells occupied
    level 3: 0 / 64 cells occupied
    level 4: 0 / 256 cells occupied
    level 5: 0 / 1024 cells occupied
    level 6: 0 / 4096 cells occupied
    level 7: 35 / 16384 cells occupied
  Field[733] 'screen_tile' levels:7 dims:2
    bounds X:[368.7500,375.0000] Y:[84.3750,89.0625] Z:[0.0000,1.0000]
    level 0: 0 / 1 cells occupied
    level 1: 0 / 4 cells occupied
    level 2: 0 / 16 cells occupied
    level 3: 0 / 64 cells occupied
    level 4: 0 / 256 cells occupied
    level 5: 0 / 1024 cells occupied
    level 6: 0 / 4096 cells occupied
    level 7: 30 / 16384 cells occupied
  Field[734] 'screen_tile' levels:7 dims:2
    bounds X:[381.2500,387.5000] Y:[75.0000,79.6875] Z:[0.0000,1.0000]
    level 0: 0 / 1 cells occupied
    level 1: 0 / 4 cells occupied
    level 2: 0 / 16 cells occupied
    level 3: 0 / 64 cells occupied
    level 4: 0 / 256 cells occupied
    level 5: 0 / 1024 cells occupied
    level 6: 0 / 4096 cells occupied
    level 7: 18 / 16384 cells occupied
  Field[735] 'screen_tile' levels:7 dims:2
    bounds X:[387.5000,393.7500] Y:[75.0000,79.6875] Z:[0.0000,1.0000]
    level 0: 0 / 1 cells occupied
    level 1: 0 / 4 cells occupied
    level 2: 0 / 16 cells occupied
    level 3: 0 / 64 cells occupied
    level 4: 0 / 256 cells occupied
    level 5: 0 / 1024 cells occupied
    level 6: 0 / 4096 cells occupied
    level 7: 21 / 16384 cells occupied
  Field[736] 'screen_tile' levels:7 dims:2
    bounds X:[393.7500,400.0000] Y:[75.0000,79.6875] Z:[0.0000,1.0000]
    level 0: 0 / 1 cells occupied
    level 1: 0 / 4 cells occupied
    level 2: 0 / 16 cells occupied
    level 3: 0 / 64 cells occupied
    level 4: 0 / 256 cells occupied
    level 5: 0 / 1024 cells occupied
    level 6: 0 / 4096 cells occupied
    level 7: 18 / 16384 cells occupied
  Field[737] 'screen_tile' levels:7 dims:2
    bounds X:[381.2500,387.5000] Y:[79.6875,84.3750] Z:[0.0000,1.0000]
    level 0: 0 / 1 cells occupied
    level 1: 0 / 4 cells occupied
    level 2: 0 / 16 cells occupied
    level 3: 0 / 64 cells occupied
    level 4: 0 / 256 cells occupied
    level 5: 0 / 1024 cells occupied
    level 6: 0 / 4096 cells occupied
    level 7: 24 / 16384 cells occupied
  Field[738] 'screen_tile' levels:7 dims:2
    bounds X:[387.5000,393.7500] Y:[79.6875,84.3750] Z:[0.0000,1.0000]
    level 0: 0 / 1 cells occupied
    level 1: 0 / 4 cells occupied
    level 2: 0 / 16 cells occupied
    level 3: 0 / 64 cells occupied
    level 4: 0 / 256 cells occupied
    level 5: 0 / 1024 cells occupied
    level 6: 0 / 4096 cells occupied
    level 7: 28 / 16384 cells occupied
  Field[739] 'screen_tile' levels:7 dims:2
    bounds X:[375.0000,381.2500] Y:[84.3750,89.0625] Z:[0.0000,1.0000]
    level 0: 0 / 1 cells occupied
    level 1: 0 / 4 cells occupied
    level 2: 0 / 16 cells occupied
    level 3: 0 / 64 cells occupied
    level 4: 0 / 256 cells occupied
    level 5: 0 / 1024 cells occupied
    level 6: 0 / 4096 cells occupied
    level 7: 30 / 16384 cells occupied
  Field[740] 'screen_tile' levels:7 dims:2
    bounds X:[400.0000,406.2500] Y:[75.0000,79.6875] Z:[0.0000,1.0000]
    level 0: 0 / 1 cells occupied
    level 1: 0 / 4 cells occupied
    level 2: 0 / 16 cells occupied
    level 3: 0 / 64 cells occupied
    level 4: 0 / 256 cells occupied
    level 5: 0 / 1024 cells occupied
    level 6: 0 / 4096 cells occupied
    level 7: 18 / 16384 cells occupied
  Field[741] 'screen_tile' levels:7 dims:2
    bounds X:[406.2500,412.5000] Y:[75.0000,79.6875] Z:[0.0000,1.0000]
    level 0: 0 / 1 cells occupied
    level 1: 0 / 4 cells occupied
    level 2: 0 / 16 cells occupied
    level 3: 0 / 64 cells occupied
    level 4: 0 / 256 cells occupied
    level 5: 0 / 1024 cells occupied
    level 6: 0 / 4096 cells occupied
    level 7: 18 / 16384 cells occupied
  Field[742] 'screen_tile' levels:7 dims:2
    bounds X:[393.7500,400.0000] Y:[79.6875,84.3750] Z:[0.0000,1.0000]
    level 0: 0 / 1 cells occupied
    level 1: 0 / 4 cells occupied
    level 2: 0 / 16 cells occupied
    level 3: 0 / 64 cells occupied
    level 4: 0 / 256 cells occupied
    level 5: 0 / 1024 cells occupied
    level 6: 0 / 4096 cells occupied
    level 7: 24 / 16384 cells occupied
  Field[743] 'screen_tile' levels:7 dims:2
    bounds X:[412.5000,418.7500] Y:[75.0000,79.6875] Z:[0.0000,1.0000]
    level 0: 0 / 1 cells occupied
    level 1: 0 / 4 cells occupied
    level 2: 0 / 16 cells occupied
    level 3: 0 / 64 cells occupied
    level 4: 0 / 256 cells occupied
    level 5: 0 / 1024 cells occupied
    level 6: 0 / 4096 cells occupied
    level 7: 21 / 16384 cells occupied
  Field[744] 'screen_tile' levels:7 dims:2
    bounds X:[418.7500,425.0000] Y:[75.0000,79.6875] Z:[0.0000,1.0000]
    level 0: 0 / 1 cells occupied
    level 1: 0 / 4 cells occupied
    level 2: 0 / 16 cells occupied
    level 3: 0 / 64 cells occupied
    level 4: 0 / 256 cells occupied
    level 5: 0 / 1024 cells occupied
    level 6: 0 / 4096 cells occupied
    level 7: 14 / 16384 cells occupied
  Field[745] 'screen_tile' levels:7 dims:2
    bounds X:[400.0000,406.2500] Y:[79.6875,84.3750] Z:[0.0000,1.0000]
    level 0: 0 / 1 cells occupied
    level 1: 0 / 4 cells occupied
    level 2: 0 / 16 cells occupied
    level 3: 0 / 64 cells occupied
    level 4: 0 / 256 cells occupied
    level 5: 0 / 1024 cells occupied
    level 6: 0 / 4096 cells occupied
    level 7: 24 / 16384 cells occupied
  Field[746] 'screen_tile' levels:7 dims:2
    bounds X:[406.2500,412.5000] Y:[79.6875,84.3750] Z:[0.0000,1.0000]
    level 0: 0 / 1 cells occupied
    level 1: 0 / 4 cells occupied
    level 2: 0 / 16 cells occupied
    level 3: 0 / 64 cells occupied
    level 4: 0 / 256 cells occupied
    level 5: 0 / 1024 cells occupied
    level 6: 0 / 4096 cells occupied
    level 7: 24 / 16384 cells occupied
  Field[747] 'screen_tile' levels:7 dims:2
    bounds X:[425.0000,431.2500] Y:[75.0000,79.6875] Z:[0.0000,1.0000]
    level 0: 0 / 1 cells occupied
    level 1: 0 / 4 cells occupied
    level 2: 0 / 16 cells occupied
    level 3: 0 / 64 cells occupied
    level 4: 0 / 256 cells occupied
    level 5: 0 / 1024 cells occupied
    level 6: 0 / 4096 cells occupied
    level 7: 12 / 16384 cells occupied
  Field[748] 'screen_tile' levels:7 dims:2
    bounds X:[418.7500,425.0000] Y:[79.6875,84.3750] Z:[0.0000,1.0000]
    level 0: 0 / 1 cells occupied
    level 1: 0 / 4 cells occupied
    level 2: 0 / 16 cells occupied
    level 3: 0 / 64 cells occupied
    level 4: 0 / 256 cells occupied
    level 5: 0 / 1024 cells occupied
    level 6: 0 / 4096 cells occupied
    level 7: 24 / 16384 cells occupied
  Field[749] 'screen_tile' levels:7 dims:2
    bounds X:[425.0000,431.2500] Y:[79.6875,84.3750] Z:[0.0000,1.0000]
    level 0: 0 / 1 cells occupied
    level 1: 0 / 4 cells occupied
    level 2: 0 / 16 cells occupied
    level 3: 0 / 64 cells occupied
    level 4: 0 / 256 cells occupied
    level 5: 0 / 1024 cells occupied
    level 6: 0 / 4096 cells occupied
    level 7: 24 / 16384 cells occupied
  Field[750] 'screen_tile' levels:7 dims:2
    bounds X:[412.5000,418.7500] Y:[79.6875,84.3750] Z:[0.0000,1.0000]
    level 0: 0 / 1 cells occupied
    level 1: 0 / 4 cells occupied
    level 2: 0 / 16 cells occupied
    level 3: 0 / 64 cells occupied
    level 4: 0 / 256 cells occupied
    level 5: 0 / 1024 cells occupied
    level 6: 0 / 4096 cells occupied
    level 7: 28 / 16384 cells occupied
  Field[751] 'screen_tile' levels:7 dims:2
    bounds X:[431.2500,437.5000] Y:[79.6875,84.3750] Z:[0.0000,1.0000]
    level 0: 0 / 1 cells occupied
    level 1: 0 / 4 cells occupied
    level 2: 0 / 16 cells occupied
    level 3: 0 / 64 cells occupied
    level 4: 0 / 256 cells occupied
    level 5: 0 / 1024 cells occupied
    level 6: 0 / 4096 cells occupied
    level 7: 24 / 16384 cells occupied
  Field[752] 'screen_tile' levels:7 dims:2
    bounds X:[437.5000,443.7500] Y:[79.6875,84.3750] Z:[0.0000,1.0000]
    level 0: 0 / 1 cells occupied
    level 1: 0 / 4 cells occupied
    level 2: 0 / 16 cells occupied
    level 3: 0 / 64 cells occupied
    level 4: 0 / 256 cells occupied
    level 5: 0 / 1024 cells occupied
    level 6: 0 / 4096 cells occupied
    level 7: 24 / 16384 cells occupied
  Field[753] 'screen_tile' levels:7 dims:2
    bounds X:[443.7500,450.0000] Y:[79.6875,84.3750] Z:[0.0000,1.0000]
    level 0: 0 / 1 cells occupied
    level 1: 0 / 4 cells occupied
    level 2: 0 / 16 cells occupied
    level 3: 0 / 64 cells occupied
    level 4: 0 / 256 cells occupied
    level 5: 0 / 1024 cells occupied
    level 6: 0 / 4096 cells occupied
    level 7: 14 / 16384 cells occupied
  Field[754] 'screen_tile' levels:7 dims:2
    bounds X:[437.5000,443.7500] Y:[84.3750,89.0625] Z:[0.0000,1.0000]
    level 0: 0 / 1 cells occupied
    level 1: 0 / 4 cells occupied
    level 2: 0 / 16 cells occupied
    level 3: 0 / 64 cells occupied
    level 4: 0 / 256 cells occupied
    level 5: 0 / 1024 cells occupied
    level 6: 0 / 4096 cells occupied
    level 7: 35 / 16384 cells occupied
  Field[755] 'screen_tile' levels:7 dims:2
    bounds X:[443.7500,450.0000] Y:[84.3750,89.0625] Z:[0.0000,1.0000]
    level 0: 0 / 1 cells occupied
    level 1: 0 / 4 cells occupied
    level 2: 0 / 16 cells occupied
    level 3: 0 / 64 cells occupied
    level 4: 0 / 256 cells occupied
    level 5: 0 / 1024 cells occupied
    level 6: 0 / 4096 cells occupied
    level 7: 30 / 16384 cells occupied
  Field[756] 'screen_tile' levels:7 dims:2
    bounds X:[450.0000,456.2500] Y:[84.3750,89.0625] Z:[0.0000,1.0000]
    level 0: 0 / 1 cells occupied
    level 1: 0 / 4 cells occupied
    level 2: 0 / 16 cells occupied
    level 3: 0 / 64 cells occupied
    level 4: 0 / 256 cells occupied
    level 5: 0 / 1024 cells occupied
    level 6: 0 / 4096 cells occupied
    level 7: 28 / 16384 cells occupied
  Field[757] 'screen_tile' levels:7 dims:2
    bounds X:[425.0000,431.2500] Y:[84.3750,89.0625] Z:[0.0000,1.0000]
    level 0: 0 / 1 cells occupied
    level 1: 0 / 4 cells occupied
    level 2: 0 / 16 cells occupied
    level 3: 0 / 64 cells occupied
    level 4: 0 / 256 cells occupied
    level 5: 0 / 1024 cells occupied
    level 6: 0 / 4096 cells occupied
    level 7: 30 / 16384 cells occupied
  Field[758] 'screen_tile' levels:7 dims:2
    bounds X:[431.2500,437.5000] Y:[84.3750,89.0625] Z:[0.0000,1.0000]
    level 0: 0 / 1 cells occupied
    level 1: 0 / 4 cells occupied
    level 2: 0 / 16 cells occupied
    level 3: 0 / 64 cells occupied
    level 4: 0 / 256 cells occupied
    level 5: 0 / 1024 cells occupied
    level 6: 0 / 4096 cells occupied
    level 7: 30 / 16384 cells occupied
  Field[759] 'screen_tile' levels:7 dims:2
    bounds X:[418.7500,425.0000] Y:[84.3750,89.0625] Z:[0.0000,1.0000]
    level 0: 0 / 1 cells occupied
    level 1: 0 / 4 cells occupied
    level 2: 0 / 16 cells occupied
    level 3: 0 / 64 cells occupied
    level 4: 0 / 256 cells occupied
    level 5: 0 / 1024 cells occupied
    level 6: 0 / 4096 cells occupied
    level 7: 30 / 16384 cells occupied
  Field[760] 'screen_tile' levels:7 dims:2
    bounds X:[456.2500,462.5000] Y:[84.3750,89.0625] Z:[0.0000,1.0000]
    level 0: 0 / 1 cells occupied
    level 1: 0 / 4 cells occupied
    level 2: 0 / 16 cells occupied
    level 3: 0 / 64 cells occupied
    level 4: 0 / 256 cells occupied
    level 5: 0 / 1024 cells occupied
    level 6: 0 / 4096 cells occupied
    level 7: 11 / 16384 cells occupied
  Field[761] 'screen_tile' levels:7 dims:2
    bounds X:[450.0000,456.2500] Y:[89.0625,93.7500] Z:[0.0000,1.0000]
    level 0: 0 / 1 cells occupied
    level 1: 0 / 4 cells occupied
    level 2: 0 / 16 cells occupied
    level 3: 0 / 64 cells occupied
    level 4: 0 / 256 cells occupied
    level 5: 0 / 1024 cells occupied
    level 6: 0 / 4096 cells occupied
    level 7: 30 / 16384 cells occupied
  Field[762] 'screen_tile' levels:7 dims:2
    bounds X:[456.2500,462.5000] Y:[89.0625,93.7500] Z:[0.0000,1.0000]
    level 0: 0 / 1 cells occupied
    level 1: 0 / 4 cells occupied
    level 2: 0 / 16 cells occupied
    level 3: 0 / 64 cells occupied
    level 4: 0 / 256 cells occupied
    level 5: 0 / 1024 cells occupied
    level 6: 0 / 4096 cells occupied
    level 7: 30 / 16384 cells occupied
  Field[763] 'screen_tile' levels:7 dims:2
    bounds X:[462.5000,468.7500] Y:[89.0625,93.7500] Z:[0.0000,1.0000]
    level 0: 0 / 1 cells occupied
    level 1: 0 / 4 cells occupied
    level 2: 0 / 16 cells occupied
    level 3: 0 / 64 cells occupied
    level 4: 0 / 256 cells occupied
    level 5: 0 / 1024 cells occupied
    level 6: 0 / 4096 cells occupied
    level 7: 19 / 16384 cells occupied
  Field[764] 'screen_tile' levels:7 dims:2
    bounds X:[443.7500,450.0000] Y:[89.0625,93.7500] Z:[0.0000,1.0000]
    level 0: 0 / 1 cells occupied
    level 1: 0 / 4 cells occupied
    level 2: 0 / 16 cells occupied
    level 3: 0 / 64 cells occupied
    level 4: 0 / 256 cells occupied
    level 5: 0 / 1024 cells occupied
    level 6: 0 / 4096 cells occupied
    level 7: 30 / 16384 cells occupied
  Field[765] 'screen_tile' levels:7 dims:2
    bounds X:[456.2500,462.5000] Y:[93.7500,98.4375] Z:[0.0000,1.0000]
    level 0: 0 / 1 cells occupied
    level 1: 0 / 4 cells occupied
    level 2: 0 / 16 cells occupied
    level 3: 0 / 64 cells occupied
    level 4: 0 / 256 cells occupied
    level 5: 0 / 1024 cells occupied
    level 6: 0 / 4096 cells occupied
    level 7: 24 / 16384 cells occupied
  Field[766] 'screen_tile' levels:7 dims:2
    bounds X:[462.5000,468.7500] Y:[93.7500,98.4375] Z:[0.0000,1.0000]
    level 0: 0 / 1 cells occupied
    level 1: 0 / 4 cells occupied
    level 2: 0 / 16 cells occupied
    level 3: 0 / 64 cells occupied
    level 4: 0 / 256 cells occupied
    level 5: 0 / 1024 cells occupied
    level 6: 0 / 4096 cells occupied
    level 7: 26 / 16384 cells occupied
  Field[767] 'screen_tile' levels:7 dims:2
    bounds X:[468.7500,475.0000] Y:[93.7500,98.4375] Z:[0.0000,1.0000]
    level 0: 0 / 1 cells occupied
    level 1: 0 / 4 cells occupied
    level 2: 0 / 16 cells occupied
    level 3: 0 / 64 cells occupied
    level 4: 0 / 256 cells occupied
    level 5: 0 / 1024 cells occupied
    level 6: 0 / 4096 cells occupied
    level 7: 2 / 16384 cells occupied
  Field[768] 'screen_tile' levels:7 dims:2
    bounds X:[462.5000,468.7500] Y:[98.4375,103.1250] Z:[0.0000,1.0000]
    level 0: 0 / 1 cells occupied
    level 1: 0 / 4 cells occupied
    level 2: 0 / 16 cells occupied
    level 3: 0 / 64 cells occupied
    level 4: 0 / 256 cells occupied
    level 5: 0 / 1024 cells occupied
    level 6: 0 / 4096 cells occupied
    level 7: 35 / 16384 cells occupied
  Field[769] 'screen_tile' levels:7 dims:2
    bounds X:[468.7500,475.0000] Y:[98.4375,103.1250] Z:[0.0000,1.0000]
    level 0: 0 / 1 cells occupied
    level 1: 0 / 4 cells occupied
    level 2: 0 / 16 cells occupied
    level 3: 0 / 64 cells occupied
    level 4: 0 / 256 cells occupied
    level 5: 0 / 1024 cells occupied
    level 6: 0 / 4096 cells occupied
    level 7: 6 / 16384 cells occupied
  Field[770] 'screen_tile' levels:7 dims:2
    bounds X:[450.0000,456.2500] Y:[93.7500,98.4375] Z:[0.0000,1.0000]
    level 0: 0 / 1 cells occupied
    level 1: 0 / 4 cells occupied
    level 2: 0 / 16 cells occupied
    level 3: 0 / 64 cells occupied
    level 4: 0 / 256 cells occupied
    level 5: 0 / 1024 cells occupied
    level 6: 0 / 4096 cells occupied
    level 7: 24 / 16384 cells occupied
  Field[771] 'screen_tile' levels:7 dims:2
    bounds X:[468.7500,475.0000] Y:[103.1250,107.8125] Z:[0.0000,1.0000]
    level 0: 0 / 1 cells occupied
    level 1: 0 / 4 cells occupied
    level 2: 0 / 16 cells occupied
    level 3: 0 / 64 cells occupied
    level 4: 0 / 256 cells occupied
    level 5: 0 / 1024 cells occupied
    level 6: 0 / 4096 cells occupied
    level 7: 10 / 16384 cells occupied
  Field[772] 'screen_tile' levels:7 dims:2
    bounds X:[468.7500,475.0000] Y:[107.8125,112.5000] Z:[0.0000,1.0000]
    level 0: 0 / 1 cells occupied
    level 1: 0 / 4 cells occupied
    level 2: 0 / 16 cells occupied
    level 3: 0 / 64 cells occupied
    level 4: 0 / 256 cells occupied
    level 5: 0 / 1024 cells occupied
    level 6: 0 / 4096 cells occupied
    level 7: 8 / 16384 cells occupied
  Field[773] 'screen_tile' levels:7 dims:2
    bounds X:[462.5000,468.7500] Y:[103.1250,107.8125] Z:[0.0000,1.0000]
    level 0: 0 / 1 cells occupied
    level 1: 0 / 4 cells occupied
    level 2: 0 / 16 cells occupied
    level 3: 0 / 64 cells occupied
    level 4: 0 / 256 cells occupied
    level 5: 0 / 1024 cells occupied
    level 6: 0 / 4096 cells occupied
    level 7: 35 / 16384 cells occupied
  Field[774] 'screen_tile' levels:7 dims:2
    bounds X:[462.5000,468.7500] Y:[107.8125,112.5000] Z:[0.0000,1.0000]
    level 0: 0 / 1 cells occupied
    level 1: 0 / 4 cells occupied
    level 2: 0 / 16 cells occupied
    level 3: 0 / 64 cells occupied
    level 4: 0 / 256 cells occupied
    level 5: 0 / 1024 cells occupied
    level 6: 0 / 4096 cells occupied
    level 7: 28 / 16384 cells occupied
  Field[775] 'screen_tile' levels:7 dims:2
    bounds X:[462.5000,468.7500] Y:[112.5000,117.1875] Z:[0.0000,1.0000]
    level 0: 0 / 1 cells occupied
    level 1: 0 / 4 cells occupied
    level 2: 0 / 16 cells occupied
    level 3: 0 / 64 cells occupied
    level 4: 0 / 256 cells occupied
    level 5: 0 / 1024 cells occupied
    level 6: 0 / 4096 cells occupied
    level 7: 35 / 16384 cells occupied
  Field[776] 'screen_tile' levels:7 dims:2
    bounds X:[456.2500,462.5000] Y:[112.5000,117.1875] Z:[0.0000,1.0000]
    level 0: 0 / 1 cells occupied
    level 1: 0 / 4 cells occupied
    level 2: 0 / 16 cells occupied
    level 3: 0 / 64 cells occupied
    level 4: 0 / 256 cells occupied
    level 5: 0 / 1024 cells occupied
    level 6: 0 / 4096 cells occupied
    level 7: 30 / 16384 cells occupied
  Field[777] 'screen_tile' levels:7 dims:2
    bounds X:[468.7500,475.0000] Y:[112.5000,117.1875] Z:[0.0000,1.0000]
    level 0: 0 / 1 cells occupied
    level 1: 0 / 4 cells occupied
    level 2: 0 / 16 cells occupied
    level 3: 0 / 64 cells occupied
    level 4: 0 / 256 cells occupied
    level 5: 0 / 1024 cells occupied
    level 6: 0 / 4096 cells occupied
    level 7: 6 / 16384 cells occupied
  Field[778] 'screen_tile' levels:7 dims:2
    bounds X:[456.2500,462.5000] Y:[117.1875,121.8750] Z:[0.0000,1.0000]
    level 0: 0 / 1 cells occupied
    level 1: 0 / 4 cells occupied
    level 2: 0 / 16 cells occupied
    level 3: 0 / 64 cells occupied
    level 4: 0 / 256 cells occupied
    level 5: 0 / 1024 cells occupied
    level 6: 0 / 4096 cells occupied
    level 7: 30 / 16384 cells occupied
  Field[779] 'screen_tile' levels:7 dims:2
    bounds X:[462.5000,468.7500] Y:[117.1875,121.8750] Z:[0.0000,1.0000]
    level 0: 0 / 1 cells occupied
    level 1: 0 / 4 cells occupied
    level 2: 0 / 16 cells occupied
    level 3: 0 / 64 cells occupied
    level 4: 0 / 256 cells occupied
    level 5: 0 / 1024 cells occupied
    level 6: 0 / 4096 cells occupied
    level 7: 33 / 16384 cells occupied
  Field[780] 'screen_tile' levels:7 dims:2
    bounds X:[450.0000,456.2500] Y:[117.1875,121.8750] Z:[0.0000,1.0000]
    level 0: 0 / 1 cells occupied
    level 1: 0 / 4 cells occupied
    level 2: 0 / 16 cells occupied
    level 3: 0 / 64 cells occupied
    level 4: 0 / 256 cells occupied
    level 5: 0 / 1024 cells occupied
    level 6: 0 / 4096 cells occupied
    level 7: 30 / 16384 cells occupied
  Field[781] 'screen_tile' levels:7 dims:2
    bounds X:[450.0000,456.2500] Y:[121.8750,126.5625] Z:[0.0000,1.0000]
    level 0: 0 / 1 cells occupied
    level 1: 0 / 4 cells occupied
    level 2: 0 / 16 cells occupied
    level 3: 0 / 64 cells occupied
    level 4: 0 / 256 cells occupied
    level 5: 0 / 1024 cells occupied
    level 6: 0 / 4096 cells occupied
    level 7: 30 / 16384 cells occupied
  Field[782] 'screen_tile' levels:7 dims:2
    bounds X:[456.2500,462.5000] Y:[121.8750,126.5625] Z:[0.0000,1.0000]
    level 0: 0 / 1 cells occupied
    level 1: 0 / 4 cells occupied
    level 2: 0 / 16 cells occupied
    level 3: 0 / 64 cells occupied
    level 4: 0 / 256 cells occupied
    level 5: 0 / 1024 cells occupied
    level 6: 0 / 4096 cells occupied
    level 7: 30 / 16384 cells occupied
  Field[783] 'screen_tile' levels:7 dims:2
    bounds X:[443.7500,450.0000] Y:[117.1875,121.8750] Z:[0.0000,1.0000]
    level 0: 0 / 1 cells occupied
    level 1: 0 / 4 cells occupied
    level 2: 0 / 16 cells occupied
    level 3: 0 / 64 cells occupied
    level 4: 0 / 256 cells occupied
    level 5: 0 / 1024 cells occupied
    level 6: 0 / 4096 cells occupied
    level 7: 30 / 16384 cells occupied
  Field[784] 'screen_tile' levels:7 dims:2
    bounds X:[443.7500,450.0000] Y:[121.8750,126.5625] Z:[0.0000,1.0000]
    level 0: 0 / 1 cells occupied
    level 1: 0 / 4 cells occupied
    level 2: 0 / 16 cells occupied
    level 3: 0 / 64 cells occupied
    level 4: 0 / 256 cells occupied
    level 5: 0 / 1024 cells occupied
    level 6: 0 / 4096 cells occupied
    level 7: 30 / 16384 cells occupied
  Field[785] 'screen_tile' levels:7 dims:2
    bounds X:[437.5000,443.7500] Y:[121.8750,126.5625] Z:[0.0000,1.0000]
    level 0: 0 / 1 cells occupied
    level 1: 0 / 4 cells occupied
    level 2: 0 / 16 cells occupied
    level 3: 0 / 64 cells occupied
    level 4: 0 / 256 cells occupied
    level 5: 0 / 1024 cells occupied
    level 6: 0 / 4096 cells occupied
    level 7: 35 / 16384 cells occupied
  Field[786] 'screen_tile' levels:7 dims:2
    bounds X:[431.2500,437.5000] Y:[121.8750,126.5625] Z:[0.0000,1.0000]
    level 0: 0 / 1 cells occupied
    level 1: 0 / 4 cells occupied
    level 2: 0 / 16 cells occupied
    level 3: 0 / 64 cells occupied
    level 4: 0 / 256 cells occupied
    level 5: 0 / 1024 cells occupied
    level 6: 0 / 4096 cells occupied
    level 7: 30 / 16384 cells occupied
  Field[787] 'screen_tile' levels:7 dims:2
    bounds X:[431.2500,437.5000] Y:[126.5625,131.2500] Z:[0.0000,1.0000]
    level 0: 0 / 1 cells occupied
    level 1: 0 / 4 cells occupied
    level 2: 0 / 16 cells occupied
    level 3: 0 / 64 cells occupied
    level 4: 0 / 256 cells occupied
    level 5: 0 / 1024 cells occupied
    level 6: 0 / 4096 cells occupied
    level 7: 24 / 16384 cells occupied
  Field[788] 'screen_tile' levels:7 dims:2
    bounds X:[437.5000,443.7500] Y:[126.5625,131.2500] Z:[0.0000,1.0000]
    level 0: 0 / 1 cells occupied
    level 1: 0 / 4 cells occupied
    level 2: 0 / 16 cells occupied
    level 3: 0 / 64 cells occupied
    level 4: 0 / 256 cells occupied
    level 5: 0 / 1024 cells occupied
    level 6: 0 / 4096 cells occupied
    level 7: 28 / 16384 cells occupied
  Field[789] 'screen_tile' levels:7 dims:2
    bounds X:[418.7500,425.0000] Y:[126.5625,131.2500] Z:[0.0000,1.0000]
    level 0: 0 / 1 cells occupied
    level 1: 0 / 4 cells occupied
    level 2: 0 / 16 cells occupied
    level 3: 0 / 64 cells occupied
    level 4: 0 / 256 cells occupied
    level 5: 0 / 1024 cells occupied
    level 6: 0 / 4096 cells occupied
    level 7: 24 / 16384 cells occupied
  Field[790] 'screen_tile' levels:7 dims:2
    bounds X:[425.0000,431.2500] Y:[126.5625,131.2500] Z:[0.0000,1.0000]
    level 0: 0 / 1 cells occupied
    level 1: 0 / 4 cells occupied
    level 2: 0 / 16 cells occupied
    level 3: 0 / 64 cells occupied
    level 4: 0 / 256 cells occupied
    level 5: 0 / 1024 cells occupied
    level 6: 0 / 4096 cells occupied
    level 7: 24 / 16384 cells occupied
  Field[791] 'screen_tile' levels:7 dims:2
    bounds X:[443.7500,450.0000] Y:[126.5625,131.2500] Z:[0.0000,1.0000]
    level 0: 0 / 1 cells occupied
    level 1: 0 / 4 cells occupied
    level 2: 0 / 16 cells occupied
    level 3: 0 / 64 cells occupied
    level 4: 0 / 256 cells occupied
    level 5: 0 / 1024 cells occupied
    level 6: 0 / 4096 cells occupied
    level 7: 24 / 16384 cells occupied
  Field[792] 'screen_tile' levels:7 dims:2
    bounds X:[450.0000,456.2500] Y:[126.5625,131.2500] Z:[0.0000,1.0000]
    level 0: 0 / 1 cells occupied
    level 1: 0 / 4 cells occupied
    level 2: 0 / 16 cells occupied
    level 3: 0 / 64 cells occupied
    level 4: 0 / 256 cells occupied
    level 5: 0 / 1024 cells occupied
    level 6: 0 / 4096 cells occupied
    level 7: 24 / 16384 cells occupied
  Field[793] 'screen_tile' levels:7 dims:2
    bounds X:[412.5000,418.7500] Y:[126.5625,131.2500] Z:[0.0000,1.0000]
    level 0: 0 / 1 cells occupied
    level 1: 0 / 4 cells occupied
    level 2: 0 / 16 cells occupied
    level 3: 0 / 64 cells occupied
    level 4: 0 / 256 cells occupied
    level 5: 0 / 1024 cells occupied
    level 6: 0 / 4096 cells occupied
    level 7: 28 / 16384 cells occupied
  Field[794] 'screen_tile' levels:7 dims:2
    bounds X:[406.2500,412.5000] Y:[126.5625,131.2500] Z:[0.0000,1.0000]
    level 0: 0 / 1 cells occupied
    level 1: 0 / 4 cells occupied
    level 2: 0 / 16 cells occupied
    level 3: 0 / 64 cells occupied
    level 4: 0 / 256 cells occupied
    level 5: 0 / 1024 cells occupied
    level 6: 0 / 4096 cells occupied
    level 7: 24 / 16384 cells occupied
  Field[795] 'screen_tile' levels:7 dims:2
    bounds X:[393.7500,400.0000] Y:[126.5625,131.2500] Z:[0.0000,1.0000]
    level 0: 0 / 1 cells occupied
    level 1: 0 / 4 cells occupied
    level 2: 0 / 16 cells occupied
    level 3: 0 / 64 cells occupied
    level 4: 0 / 256 cells occupied
    level 5: 0 / 1024 cells occupied
    level 6: 0 / 4096 cells occupied
    level 7: 24 / 16384 cells occupied
  Field[796] 'screen_tile' levels:7 dims:2
    bounds X:[400.0000,406.2500] Y:[126.5625,131.2500] Z:[0.0000,1.0000]
    level 0: 0 / 1 cells occupied
    level 1: 0 / 4 cells occupied
    level 2: 0 / 16 cells occupied
    level 3: 0 / 64 cells occupied
    level 4: 0 / 256 cells occupied
    level 5: 0 / 1024 cells occupied
    level 6: 0 / 4096 cells occupied
    level 7: 24 / 16384 cells occupied
  Field[797] 'screen_tile' levels:7 dims:2
    bounds X:[412.5000,418.7500] Y:[131.2500,135.9375] Z:[0.0000,1.0000]
    level 0: 0 / 1 cells occupied
    level 1: 0 / 4 cells occupied
    level 2: 0 / 16 cells occupied
    level 3: 0 / 64 cells occupied
    level 4: 0 / 256 cells occupied
    level 5: 0 / 1024 cells occupied
    level 6: 0 / 4096 cells occupied
    level 7: 35 / 16384 cells occupied
  Field[798] 'screen_tile' levels:7 dims:2
    bounds X:[418.7500,425.0000] Y:[131.2500,135.9375] Z:[0.0000,1.0000]
    level 0: 0 / 1 cells occupied
    level 1: 0 / 4 cells occupied
    level 2: 0 / 16 cells occupied
    level 3: 0 / 64 cells occupied
    level 4: 0 / 256 cells occupied
    level 5: 0 / 1024 cells occupied
    level 6: 0 / 4096 cells occupied
    level 7: 30 / 16384 cells occupied
  Field[799] 'screen_tile' levels:7 dims:2
    bounds X:[406.2500,412.5000] Y:[131.2500,135.9375] Z:[0.0000,1.0000]
    level 0: 0 / 1 cells occupied
    level 1: 0 / 4 cells occupied
    level 2: 0 / 16 cells occupied
    level 3: 0 / 64 cells occupied
    level 4: 0 / 256 cells occupied
    level 5: 0 / 1024 cells occupied
    level 6: 0 / 4096 cells occupied
    level 7: 30 / 16384 cells occupied
  Field[800] 'screen_tile' levels:7 dims:2
    bounds X:[425.0000,431.2500] Y:[131.2500,135.9375] Z:[0.0000,1.0000]
    level 0: 0 / 1 cells occupied
    level 1: 0 / 4 cells occupied
    level 2: 0 / 16 cells occupied
    level 3: 0 / 64 cells occupied
    level 4: 0 / 256 cells occupied
    level 5: 0 / 1024 cells occupied
    level 6: 0 / 4096 cells occupied
    level 7: 30 / 16384 cells occupied
  Field[801] 'screen_tile' levels:7 dims:2
    bounds X:[431.2500,437.5000] Y:[131.2500,135.9375] Z:[0.0000,1.0000]
    level 0: 0 / 1 cells occupied
    level 1: 0 / 4 cells occupied
    level 2: 0 / 16 cells occupied
    level 3: 0 / 64 cells occupied
    level 4: 0 / 256 cells occupied
    level 5: 0 / 1024 cells occupied
    level 6: 0 / 4096 cells occupied
    level 7: 30 / 16384 cells occupied
  Field[802] 'screen_tile' levels:7 dims:2
    bounds X:[387.5000,393.7500] Y:[126.5625,131.2500] Z:[0.0000,1.0000]
    level 0: 0 / 1 cells occupied
    level 1: 0 / 4 cells occupied
    level 2: 0 / 16 cells occupied
    level 3: 0 / 64 cells occupied
    level 4: 0 / 256 cells occupied
    level 5: 0 / 1024 cells occupied
    level 6: 0 / 4096 cells occupied
    level 7: 28 / 16384 cells occupied
  Field[803] 'screen_tile' levels:7 dims:2
    bounds X:[393.7500,400.0000] Y:[131.2500,135.9375] Z:[0.0000,1.0000]
    level 0: 0 / 1 cells occupied
    level 1: 0 / 4 cells occupied
    level 2: 0 / 16 cells occupied
    level 3: 0 / 64 cells occupied
    level 4: 0 / 256 cells occupied
    level 5: 0 / 1024 cells occupied
    level 6: 0 / 4096 cells occupied
    level 7: 30 / 16384 cells occupied
  Field[804] 'screen_tile' levels:7 dims:2
    bounds X:[400.0000,406.2500] Y:[131.2500,135.9375] Z:[0.0000,1.0000]
    level 0: 0 / 1 cells occupied
    level 1: 0 / 4 cells occupied
    level 2: 0 / 16 cells occupied
    level 3: 0 / 64 cells occupied
    level 4: 0 / 256 cells occupied
    level 5: 0 / 1024 cells occupied
    level 6: 0 / 4096 cells occupied
    level 7: 30 / 16384 cells occupied
  Field[805] 'screen_tile' levels:7 dims:2
    bounds X:[381.2500,387.5000] Y:[126.5625,131.2500] Z:[0.0000,1.0000]
    level 0: 0 / 1 cells occupied
    level 1: 0 / 4 cells occupied
    level 2: 0 / 16 cells occupied
    level 3: 0 / 64 cells occupied
    level 4: 0 / 256 cells occupied
    level 5: 0 / 1024 cells occupied
    level 6: 0 / 4096 cells occupied
    level 7: 24 / 16384 cells occupied
  Field[806] 'screen_tile' levels:7 dims:2
    bounds X:[387.5000,393.7500] Y:[131.2500,135.9375] Z:[0.0000,1.0000]
    level 0: 0 / 1 cells occupied
    level 1: 0 / 4 cells occupied
    level 2: 0 / 16 cells occupied
    level 3: 0 / 64 cells occupied
    level 4: 0 / 256 cells occupied
    level 5: 0 / 1024 cells occupied
    level 6: 0 / 4096 cells occupied
    level 7: 35 / 16384 cells occupied
  Field[807] 'screen_tile' levels:7 dims:2
    bounds X:[375.0000,381.2500] Y:[126.5625,131.2500] Z:[0.0000,1.0000]
    level 0: 0 / 1 cells occupied
    level 1: 0 / 4 cells occupied
    level 2: 0 / 16 cells occupied
    level 3: 0 / 64 cells occupied
    level 4: 0 / 256 cells occupied
    level 5: 0 / 1024 cells occupied
    level 6: 0 / 4096 cells occupied
    level 7: 24 / 16384 cells occupied
  Field[808] 'screen_tile' levels:7 dims:2
    bounds X:[381.2500,387.5000] Y:[131.2500,135.9375] Z:[0.0000,1.0000]
    level 0: 0 / 1 cells occupied
    level 1: 0 / 4 cells occupied
    level 2: 0 / 16 cells occupied
    level 3: 0 / 64 cells occupied
    level 4: 0 / 256 cells occupied
    level 5: 0 / 1024 cells occupied
    level 6: 0 / 4096 cells occupied
    level 7: 30 / 16384 cells occupied
  Field[809] 'screen_tile' levels:7 dims:2
    bounds X:[362.5000,368.7500] Y:[126.5625,131.2500] Z:[0.0000,1.0000]
    level 0: 0 / 1 cells occupied
    level 1: 0 / 4 cells occupied
    level 2: 0 / 16 cells occupied
    level 3: 0 / 64 cells occupied
    level 4: 0 / 256 cells occupied
    level 5: 0 / 1024 cells occupied
    level 6: 0 / 4096 cells occupied
    level 7: 28 / 16384 cells occupied
  Field[810] 'screen_tile' levels:7 dims:2
    bounds X:[368.7500,375.0000] Y:[126.5625,131.2500] Z:[0.0000,1.0000]
    level 0: 0 / 1 cells occupied
    level 1: 0 / 4 cells occupied
    level 2: 0 / 16 cells occupied
    level 3: 0 / 64 cells occupied
    level 4: 0 / 256 cells occupied
    level 5: 0 / 1024 cells occupied
    level 6: 0 / 4096 cells occupied
    level 7: 24 / 16384 cells occupied
  Field[811] 'screen_tile' levels:7 dims:2
    bounds X:[375.0000,381.2500] Y:[131.2500,135.9375] Z:[0.0000,1.0000]
    level 0: 0 / 1 cells occupied
    level 1: 0 / 4 cells occupied
    level 2: 0 / 16 cells occupied
    level 3: 0 / 64 cells occupied
    level 4: 0 / 256 cells occupied
    level 5: 0 / 1024 cells occupied
    level 6: 0 / 4096 cells occupied
    level 7: 30 / 16384 cells occupied
  Field[812] 'screen_tile' levels:7 dims:2
    bounds X:[356.2500,362.5000] Y:[121.8750,126.5625] Z:[0.0000,1.0000]
    level 0: 0 / 1 cells occupied
    level 1: 0 / 4 cells occupied
    level 2: 0 / 16 cells occupied
    level 3: 0 / 64 cells occupied
    level 4: 0 / 256 cells occupied
    level 5: 0 / 1024 cells occupied
    level 6: 0 / 4096 cells occupied
    level 7: 30 / 16384 cells occupied
  Field[813] 'screen_tile' levels:7 dims:2
    bounds X:[362.5000,368.7500] Y:[121.8750,126.5625] Z:[0.0000,1.0000]
    level 0: 0 / 1 cells occupied
    level 1: 0 / 4 cells occupied
    level 2: 0 / 16 cells occupied
    level 3: 0 / 64 cells occupied
    level 4: 0 / 256 cells occupied
    level 5: 0 / 1024 cells occupied
    level 6: 0 / 4096 cells occupied
    level 7: 35 / 16384 cells occupied
  Field[814] 'screen_tile' levels:7 dims:2
    bounds X:[356.2500,362.5000] Y:[126.5625,131.2500] Z:[0.0000,1.0000]
    level 0: 0 / 1 cells occupied
    level 1: 0 / 4 cells occupied
    level 2: 0 / 16 cells occupied
    level 3: 0 / 64 cells occupied
    level 4: 0 / 256 cells occupied
    level 5: 0 / 1024 cells occupied
    level 6: 0 / 4096 cells occupied
    level 7: 24 / 16384 cells occupied
  Field[815] 'screen_tile' levels:7 dims:2
    bounds X:[350.0000,356.2500] Y:[121.8750,126.5625] Z:[0.0000,1.0000]
    level 0: 0 / 1 cells occupied
    level 1: 0 / 4 cells occupied
    level 2: 0 / 16 cells occupied
    level 3: 0 / 64 cells occupied
    level 4: 0 / 256 cells occupied
    level 5: 0 / 1024 cells occupied
    level 6: 0 / 4096 cells occupied
    level 7: 30 / 16384 cells occupied
  Field[816] 'screen_tile' levels:7 dims:2
    bounds X:[362.5000,368.7500] Y:[131.2500,135.9375] Z:[0.0000,1.0000]
    level 0: 0 / 1 cells occupied
    level 1: 0 / 4 cells occupied
    level 2: 0 / 16 cells occupied
    level 3: 0 / 64 cells occupied
    level 4: 0 / 256 cells occupied
    level 5: 0 / 1024 cells occupied
    level 6: 0 / 4096 cells occupied
    level 7: 35 / 16384 cells occupied
  Field[817] 'screen_tile' levels:7 dims:2
    bounds X:[368.7500,375.0000] Y:[131.2500,135.9375] Z:[0.0000,1.0000]
    level 0: 0 / 1 cells occupied
    level 1: 0 / 4 cells occupied
    level 2: 0 / 16 cells occupied
    level 3: 0 / 64 cells occupied
    level 4: 0 / 256 cells occupied
    level 5: 0 / 1024 cells occupied
    level 6: 0 / 4096 cells occupied
    level 7: 30 / 16384 cells occupied
  Field[818] 'screen_tile' levels:7 dims:2
    bounds X:[350.0000,356.2500] Y:[117.1875,121.8750] Z:[0.0000,1.0000]
    level 0: 0 / 1 cells occupied
    level 1: 0 / 4 cells occupied
    level 2: 0 / 16 cells occupied
    level 3: 0 / 64 cells occupied
    level 4: 0 / 256 cells occupied
    level 5: 0 / 1024 cells occupied
    level 6: 0 / 4096 cells occupied
    level 7: 30 / 16384 cells occupied
  Field[819] 'screen_tile' levels:7 dims:2
    bounds X:[356.2500,362.5000] Y:[131.2500,135.9375] Z:[0.0000,1.0000]
    level 0: 0 / 1 cells occupied
    level 1: 0 / 4 cells occupied
    level 2: 0 / 16 cells occupied
    level 3: 0 / 64 cells occupied
    level 4: 0 / 256 cells occupied
    level 5: 0 / 1024 cells occupied
    level 6: 0 / 4096 cells occupied
    level 7: 30 / 16384 cells occupied
  Field[820] 'screen_tile' levels:7 dims:2
    bounds X:[356.2500,362.5000] Y:[135.9375,140.6250] Z:[0.0000,1.0000]
    level 0: 0 / 1 cells occupied
    level 1: 0 / 4 cells occupied
    level 2: 0 / 16 cells occupied
    level 3: 0 / 64 cells occupied
    level 4: 0 / 256 cells occupied
    level 5: 0 / 1024 cells occupied
    level 6: 0 / 4096 cells occupied
    level 7: 30 / 16384 cells occupied
  Field[821] 'screen_tile' levels:7 dims:2
    bounds X:[362.5000,368.7500] Y:[135.9375,140.6250] Z:[0.0000,1.0000]
    level 0: 0 / 1 cells occupied
    level 1: 0 / 4 cells occupied
    level 2: 0 / 16 cells occupied
    level 3: 0 / 64 cells occupied
    level 4: 0 / 256 cells occupied
    level 5: 0 / 1024 cells occupied
    level 6: 0 / 4096 cells occupied
    level 7: 35 / 16384 cells occupied
  Field[822] 'screen_tile' levels:7 dims:2
    bounds X:[356.2500,362.5000] Y:[140.6250,145.3125] Z:[0.0000,1.0000]
    level 0: 0 / 1 cells occupied
    level 1: 0 / 4 cells occupied
    level 2: 0 / 16 cells occupied
    level 3: 0 / 64 cells occupied
    level 4: 0 / 256 cells occupied
    level 5: 0 / 1024 cells occupied
    level 6: 0 / 4096 cells occupied
    level 7: 24 / 16384 cells occupied
  Field[823] 'screen_tile' levels:7 dims:2
    bounds X:[362.5000,368.7500] Y:[140.6250,145.3125] Z:[0.0000,1.0000]
    level 0: 0 / 1 cells occupied
    level 1: 0 / 4 cells occupied
    level 2: 0 / 16 cells occupied
    level 3: 0 / 64 cells occupied
    level 4: 0 / 256 cells occupied
    level 5: 0 / 1024 cells occupied
    level 6: 0 / 4096 cells occupied
    level 7: 28 / 16384 cells occupied
  Field[824] 'screen_tile' levels:7 dims:2
    bounds X:[350.0000,356.2500] Y:[140.6250,145.3125] Z:[0.0000,1.0000]
    level 0: 0 / 1 cells occupied
    level 1: 0 / 4 cells occupied
    level 2: 0 / 16 cells occupied
    level 3: 0 / 64 cells occupied
    level 4: 0 / 256 cells occupied
    level 5: 0 / 1024 cells occupied
    level 6: 0 / 4096 cells occupied
    level 7: 24 / 16384 cells occupied
  Field[825] 'screen_tile' levels:7 dims:2
    bounds X:[343.7500,350.0000] Y:[140.6250,145.3125] Z:[0.0000,1.0000]
    level 0: 0 / 1 cells occupied
    level 1: 0 / 4 cells occupied
    level 2: 0 / 16 cells occupied
    level 3: 0 / 64 cells occupied
    level 4: 0 / 256 cells occupied
    level 5: 0 / 1024 cells occupied
    level 6: 0 / 4096 cells occupied
    level 7: 24 / 16384 cells occupied
  Field[826] 'screen_tile' levels:7 dims:2
    bounds X:[350.0000,356.2500] Y:[145.3125,150.0000] Z:[0.0000,1.0000]
    level 0: 0 / 1 cells occupied
    level 1: 0 / 4 cells occupied
    level 2: 0 / 16 cells occupied
    level 3: 0 / 64 cells occupied
    level 4: 0 / 256 cells occupied
    level 5: 0 / 1024 cells occupied
    level 6: 0 / 4096 cells occupied
    level 7: 30 / 16384 cells occupied
  Field[827] 'screen_tile' levels:7 dims:2
    bounds X:[343.7500,350.0000] Y:[145.3125,150.0000] Z:[0.0000,1.0000]
    level 0: 0 / 1 cells occupied
    level 1: 0 / 4 cells occupied
    level 2: 0 / 16 cells occupied
    level 3: 0 / 64 cells occupied
    level 4: 0 / 256 cells occupied
    level 5: 0 / 1024 cells occupied
    level 6: 0 / 4096 cells occupied
    level 7: 30 / 16384 cells occupied
  Field[828] 'screen_tile' levels:7 dims:2
    bounds X:[356.2500,362.5000] Y:[145.3125,150.0000] Z:[0.0000,1.0000]
    level 0: 0 / 1 cells occupied
    level 1: 0 / 4 cells occupied
    level 2: 0 / 16 cells occupied
    level 3: 0 / 64 cells occupied
    level 4: 0 / 256 cells occupied
    level 5: 0 / 1024 cells occupied
    level 6: 0 / 4096 cells occupied
    level 7: 30 / 16384 cells occupied
  Field[829] 'screen_tile' levels:7 dims:2
    bounds X:[350.0000,356.2500] Y:[150.0000,154.6875] Z:[0.0000,1.0000]
    level 0: 0 / 1 cells occupied
    level 1: 0 / 4 cells occupied
    level 2: 0 / 16 cells occupied
    level 3: 0 / 64 cells occupied
    level 4: 0 / 256 cells occupied
    level 5: 0 / 1024 cells occupied
    level 6: 0 / 4096 cells occupied
    level 7: 30 / 16384 cells occupied
  Field[830] 'screen_tile' levels:7 dims:2
    bounds X:[356.2500,362.5000] Y:[150.0000,154.6875] Z:[0.0000,1.0000]
    level 0: 0 / 1 cells occupied
    level 1: 0 / 4 cells occupied
    level 2: 0 / 16 cells occupied
    level 3: 0 / 64 cells occupied
    level 4: 0 / 256 cells occupied
    level 5: 0 / 1024 cells occupied
    level 6: 0 / 4096 cells occupied
    level 7: 30 / 16384 cells occupied
  Field[831] 'screen_tile' levels:7 dims:2
    bounds X:[362.5000,368.7500] Y:[145.3125,150.0000] Z:[0.0000,1.0000]
    level 0: 0 / 1 cells occupied
    level 1: 0 / 4 cells occupied
    level 2: 0 / 16 cells occupied
    level 3: 0 / 64 cells occupied
    level 4: 0 / 256 cells occupied
    level 5: 0 / 1024 cells occupied
    level 6: 0 / 4096 cells occupied
    level 7: 35 / 16384 cells occupied
  Field[832] 'screen_tile' levels:7 dims:2
    bounds X:[368.7500,375.0000] Y:[145.3125,150.0000] Z:[0.0000,1.0000]
    level 0: 0 / 1 cells occupied
    level 1: 0 / 4 cells occupied
    level 2: 0 / 16 cells occupied
    level 3: 0 / 64 cells occupied
    level 4: 0 / 256 cells occupied
    level 5: 0 / 1024 cells occupied
    level 6: 0 / 4096 cells occupied
    level 7: 30 / 16384 cells occupied
  Field[833] 'screen_tile' levels:7 dims:2
    bounds X:[368.7500,375.0000] Y:[140.6250,145.3125] Z:[0.0000,1.0000]
    level 0: 0 / 1 cells occupied
    level 1: 0 / 4 cells occupied
    level 2: 0 / 16 cells occupied
    level 3: 0 / 64 cells occupied
    level 4: 0 / 256 cells occupied
    level 5: 0 / 1024 cells occupied
    level 6: 0 / 4096 cells occupied
    level 7: 24 / 16384 cells occupied
  Field[834] 'screen_tile' levels:7 dims:2
    bounds X:[368.7500,375.0000] Y:[135.9375,140.6250] Z:[0.0000,1.0000]
    level 0: 0 / 1 cells occupied
    level 1: 0 / 4 cells occupied
    level 2: 0 / 16 cells occupied
    level 3: 0 / 64 cells occupied
    level 4: 0 / 256 cells occupied
    level 5: 0 / 1024 cells occupied
    level 6: 0 / 4096 cells occupied
    level 7: 30 / 16384 cells occupied
  Field[835] 'screen_tile' levels:7 dims:2
    bounds X:[375.0000,381.2500] Y:[135.9375,140.6250] Z:[0.0000,1.0000]
    level 0: 0 / 1 cells occupied
    level 1: 0 / 4 cells occupied
    level 2: 0 / 16 cells occupied
    level 3: 0 / 64 cells occupied
    level 4: 0 / 256 cells occupied
    level 5: 0 / 1024 cells occupied
    level 6: 0 / 4096 cells occupied
    level 7: 30 / 16384 cells occupied
  Field[836] 'screen_tile' levels:7 dims:2
    bounds X:[375.0000,381.2500] Y:[140.6250,145.3125] Z:[0.0000,1.0000]
    level 0: 0 / 1 cells occupied
    level 1: 0 / 4 cells occupied
    level 2: 0 / 16 cells occupied
    level 3: 0 / 64 cells occupied
    level 4: 0 / 256 cells occupied
    level 5: 0 / 1024 cells occupied
    level 6: 0 / 4096 cells occupied
    level 7: 24 / 16384 cells occupied
  Field[837] 'screen_tile' levels:7 dims:2
    bounds X:[381.2500,387.5000] Y:[135.9375,140.6250] Z:[0.0000,1.0000]
    level 0: 0 / 1 cells occupied
    level 1: 0 / 4 cells occupied
    level 2: 0 / 16 cells occupied
    level 3: 0 / 64 cells occupied
    level 4: 0 / 256 cells occupied
    level 5: 0 / 1024 cells occupied
    level 6: 0 / 4096 cells occupied
    level 7: 30 / 16384 cells occupied
  Field[838] 'screen_tile' levels:7 dims:2
    bounds X:[387.5000,393.7500] Y:[135.9375,140.6250] Z:[0.0000,1.0000]
    level 0: 0 / 1 cells occupied
    level 1: 0 / 4 cells occupied
    level 2: 0 / 16 cells occupied
    level 3: 0 / 64 cells occupied
    level 4: 0 / 256 cells occupied
    level 5: 0 / 1024 cells occupied
    level 6: 0 / 4096 cells occupied
    level 7: 35 / 16384 cells occupied
  Field[839] 'screen_tile' levels:7 dims:2
    bounds X:[393.7500,400.0000] Y:[135.9375,140.6250] Z:[0.0000,1.0000]
    level 0: 0 / 1 cells occupied
    level 1: 0 / 4 cells occupied
    level 2: 0 / 16 cells occupied
    level 3: 0 / 64 cells occupied
    level 4: 0 / 256 cells occupied
    level 5: 0 / 1024 cells occupied
    level 6: 0 / 4096 cells occupied
    level 7: 30 / 16384 cells occupied
  Field[840] 'screen_tile' levels:7 dims:2
    bounds X:[400.0000,406.2500] Y:[135.9375,140.6250] Z:[0.0000,1.0000]
    level 0: 0 / 1 cells occupied
    level 1: 0 / 4 cells occupied
    level 2: 0 / 16 cells occupied
    level 3: 0 / 64 cells occupied
    level 4: 0 / 256 cells occupied
    level 5: 0 / 1024 cells occupied
    level 6: 0 / 4096 cells occupied
    level 7: 30 / 16384 cells occupied
  Field[841] 'screen_tile' levels:7 dims:2
    bounds X:[406.2500,412.5000] Y:[135.9375,140.6250] Z:[0.0000,1.0000]
    level 0: 0 / 1 cells occupied
    level 1: 0 / 4 cells occupied
    level 2: 0 / 16 cells occupied
    level 3: 0 / 64 cells occupied
    level 4: 0 / 256 cells occupied
    level 5: 0 / 1024 cells occupied
    level 6: 0 / 4096 cells occupied
    level 7: 30 / 16384 cells occupied
  Field[842] 'screen_tile' levels:7 dims:2
    bounds X:[412.5000,418.7500] Y:[135.9375,140.6250] Z:[0.0000,1.0000]
    level 0: 0 / 1 cells occupied
    level 1: 0 / 4 cells occupied
    level 2: 0 / 16 cells occupied
    level 3: 0 / 64 cells occupied
    level 4: 0 / 256 cells occupied
    level 5: 0 / 1024 cells occupied
    level 6: 0 / 4096 cells occupied
    level 7: 35 / 16384 cells occupied
  Field[843] 'screen_tile' levels:7 dims:2
    bounds X:[437.5000,443.7500] Y:[131.2500,135.9375] Z:[0.0000,1.0000]
    level 0: 0 / 1 cells occupied
    level 1: 0 / 4 cells occupied
    level 2: 0 / 16 cells occupied
    level 3: 0 / 64 cells occupied
    level 4: 0 / 256 cells occupied
    level 5: 0 / 1024 cells occupied
    level 6: 0 / 4096 cells occupied
    level 7: 35 / 16384 cells occupied
  Field[844] 'screen_tile' levels:7 dims:2
    bounds X:[443.7500,450.0000] Y:[131.2500,135.9375] Z:[0.0000,1.0000]
    level 0: 0 / 1 cells occupied
    level 1: 0 / 4 cells occupied
    level 2: 0 / 16 cells occupied
    level 3: 0 / 64 cells occupied
    level 4: 0 / 256 cells occupied
    level 5: 0 / 1024 cells occupied
    level 6: 0 / 4096 cells occupied
    level 7: 30 / 16384 cells occupied
  Field[845] 'screen_tile' levels:7 dims:2
    bounds X:[456.2500,462.5000] Y:[126.5625,131.2500] Z:[0.0000,1.0000]
    level 0: 0 / 1 cells occupied
    level 1: 0 / 4 cells occupied
    level 2: 0 / 16 cells occupied
    level 3: 0 / 64 cells occupied
    level 4: 0 / 256 cells occupied
    level 5: 0 / 1024 cells occupied
    level 6: 0 / 4096 cells occupied
    level 7: 24 / 16384 cells occupied
  Field[846] 'screen_tile' levels:7 dims:2
    bounds X:[462.5000,468.7500] Y:[121.8750,126.5625] Z:[0.0000,1.0000]
    level 0: 0 / 1 cells occupied
    level 1: 0 / 4 cells occupied
    level 2: 0 / 16 cells occupied
    level 3: 0 / 64 cells occupied
    level 4: 0 / 256 cells occupied
    level 5: 0 / 1024 cells occupied
    level 6: 0 / 4096 cells occupied
    level 7: 20 / 16384 cells occupied
  Field[847] 'screen_tile' levels:7 dims:2
    bounds X:[468.7500,475.0000] Y:[117.1875,121.8750] Z:[0.0000,1.0000]
    level 0: 0 / 1 cells occupied
    level 1: 0 / 4 cells occupied
    level 2: 0 / 16 cells occupied
    level 3: 0 / 64 cells occupied
    level 4: 0 / 256 cells occupied
    level 5: 0 / 1024 cells occupied
    level 6: 0 / 4096 cells occupied
    level 7: 2 / 16384 cells occupied
  Field[848] 'screen_tile' levels:7 dims:2
    bounds X:[456.2500,462.5000] Y:[98.4375,103.1250] Z:[0.0000,1.0000]
    level 0: 0 / 1 cells occupied
    level 1: 0 / 4 cells occupied
    level 2: 0 / 16 cells occupied
    level 3: 0 / 64 cells occupied
    level 4: 0 / 256 cells occupied
    level 5: 0 / 1024 cells occupied
    level 6: 0 / 4096 cells occupied
    level 7: 30 / 16384 cells occupied
  Field[849] 'screen_tile' levels:7 dims:2
    bounds X:[450.0000,456.2500] Y:[98.4375,103.1250] Z:[0.0000,1.0000]
    level 0: 0 / 1 cells occupied
    level 1: 0 / 4 cells occupied
    level 2: 0 / 16 cells occupied
    level 3: 0 / 64 cells occupied
    level 4: 0 / 256 cells occupied
    level 5: 0 / 1024 cells occupied
    level 6: 0 / 4096 cells occupied
    level 7: 30 / 16384 cells occupied
  Field[850] 'screen_tile' levels:7 dims:2
    bounds X:[443.7500,450.0000] Y:[93.7500,98.4375] Z:[0.0000,1.0000]
    level 0: 0 / 1 cells occupied
    level 1: 0 / 4 cells occupied
    level 2: 0 / 16 cells occupied
    level 3: 0 / 64 cells occupied
    level 4: 0 / 256 cells occupied
    level 5: 0 / 1024 cells occupied
    level 6: 0 / 4096 cells occupied
    level 7: 24 / 16384 cells occupied
  Field[851] 'screen_tile' levels:7 dims:2
    bounds X:[437.5000,443.7500] Y:[89.0625,93.7500] Z:[0.0000,1.0000]
    level 0: 0 / 1 cells occupied
    level 1: 0 / 4 cells occupied
    level 2: 0 / 16 cells occupied
    level 3: 0 / 64 cells occupied
    level 4: 0 / 256 cells occupied
    level 5: 0 / 1024 cells occupied
    level 6: 0 / 4096 cells occupied
    level 7: 35 / 16384 cells occupied
  Field[852] 'screen_tile' levels:7 dims:2
    bounds X:[425.0000,431.2500] Y:[89.0625,93.7500] Z:[0.0000,1.0000]
    level 0: 0 / 1 cells occupied
    level 1: 0 / 4 cells occupied
    level 2: 0 / 16 cells occupied
    level 3: 0 / 64 cells occupied
    level 4: 0 / 256 cells occupied
    level 5: 0 / 1024 cells occupied
    level 6: 0 / 4096 cells occupied
    level 7: 30 / 16384 cells occupied
  Field[853] 'screen_tile' levels:7 dims:2
    bounds X:[431.2500,437.5000] Y:[89.0625,93.7500] Z:[0.0000,1.0000]
    level 0: 0 / 1 cells occupied
    level 1: 0 / 4 cells occupied
    level 2: 0 / 16 cells occupied
    level 3: 0 / 64 cells occupied
    level 4: 0 / 256 cells occupied
    level 5: 0 / 1024 cells occupied
    level 6: 0 / 4096 cells occupied
    level 7: 30 / 16384 cells occupied
  Field[854] 'screen_tile' levels:7 dims:2
    bounds X:[406.2500,412.5000] Y:[84.3750,89.0625] Z:[0.0000,1.0000]
    level 0: 0 / 1 cells occupied
    level 1: 0 / 4 cells occupied
    level 2: 0 / 16 cells occupied
    level 3: 0 / 64 cells occupied
    level 4: 0 / 256 cells occupied
    level 5: 0 / 1024 cells occupied
    level 6: 0 / 4096 cells occupied
    level 7: 30 / 16384 cells occupied
  Field[855] 'screen_tile' levels:7 dims:2
    bounds X:[412.5000,418.7500] Y:[84.3750,89.0625] Z:[0.0000,1.0000]
    level 0: 0 / 1 cells occupied
    level 1: 0 / 4 cells occupied
    level 2: 0 / 16 cells occupied
    level 3: 0 / 64 cells occupied
    level 4: 0 / 256 cells occupied
    level 5: 0 / 1024 cells occupied
    level 6: 0 / 4096 cells occupied
    level 7: 35 / 16384 cells occupied
  Field[856] 'screen_tile' levels:7 dims:2
    bounds X:[393.7500,400.0000] Y:[84.3750,89.0625] Z:[0.0000,1.0000]
    level 0: 0 / 1 cells occupied
    level 1: 0 / 4 cells occupied
    level 2: 0 / 16 cells occupied
    level 3: 0 / 64 cells occupied
    level 4: 0 / 256 cells occupied
    level 5: 0 / 1024 cells occupied
    level 6: 0 / 4096 cells occupied
    level 7: 30 / 16384 cells occupied
  Field[857] 'screen_tile' levels:7 dims:2
    bounds X:[400.0000,406.2500] Y:[84.3750,89.0625] Z:[0.0000,1.0000]
    level 0: 0 / 1 cells occupied
    level 1: 0 / 4 cells occupied
    level 2: 0 / 16 cells occupied
    level 3: 0 / 64 cells occupied
    level 4: 0 / 256 cells occupied
    level 5: 0 / 1024 cells occupied
    level 6: 0 / 4096 cells occupied
    level 7: 30 / 16384 cells occupied
  Field[858] 'screen_tile' levels:7 dims:2
    bounds X:[387.5000,393.7500] Y:[84.3750,89.0625] Z:[0.0000,1.0000]
    level 0: 0 / 1 cells occupied
    level 1: 0 / 4 cells occupied
    level 2: 0 / 16 cells occupied
    level 3: 0 / 64 cells occupied
    level 4: 0 / 256 cells occupied
    level 5: 0 / 1024 cells occupied
    level 6: 0 / 4096 cells occupied
    level 7: 35 / 16384 cells occupied
  Field[859] 'screen_tile' levels:7 dims:2
    bounds X:[381.2500,387.5000] Y:[84.3750,89.0625] Z:[0.0000,1.0000]
    level 0: 0 / 1 cells occupied
    level 1: 0 / 4 cells occupied
    level 2: 0 / 16 cells occupied
    level 3: 0 / 64 cells occupied
    level 4: 0 / 256 cells occupied
    level 5: 0 / 1024 cells occupied
    level 6: 0 / 4096 cells occupied
    level 7: 30 / 16384 cells occupied
  Field[860] 'screen_tile' levels:7 dims:2
    bounds X:[356.2500,362.5000] Y:[89.0625,93.7500] Z:[0.0000,1.0000]
    level 0: 0 / 1 cells occupied
    level 1: 0 / 4 cells occupied
    level 2: 0 / 16 cells occupied
    level 3: 0 / 64 cells occupied
    level 4: 0 / 256 cells occupied
    level 5: 0 / 1024 cells occupied
    level 6: 0 / 4096 cells occupied
    level 7: 30 / 16384 cells occupied
  Field[861] 'screen_tile' levels:7 dims:2
    bounds X:[362.5000,368.7500] Y:[89.0625,93.7500] Z:[0.0000,1.0000]
    level 0: 0 / 1 cells occupied
    level 1: 0 / 4 cells occupied
    level 2: 0 / 16 cells occupied
    level 3: 0 / 64 cells occupied
    level 4: 0 / 256 cells occupied
    level 5: 0 / 1024 cells occupied
    level 6: 0 / 4096 cells occupied
    level 7: 35 / 16384 cells occupied
  Field[862] 'screen_tile' levels:7 dims:2
    bounds X:[368.7500,375.0000] Y:[89.0625,93.7500] Z:[0.0000,1.0000]
    level 0: 0 / 1 cells occupied
    level 1: 0 / 4 cells occupied
    level 2: 0 / 16 cells occupied
    level 3: 0 / 64 cells occupied
    level 4: 0 / 256 cells occupied
    level 5: 0 / 1024 cells occupied
    level 6: 0 / 4096 cells occupied
    level 7: 30 / 16384 cells occupied
  Field[863] 'screen_tile' levels:7 dims:2
    bounds X:[350.0000,356.2500] Y:[93.7500,98.4375] Z:[0.0000,1.0000]
    level 0: 0 / 1 cells occupied
    level 1: 0 / 4 cells occupied
    level 2: 0 / 16 cells occupied
    level 3: 0 / 64 cells occupied
    level 4: 0 / 256 cells occupied
    level 5: 0 / 1024 cells occupied
    level 6: 0 / 4096 cells occupied
    level 7: 24 / 16384 cells occupied
  Field[864] 'screen_tile' levels:7 dims:2
    bounds X:[343.7500,350.0000] Y:[98.4375,103.1250] Z:[0.0000,1.0000]
    level 0: 0 / 1 cells occupied
    level 1: 0 / 4 cells occupied
    level 2: 0 / 16 cells occupied
    level 3: 0 / 64 cells occupied
    level 4: 0 / 256 cells occupied
    level 5: 0 / 1024 cells occupied
    level 6: 0 / 4096 cells occupied
    level 7: 30 / 16384 cells occupied
  Field[865] 'screen_tile' levels:7 dims:2
    bounds X:[350.0000,356.2500] Y:[98.4375,103.1250] Z:[0.0000,1.0000]
    level 0: 0 / 1 cells occupied
    level 1: 0 / 4 cells occupied
    level 2: 0 / 16 cells occupied
    level 3: 0 / 64 cells occupied
    level 4: 0 / 256 cells occupied
    level 5: 0 / 1024 cells occupied
    level 6: 0 / 4096 cells occupied
    level 7: 30 / 16384 cells occupied
  Field[866] 'screen_tile' levels:7 dims:2
    bounds X:[343.7500,350.0000] Y:[103.1250,107.8125] Z:[0.0000,1.0000]
    level 0: 0 / 1 cells occupied
    level 1: 0 / 4 cells occupied
    level 2: 0 / 16 cells occupied
    level 3: 0 / 64 cells occupied
    level 4: 0 / 256 cells occupied
    level 5: 0 / 1024 cells occupied
    level 6: 0 / 4096 cells occupied
    level 7: 30 / 16384 cells occupied
  Field[867] 'screen_tile' levels:7 dims:2
    bounds X:[343.7500,350.0000] Y:[107.8125,112.5000] Z:[0.0000,1.0000]
    level 0: 0 / 1 cells occupied
    level 1: 0 / 4 cells occupied
    level 2: 0 / 16 cells occupied
    level 3: 0 / 64 cells occupied
    level 4: 0 / 256 cells occupied
    level 5: 0 / 1024 cells occupied
    level 6: 0 / 4096 cells occupied
    level 7: 24 / 16384 cells occupied
  Field[868] 'screen_tile' levels:7 dims:2
    bounds X:[350.0000,356.2500] Y:[103.1250,107.8125] Z:[0.0000,1.0000]
    level 0: 0 / 1 cells occupied
    level 1: 0 / 4 cells occupied
    level 2: 0 / 16 cells occupied
    level 3: 0 / 64 cells occupied
    level 4: 0 / 256 cells occupied
    level 5: 0 / 1024 cells occupied
    level 6: 0 / 4096 cells occupied
    level 7: 30 / 16384 cells occupied
  Field[869] 'screen_tile' levels:7 dims:2
    bounds X:[350.0000,356.2500] Y:[107.8125,112.5000] Z:[0.0000,1.0000]
    level 0: 0 / 1 cells occupied
    level 1: 0 / 4 cells occupied
    level 2: 0 / 16 cells occupied
    level 3: 0 / 64 cells occupied
    level 4: 0 / 256 cells occupied
    level 5: 0 / 1024 cells occupied
    level 6: 0 / 4096 cells occupied
    level 7: 24 / 16384 cells occupied
  Field[870] 'screen_tile' levels:7 dims:2
    bounds X:[350.0000,356.2500] Y:[112.5000,117.1875] Z:[0.0000,1.0000]
    level 0: 0 / 1 cells occupied
    level 1: 0 / 4 cells occupied
    level 2: 0 / 16 cells occupied
    level 3: 0 / 64 cells occupied
    level 4: 0 / 256 cells occupied
    level 5: 0 / 1024 cells occupied
    level 6: 0 / 4096 cells occupied
    level 7: 30 / 16384 cells occupied
  Field[871] 'screen_tile' levels:7 dims:2
    bounds X:[356.2500,362.5000] Y:[98.4375,103.1250] Z:[0.0000,1.0000]
    level 0: 0 / 1 cells occupied
    level 1: 0 / 4 cells occupied
    level 2: 0 / 16 cells occupied
    level 3: 0 / 64 cells occupied
    level 4: 0 / 256 cells occupied
    level 5: 0 / 1024 cells occupied
    level 6: 0 / 4096 cells occupied
    level 7: 30 / 16384 cells occupied
  Field[872] 'screen_tile' levels:7 dims:2
    bounds X:[356.2500,362.5000] Y:[103.1250,107.8125] Z:[0.0000,1.0000]
    level 0: 0 / 1 cells occupied
    level 1: 0 / 4 cells occupied
    level 2: 0 / 16 cells occupied
    level 3: 0 / 64 cells occupied
    level 4: 0 / 256 cells occupied
    level 5: 0 / 1024 cells occupied
    level 6: 0 / 4096 cells occupied
    level 7: 30 / 16384 cells occupied
  Field[873] 'screen_tile' levels:7 dims:2
    bounds X:[356.2500,362.5000] Y:[107.8125,112.5000] Z:[0.0000,1.0000]
    level 0: 0 / 1 cells occupied
    level 1: 0 / 4 cells occupied
    level 2: 0 / 16 cells occupied
    level 3: 0 / 64 cells occupied
    level 4: 0 / 256 cells occupied
    level 5: 0 / 1024 cells occupied
    level 6: 0 / 4096 cells occupied
    level 7: 24 / 16384 cells occupied
  Field[874] 'screen_tile' levels:7 dims:2
    bounds X:[356.2500,362.5000] Y:[112.5000,117.1875] Z:[0.0000,1.0000]
    level 0: 0 / 1 cells occupied
    level 1: 0 / 4 cells occupied
    level 2: 0 / 16 cells occupied
    level 3: 0 / 64 cells occupied
    level 4: 0 / 256 cells occupied
    level 5: 0 / 1024 cells occupied
    level 6: 0 / 4096 cells occupied
    level 7: 30 / 16384 cells occupied
  Field[875] 'screen_tile' levels:7 dims:2
    bounds X:[362.5000,368.7500] Y:[107.8125,112.5000] Z:[0.0000,1.0000]
    level 0: 0 / 1 cells occupied
    level 1: 0 / 4 cells occupied
    level 2: 0 / 16 cells occupied
    level 3: 0 / 64 cells occupied
    level 4: 0 / 256 cells occupied
    level 5: 0 / 1024 cells occupied
    level 6: 0 / 4096 cells occupied
    level 7: 28 / 16384 cells occupied
  Field[876] 'screen_tile' levels:7 dims:2
    bounds X:[362.5000,368.7500] Y:[112.5000,117.1875] Z:[0.0000,1.0000]
    level 0: 0 / 1 cells occupied
    level 1: 0 / 4 cells occupied
    level 2: 0 / 16 cells occupied
    level 3: 0 / 64 cells occupied
    level 4: 0 / 256 cells occupied
    level 5: 0 / 1024 cells occupied
    level 6: 0 / 4096 cells occupied
    level 7: 35 / 16384 cells occupied
  Field[877] 'screen_tile' levels:7 dims:2
    bounds X:[362.5000,368.7500] Y:[103.1250,107.8125] Z:[0.0000,1.0000]
    level 0: 0 / 1 cells occupied
    level 1: 0 / 4 cells occupied
    level 2: 0 / 16 cells occupied
    level 3: 0 / 64 cells occupied
    level 4: 0 / 256 cells occupied
    level 5: 0 / 1024 cells occupied
    level 6: 0 / 4096 cells occupied
    level 7: 35 / 16384 cells occupied
  Field[878] 'screen_tile' levels:7 dims:2
    bounds X:[368.7500,375.0000] Y:[107.8125,112.5000] Z:[0.0000,1.0000]
    level 0: 0 / 1 cells occupied
    level 1: 0 / 4 cells occupied
    level 2: 0 / 16 cells occupied
    level 3: 0 / 64 cells occupied
    level 4: 0 / 256 cells occupied
    level 5: 0 / 1024 cells occupied
    level 6: 0 / 4096 cells occupied
    level 7: 24 / 16384 cells occupied
  Field[879] 'screen_tile' levels:7 dims:2
    bounds X:[368.7500,375.0000] Y:[103.1250,107.8125] Z:[0.0000,1.0000]
    level 0: 0 / 1 cells occupied
    level 1: 0 / 4 cells occupied
    level 2: 0 / 16 cells occupied
    level 3: 0 / 64 cells occupied
    level 4: 0 / 256 cells occupied
    level 5: 0 / 1024 cells occupied
    level 6: 0 / 4096 cells occupied
    level 7: 30 / 16384 cells occupied
  Field[880] 'screen_tile' levels:7 dims:2
    bounds X:[368.7500,375.0000] Y:[112.5000,117.1875] Z:[0.0000,1.0000]
    level 0: 0 / 1 cells occupied
    level 1: 0 / 4 cells occupied
    level 2: 0 / 16 cells occupied
    level 3: 0 / 64 cells occupied
    level 4: 0 / 256 cells occupied
    level 5: 0 / 1024 cells occupied
    level 6: 0 / 4096 cells occupied
    level 7: 30 / 16384 cells occupied
  Field[881] 'screen_tile' levels:7 dims:2
    bounds X:[356.2500,362.5000] Y:[117.1875,121.8750] Z:[0.0000,1.0000]
    level 0: 0 / 1 cells occupied
    level 1: 0 / 4 cells occupied
    level 2: 0 / 16 cells occupied
    level 3: 0 / 64 cells occupied
    level 4: 0 / 256 cells occupied
    level 5: 0 / 1024 cells occupied
    level 6: 0 / 4096 cells occupied
    level 7: 30 / 16384 cells occupied
  Field[882] 'screen_tile' levels:7 dims:2
    bounds X:[362.5000,368.7500] Y:[117.1875,121.8750] Z:[0.0000,1.0000]
    level 0: 0 / 1 cells occupied
    level 1: 0 / 4 cells occupied
    level 2: 0 / 16 cells occupied
    level 3: 0 / 64 cells occupied
    level 4: 0 / 256 cells occupied
    level 5: 0 / 1024 cells occupied
    level 6: 0 / 4096 cells occupied
    level 7: 35 / 16384 cells occupied
  Field[883] 'screen_tile' levels:7 dims:2
    bounds X:[368.7500,375.0000] Y:[117.1875,121.8750] Z:[0.0000,1.0000]
    level 0: 0 / 1 cells occupied
    level 1: 0 / 4 cells occupied
    level 2: 0 / 16 cells occupied
    level 3: 0 / 64 cells occupied
    level 4: 0 / 256 cells occupied
    level 5: 0 / 1024 cells occupied
    level 6: 0 / 4096 cells occupied
    level 7: 30 / 16384 cells occupied
  Field[884] 'screen_tile' levels:7 dims:2
    bounds X:[368.7500,375.0000] Y:[121.8750,126.5625] Z:[0.0000,1.0000]
    level 0: 0 / 1 cells occupied
    level 1: 0 / 4 cells occupied
    level 2: 0 / 16 cells occupied
    level 3: 0 / 64 cells occupied
    level 4: 0 / 256 cells occupied
    level 5: 0 / 1024 cells occupied
    level 6: 0 / 4096 cells occupied
    level 7: 30 / 16384 cells occupied
  Field[885] 'screen_tile' levels:7 dims:2
    bounds X:[375.0000,381.2500] Y:[117.1875,121.8750] Z:[0.0000,1.0000]
    level 0: 0 / 1 cells occupied
    level 1: 0 / 4 cells occupied
    level 2: 0 / 16 cells occupied
    level 3: 0 / 64 cells occupied
    level 4: 0 / 256 cells occupied
    level 5: 0 / 1024 cells occupied
    level 6: 0 / 4096 cells occupied
    level 7: 30 / 16384 cells occupied
  Field[886] 'screen_tile' levels:7 dims:2
    bounds X:[375.0000,381.2500] Y:[121.8750,126.5625] Z:[0.0000,1.0000]
    level 0: 0 / 1 cells occupied
    level 1: 0 / 4 cells occupied
    level 2: 0 / 16 cells occupied
    level 3: 0 / 64 cells occupied
    level 4: 0 / 256 cells occupied
    level 5: 0 / 1024 cells occupied
    level 6: 0 / 4096 cells occupied
    level 7: 30 / 16384 cells occupied
  Field[887] 'screen_tile' levels:7 dims:2
    bounds X:[375.0000,381.2500] Y:[145.3125,150.0000] Z:[0.0000,1.0000]
    level 0: 0 / 1 cells occupied
    level 1: 0 / 4 cells occupied
    level 2: 0 / 16 cells occupied
    level 3: 0 / 64 cells occupied
    level 4: 0 / 256 cells occupied
    level 5: 0 / 1024 cells occupied
    level 6: 0 / 4096 cells occupied
    level 7: 30 / 16384 cells occupied
  Field[888] 'screen_tile' levels:7 dims:2
    bounds X:[381.2500,387.5000] Y:[140.6250,145.3125] Z:[0.0000,1.0000]
    level 0: 0 / 1 cells occupied
    level 1: 0 / 4 cells occupied
    level 2: 0 / 16 cells occupied
    level 3: 0 / 64 cells occupied
    level 4: 0 / 256 cells occupied
    level 5: 0 / 1024 cells occupied
    level 6: 0 / 4096 cells occupied
    level 7: 24 / 16384 cells occupied
  Field[889] 'screen_tile' levels:7 dims:2
    bounds X:[381.2500,387.5000] Y:[145.3125,150.0000] Z:[0.0000,1.0000]
    level 0: 0 / 1 cells occupied
    level 1: 0 / 4 cells occupied
    level 2: 0 / 16 cells occupied
    level 3: 0 / 64 cells occupied
    level 4: 0 / 256 cells occupied
    level 5: 0 / 1024 cells occupied
    level 6: 0 / 4096 cells occupied
    level 7: 30 / 16384 cells occupied
  Field[890] 'screen_tile' levels:7 dims:2
    bounds X:[387.5000,393.7500] Y:[140.6250,145.3125] Z:[0.0000,1.0000]
    level 0: 0 / 1 cells occupied
    level 1: 0 / 4 cells occupied
    level 2: 0 / 16 cells occupied
    level 3: 0 / 64 cells occupied
    level 4: 0 / 256 cells occupied
    level 5: 0 / 1024 cells occupied
    level 6: 0 / 4096 cells occupied
    level 7: 28 / 16384 cells occupied
  Field[891] 'screen_tile' levels:7 dims:2
    bounds X:[381.2500,387.5000] Y:[121.8750,126.5625] Z:[0.0000,1.0000]
    level 0: 0 / 1 cells occupied
    level 1: 0 / 4 cells occupied
    level 2: 0 / 16 cells occupied
    level 3: 0 / 64 cells occupied
    level 4: 0 / 256 cells occupied
    level 5: 0 / 1024 cells occupied
    level 6: 0 / 4096 cells occupied
    level 7: 30 / 16384 cells occupied
  Field[892] 'screen_tile' levels:7 dims:2
    bounds X:[387.5000,393.7500] Y:[121.8750,126.5625] Z:[0.0000,1.0000]
    level 0: 0 / 1 cells occupied
    level 1: 0 / 4 cells occupied
    level 2: 0 / 16 cells occupied
    level 3: 0 / 64 cells occupied
    level 4: 0 / 256 cells occupied
    level 5: 0 / 1024 cells occupied
    level 6: 0 / 4096 cells occupied
    level 7: 35 / 16384 cells occupied
  Field[893] 'screen_tile' levels:7 dims:2
    bounds X:[381.2500,387.5000] Y:[117.1875,121.8750] Z:[0.0000,1.0000]
    level 0: 0 / 1 cells occupied
    level 1: 0 / 4 cells occupied
    level 2: 0 / 16 cells occupied
    level 3: 0 / 64 cells occupied
    level 4: 0 / 256 cells occupied
    level 5: 0 / 1024 cells occupied
    level 6: 0 / 4096 cells occupied
    level 7: 30 / 16384 cells occupied
  Field[894] 'screen_tile' levels:7 dims:2
    bounds X:[387.5000,393.7500] Y:[117.1875,121.8750] Z:[0.0000,1.0000]
    level 0: 0 / 1 cells occupied
    level 1: 0 / 4 cells occupied
    level 2: 0 / 16 cells occupied
    level 3: 0 / 64 cells occupied
    level 4: 0 / 256 cells occupied
    level 5: 0 / 1024 cells occupied
    level 6: 0 / 4096 cells occupied
    level 7: 35 / 16384 cells occupied
  Field[895] 'screen_tile' levels:7 dims:2
    bounds X:[375.0000,381.2500] Y:[112.5000,117.1875] Z:[0.0000,1.0000]
    level 0: 0 / 1 cells occupied
    level 1: 0 / 4 cells occupied
    level 2: 0 / 16 cells occupied
    level 3: 0 / 64 cells occupied
    level 4: 0 / 256 cells occupied
    level 5: 0 / 1024 cells occupied
    level 6: 0 / 4096 cells occupied
    level 7: 30 / 16384 cells occupied
  Field[896] 'screen_tile' levels:7 dims:2
    bounds X:[381.2500,387.5000] Y:[112.5000,117.1875] Z:[0.0000,1.0000]
    level 0: 0 / 1 cells occupied
    level 1: 0 / 4 cells occupied
    level 2: 0 / 16 cells occupied
    level 3: 0 / 64 cells occupied
    level 4: 0 / 256 cells occupied
    level 5: 0 / 1024 cells occupied
    level 6: 0 / 4096 cells occupied
    level 7: 30 / 16384 cells occupied
  Field[897] 'screen_tile' levels:7 dims:2
    bounds X:[387.5000,393.7500] Y:[112.5000,117.1875] Z:[0.0000,1.0000]
    level 0: 0 / 1 cells occupied
    level 1: 0 / 4 cells occupied
    level 2: 0 / 16 cells occupied
    level 3: 0 / 64 cells occupied
    level 4: 0 / 256 cells occupied
    level 5: 0 / 1024 cells occupied
    level 6: 0 / 4096 cells occupied
    level 7: 35 / 16384 cells occupied
  Field[898] 'screen_tile' levels:7 dims:2
    bounds X:[387.5000,393.7500] Y:[145.3125,150.0000] Z:[0.0000,1.0000]
    level 0: 0 / 1 cells occupied
    level 1: 0 / 4 cells occupied
    level 2: 0 / 16 cells occupied
    level 3: 0 / 64 cells occupied
    level 4: 0 / 256 cells occupied
    level 5: 0 / 1024 cells occupied
    level 6: 0 / 4096 cells occupied
    level 7: 35 / 16384 cells occupied
  Field[899] 'screen_tile' levels:7 dims:2
    bounds X:[393.7500,400.0000] Y:[145.3125,150.0000] Z:[0.0000,1.0000]
    level 0: 0 / 1 cells occupied
    level 1: 0 / 4 cells occupied
    level 2: 0 / 16 cells occupied
    level 3: 0 / 64 cells occupied
    level 4: 0 / 256 cells occupied
    level 5: 0 / 1024 cells occupied
    level 6: 0 / 4096 cells occupied
    level 7: 30 / 16384 cells occupied
  Field[900] 'screen_tile' levels:7 dims:2
    bounds X:[400.0000,406.2500] Y:[145.3125,150.0000] Z:[0.0000,1.0000]
    level 0: 0 / 1 cells occupied
    level 1: 0 / 4 cells occupied
    level 2: 0 / 16 cells occupied
    level 3: 0 / 64 cells occupied
    level 4: 0 / 256 cells occupied
    level 5: 0 / 1024 cells occupied
    level 6: 0 / 4096 cells occupied
    level 7: 30 / 16384 cells occupied
  Field[901] 'screen_tile' levels:7 dims:2
    bounds X:[406.2500,412.5000] Y:[145.3125,150.0000] Z:[0.0000,1.0000]
    level 0: 0 / 1 cells occupied
    level 1: 0 / 4 cells occupied
    level 2: 0 / 16 cells occupied
    level 3: 0 / 64 cells occupied
    level 4: 0 / 256 cells occupied
    level 5: 0 / 1024 cells occupied
    level 6: 0 / 4096 cells occupied
    level 7: 30 / 16384 cells occupied
  Field[902] 'screen_tile' levels:7 dims:2
    bounds X:[412.5000,418.7500] Y:[145.3125,150.0000] Z:[0.0000,1.0000]
    level 0: 0 / 1 cells occupied
    level 1: 0 / 4 cells occupied
    level 2: 0 / 16 cells occupied
    level 3: 0 / 64 cells occupied
    level 4: 0 / 256 cells occupied
    level 5: 0 / 1024 cells occupied
    level 6: 0 / 4096 cells occupied
    level 7: 35 / 16384 cells occupied
  Field[903] 'screen_tile' levels:7 dims:2
    bounds X:[418.7500,425.0000] Y:[145.3125,150.0000] Z:[0.0000,1.0000]
    level 0: 0 / 1 cells occupied
    level 1: 0 / 4 cells occupied
    level 2: 0 / 16 cells occupied
    level 3: 0 / 64 cells occupied
    level 4: 0 / 256 cells occupied
    level 5: 0 / 1024 cells occupied
    level 6: 0 / 4096 cells occupied
    level 7: 30 / 16384 cells occupied
  Field[904] 'screen_tile' levels:7 dims:2
    bounds X:[406.2500,412.5000] Y:[140.6250,145.3125] Z:[0.0000,1.0000]
    level 0: 0 / 1 cells occupied
    level 1: 0 / 4 cells occupied
    level 2: 0 / 16 cells occupied
    level 3: 0 / 64 cells occupied
    level 4: 0 / 256 cells occupied
    level 5: 0 / 1024 cells occupied
    level 6: 0 / 4096 cells occupied
    level 7: 24 / 16384 cells occupied
  Field[905] 'screen_tile' levels:7 dims:2
    bounds X:[412.5000,418.7500] Y:[140.6250,145.3125] Z:[0.0000,1.0000]
    level 0: 0 / 1 cells occupied
    level 1: 0 / 4 cells occupied
    level 2: 0 / 16 cells occupied
    level 3: 0 / 64 cells occupied
    level 4: 0 / 256 cells occupied
    level 5: 0 / 1024 cells occupied
    level 6: 0 / 4096 cells occupied
    level 7: 28 / 16384 cells occupied
  Field[906] 'screen_tile' levels:7 dims:2
    bounds X:[393.7500,400.0000] Y:[140.6250,145.3125] Z:[0.0000,1.0000]
    level 0: 0 / 1 cells occupied
    level 1: 0 / 4 cells occupied
    level 2: 0 / 16 cells occupied
    level 3: 0 / 64 cells occupied
    level 4: 0 / 256 cells occupied
    level 5: 0 / 1024 cells occupied
    level 6: 0 / 4096 cells occupied
    level 7: 24 / 16384 cells occupied
  Field[907] 'screen_tile' levels:7 dims:2
    bounds X:[400.0000,406.2500] Y:[140.6250,145.3125] Z:[0.0000,1.0000]
    level 0: 0 / 1 cells occupied
    level 1: 0 / 4 cells occupied
    level 2: 0 / 16 cells occupied
    level 3: 0 / 64 cells occupied
    level 4: 0 / 256 cells occupied
    level 5: 0 / 1024 cells occupied
    level 6: 0 / 4096 cells occupied
    level 7: 24 / 16384 cells occupied
  Field[908] 'screen_tile' levels:7 dims:2
    bounds X:[418.7500,425.0000] Y:[135.9375,140.6250] Z:[0.0000,1.0000]
    level 0: 0 / 1 cells occupied
    level 1: 0 / 4 cells occupied
    level 2: 0 / 16 cells occupied
    level 3: 0 / 64 cells occupied
    level 4: 0 / 256 cells occupied
    level 5: 0 / 1024 cells occupied
    level 6: 0 / 4096 cells occupied
    level 7: 30 / 16384 cells occupied
  Field[909] 'screen_tile' levels:7 dims:2
    bounds X:[418.7500,425.0000] Y:[140.6250,145.3125] Z:[0.0000,1.0000]
    level 0: 0 / 1 cells occupied
    level 1: 0 / 4 cells occupied
    level 2: 0 / 16 cells occupied
    level 3: 0 / 64 cells occupied
    level 4: 0 / 256 cells occupied
    level 5: 0 / 1024 cells occupied
    level 6: 0 / 4096 cells occupied
    level 7: 24 / 16384 cells occupied
  Field[910] 'screen_tile' levels:7 dims:2
    bounds X:[393.7500,400.0000] Y:[121.8750,126.5625] Z:[0.0000,1.0000]
    level 0: 0 / 1 cells occupied
    level 1: 0 / 4 cells occupied
    level 2: 0 / 16 cells occupied
    level 3: 0 / 64 cells occupied
    level 4: 0 / 256 cells occupied
    level 5: 0 / 1024 cells occupied
    level 6: 0 / 4096 cells occupied
    level 7: 30 / 16384 cells occupied
  Field[911] 'screen_tile' levels:7 dims:2
    bounds X:[400.0000,406.2500] Y:[121.8750,126.5625] Z:[0.0000,1.0000]
    level 0: 0 / 1 cells occupied
    level 1: 0 / 4 cells occupied
    level 2: 0 / 16 cells occupied
    level 3: 0 / 64 cells occupied
    level 4: 0 / 256 cells occupied
    level 5: 0 / 1024 cells occupied
    level 6: 0 / 4096 cells occupied
    level 7: 30 / 16384 cells occupied
  Field[912] 'screen_tile' levels:7 dims:2
    bounds X:[406.2500,412.5000] Y:[121.8750,126.5625] Z:[0.0000,1.0000]
    level 0: 0 / 1 cells occupied
    level 1: 0 / 4 cells occupied
    level 2: 0 / 16 cells occupied
    level 3: 0 / 64 cells occupied
    level 4: 0 / 256 cells occupied
    level 5: 0 / 1024 cells occupied
    level 6: 0 / 4096 cells occupied
    level 7: 30 / 16384 cells occupied
  Field[913] 'screen_tile' levels:7 dims:2
    bounds X:[412.5000,418.7500] Y:[121.8750,126.5625] Z:[0.0000,1.0000]
    level 0: 0 / 1 cells occupied
    level 1: 0 / 4 cells occupied
    level 2: 0 / 16 cells occupied
    level 3: 0 / 64 cells occupied
    level 4: 0 / 256 cells occupied
    level 5: 0 / 1024 cells occupied
    level 6: 0 / 4096 cells occupied
    level 7: 35 / 16384 cells occupied
  Field[914] 'screen_tile' levels:7 dims:2
    bounds X:[418.7500,425.0000] Y:[121.8750,126.5625] Z:[0.0000,1.0000]
    level 0: 0 / 1 cells occupied
    level 1: 0 / 4 cells occupied
    level 2: 0 / 16 cells occupied
    level 3: 0 / 64 cells occupied
    level 4: 0 / 256 cells occupied
    level 5: 0 / 1024 cells occupied
    level 6: 0 / 4096 cells occupied
    level 7: 30 / 16384 cells occupied
  Field[915] 'screen_tile' levels:7 dims:2
    bounds X:[393.7500,400.0000] Y:[117.1875,121.8750] Z:[0.0000,1.0000]
    level 0: 0 / 1 cells occupied
    level 1: 0 / 4 cells occupied
    level 2: 0 / 16 cells occupied
    level 3: 0 / 64 cells occupied
    level 4: 0 / 256 cells occupied
    level 5: 0 / 1024 cells occupied
    level 6: 0 / 4096 cells occupied
    level 7: 30 / 16384 cells occupied
  Field[916] 'screen_tile' levels:7 dims:2
    bounds X:[400.0000,406.2500] Y:[117.1875,121.8750] Z:[0.0000,1.0000]
    level 0: 0 / 1 cells occupied
    level 1: 0 / 4 cells occupied
    level 2: 0 / 16 cells occupied
    level 3: 0 / 64 cells occupied
    level 4: 0 / 256 cells occupied
    level 5: 0 / 1024 cells occupied
    level 6: 0 / 4096 cells occupied
    level 7: 30 / 16384 cells occupied
  Field[917] 'screen_tile' levels:7 dims:2
    bounds X:[406.2500,412.5000] Y:[117.1875,121.8750] Z:[0.0000,1.0000]
    level 0: 0 / 1 cells occupied
    level 1: 0 / 4 cells occupied
    level 2: 0 / 16 cells occupied
    level 3: 0 / 64 cells occupied
    level 4: 0 / 256 cells occupied
    level 5: 0 / 1024 cells occupied
    level 6: 0 / 4096 cells occupied
    level 7: 30 / 16384 cells occupied
  Field[918] 'screen_tile' levels:7 dims:2
    bounds X:[393.7500,400.0000] Y:[112.5000,117.1875] Z:[0.0000,1.0000]
    level 0: 0 / 1 cells occupied
    level 1: 0 / 4 cells occupied
    level 2: 0 / 16 cells occupied
    level 3: 0 / 64 cells occupied
    level 4: 0 / 256 cells occupied
    level 5: 0 / 1024 cells occupied
    level 6: 0 / 4096 cells occupied
    level 7: 30 / 16384 cells occupied
  Field[919] 'screen_tile' levels:7 dims:2
    bounds X:[400.0000,406.2500] Y:[112.5000,117.1875] Z:[0.0000,1.0000]
    level 0: 0 / 1 cells occupied
    level 1: 0 / 4 cells occupied
    level 2: 0 / 16 cells occupied
    level 3: 0 / 64 cells occupied
    level 4: 0 / 256 cells occupied
    level 5: 0 / 1024 cells occupied
    level 6: 0 / 4096 cells occupied
    level 7: 30 / 16384 cells occupied
  Field[920] 'screen_tile' levels:7 dims:2
    bounds X:[406.2500,412.5000] Y:[112.5000,117.1875] Z:[0.0000,1.0000]
    level 0: 0 / 1 cells occupied
    level 1: 0 / 4 cells occupied
    level 2: 0 / 16 cells occupied
    level 3: 0 / 64 cells occupied
    level 4: 0 / 256 cells occupied
    level 5: 0 / 1024 cells occupied
    level 6: 0 / 4096 cells occupied
    level 7: 30 / 16384 cells occupied
  Field[921] 'screen_tile' levels:7 dims:2
    bounds X:[412.5000,418.7500] Y:[117.1875,121.8750] Z:[0.0000,1.0000]
    level 0: 0 / 1 cells occupied
    level 1: 0 / 4 cells occupied
    level 2: 0 / 16 cells occupied
    level 3: 0 / 64 cells occupied
    level 4: 0 / 256 cells occupied
    level 5: 0 / 1024 cells occupied
    level 6: 0 / 4096 cells occupied
    level 7: 35 / 16384 cells occupied
  Field[922] 'screen_tile' levels:7 dims:2
    bounds X:[418.7500,425.0000] Y:[117.1875,121.8750] Z:[0.0000,1.0000]
    level 0: 0 / 1 cells occupied
    level 1: 0 / 4 cells occupied
    level 2: 0 / 16 cells occupied
    level 3: 0 / 64 cells occupied
    level 4: 0 / 256 cells occupied
    level 5: 0 / 1024 cells occupied
    level 6: 0 / 4096 cells occupied
    level 7: 30 / 16384 cells occupied
  Field[923] 'screen_tile' levels:7 dims:2
    bounds X:[412.5000,418.7500] Y:[112.5000,117.1875] Z:[0.0000,1.0000]
    level 0: 0 / 1 cells occupied
    level 1: 0 / 4 cells occupied
    level 2: 0 / 16 cells occupied
    level 3: 0 / 64 cells occupied
    level 4: 0 / 256 cells occupied
    level 5: 0 / 1024 cells occupied
    level 6: 0 / 4096 cells occupied
    level 7: 35 / 16384 cells occupied
  Field[924] 'screen_tile' levels:7 dims:2
    bounds X:[418.7500,425.0000] Y:[112.5000,117.1875] Z:[0.0000,1.0000]
    level 0: 0 / 1 cells occupied
    level 1: 0 / 4 cells occupied
    level 2: 0 / 16 cells occupied
    level 3: 0 / 64 cells occupied
    level 4: 0 / 256 cells occupied
    level 5: 0 / 1024 cells occupied
    level 6: 0 / 4096 cells occupied
    level 7: 30 / 16384 cells occupied
  Field[925] 'screen_tile' levels:7 dims:2
    bounds X:[393.7500,400.0000] Y:[107.8125,112.5000] Z:[0.0000,1.0000]
    level 0: 0 / 1 cells occupied
    level 1: 0 / 4 cells occupied
    level 2: 0 / 16 cells occupied
    level 3: 0 / 64 cells occupied
    level 4: 0 / 256 cells occupied
    level 5: 0 / 1024 cells occupied
    level 6: 0 / 4096 cells occupied
    level 7: 24 / 16384 cells occupied
  Field[926] 'screen_tile' levels:7 dims:2
    bounds X:[400.0000,406.2500] Y:[107.8125,112.5000] Z:[0.0000,1.0000]
    level 0: 0 / 1 cells occupied
    level 1: 0 / 4 cells occupied
    level 2: 0 / 16 cells occupied
    level 3: 0 / 64 cells occupied
    level 4: 0 / 256 cells occupied
    level 5: 0 / 1024 cells occupied
    level 6: 0 / 4096 cells occupied
    level 7: 24 / 16384 cells occupied
  Field[927] 'screen_tile' levels:7 dims:2
    bounds X:[406.2500,412.5000] Y:[107.8125,112.5000] Z:[0.0000,1.0000]
    level 0: 0 / 1 cells occupied
    level 1: 0 / 4 cells occupied
    level 2: 0 / 16 cells occupied
    level 3: 0 / 64 cells occupied
    level 4: 0 / 256 cells occupied
    level 5: 0 / 1024 cells occupied
    level 6: 0 / 4096 cells occupied
    level 7: 24 / 16384 cells occupied
  Field[928] 'screen_tile' levels:7 dims:2
    bounds X:[412.5000,418.7500] Y:[107.8125,112.5000] Z:[0.0000,1.0000]
    level 0: 0 / 1 cells occupied
    level 1: 0 / 4 cells occupied
    level 2: 0 / 16 cells occupied
    level 3: 0 / 64 cells occupied
    level 4: 0 / 256 cells occupied
    level 5: 0 / 1024 cells occupied
    level 6: 0 / 4096 cells occupied
    level 7: 28 / 16384 cells occupied
  Field[929] 'screen_tile' levels:7 dims:2
    bounds X:[418.7500,425.0000] Y:[107.8125,112.5000] Z:[0.0000,1.0000]
    level 0: 0 / 1 cells occupied
    level 1: 0 / 4 cells occupied
    level 2: 0 / 16 cells occupied
    level 3: 0 / 64 cells occupied
    level 4: 0 / 256 cells occupied
    level 5: 0 / 1024 cells occupied
    level 6: 0 / 4096 cells occupied
    level 7: 24 / 16384 cells occupied
  Field[930] 'screen_tile' levels:7 dims:2
    bounds X:[425.0000,431.2500] Y:[112.5000,117.1875] Z:[0.0000,1.0000]
    level 0: 0 / 1 cells occupied
    level 1: 0 / 4 cells occupied
    level 2: 0 / 16 cells occupied
    level 3: 0 / 64 cells occupied
    level 4: 0 / 256 cells occupied
    level 5: 0 / 1024 cells occupied
    level 6: 0 / 4096 cells occupied
    level 7: 30 / 16384 cells occupied
  Field[931] 'screen_tile' levels:7 dims:2
    bounds X:[425.0000,431.2500] Y:[117.1875,121.8750] Z:[0.0000,1.0000]
    level 0: 0 / 1 cells occupied
    level 1: 0 / 4 cells occupied
    level 2: 0 / 16 cells occupied
    level 3: 0 / 64 cells occupied
    level 4: 0 / 256 cells occupied
    level 5: 0 / 1024 cells occupied
    level 6: 0 / 4096 cells occupied
    level 7: 30 / 16384 cells occupied
  Field[932] 'screen_tile' levels:7 dims:2
    bounds X:[387.5000,393.7500] Y:[107.8125,112.5000] Z:[0.0000,1.0000]
    level 0: 0 / 1 cells occupied
    level 1: 0 / 4 cells occupied
    level 2: 0 / 16 cells occupied
    level 3: 0 / 64 cells occupied
    level 4: 0 / 256 cells occupied
    level 5: 0 / 1024 cells occupied
    level 6: 0 / 4096 cells occupied
    level 7: 28 / 16384 cells occupied
  Field[933] 'screen_tile' levels:7 dims:2
    bounds X:[431.2500,437.5000] Y:[112.5000,117.1875] Z:[0.0000,1.0000]
    level 0: 0 / 1 cells occupied
    level 1: 0 / 4 cells occupied
    level 2: 0 / 16 cells occupied
    level 3: 0 / 64 cells occupied
    level 4: 0 / 256 cells occupied
    level 5: 0 / 1024 cells occupied
    level 6: 0 / 4096 cells occupied
    level 7: 30 / 16384 cells occupied
  Field[934] 'screen_tile' levels:7 dims:2
    bounds X:[431.2500,437.5000] Y:[117.1875,121.8750] Z:[0.0000,1.0000]
    level 0: 0 / 1 cells occupied
    level 1: 0 / 4 cells occupied
    level 2: 0 / 16 cells occupied
    level 3: 0 / 64 cells occupied
    level 4: 0 / 256 cells occupied
    level 5: 0 / 1024 cells occupied
    level 6: 0 / 4096 cells occupied
    level 7: 30 / 16384 cells occupied
  Field[935] 'screen_tile' levels:7 dims:2
    bounds X:[425.0000,431.2500] Y:[121.8750,126.5625] Z:[0.0000,1.0000]
    level 0: 0 / 1 cells occupied
    level 1: 0 / 4 cells occupied
    level 2: 0 / 16 cells occupied
    level 3: 0 / 64 cells occupied
    level 4: 0 / 256 cells occupied
    level 5: 0 / 1024 cells occupied
    level 6: 0 / 4096 cells occupied
    level 7: 30 / 16384 cells occupied
  Field[936] 'screen_tile' levels:7 dims:2
    bounds X:[375.0000,381.2500] Y:[107.8125,112.5000] Z:[0.0000,1.0000]
    level 0: 0 / 1 cells occupied
    level 1: 0 / 4 cells occupied
    level 2: 0 / 16 cells occupied
    level 3: 0 / 64 cells occupied
    level 4: 0 / 256 cells occupied
    level 5: 0 / 1024 cells occupied
    level 6: 0 / 4096 cells occupied
    level 7: 24 / 16384 cells occupied
  Field[937] 'screen_tile' levels:7 dims:2
    bounds X:[381.2500,387.5000] Y:[107.8125,112.5000] Z:[0.0000,1.0000]
    level 0: 0 / 1 cells occupied
    level 1: 0 / 4 cells occupied
    level 2: 0 / 16 cells occupied
    level 3: 0 / 64 cells occupied
    level 4: 0 / 256 cells occupied
    level 5: 0 / 1024 cells occupied
    level 6: 0 / 4096 cells occupied
    level 7: 24 / 16384 cells occupied
  Field[938] 'screen_tile' levels:7 dims:2
    bounds X:[375.0000,381.2500] Y:[103.1250,107.8125] Z:[0.0000,1.0000]
    level 0: 0 / 1 cells occupied
    level 1: 0 / 4 cells occupied
    level 2: 0 / 16 cells occupied
    level 3: 0 / 64 cells occupied
    level 4: 0 / 256 cells occupied
    level 5: 0 / 1024 cells occupied
    level 6: 0 / 4096 cells occupied
    level 7: 30 / 16384 cells occupied
  Field[939] 'screen_tile' levels:7 dims:2
    bounds X:[381.2500,387.5000] Y:[103.1250,107.8125] Z:[0.0000,1.0000]
    level 0: 0 / 1 cells occupied
    level 1: 0 / 4 cells occupied
    level 2: 0 / 16 cells occupied
    level 3: 0 / 64 cells occupied
    level 4: 0 / 256 cells occupied
    level 5: 0 / 1024 cells occupied
    level 6: 0 / 4096 cells occupied
    level 7: 30 / 16384 cells occupied
  Field[940] 'screen_tile' levels:7 dims:2
    bounds X:[375.0000,381.2500] Y:[98.4375,103.1250] Z:[0.0000,1.0000]
    level 0: 0 / 1 cells occupied
    level 1: 0 / 4 cells occupied
    level 2: 0 / 16 cells occupied
    level 3: 0 / 64 cells occupied
    level 4: 0 / 256 cells occupied
    level 5: 0 / 1024 cells occupied
    level 6: 0 / 4096 cells occupied
    level 7: 30 / 16384 cells occupied
  Field[941] 'screen_tile' levels:7 dims:2
    bounds X:[381.2500,387.5000] Y:[98.4375,103.1250] Z:[0.0000,1.0000]
    level 0: 0 / 1 cells occupied
    level 1: 0 / 4 cells occupied
    level 2: 0 / 16 cells occupied
    level 3: 0 / 64 cells occupied
    level 4: 0 / 256 cells occupied
    level 5: 0 / 1024 cells occupied
    level 6: 0 / 4096 cells occupied
    level 7: 30 / 16384 cells occupied
  Field[942] 'screen_tile' levels:7 dims:2
    bounds X:[387.5000,393.7500] Y:[103.1250,107.8125] Z:[0.0000,1.0000]
    level 0: 0 / 1 cells occupied
    level 1: 0 / 4 cells occupied
    level 2: 0 / 16 cells occupied
    level 3: 0 / 64 cells occupied
    level 4: 0 / 256 cells occupied
    level 5: 0 / 1024 cells occupied
    level 6: 0 / 4096 cells occupied
    level 7: 35 / 16384 cells occupied
  Field[943] 'screen_tile' levels:7 dims:2
    bounds X:[387.5000,393.7500] Y:[98.4375,103.1250] Z:[0.0000,1.0000]
    level 0: 0 / 1 cells occupied
    level 1: 0 / 4 cells occupied
    level 2: 0 / 16 cells occupied
    level 3: 0 / 64 cells occupied
    level 4: 0 / 256 cells occupied
    level 5: 0 / 1024 cells occupied
    level 6: 0 / 4096 cells occupied
    level 7: 35 / 16384 cells occupied
  Field[944] 'screen_tile' levels:7 dims:2
    bounds X:[368.7500,375.0000] Y:[98.4375,103.1250] Z:[0.0000,1.0000]
    level 0: 0 / 1 cells occupied
    level 1: 0 / 4 cells occupied
    level 2: 0 / 16 cells occupied
    level 3: 0 / 64 cells occupied
    level 4: 0 / 256 cells occupied
    level 5: 0 / 1024 cells occupied
    level 6: 0 / 4096 cells occupied
    level 7: 30 / 16384 cells occupied
  Field[945] 'screen_tile' levels:7 dims:2
    bounds X:[362.5000,368.7500] Y:[98.4375,103.1250] Z:[0.0000,1.0000]
    level 0: 0 / 1 cells occupied
    level 1: 0 / 4 cells occupied
    level 2: 0 / 16 cells occupied
    level 3: 0 / 64 cells occupied
    level 4: 0 / 256 cells occupied
    level 5: 0 / 1024 cells occupied
    level 6: 0 / 4096 cells occupied
    level 7: 35 / 16384 cells occupied
  Field[946] 'screen_tile' levels:7 dims:2
    bounds X:[362.5000,368.7500] Y:[93.7500,98.4375] Z:[0.0000,1.0000]
    level 0: 0 / 1 cells occupied
    level 1: 0 / 4 cells occupied
    level 2: 0 / 16 cells occupied
    level 3: 0 / 64 cells occupied
    level 4: 0 / 256 cells occupied
    level 5: 0 / 1024 cells occupied
    level 6: 0 / 4096 cells occupied
    level 7: 28 / 16384 cells occupied
  Field[947] 'screen_tile' levels:7 dims:2
    bounds X:[368.7500,375.0000] Y:[93.7500,98.4375] Z:[0.0000,1.0000]
    level 0: 0 / 1 cells occupied
    level 1: 0 / 4 cells occupied
    level 2: 0 / 16 cells occupied
    level 3: 0 / 64 cells occupied
    level 4: 0 / 256 cells occupied
    level 5: 0 / 1024 cells occupied
    level 6: 0 / 4096 cells occupied
    level 7: 24 / 16384 cells occupied
  Field[948] 'screen_tile' levels:7 dims:2
    bounds X:[356.2500,362.5000] Y:[93.7500,98.4375] Z:[0.0000,1.0000]
    level 0: 0 / 1 cells occupied
    level 1: 0 / 4 cells occupied
    level 2: 0 / 16 cells occupied
    level 3: 0 / 64 cells occupied
    level 4: 0 / 256 cells occupied
    level 5: 0 / 1024 cells occupied
    level 6: 0 / 4096 cells occupied
    level 7: 24 / 16384 cells occupied
  Field[949] 'screen_tile' levels:7 dims:2
    bounds X:[375.0000,381.2500] Y:[93.7500,98.4375] Z:[0.0000,1.0000]
    level 0: 0 / 1 cells occupied
    level 1: 0 / 4 cells occupied
    level 2: 0 / 16 cells occupied
    level 3: 0 / 64 cells occupied
    level 4: 0 / 256 cells occupied
    level 5: 0 / 1024 cells occupied
    level 6: 0 / 4096 cells occupied
    level 7: 24 / 16384 cells occupied
  Field[950] 'screen_tile' levels:7 dims:2
    bounds X:[381.2500,387.5000] Y:[93.7500,98.4375] Z:[0.0000,1.0000]
    level 0: 0 / 1 cells occupied
    level 1: 0 / 4 cells occupied
    level 2: 0 / 16 cells occupied
    level 3: 0 / 64 cells occupied
    level 4: 0 / 256 cells occupied
    level 5: 0 / 1024 cells occupied
    level 6: 0 / 4096 cells occupied
    level 7: 24 / 16384 cells occupied
  Field[951] 'screen_tile' levels:7 dims:2
    bounds X:[375.0000,381.2500] Y:[89.0625,93.7500] Z:[0.0000,1.0000]
    level 0: 0 / 1 cells occupied
    level 1: 0 / 4 cells occupied
    level 2: 0 / 16 cells occupied
    level 3: 0 / 64 cells occupied
    level 4: 0 / 256 cells occupied
    level 5: 0 / 1024 cells occupied
    level 6: 0 / 4096 cells occupied
    level 7: 30 / 16384 cells occupied
  Field[952] 'screen_tile' levels:7 dims:2
    bounds X:[381.2500,387.5000] Y:[89.0625,93.7500] Z:[0.0000,1.0000]
    level 0: 0 / 1 cells occupied
    level 1: 0 / 4 cells occupied
    level 2: 0 / 16 cells occupied
    level 3: 0 / 64 cells occupied
    level 4: 0 / 256 cells occupied
    level 5: 0 / 1024 cells occupied
    level 6: 0 / 4096 cells occupied
    level 7: 30 / 16384 cells occupied
  Field[953] 'screen_tile' levels:7 dims:2
    bounds X:[387.5000,393.7500] Y:[93.7500,98.4375] Z:[0.0000,1.0000]
    level 0: 0 / 1 cells occupied
    level 1: 0 / 4 cells occupied
    level 2: 0 / 16 cells occupied
    level 3: 0 / 64 cells occupied
    level 4: 0 / 256 cells occupied
    level 5: 0 / 1024 cells occupied
    level 6: 0 / 4096 cells occupied
    level 7: 28 / 16384 cells occupied
  Field[954] 'screen_tile' levels:7 dims:2
    bounds X:[387.5000,393.7500] Y:[89.0625,93.7500] Z:[0.0000,1.0000]
    level 0: 0 / 1 cells occupied
    level 1: 0 / 4 cells occupied
    level 2: 0 / 16 cells occupied
    level 3: 0 / 64 cells occupied
    level 4: 0 / 256 cells occupied
    level 5: 0 / 1024 cells occupied
    level 6: 0 / 4096 cells occupied
    level 7: 35 / 16384 cells occupied
  Field[955] 'screen_tile' levels:7 dims:2
    bounds X:[393.7500,400.0000] Y:[98.4375,103.1250] Z:[0.0000,1.0000]
    level 0: 0 / 1 cells occupied
    level 1: 0 / 4 cells occupied
    level 2: 0 / 16 cells occupied
    level 3: 0 / 64 cells occupied
    level 4: 0 / 256 cells occupied
    level 5: 0 / 1024 cells occupied
    level 6: 0 / 4096 cells occupied
    level 7: 30 / 16384 cells occupied
  Field[956] 'screen_tile' levels:7 dims:2
    bounds X:[393.7500,400.0000] Y:[93.7500,98.4375] Z:[0.0000,1.0000]
    level 0: 0 / 1 cells occupied
    level 1: 0 / 4 cells occupied
    level 2: 0 / 16 cells occupied
    level 3: 0 / 64 cells occupied
    level 4: 0 / 256 cells occupied
    level 5: 0 / 1024 cells occupied
    level 6: 0 / 4096 cells occupied
    level 7: 24 / 16384 cells occupied
  Field[957] 'screen_tile' levels:7 dims:2
    bounds X:[393.7500,400.0000] Y:[89.0625,93.7500] Z:[0.0000,1.0000]
    level 0: 0 / 1 cells occupied
    level 1: 0 / 4 cells occupied
    level 2: 0 / 16 cells occupied
    level 3: 0 / 64 cells occupied
    level 4: 0 / 256 cells occupied
    level 5: 0 / 1024 cells occupied
    level 6: 0 / 4096 cells occupied
    level 7: 30 / 16384 cells occupied
  Field[958] 'screen_tile' levels:7 dims:2
    bounds X:[425.0000,431.2500] Y:[107.8125,112.5000] Z:[0.0000,1.0000]
    level 0: 0 / 1 cells occupied
    level 1: 0 / 4 cells occupied
    level 2: 0 / 16 cells occupied
    level 3: 0 / 64 cells occupied
    level 4: 0 / 256 cells occupied
    level 5: 0 / 1024 cells occupied
    level 6: 0 / 4096 cells occupied
    level 7: 24 / 16384 cells occupied
  Field[959] 'screen_tile' levels:7 dims:2
    bounds X:[431.2500,437.5000] Y:[107.8125,112.5000] Z:[0.0000,1.0000]
    level 0: 0 / 1 cells occupied
    level 1: 0 / 4 cells occupied
    level 2: 0 / 16 cells occupied
    level 3: 0 / 64 cells occupied
    level 4: 0 / 256 cells occupied
    level 5: 0 / 1024 cells occupied
    level 6: 0 / 4096 cells occupied
    level 7: 24 / 16384 cells occupied
  Field[960] 'screen_tile' levels:7 dims:2
    bounds X:[437.5000,443.7500] Y:[112.5000,117.1875] Z:[0.0000,1.0000]
    level 0: 0 / 1 cells occupied
    level 1: 0 / 4 cells occupied
    level 2: 0 / 16 cells occupied
    level 3: 0 / 64 cells occupied
    level 4: 0 / 256 cells occupied
    level 5: 0 / 1024 cells occupied
    level 6: 0 / 4096 cells occupied
    level 7: 35 / 16384 cells occupied
  Field[961] 'screen_tile' levels:7 dims:2
    bounds X:[437.5000,443.7500] Y:[117.1875,121.8750] Z:[0.0000,1.0000]
    level 0: 0 / 1 cells occupied
    level 1: 0 / 4 cells occupied
    level 2: 0 / 16 cells occupied
    level 3: 0 / 64 cells occupied
    level 4: 0 / 256 cells occupied
    level 5: 0 / 1024 cells occupied
    level 6: 0 / 4096 cells occupied
    level 7: 35 / 16384 cells occupied
  Field[962] 'screen_tile' levels:7 dims:2
    bounds X:[443.7500,450.0000] Y:[112.5000,117.1875] Z:[0.0000,1.0000]
    level 0: 0 / 1 cells occupied
    level 1: 0 / 4 cells occupied
    level 2: 0 / 16 cells occupied
    level 3: 0 / 64 cells occupied
    level 4: 0 / 256 cells occupied
    level 5: 0 / 1024 cells occupied
    level 6: 0 / 4096 cells occupied
    level 7: 30 / 16384 cells occupied
  Field[963] 'screen_tile' levels:7 dims:2
    bounds X:[450.0000,456.2500] Y:[112.5000,117.1875] Z:[0.0000,1.0000]
    level 0: 0 / 1 cells occupied
    level 1: 0 / 4 cells occupied
    level 2: 0 / 16 cells occupied
    level 3: 0 / 64 cells occupied
    level 4: 0 / 256 cells occupied
    level 5: 0 / 1024 cells occupied
    level 6: 0 / 4096 cells occupied
    level 7: 30 / 16384 cells occupied
  Field[964] 'screen_tile' levels:7 dims:2
    bounds X:[462.5000,468.7500] Y:[126.5625,131.2500] Z:[0.0000,1.0000]
    level 0: 0 / 1 cells occupied
    level 1: 0 / 4 cells occupied
    level 2: 0 / 16 cells occupied
    level 3: 0 / 64 cells occupied
    level 4: 0 / 256 cells occupied
    level 5: 0 / 1024 cells occupied
    level 6: 0 / 4096 cells occupied
    level 7: 28 / 16384 cells occupied
  Field[965] 'screen_tile' levels:7 dims:2
    bounds X:[450.0000,456.2500] Y:[131.2500,135.9375] Z:[0.0000,1.0000]
    level 0: 0 / 1 cells occupied
    level 1: 0 / 4 cells occupied
    level 2: 0 / 16 cells occupied
    level 3: 0 / 64 cells occupied
    level 4: 0 / 256 cells occupied
    level 5: 0 / 1024 cells occupied
    level 6: 0 / 4096 cells occupied
    level 7: 30 / 16384 cells occupied
  Field[966] 'screen_tile' levels:7 dims:2
    bounds X:[456.2500,462.5000] Y:[131.2500,135.9375] Z:[0.0000,1.0000]
    level 0: 0 / 1 cells occupied
    level 1: 0 / 4 cells occupied
    level 2: 0 / 16 cells occupied
    level 3: 0 / 64 cells occupied
    level 4: 0 / 256 cells occupied
    level 5: 0 / 1024 cells occupied
    level 6: 0 / 4096 cells occupied
    level 7: 30 / 16384 cells occupied
  Field[967] 'screen_tile' levels:7 dims:2
    bounds X:[462.5000,468.7500] Y:[131.2500,135.9375] Z:[0.0000,1.0000]
    level 0: 0 / 1 cells occupied
    level 1: 0 / 4 cells occupied
    level 2: 0 / 16 cells occupied
    level 3: 0 / 64 cells occupied
    level 4: 0 / 256 cells occupied
    level 5: 0 / 1024 cells occupied
    level 6: 0 / 4096 cells occupied
    level 7: 35 / 16384 cells occupied
  Field[968] 'screen_tile' levels:7 dims:2
    bounds X:[437.5000,443.7500] Y:[135.9375,140.6250] Z:[0.0000,1.0000]
    level 0: 0 / 1 cells occupied
    level 1: 0 / 4 cells occupied
    level 2: 0 / 16 cells occupied
    level 3: 0 / 64 cells occupied
    level 4: 0 / 256 cells occupied
    level 5: 0 / 1024 cells occupied
    level 6: 0 / 4096 cells occupied
    level 7: 35 / 16384 cells occupied
  Field[969] 'screen_tile' levels:7 dims:2
    bounds X:[443.7500,450.0000] Y:[135.9375,140.6250] Z:[0.0000,1.0000]
    level 0: 0 / 1 cells occupied
    level 1: 0 / 4 cells occupied
    level 2: 0 / 16 cells occupied
    level 3: 0 / 64 cells occupied
    level 4: 0 / 256 cells occupied
    level 5: 0 / 1024 cells occupied
    level 6: 0 / 4096 cells occupied
    level 7: 30 / 16384 cells occupied
  Field[970] 'screen_tile' levels:7 dims:2
    bounds X:[450.0000,456.2500] Y:[135.9375,140.6250] Z:[0.0000,1.0000]
    level 0: 0 / 1 cells occupied
    level 1: 0 / 4 cells occupied
    level 2: 0 / 16 cells occupied
    level 3: 0 / 64 cells occupied
    level 4: 0 / 256 cells occupied
    level 5: 0 / 1024 cells occupied
    level 6: 0 / 4096 cells occupied
    level 7: 30 / 16384 cells occupied
  Field[971] 'screen_tile' levels:7 dims:2
    bounds X:[425.0000,431.2500] Y:[135.9375,140.6250] Z:[0.0000,1.0000]
    level 0: 0 / 1 cells occupied
    level 1: 0 / 4 cells occupied
    level 2: 0 / 16 cells occupied
    level 3: 0 / 64 cells occupied
    level 4: 0 / 256 cells occupied
    level 5: 0 / 1024 cells occupied
    level 6: 0 / 4096 cells occupied
    level 7: 30 / 16384 cells occupied
  Field[972] 'screen_tile' levels:7 dims:2
    bounds X:[431.2500,437.5000] Y:[135.9375,140.6250] Z:[0.0000,1.0000]
    level 0: 0 / 1 cells occupied
    level 1: 0 / 4 cells occupied
    level 2: 0 / 16 cells occupied
    level 3: 0 / 64 cells occupied
    level 4: 0 / 256 cells occupied
    level 5: 0 / 1024 cells occupied
    level 6: 0 / 4096 cells occupied
    level 7: 30 / 16384 cells occupied
  Field[973] 'screen_tile' levels:7 dims:2
    bounds X:[425.0000,431.2500] Y:[140.6250,145.3125] Z:[0.0000,1.0000]
    level 0: 0 / 1 cells occupied
    level 1: 0 / 4 cells occupied
    level 2: 0 / 16 cells occupied
    level 3: 0 / 64 cells occupied
    level 4: 0 / 256 cells occupied
    level 5: 0 / 1024 cells occupied
    level 6: 0 / 4096 cells occupied
    level 7: 24 / 16384 cells occupied
  Field[974] 'screen_tile' levels:7 dims:2
    bounds X:[431.2500,437.5000] Y:[140.6250,145.3125] Z:[0.0000,1.0000]
    level 0: 0 / 1 cells occupied
    level 1: 0 / 4 cells occupied
    level 2: 0 / 16 cells occupied
    level 3: 0 / 64 cells occupied
    level 4: 0 / 256 cells occupied
    level 5: 0 / 1024 cells occupied
    level 6: 0 / 4096 cells occupied
    level 7: 24 / 16384 cells occupied
  Field[975] 'screen_tile' levels:7 dims:2
    bounds X:[437.5000,443.7500] Y:[140.6250,145.3125] Z:[0.0000,1.0000]
    level 0: 0 / 1 cells occupied
    level 1: 0 / 4 cells occupied
    level 2: 0 / 16 cells occupied
    level 3: 0 / 64 cells occupied
    level 4: 0 / 256 cells occupied
    level 5: 0 / 1024 cells occupied
    level 6: 0 / 4096 cells occupied
    level 7: 28 / 16384 cells occupied
  Field[976] 'screen_tile' levels:7 dims:2
    bounds X:[425.0000,431.2500] Y:[145.3125,150.0000] Z:[0.0000,1.0000]
    level 0: 0 / 1 cells occupied
    level 1: 0 / 4 cells occupied
    level 2: 0 / 16 cells occupied
    level 3: 0 / 64 cells occupied
    level 4: 0 / 256 cells occupied
    level 5: 0 / 1024 cells occupied
    level 6: 0 / 4096 cells occupied
    level 7: 30 / 16384 cells occupied
  Field[977] 'screen_tile' levels:7 dims:2
    bounds X:[431.2500,437.5000] Y:[145.3125,150.0000] Z:[0.0000,1.0000]
    level 0: 0 / 1 cells occupied
    level 1: 0 / 4 cells occupied
    level 2: 0 / 16 cells occupied
    level 3: 0 / 64 cells occupied
    level 4: 0 / 256 cells occupied
    level 5: 0 / 1024 cells occupied
    level 6: 0 / 4096 cells occupied
    level 7: 30 / 16384 cells occupied
  Field[978] 'screen_tile' levels:7 dims:2
    bounds X:[443.7500,450.0000] Y:[140.6250,145.3125] Z:[0.0000,1.0000]
    level 0: 0 / 1 cells occupied
    level 1: 0 / 4 cells occupied
    level 2: 0 / 16 cells occupied
    level 3: 0 / 64 cells occupied
    level 4: 0 / 256 cells occupied
    level 5: 0 / 1024 cells occupied
    level 6: 0 / 4096 cells occupied
    level 7: 24 / 16384 cells occupied
  Field[979] 'screen_tile' levels:7 dims:2
    bounds X:[437.5000,443.7500] Y:[145.3125,150.0000] Z:[0.0000,1.0000]
    level 0: 0 / 1 cells occupied
    level 1: 0 / 4 cells occupied
    level 2: 0 / 16 cells occupied
    level 3: 0 / 64 cells occupied
    level 4: 0 / 256 cells occupied
    level 5: 0 / 1024 cells occupied
    level 6: 0 / 4096 cells occupied
    level 7: 35 / 16384 cells occupied
  Field[980] 'screen_tile' levels:7 dims:2
    bounds X:[443.7500,450.0000] Y:[145.3125,150.0000] Z:[0.0000,1.0000]
    level 0: 0 / 1 cells occupied
    level 1: 0 / 4 cells occupied
    level 2: 0 / 16 cells occupied
    level 3: 0 / 64 cells occupied
    level 4: 0 / 256 cells occupied
    level 5: 0 / 1024 cells occupied
    level 6: 0 / 4096 cells occupied
    level 7: 30 / 16384 cells occupied
  Field[981] 'screen_tile' levels:7 dims:2
    bounds X:[437.5000,443.7500] Y:[150.0000,154.6875] Z:[0.0000,1.0000]
    level 0: 0 / 1 cells occupied
    level 1: 0 / 4 cells occupied
    level 2: 0 / 16 cells occupied
    level 3: 0 / 64 cells occupied
    level 4: 0 / 256 cells occupied
    level 5: 0 / 1024 cells occupied
    level 6: 0 / 4096 cells occupied
    level 7: 35 / 16384 cells occupied
  Field[982] 'screen_tile' levels:7 dims:2
    bounds X:[450.0000,456.2500] Y:[140.6250,145.3125] Z:[0.0000,1.0000]
    level 0: 0 / 1 cells occupied
    level 1: 0 / 4 cells occupied
    level 2: 0 / 16 cells occupied
    level 3: 0 / 64 cells occupied
    level 4: 0 / 256 cells occupied
    level 5: 0 / 1024 cells occupied
    level 6: 0 / 4096 cells occupied
    level 7: 24 / 16384 cells occupied
  Field[983] 'screen_tile' levels:7 dims:2
    bounds X:[450.0000,456.2500] Y:[145.3125,150.0000] Z:[0.0000,1.0000]
    level 0: 0 / 1 cells occupied
    level 1: 0 / 4 cells occupied
    level 2: 0 / 16 cells occupied
    level 3: 0 / 64 cells occupied
    level 4: 0 / 256 cells occupied
    level 5: 0 / 1024 cells occupied
    level 6: 0 / 4096 cells occupied
    level 7: 30 / 16384 cells occupied
  Field[984] 'screen_tile' levels:7 dims:2
    bounds X:[443.7500,450.0000] Y:[150.0000,154.6875] Z:[0.0000,1.0000]
    level 0: 0 / 1 cells occupied
    level 1: 0 / 4 cells occupied
    level 2: 0 / 16 cells occupied
    level 3: 0 / 64 cells occupied
    level 4: 0 / 256 cells occupied
    level 5: 0 / 1024 cells occupied
    level 6: 0 / 4096 cells occupied
    level 7: 30 / 16384 cells occupied
  Field[985] 'screen_tile' levels:7 dims:2
    bounds X:[450.0000,456.2500] Y:[150.0000,154.6875] Z:[0.0000,1.0000]
    level 0: 0 / 1 cells occupied
    level 1: 0 / 4 cells occupied
    level 2: 0 / 16 cells occupied
    level 3: 0 / 64 cells occupied
    level 4: 0 / 256 cells occupied
    level 5: 0 / 1024 cells occupied
    level 6: 0 / 4096 cells occupied
    level 7: 30 / 16384 cells occupied
  Field[986] 'screen_tile' levels:7 dims:2
    bounds X:[456.2500,462.5000] Y:[140.6250,145.3125] Z:[0.0000,1.0000]
    level 0: 0 / 1 cells occupied
    level 1: 0 / 4 cells occupied
    level 2: 0 / 16 cells occupied
    level 3: 0 / 64 cells occupied
    level 4: 0 / 256 cells occupied
    level 5: 0 / 1024 cells occupied
    level 6: 0 / 4096 cells occupied
    level 7: 24 / 16384 cells occupied
  Field[987] 'screen_tile' levels:7 dims:2
    bounds X:[456.2500,462.5000] Y:[145.3125,150.0000] Z:[0.0000,1.0000]
    level 0: 0 / 1 cells occupied
    level 1: 0 / 4 cells occupied
    level 2: 0 / 16 cells occupied
    level 3: 0 / 64 cells occupied
    level 4: 0 / 256 cells occupied
    level 5: 0 / 1024 cells occupied
    level 6: 0 / 4096 cells occupied
    level 7: 30 / 16384 cells occupied
  Field[988] 'screen_tile' levels:7 dims:2
    bounds X:[456.2500,462.5000] Y:[135.9375,140.6250] Z:[0.0000,1.0000]
    level 0: 0 / 1 cells occupied
    level 1: 0 / 4 cells occupied
    level 2: 0 / 16 cells occupied
    level 3: 0 / 64 cells occupied
    level 4: 0 / 256 cells occupied
    level 5: 0 / 1024 cells occupied
    level 6: 0 / 4096 cells occupied
    level 7: 30 / 16384 cells occupied
  Field[989] 'screen_tile' levels:7 dims:2
    bounds X:[462.5000,468.7500] Y:[135.9375,140.6250] Z:[0.0000,1.0000]
    level 0: 0 / 1 cells occupied
    level 1: 0 / 4 cells occupied
    level 2: 0 / 16 cells occupied
    level 3: 0 / 64 cells occupied
    level 4: 0 / 256 cells occupied
    level 5: 0 / 1024 cells occupied
    level 6: 0 / 4096 cells occupied
    level 7: 35 / 16384 cells occupied
  Field[990] 'screen_tile' levels:7 dims:2
    bounds X:[450.0000,456.2500] Y:[154.6875,159.3750] Z:[0.0000,1.0000]
    level 0: 0 / 1 cells occupied
    level 1: 0 / 4 cells occupied
    level 2: 0 / 16 cells occupied
    level 3: 0 / 64 cells occupied
    level 4: 0 / 256 cells occupied
    level 5: 0 / 1024 cells occupied
    level 6: 0 / 4096 cells occupied
    level 7: 24 / 16384 cells occupied
  Field[991] 'screen_tile' levels:7 dims:2
    bounds X:[462.5000,468.7500] Y:[140.6250,145.3125] Z:[0.0000,1.0000]
    level 0: 0 / 1 cells occupied
    level 1: 0 / 4 cells occupied
    level 2: 0 / 16 cells occupied
    level 3: 0 / 64 cells occupied
    level 4: 0 / 256 cells occupied
    level 5: 0 / 1024 cells occupied
    level 6: 0 / 4096 cells occupied
    level 7: 28 / 16384 cells occupied
  Field[992] 'screen_tile' levels:7 dims:2
    bounds X:[462.5000,468.7500] Y:[145.3125,150.0000] Z:[0.0000,1.0000]
    level 0: 0 / 1 cells occupied
    level 1: 0 / 4 cells occupied
    level 2: 0 / 16 cells occupied
    level 3: 0 / 64 cells occupied
    level 4: 0 / 256 cells occupied
    level 5: 0 / 1024 cells occupied
    level 6: 0 / 4096 cells occupied
    level 7: 35 / 16384 cells occupied
  Field[993] 'screen_tile' levels:7 dims:2
    bounds X:[456.2500,462.5000] Y:[150.0000,154.6875] Z:[0.0000,1.0000]
    level 0: 0 / 1 cells occupied
    level 1: 0 / 4 cells occupied
    level 2: 0 / 16 cells occupied
    level 3: 0 / 64 cells occupied
    level 4: 0 / 256 cells occupied
    level 5: 0 / 1024 cells occupied
    level 6: 0 / 4096 cells occupied
    level 7: 30 / 16384 cells occupied
  Field[994] 'screen_tile' levels:7 dims:2
    bounds X:[462.5000,468.7500] Y:[150.0000,154.6875] Z:[0.0000,1.0000]
    level 0: 0 / 1 cells occupied
    level 1: 0 / 4 cells occupied
    level 2: 0 / 16 cells occupied
    level 3: 0 / 64 cells occupied
    level 4: 0 / 256 cells occupied
    level 5: 0 / 1024 cells occupied
    level 6: 0 / 4096 cells occupied
    level 7: 35 / 16384 cells occupied
  Field[995] 'screen_tile' levels:7 dims:2
    bounds X:[456.2500,462.5000] Y:[154.6875,159.3750] Z:[0.0000,1.0000]
    level 0: 0 / 1 cells occupied
    level 1: 0 / 4 cells occupied
    level 2: 0 / 16 cells occupied
    level 3: 0 / 64 cells occupied
    level 4: 0 / 256 cells occupied
    level 5: 0 / 1024 cells occupied
    level 6: 0 / 4096 cells occupied
    level 7: 24 / 16384 cells occupied
  Field[996] 'screen_tile' levels:7 dims:2
    bounds X:[450.0000,456.2500] Y:[159.3750,164.0625] Z:[0.0000,1.0000]
    level 0: 0 / 1 cells occupied
    level 1: 0 / 4 cells occupied
    level 2: 0 / 16 cells occupied
    level 3: 0 / 64 cells occupied
    level 4: 0 / 256 cells occupied
    level 5: 0 / 1024 cells occupied
    level 6: 0 / 4096 cells occupied
    level 7: 30 / 16384 cells occupied
  Field[997] 'screen_tile' levels:7 dims:2
    bounds X:[468.7500,475.0000] Y:[135.9375,140.6250] Z:[0.0000,1.0000]
    level 0: 0 / 1 cells occupied
    level 1: 0 / 4 cells occupied
    level 2: 0 / 16 cells occupied
    level 3: 0 / 64 cells occupied
    level 4: 0 / 256 cells occupied
    level 5: 0 / 1024 cells occupied
    level 6: 0 / 4096 cells occupied
    level 7: 20 / 16384 cells occupied
  Field[998] 'screen_tile' levels:7 dims:2
    bounds X:[468.7500,475.0000] Y:[140.6250,145.3125] Z:[0.0000,1.0000]
    level 0: 0 / 1 cells occupied
    level 1: 0 / 4 cells occupied
    level 2: 0 / 16 cells occupied
    level 3: 0 / 64 cells occupied
    level 4: 0 / 256 cells occupied
    level 5: 0 / 1024 cells occupied
    level 6: 0 / 4096 cells occupied
    level 7: 16 / 16384 cells occupied
  Field[999] 'screen_tile' levels:7 dims:2
    bounds X:[468.7500,475.0000] Y:[131.2500,135.9375] Z:[0.0000,1.0000]
    level 0: 0 / 1 cells occupied
    level 1: 0 / 4 cells occupied
    level 2: 0 / 16 cells occupied
    level 3: 0 / 64 cells occupied
    level 4: 0 / 256 cells occupied
    level 5: 0 / 1024 cells occupied
    level 6: 0 / 4096 cells occupied
    level 7: 16 / 16384 cells occupied
  Field[1000] 'screen_tile' levels:7 dims:2
    bounds X:[468.7500,475.0000] Y:[145.3125,150.0000] Z:[0.0000,1.0000]
    level 0: 0 / 1 cells occupied
    level 1: 0 / 4 cells occupied
    level 2: 0 / 16 cells occupied
    level 3: 0 / 64 cells occupied
    level 4: 0 / 256 cells occupied
    level 5: 0 / 1024 cells occupied
    level 6: 0 / 4096 cells occupied
    level 7: 19 / 16384 cells occupied
  Field[1001] 'screen_tile' levels:7 dims:2
    bounds X:[468.7500,475.0000] Y:[150.0000,154.6875] Z:[0.0000,1.0000]
    level 0: 0 / 1 cells occupied
    level 1: 0 / 4 cells occupied
    level 2: 0 / 16 cells occupied
    level 3: 0 / 64 cells occupied
    level 4: 0 / 256 cells occupied
    level 5: 0 / 1024 cells occupied
    level 6: 0 / 4096 cells occupied
    level 7: 14 / 16384 cells occupied
  Field[1002] 'screen_tile' levels:7 dims:2
    bounds X:[468.7500,475.0000] Y:[126.5625,131.2500] Z:[0.0000,1.0000]
    level 0: 0 / 1 cells occupied
    level 1: 0 / 4 cells occupied
    level 2: 0 / 16 cells occupied
    level 3: 0 / 64 cells occupied
    level 4: 0 / 256 cells occupied
    level 5: 0 / 1024 cells occupied
    level 6: 0 / 4096 cells occupied
    level 7: 2 / 16384 cells occupied
  Field[1003] 'screen_tile' levels:7 dims:2
    bounds X:[437.5000,443.7500] Y:[107.8125,112.5000] Z:[0.0000,1.0000]
    level 0: 0 / 1 cells occupied
    level 1: 0 / 4 cells occupied
    level 2: 0 / 16 cells occupied
    level 3: 0 / 64 cells occupied
    level 4: 0 / 256 cells occupied
    level 5: 0 / 1024 cells occupied
    level 6: 0 / 4096 cells occupied
    level 7: 28 / 16384 cells occupied
  Field[1004] 'screen_tile' levels:7 dims:2
    bounds X:[412.5000,418.7500] Y:[103.1250,107.8125] Z:[0.0000,1.0000]
    level 0: 0 / 1 cells occupied
    level 1: 0 / 4 cells occupied
    level 2: 0 / 16 cells occupied
    level 3: 0 / 64 cells occupied
    level 4: 0 / 256 cells occupied
    level 5: 0 / 1024 cells occupied
    level 6: 0 / 4096 cells occupied
    level 7: 35 / 16384 cells occupied
  Field[1005] 'screen_tile' levels:7 dims:2
    bounds X:[418.7500,425.0000] Y:[103.1250,107.8125] Z:[0.0000,1.0000]
    level 0: 0 / 1 cells occupied
    level 1: 0 / 4 cells occupied
    level 2: 0 / 16 cells occupied
    level 3: 0 / 64 cells occupied
    level 4: 0 / 256 cells occupied
    level 5: 0 / 1024 cells occupied
    level 6: 0 / 4096 cells occupied
    level 7: 30 / 16384 cells occupied
  Field[1006] 'screen_tile' levels:7 dims:2
    bounds X:[425.0000,431.2500] Y:[103.1250,107.8125] Z:[0.0000,1.0000]
    level 0: 0 / 1 cells occupied
    level 1: 0 / 4 cells occupied
    level 2: 0 / 16 cells occupied
    level 3: 0 / 64 cells occupied
    level 4: 0 / 256 cells occupied
    level 5: 0 / 1024 cells occupied
    level 6: 0 / 4096 cells occupied
    level 7: 30 / 16384 cells occupied
  Field[1007] 'screen_tile' levels:7 dims:2
    bounds X:[412.5000,418.7500] Y:[98.4375,103.1250] Z:[0.0000,1.0000]
    level 0: 0 / 1 cells occupied
    level 1: 0 / 4 cells occupied
    level 2: 0 / 16 cells occupied
    level 3: 0 / 64 cells occupied
    level 4: 0 / 256 cells occupied
    level 5: 0 / 1024 cells occupied
    level 6: 0 / 4096 cells occupied
    level 7: 35 / 16384 cells occupied
  Field[1008] 'screen_tile' levels:7 dims:2
    bounds X:[418.7500,425.0000] Y:[98.4375,103.1250] Z:[0.0000,1.0000]
    level 0: 0 / 1 cells occupied
    level 1: 0 / 4 cells occupied
    level 2: 0 / 16 cells occupied
    level 3: 0 / 64 cells occupied
    level 4: 0 / 256 cells occupied
    level 5: 0 / 1024 cells occupied
    level 6: 0 / 4096 cells occupied
    level 7: 30 / 16384 cells occupied
  Field[1009] 'screen_tile' levels:7 dims:2
    bounds X:[406.2500,412.5000] Y:[98.4375,103.1250] Z:[0.0000,1.0000]
    level 0: 0 / 1 cells occupied
    level 1: 0 / 4 cells occupied
    level 2: 0 / 16 cells occupied
    level 3: 0 / 64 cells occupied
    level 4: 0 / 256 cells occupied
    level 5: 0 / 1024 cells occupied
    level 6: 0 / 4096 cells occupied
    level 7: 30 / 16384 cells occupied
  Field[1010] 'screen_tile' levels:7 dims:2
    bounds X:[400.0000,406.2500] Y:[98.4375,103.1250] Z:[0.0000,1.0000]
    level 0: 0 / 1 cells occupied
    level 1: 0 / 4 cells occupied
    level 2: 0 / 16 cells occupied
    level 3: 0 / 64 cells occupied
    level 4: 0 / 256 cells occupied
    level 5: 0 / 1024 cells occupied
    level 6: 0 / 4096 cells occupied
    level 7: 30 / 16384 cells occupied
  Field[1011] 'screen_tile' levels:7 dims:2
    bounds X:[400.0000,406.2500] Y:[93.7500,98.4375] Z:[0.0000,1.0000]
    level 0: 0 / 1 cells occupied
    level 1: 0 / 4 cells occupied
    level 2: 0 / 16 cells occupied
    level 3: 0 / 64 cells occupied
    level 4: 0 / 256 cells occupied
    level 5: 0 / 1024 cells occupied
    level 6: 0 / 4096 cells occupied
    level 7: 24 / 16384 cells occupied
  Field[1012] 'screen_tile' levels:7 dims:2
    bounds X:[406.2500,412.5000] Y:[93.7500,98.4375] Z:[0.0000,1.0000]
    level 0: 0 / 1 cells occupied
    level 1: 0 / 4 cells occupied
    level 2: 0 / 16 cells occupied
    level 3: 0 / 64 cells occupied
    level 4: 0 / 256 cells occupied
    level 5: 0 / 1024 cells occupied
    level 6: 0 / 4096 cells occupied
    level 7: 24 / 16384 cells occupied
  Field[1013] 'screen_tile' levels:7 dims:2
    bounds X:[412.5000,418.7500] Y:[93.7500,98.4375] Z:[0.0000,1.0000]
    level 0: 0 / 1 cells occupied
    level 1: 0 / 4 cells occupied
    level 2: 0 / 16 cells occupied
    level 3: 0 / 64 cells occupied
    level 4: 0 / 256 cells occupied
    level 5: 0 / 1024 cells occupied
    level 6: 0 / 4096 cells occupied
    level 7: 28 / 16384 cells occupied
  Field[1014] 'screen_tile' levels:7 dims:2
    bounds X:[425.0000,431.2500] Y:[98.4375,103.1250] Z:[0.0000,1.0000]
    level 0: 0 / 1 cells occupied
    level 1: 0 / 4 cells occupied
    level 2: 0 / 16 cells occupied
    level 3: 0 / 64 cells occupied
    level 4: 0 / 256 cells occupied
    level 5: 0 / 1024 cells occupied
    level 6: 0 / 4096 cells occupied
    level 7: 30 / 16384 cells occupied
  Field[1015] 'screen_tile' levels:7 dims:2
    bounds X:[418.7500,425.0000] Y:[93.7500,98.4375] Z:[0.0000,1.0000]
    level 0: 0 / 1 cells occupied
    level 1: 0 / 4 cells occupied
    level 2: 0 / 16 cells occupied
    level 3: 0 / 64 cells occupied
    level 4: 0 / 256 cells occupied
    level 5: 0 / 1024 cells occupied
    level 6: 0 / 4096 cells occupied
    level 7: 24 / 16384 cells occupied
  Field[1016] 'screen_tile' levels:7 dims:2
    bounds X:[425.0000,431.2500] Y:[93.7500,98.4375] Z:[0.0000,1.0000]
    level 0: 0 / 1 cells occupied
    level 1: 0 / 4 cells occupied
    level 2: 0 / 16 cells occupied
    level 3: 0 / 64 cells occupied
    level 4: 0 / 256 cells occupied
    level 5: 0 / 1024 cells occupied
    level 6: 0 / 4096 cells occupied
    level 7: 24 / 16384 cells occupied
  Field[1017] 'screen_tile' levels:7 dims:2
    bounds X:[406.2500,412.5000] Y:[89.0625,93.7500] Z:[0.0000,1.0000]
    level 0: 0 / 1 cells occupied
    level 1: 0 / 4 cells occupied
    level 2: 0 / 16 cells occupied
    level 3: 0 / 64 cells occupied
    level 4: 0 / 256 cells occupied
    level 5: 0 / 1024 cells occupied
    level 6: 0 / 4096 cells occupied
    level 7: 30 / 16384 cells occupied
  Field[1018] 'screen_tile' levels:7 dims:2
    bounds X:[412.5000,418.7500] Y:[89.0625,93.7500] Z:[0.0000,1.0000]
    level 0: 0 / 1 cells occupied
    level 1: 0 / 4 cells occupied
    level 2: 0 / 16 cells occupied
    level 3: 0 / 64 cells occupied
    level 4: 0 / 256 cells occupied
    level 5: 0 / 1024 cells occupied
    level 6: 0 / 4096 cells occupied
    level 7: 35 / 16384 cells occupied
  Field[1019] 'screen_tile' levels:7 dims:2
    bounds X:[418.7500,425.0000] Y:[89.0625,93.7500] Z:[0.0000,1.0000]
    level 0: 0 / 1 cells occupied
    level 1: 0 / 4 cells occupied
    level 2: 0 / 16 cells occupied
    level 3: 0 / 64 cells occupied
    level 4: 0 / 256 cells occupied
    level 5: 0 / 1024 cells occupied
    level 6: 0 / 4096 cells occupied
    level 7: 30 / 16384 cells occupied
  Field[1020] 'screen_tile' levels:7 dims:2
    bounds X:[431.2500,437.5000] Y:[93.7500,98.4375] Z:[0.0000,1.0000]
    level 0: 0 / 1 cells occupied
    level 1: 0 / 4 cells occupied
    level 2: 0 / 16 cells occupied
    level 3: 0 / 64 cells occupied
    level 4: 0 / 256 cells occupied
    level 5: 0 / 1024 cells occupied
    level 6: 0 / 4096 cells occupied
    level 7: 24 / 16384 cells occupied
  Field[1021] 'screen_tile' levels:7 dims:2
    bounds X:[431.2500,437.5000] Y:[98.4375,103.1250] Z:[0.0000,1.0000]
    level 0: 0 / 1 cells occupied
    level 1: 0 / 4 cells occupied
    level 2: 0 / 16 cells occupied
    level 3: 0 / 64 cells occupied
    level 4: 0 / 256 cells occupied
    level 5: 0 / 1024 cells occupied
    level 6: 0 / 4096 cells occupied
    level 7: 30 / 16384 cells occupied
  Field[1022] 'screen_tile' levels:7 dims:2
    bounds X:[400.0000,406.2500] Y:[89.0625,93.7500] Z:[0.0000,1.0000]
    level 0: 0 / 1 cells occupied
    level 1: 0 / 4 cells occupied
    level 2: 0 / 16 cells occupied
    level 3: 0 / 64 cells occupied
    level 4: 0 / 256 cells occupied
    level 5: 0 / 1024 cells occupied
    level 6: 0 / 4096 cells occupied
    level 7: 30 / 16384 cells occupied
  Field[1023] 'screen_tile' levels:7 dims:2
    bounds X:[437.5000,443.7500] Y:[93.7500,98.4375] Z:[0.0000,1.0000]
    level 0: 0 / 1 cells occupied
    level 1: 0 / 4 cells occupied
    level 2: 0 / 16 cells occupied
    level 3: 0 / 64 cells occupied
    level 4: 0 / 256 cells occupied
    level 5: 0 / 1024 cells occupied
    level 6: 0 / 4096 cells occupied
    level 7: 28 / 16384 cells occupied
  Field[1024] 'screen_tile' levels:7 dims:2
    bounds X:[437.5000,443.7500] Y:[98.4375,103.1250] Z:[0.0000,1.0000]
    level 0: 0 / 1 cells occupied
    level 1: 0 / 4 cells occupied
    level 2: 0 / 16 cells occupied
    level 3: 0 / 64 cells occupied
    level 4: 0 / 256 cells occupied
    level 5: 0 / 1024 cells occupied
    level 6: 0 / 4096 cells occupied
    level 7: 35 / 16384 cells occupied
  Field[1025] 'screen_tile' levels:7 dims:2
    bounds X:[443.7500,450.0000] Y:[98.4375,103.1250] Z:[0.0000,1.0000]
    level 0: 0 / 1 cells occupied
    level 1: 0 / 4 cells occupied
    level 2: 0 / 16 cells occupied
    level 3: 0 / 64 cells occupied
    level 4: 0 / 256 cells occupied
    level 5: 0 / 1024 cells occupied
    level 6: 0 / 4096 cells occupied
    level 7: 30 / 16384 cells occupied
  Field[1026] 'screen_tile' levels:7 dims:2
    bounds X:[431.2500,437.5000] Y:[103.1250,107.8125] Z:[0.0000,1.0000]
    level 0: 0 / 1 cells occupied
    level 1: 0 / 4 cells occupied
    level 2: 0 / 16 cells occupied
    level 3: 0 / 64 cells occupied
    level 4: 0 / 256 cells occupied
    level 5: 0 / 1024 cells occupied
    level 6: 0 / 4096 cells occupied
    level 7: 30 / 16384 cells occupied
  Field[1027] 'screen_tile' levels:7 dims:2
    bounds X:[437.5000,443.7500] Y:[103.1250,107.8125] Z:[0.0000,1.0000]
    level 0: 0 / 1 cells occupied
    level 1: 0 / 4 cells occupied
    level 2: 0 / 16 cells occupied
    level 3: 0 / 64 cells occupied
    level 4: 0 / 256 cells occupied
    level 5: 0 / 1024 cells occupied
    level 6: 0 / 4096 cells occupied
    level 7: 35 / 16384 cells occupied
  Field[1028] 'screen_tile' levels:7 dims:2
    bounds X:[443.7500,450.0000] Y:[103.1250,107.8125] Z:[0.0000,1.0000]
    level 0: 0 / 1 cells occupied
    level 1: 0 / 4 cells occupied
    level 2: 0 / 16 cells occupied
    level 3: 0 / 64 cells occupied
    level 4: 0 / 256 cells occupied
    level 5: 0 / 1024 cells occupied
    level 6: 0 / 4096 cells occupied
    level 7: 30 / 16384 cells occupied
  Field[1029] 'screen_tile' levels:7 dims:2
    bounds X:[443.7500,450.0000] Y:[107.8125,112.5000] Z:[0.0000,1.0000]
    level 0: 0 / 1 cells occupied
    level 1: 0 / 4 cells occupied
    level 2: 0 / 16 cells occupied
    level 3: 0 / 64 cells occupied
    level 4: 0 / 256 cells occupied
    level 5: 0 / 1024 cells occupied
    level 6: 0 / 4096 cells occupied
    level 7: 24 / 16384 cells occupied
  Field[1030] 'screen_tile' levels:7 dims:2
    bounds X:[450.0000,456.2500] Y:[107.8125,112.5000] Z:[0.0000,1.0000]
    level 0: 0 / 1 cells occupied
    level 1: 0 / 4 cells occupied
    level 2: 0 / 16 cells occupied
    level 3: 0 / 64 cells occupied
    level 4: 0 / 256 cells occupied
    level 5: 0 / 1024 cells occupied
    level 6: 0 / 4096 cells occupied
    level 7: 24 / 16384 cells occupied
  Field[1031] 'screen_tile' levels:7 dims:2
    bounds X:[450.0000,456.2500] Y:[103.1250,107.8125] Z:[0.0000,1.0000]
    level 0: 0 / 1 cells occupied
    level 1: 0 / 4 cells occupied
    level 2: 0 / 16 cells occupied
    level 3: 0 / 64 cells occupied
    level 4: 0 / 256 cells occupied
    level 5: 0 / 1024 cells occupied
    level 6: 0 / 4096 cells occupied
    level 7: 30 / 16384 cells occupied
  Field[1032] 'screen_tile' levels:7 dims:2
    bounds X:[456.2500,462.5000] Y:[107.8125,112.5000] Z:[0.0000,1.0000]
    level 0: 0 / 1 cells occupied
    level 1: 0 / 4 cells occupied
    level 2: 0 / 16 cells occupied
    level 3: 0 / 64 cells occupied
    level 4: 0 / 256 cells occupied
    level 5: 0 / 1024 cells occupied
    level 6: 0 / 4096 cells occupied
    level 7: 24 / 16384 cells occupied
  Field[1033] 'screen_tile' levels:7 dims:2
    bounds X:[456.2500,462.5000] Y:[103.1250,107.8125] Z:[0.0000,1.0000]
    level 0: 0 / 1 cells occupied
    level 1: 0 / 4 cells occupied
    level 2: 0 / 16 cells occupied
    level 3: 0 / 64 cells occupied
    level 4: 0 / 256 cells occupied
    level 5: 0 / 1024 cells occupied
    level 6: 0 / 4096 cells occupied
    level 7: 30 / 16384 cells occupied
  Field[1034] 'screen_tile' levels:7 dims:2
    bounds X:[431.2500,437.5000] Y:[342.1875,346.8750] Z:[0.0000,1.0000]
    level 0: 0 / 1 cells occupied
    level 1: 0 / 4 cells occupied
    level 2: 0 / 16 cells occupied
    level 3: 0 / 64 cells occupied
    level 4: 0 / 256 cells occupied
    level 5: 0 / 1024 cells occupied
    level 6: 0 / 4096 cells occupied
    level 7: 5 / 16384 cells occupied
  Field[1035] 'screen_tile' levels:7 dims:2
    bounds X:[425.0000,431.2500] Y:[328.1250,332.8125] Z:[0.0000,1.0000]
    level 0: 0 / 1 cells occupied
    level 1: 0 / 4 cells occupied
    level 2: 0 / 16 cells occupied
    level 3: 0 / 64 cells occupied
    level 4: 0 / 256 cells occupied
    level 5: 0 / 1024 cells occupied
    level 6: 0 / 4096 cells occupied
    level 7: 12 / 16384 cells occupied
  Field[1036] 'screen_tile' levels:7 dims:2
    bounds X:[425.0000,431.2500] Y:[318.7500,323.4375] Z:[0.0000,1.0000]
    level 0: 0 / 1 cells occupied
    level 1: 0 / 4 cells occupied
    level 2: 0 / 16 cells occupied
    level 3: 0 / 64 cells occupied
    level 4: 0 / 256 cells occupied
    level 5: 0 / 1024 cells occupied
    level 6: 0 / 4096 cells occupied
    level 7: 4 / 16384 cells occupied
  Field[1037] 'screen_tile' levels:7 dims:2
    bounds X:[425.0000,431.2500] Y:[323.4375,328.1250] Z:[0.0000,1.0000]
    level 0: 0 / 1 cells occupied
    level 1: 0 / 4 cells occupied
    level 2: 0 / 16 cells occupied
    level 3: 0 / 64 cells occupied
    level 4: 0 / 256 cells occupied
    level 5: 0 / 1024 cells occupied
    level 6: 0 / 4096 cells occupied
    level 7: 10 / 16384 cells occupied
  Field[1038] 'screen_tile' levels:7 dims:2
    bounds X:[418.7500,425.0000] Y:[309.3750,314.0625] Z:[0.0000,1.0000]
    level 0: 0 / 1 cells occupied
    level 1: 0 / 4 cells occupied
    level 2: 0 / 16 cells occupied
    level 3: 0 / 64 cells occupied
    level 4: 0 / 256 cells occupied
    level 5: 0 / 1024 cells occupied
    level 6: 0 / 4096 cells occupied
    level 7: 29 / 16384 cells occupied
  Field[1039] 'screen_tile' levels:7 dims:2
    bounds X:[418.7500,425.0000] Y:[314.0625,318.7500] Z:[0.0000,1.0000]
    level 0: 0 / 1 cells occupied
    level 1: 0 / 4 cells occupied
    level 2: 0 / 16 cells occupied
    level 3: 0 / 64 cells occupied
    level 4: 0 / 256 cells occupied
    level 5: 0 / 1024 cells occupied
    level 6: 0 / 4096 cells occupied
    level 7: 30 / 16384 cells occupied
  Field[1040] 'screen_tile' levels:7 dims:2
    bounds X:[418.7500,425.0000] Y:[295.3125,300.0000] Z:[0.0000,1.0000]
    level 0: 0 / 1 cells occupied
    level 1: 0 / 4 cells occupied
    level 2: 0 / 16 cells occupied
    level 3: 0 / 64 cells occupied
    level 4: 0 / 256 cells occupied
    level 5: 0 / 1024 cells occupied
    level 6: 0 / 4096 cells occupied
    level 7: 20 / 16384 cells occupied
  Field[1041] 'screen_tile' levels:7 dims:2
    bounds X:[418.7500,425.0000] Y:[300.0000,304.6875] Z:[0.0000,1.0000]
    level 0: 0 / 1 cells occupied
    level 1: 0 / 4 cells occupied
    level 2: 0 / 16 cells occupied
    level 3: 0 / 64 cells occupied
    level 4: 0 / 256 cells occupied
    level 5: 0 / 1024 cells occupied
    level 6: 0 / 4096 cells occupied
    level 7: 20 / 16384 cells occupied
  Field[1042] 'screen_tile' levels:7 dims:2
    bounds X:[418.7500,425.0000] Y:[304.6875,309.3750] Z:[0.0000,1.0000]
    level 0: 0 / 1 cells occupied
    level 1: 0 / 4 cells occupied
    level 2: 0 / 16 cells occupied
    level 3: 0 / 64 cells occupied
    level 4: 0 / 256 cells occupied
    level 5: 0 / 1024 cells occupied
    level 6: 0 / 4096 cells occupied
    level 7: 16 / 16384 cells occupied
  Field[1043] 'screen_tile' levels:7 dims:2
    bounds X:[418.7500,425.0000] Y:[276.5625,281.2500] Z:[0.0000,1.0000]
    level 0: 0 / 1 cells occupied
    level 1: 0 / 4 cells occupied
    level 2: 0 / 16 cells occupied
    level 3: 0 / 64 cells occupied
    level 4: 0 / 256 cells occupied
    level 5: 0 / 1024 cells occupied
    level 6: 0 / 4096 cells occupied
    level 7: 15 / 16384 cells occupied
  Field[1044] 'screen_tile' levels:7 dims:2
    bounds X:[418.7500,425.0000] Y:[281.2500,285.9375] Z:[0.0000,1.0000]
    level 0: 0 / 1 cells occupied
    level 1: 0 / 4 cells occupied
    level 2: 0 / 16 cells occupied
    level 3: 0 / 64 cells occupied
    level 4: 0 / 256 cells occupied
    level 5: 0 / 1024 cells occupied
    level 6: 0 / 4096 cells occupied
    level 7: 15 / 16384 cells occupied
  Field[1045] 'screen_tile' levels:7 dims:2
    bounds X:[418.7500,425.0000] Y:[285.9375,290.6250] Z:[0.0000,1.0000]
    level 0: 0 / 1 cells occupied
    level 1: 0 / 4 cells occupied
    level 2: 0 / 16 cells occupied
    level 3: 0 / 64 cells occupied
    level 4: 0 / 256 cells occupied
    level 5: 0 / 1024 cells occupied
    level 6: 0 / 4096 cells occupied
    level 7: 15 / 16384 cells occupied
  Field[1046] 'screen_tile' levels:7 dims:2
    bounds X:[418.7500,425.0000] Y:[290.6250,295.3125] Z:[0.0000,1.0000]
    level 0: 0 / 1 cells occupied
    level 1: 0 / 4 cells occupied
    level 2: 0 / 16 cells occupied
    level 3: 0 / 64 cells occupied
    level 4: 0 / 256 cells occupied
    level 5: 0 / 1024 cells occupied
    level 6: 0 / 4096 cells occupied
    level 7: 12 / 16384 cells occupied
  Field[1047] 'screen_tile' levels:7 dims:2
    bounds X:[418.7500,425.0000] Y:[262.5000,267.1875] Z:[0.0000,1.0000]
    level 0: 0 / 1 cells occupied
    level 1: 0 / 4 cells occupied
    level 2: 0 / 16 cells occupied
    level 3: 0 / 64 cells occupied
    level 4: 0 / 256 cells occupied
    level 5: 0 / 1024 cells occupied
    level 6: 0 / 4096 cells occupied
    level 7: 20 / 16384 cells occupied
  Field[1048] 'screen_tile' levels:7 dims:2
    bounds X:[418.7500,425.0000] Y:[267.1875,271.8750] Z:[0.0000,1.0000]
    level 0: 0 / 1 cells occupied
    level 1: 0 / 4 cells occupied
    level 2: 0 / 16 cells occupied
    level 3: 0 / 64 cells occupied
    level 4: 0 / 256 cells occupied
    level 5: 0 / 1024 cells occupied
    level 6: 0 / 4096 cells occupied
    level 7: 20 / 16384 cells occupied
  Field[1049] 'screen_tile' levels:7 dims:2
    bounds X:[418.7500,425.0000] Y:[271.8750,276.5625] Z:[0.0000,1.0000]
    level 0: 0 / 1 cells occupied
    level 1: 0 / 4 cells occupied
    level 2: 0 / 16 cells occupied
    level 3: 0 / 64 cells occupied
    level 4: 0 / 256 cells occupied
    level 5: 0 / 1024 cells occupied
    level 6: 0 / 4096 cells occupied
    level 7: 20 / 16384 cells occupied
  Field[1050] 'screen_tile' levels:7 dims:2
    bounds X:[450.0000,456.2500] Y:[164.0625,168.7500] Z:[0.0000,1.0000]
    level 0: 0 / 1 cells occupied
    level 1: 0 / 4 cells occupied
    level 2: 0 / 16 cells occupied
    level 3: 0 / 64 cells occupied
    level 4: 0 / 256 cells occupied
    level 5: 0 / 1024 cells occupied
    level 6: 0 / 4096 cells occupied
    level 7: 30 / 16384 cells occupied
  Field[1051] 'screen_tile' levels:7 dims:2
    bounds X:[450.0000,456.2500] Y:[168.7500,173.4375] Z:[0.0000,1.0000]
    level 0: 0 / 1 cells occupied
    level 1: 0 / 4 cells occupied
    level 2: 0 / 16 cells occupied
    level 3: 0 / 64 cells occupied
    level 4: 0 / 256 cells occupied
    level 5: 0 / 1024 cells occupied
    level 6: 0 / 4096 cells occupied
    level 7: 20 / 16384 cells occupied
  Field[1052] 'screen_tile' levels:7 dims:2
    bounds X:[456.2500,462.5000] Y:[159.3750,164.0625] Z:[0.0000,1.0000]
    level 0: 0 / 1 cells occupied
    level 1: 0 / 4 cells occupied
    level 2: 0 / 16 cells occupied
    level 3: 0 / 64 cells occupied
    level 4: 0 / 256 cells occupied
    level 5: 0 / 1024 cells occupied
    level 6: 0 / 4096 cells occupied
    level 7: 30 / 16384 cells occupied
  Field[1053] 'screen_tile' levels:7 dims:2
    bounds X:[456.2500,462.5000] Y:[164.0625,168.7500] Z:[0.0000,1.0000]
    level 0: 0 / 1 cells occupied
    level 1: 0 / 4 cells occupied
    level 2: 0 / 16 cells occupied
    level 3: 0 / 64 cells occupied
    level 4: 0 / 256 cells occupied
    level 5: 0 / 1024 cells occupied
    level 6: 0 / 4096 cells occupied
    level 7: 22 / 16384 cells occupied
  Field[1054] 'screen_tile' levels:7 dims:2
    bounds X:[462.5000,468.7500] Y:[154.6875,159.3750] Z:[0.0000,1.0000]
    level 0: 0 / 1 cells occupied
    level 1: 0 / 4 cells occupied
    level 2: 0 / 16 cells occupied
    level 3: 0 / 64 cells occupied
    level 4: 0 / 256 cells occupied
    level 5: 0 / 1024 cells occupied
    level 6: 0 / 4096 cells occupied
    level 7: 28 / 16384 cells occupied
  Field[1055] 'screen_tile' levels:7 dims:2
    bounds X:[462.5000,468.7500] Y:[159.3750,164.0625] Z:[0.0000,1.0000]
    level 0: 0 / 1 cells occupied
    level 1: 0 / 4 cells occupied
    level 2: 0 / 16 cells occupied
    level 3: 0 / 64 cells occupied
    level 4: 0 / 256 cells occupied
    level 5: 0 / 1024 cells occupied
    level 6: 0 / 4096 cells occupied
    level 7: 21 / 16384 cells occupied
  Field[1056] 'screen_tile' levels:7 dims:2
    bounds X:[462.5000,468.7500] Y:[164.0625,168.7500] Z:[0.0000,1.0000]
    level 0: 0 / 1 cells occupied
    level 1: 0 / 4 cells occupied
    level 2: 0 / 16 cells occupied
    level 3: 0 / 64 cells occupied
    level 4: 0 / 256 cells occupied
    level 5: 0 / 1024 cells occupied
    level 6: 0 / 4096 cells occupied
    level 7: 1 / 16384 cells occupied
  Field[1057] 'screen_tile' levels:7 dims:2
    bounds X:[450.0000,456.2500] Y:[173.4375,178.1250] Z:[0.0000,1.0000]
    level 0: 0 / 1 cells occupied
    level 1: 0 / 4 cells occupied
    level 2: 0 / 16 cells occupied
    level 3: 0 / 64 cells occupied
    level 4: 0 / 256 cells occupied
    level 5: 0 / 1024 cells occupied
    level 6: 0 / 4096 cells occupied
    level 7: 2 / 16384 cells occupied
  Field[1058] 'screen_tile' levels:7 dims:2
    bounds X:[468.7500,475.0000] Y:[154.6875,159.3750] Z:[0.0000,1.0000]
    level 0: 0 / 1 cells occupied
    level 1: 0 / 4 cells occupied
    level 2: 0 / 16 cells occupied
    level 3: 0 / 64 cells occupied
    level 4: 0 / 256 cells occupied
    level 5: 0 / 1024 cells occupied
    level 6: 0 / 4096 cells occupied
    level 7: 4 / 16384 cells occupied
  Field[1059] 'screen_tile' levels:7 dims:2
    bounds X:[450.0000,456.2500] Y:[79.6875,84.3750] Z:[0.0000,1.0000]
    level 0: 0 / 1 cells occupied
    level 1: 0 / 4 cells occupied
    level 2: 0 / 16 cells occupied
    level 3: 0 / 64 cells occupied
    level 4: 0 / 256 cells occupied
    level 5: 0 / 1024 cells occupied
    level 6: 0 / 4096 cells occupied
    level 7: 4 / 16384 cells occupied
  Field[1060] 'screen_tile' levels:7 dims:2
    bounds X:[431.2500,437.5000] Y:[75.0000,79.6875] Z:[0.0000,1.0000]
    level 0: 0 / 1 cells occupied
    level 1: 0 / 4 cells occupied
    level 2: 0 / 16 cells occupied
    level 3: 0 / 64 cells occupied
    level 4: 0 / 256 cells occupied
    level 5: 0 / 1024 cells occupied
    level 6: 0 / 4096 cells occupied
    level 7: 6 / 16384 cells occupied
  Field[1061] 'screen_tile' levels:7 dims:2
    bounds X:[437.5000,443.7500] Y:[75.0000,79.6875] Z:[0.0000,1.0000]
    level 0: 0 / 1 cells occupied
    level 1: 0 / 4 cells occupied
    level 2: 0 / 16 cells occupied
    level 3: 0 / 64 cells occupied
    level 4: 0 / 256 cells occupied
    level 5: 0 / 1024 cells occupied
    level 6: 0 / 4096 cells occupied
    level 7: 2 / 16384 cells occupied
  Field[1062] 'screen_tile' levels:7 dims:2
    bounds X:[356.2500,362.5000] Y:[75.0000,79.6875] Z:[0.0000,1.0000]
    level 0: 0 / 1 cells occupied
    level 1: 0 / 4 cells occupied
    level 2: 0 / 16 cells occupied
    level 3: 0 / 64 cells occupied
    level 4: 0 / 256 cells occupied
    level 5: 0 / 1024 cells occupied
    level 6: 0 / 4096 cells occupied
    level 7: 2 / 16384 cells occupied
  Field[1063] 'screen_tile' levels:7 dims:2
    bounds X:[362.5000,368.7500] Y:[75.0000,79.6875] Z:[0.0000,1.0000]
    level 0: 0 / 1 cells occupied
    level 1: 0 / 4 cells occupied
    level 2: 0 / 16 cells occupied
    level 3: 0 / 64 cells occupied
    level 4: 0 / 256 cells occupied
    level 5: 0 / 1024 cells occupied
    level 6: 0 / 4096 cells occupied
    level 7: 7 / 16384 cells occupied
  Field[1064] 'screen_tile' levels:7 dims:2
    bounds X:[343.7500,350.0000] Y:[79.6875,84.3750] Z:[0.0000,1.0000]
    level 0: 0 / 1 cells occupied
    level 1: 0 / 4 cells occupied
    level 2: 0 / 16 cells occupied
    level 3: 0 / 64 cells occupied
    level 4: 0 / 256 cells occupied
    level 5: 0 / 1024 cells occupied
    level 6: 0 / 4096 cells occupied
    level 7: 5 / 16384 cells occupied
  Field[1065] 'screen_tile' levels:7 dims:2
    bounds X:[418.7500,425.0000] Y:[487.5000,492.1875] Z:[0.0000,1.0000]
    level 0: 0 / 1 cells occupied
    level 1: 0 / 4 cells occupied
    level 2: 0 / 16 cells occupied
    level 3: 0 / 64 cells occupied
    level 4: 0 / 256 cells occupied
    level 5: 0 / 1024 cells occupied
    level 6: 0 / 4096 cells occupied
    level 7: 2 / 16384 cells occupied
  Field[1066] 'screen_tile' levels:7 dims:2
    bounds X:[418.7500,425.0000] Y:[482.8125,487.5000] Z:[0.0000,1.0000]
    level 0: 0 / 1 cells occupied
    level 1: 0 / 4 cells occupied
    level 2: 0 / 16 cells occupied
    level 3: 0 / 64 cells occupied
    level 4: 0 / 256 cells occupied
    level 5: 0 / 1024 cells occupied
    level 6: 0 / 4096 cells occupied
    level 7: 8 / 16384 cells occupied
  Field[1067] 'screen_tile' levels:7 dims:2
    bounds X:[418.7500,425.0000] Y:[478.1250,482.8125] Z:[0.0000,1.0000]
    level 0: 0 / 1 cells occupied
    level 1: 0 / 4 cells occupied
    level 2: 0 / 16 cells occupied
    level 3: 0 / 64 cells occupied
    level 4: 0 / 256 cells occupied
    level 5: 0 / 1024 cells occupied
    level 6: 0 / 4096 cells occupied
    level 7: 10 / 16384 cells occupied
  Field[1068] 'screen_tile' levels:7 dims:2
    bounds X:[418.7500,425.0000] Y:[473.4375,478.1250] Z:[0.0000,1.0000]
    level 0: 0 / 1 cells occupied
    level 1: 0 / 4 cells occupied
    level 2: 0 / 16 cells occupied
    level 3: 0 / 64 cells occupied
    level 4: 0 / 256 cells occupied
    level 5: 0 / 1024 cells occupied
    level 6: 0 / 4096 cells occupied
    level 7: 10 / 16384 cells occupied
  Field[1069] 'screen_tile' levels:7 dims:2
    bounds X:[412.5000,418.7500] Y:[482.8125,487.5000] Z:[0.0000,1.0000]
    level 0: 0 / 1 cells occupied
    level 1: 0 / 4 cells occupied
    level 2: 0 / 16 cells occupied
    level 3: 0 / 64 cells occupied
    level 4: 0 / 256 cells occupied
    level 5: 0 / 1024 cells occupied
    level 6: 0 / 4096 cells occupied
    level 7: 27 / 16384 cells occupied
  Field[1070] 'screen_tile' levels:7 dims:2
    bounds X:[412.5000,418.7500] Y:[487.5000,492.1875] Z:[0.0000,1.0000]
    level 0: 0 / 1 cells occupied
    level 1: 0 / 4 cells occupied
    level 2: 0 / 16 cells occupied
    level 3: 0 / 64 cells occupied
    level 4: 0 / 256 cells occupied
    level 5: 0 / 1024 cells occupied
    level 6: 0 / 4096 cells occupied
    level 7: 20 / 16384 cells occupied
  Field[1071] 'screen_tile' levels:7 dims:2
    bounds X:[412.5000,418.7500] Y:[478.1250,482.8125] Z:[0.0000,1.0000]
    level 0: 0 / 1 cells occupied
    level 1: 0 / 4 cells occupied
    level 2: 0 / 16 cells occupied
    level 3: 0 / 64 cells occupied
    level 4: 0 / 256 cells occupied
    level 5: 0 / 1024 cells occupied
    level 6: 0 / 4096 cells occupied
    level 7: 35 / 16384 cells occupied
  Field[1072] 'screen_tile' levels:7 dims:2
    bounds X:[406.2500,412.5000] Y:[478.1250,482.8125] Z:[0.0000,1.0000]
    level 0: 0 / 1 cells occupied
    level 1: 0 / 4 cells occupied
    level 2: 0 / 16 cells occupied
    level 3: 0 / 64 cells occupied
    level 4: 0 / 256 cells occupied
    level 5: 0 / 1024 cells occupied
    level 6: 0 / 4096 cells occupied
    level 7: 30 / 16384 cells occupied
  Field[1073] 'screen_tile' levels:7 dims:2
    bounds X:[406.2500,412.5000] Y:[482.8125,487.5000] Z:[0.0000,1.0000]
    level 0: 0 / 1 cells occupied
    level 1: 0 / 4 cells occupied
    level 2: 0 / 16 cells occupied
    level 3: 0 / 64 cells occupied
    level 4: 0 / 256 cells occupied
    level 5: 0 / 1024 cells occupied
    level 6: 0 / 4096 cells occupied
    level 7: 24 / 16384 cells occupied
  Field[1074] 'screen_tile' levels:7 dims:2
    bounds X:[406.2500,412.5000] Y:[473.4375,478.1250] Z:[0.0000,1.0000]
    level 0: 0 / 1 cells occupied
    level 1: 0 / 4 cells occupied
    level 2: 0 / 16 cells occupied
    level 3: 0 / 64 cells occupied
    level 4: 0 / 256 cells occupied
    level 5: 0 / 1024 cells occupied
    level 6: 0 / 4096 cells occupied
    level 7: 30 / 16384 cells occupied
  Field[1075] 'screen_tile' levels:7 dims:2
    bounds X:[406.2500,412.5000] Y:[487.5000,492.1875] Z:[0.0000,1.0000]
    level 0: 0 / 1 cells occupied
    level 1: 0 / 4 cells occupied
    level 2: 0 / 16 cells occupied
    level 3: 0 / 64 cells occupied
    level 4: 0 / 256 cells occupied
    level 5: 0 / 1024 cells occupied
    level 6: 0 / 4096 cells occupied
    level 7: 30 / 16384 cells occupied
  Field[1076] 'screen_tile' levels:7 dims:2
    bounds X:[412.5000,418.7500] Y:[492.1875,496.8750] Z:[0.0000,1.0000]
    level 0: 0 / 1 cells occupied
    level 1: 0 / 4 cells occupied
    level 2: 0 / 16 cells occupied
    level 3: 0 / 64 cells occupied
    level 4: 0 / 256 cells occupied
    level 5: 0 / 1024 cells occupied
    level 6: 0 / 4096 cells occupied
    level 7: 25 / 16384 cells occupied
  Field[1077] 'screen_tile' levels:7 dims:2
    bounds X:[406.2500,412.5000] Y:[492.1875,496.8750] Z:[0.0000,1.0000]
    level 0: 0 / 1 cells occupied
    level 1: 0 / 4 cells occupied
    level 2: 0 / 16 cells occupied
    level 3: 0 / 64 cells occupied
    level 4: 0 / 256 cells occupied
    level 5: 0 / 1024 cells occupied
    level 6: 0 / 4096 cells occupied
    level 7: 30 / 16384 cells occupied
  Field[1078] 'screen_tile' levels:7 dims:2
    bounds X:[400.0000,406.2500] Y:[492.1875,496.8750] Z:[0.0000,1.0000]
    level 0: 0 / 1 cells occupied
    level 1: 0 / 4 cells occupied
    level 2: 0 / 16 cells occupied
    level 3: 0 / 64 cells occupied
    level 4: 0 / 256 cells occupied
    level 5: 0 / 1024 cells occupied
    level 6: 0 / 4096 cells occupied
    level 7: 30 / 16384 cells occupied
  Field[1079] 'screen_tile' levels:7 dims:2
    bounds X:[400.0000,406.2500] Y:[487.5000,492.1875] Z:[0.0000,1.0000]
    level 0: 0 / 1 cells occupied
    level 1: 0 / 4 cells occupied
    level 2: 0 / 16 cells occupied
    level 3: 0 / 64 cells occupied
    level 4: 0 / 256 cells occupied
    level 5: 0 / 1024 cells occupied
    level 6: 0 / 4096 cells occupied
    level 7: 30 / 16384 cells occupied
  Field[1080] 'screen_tile' levels:7 dims:2
    bounds X:[412.5000,418.7500] Y:[473.4375,478.1250] Z:[0.0000,1.0000]
    level 0: 0 / 1 cells occupied
    level 1: 0 / 4 cells occupied
    level 2: 0 / 16 cells occupied
    level 3: 0 / 64 cells occupied
    level 4: 0 / 256 cells occupied
    level 5: 0 / 1024 cells occupied
    level 6: 0 / 4096 cells occupied
    level 7: 35 / 16384 cells occupied
  Field[1081] 'screen_tile' levels:7 dims:2
    bounds X:[412.5000,418.7500] Y:[468.7500,473.4375] Z:[0.0000,1.0000]
    level 0: 0 / 1 cells occupied
    level 1: 0 / 4 cells occupied
    level 2: 0 / 16 cells occupied
    level 3: 0 / 64 cells occupied
    level 4: 0 / 256 cells occupied
    level 5: 0 / 1024 cells occupied
    level 6: 0 / 4096 cells occupied
    level 7: 28 / 16384 cells occupied
  Field[1082] 'screen_tile' levels:7 dims:2
    bounds X:[412.5000,418.7500] Y:[464.0625,468.7500] Z:[0.0000,1.0000]
    level 0: 0 / 1 cells occupied
    level 1: 0 / 4 cells occupied
    level 2: 0 / 16 cells occupied
    level 3: 0 / 64 cells occupied
    level 4: 0 / 256 cells occupied
    level 5: 0 / 1024 cells occupied
    level 6: 0 / 4096 cells occupied
    level 7: 35 / 16384 cells occupied
  Field[1083] 'screen_tile' levels:7 dims:2
    bounds X:[406.2500,412.5000] Y:[464.0625,468.7500] Z:[0.0000,1.0000]
    level 0: 0 / 1 cells occupied
    level 1: 0 / 4 cells occupied
    level 2: 0 / 16 cells occupied
    level 3: 0 / 64 cells occupied
    level 4: 0 / 256 cells occupied
    level 5: 0 / 1024 cells occupied
    level 6: 0 / 4096 cells occupied
    level 7: 30 / 16384 cells occupied
  Field[1084] 'screen_tile' levels:7 dims:2
    bounds X:[406.2500,412.5000] Y:[459.3750,464.0625] Z:[0.0000,1.0000]
    level 0: 0 / 1 cells occupied
    level 1: 0 / 4 cells occupied
    level 2: 0 / 16 cells occupied
    level 3: 0 / 64 cells occupied
    level 4: 0 / 256 cells occupied
    level 5: 0 / 1024 cells occupied
    level 6: 0 / 4096 cells occupied
    level 7: 30 / 16384 cells occupied
  Field[1085] 'screen_tile' levels:7 dims:2
    bounds X:[406.2500,412.5000] Y:[454.6875,459.3750] Z:[0.0000,1.0000]
    level 0: 0 / 1 cells occupied
    level 1: 0 / 4 cells occupied
    level 2: 0 / 16 cells occupied
    level 3: 0 / 64 cells occupied
    level 4: 0 / 256 cells occupied
    level 5: 0 / 1024 cells occupied
    level 6: 0 / 4096 cells occupied
    level 7: 24 / 16384 cells occupied
  Field[1086] 'screen_tile' levels:7 dims:2
    bounds X:[406.2500,412.5000] Y:[450.0000,454.6875] Z:[0.0000,1.0000]
    level 0: 0 / 1 cells occupied
    level 1: 0 / 4 cells occupied
    level 2: 0 / 16 cells occupied
    level 3: 0 / 64 cells occupied
    level 4: 0 / 256 cells occupied
    level 5: 0 / 1024 cells occupied
    level 6: 0 / 4096 cells occupied
    level 7: 30 / 16384 cells occupied
  Field[1087] 'screen_tile' levels:7 dims:2
    bounds X:[400.0000,406.2500] Y:[450.0000,454.6875] Z:[0.0000,1.0000]
    level 0: 0 / 1 cells occupied
    level 1: 0 / 4 cells occupied
    level 2: 0 / 16 cells occupied
    level 3: 0 / 64 cells occupied
    level 4: 0 / 256 cells occupied
    level 5: 0 / 1024 cells occupied
    level 6: 0 / 4096 cells occupied
    level 7: 30 / 16384 cells occupied
  Field[1088] 'screen_tile' levels:7 dims:2
    bounds X:[412.5000,418.7500] Y:[459.3750,464.0625] Z:[0.0000,1.0000]
    level 0: 0 / 1 cells occupied
    level 1: 0 / 4 cells occupied
    level 2: 0 / 16 cells occupied
    level 3: 0 / 64 cells occupied
    level 4: 0 / 256 cells occupied
    level 5: 0 / 1024 cells occupied
    level 6: 0 / 4096 cells occupied
    level 7: 30 / 16384 cells occupied
  Field[1089] 'screen_tile' levels:7 dims:2
    bounds X:[375.0000,381.2500] Y:[487.5000,492.1875] Z:[0.0000,1.0000]
    level 0: 0 / 1 cells occupied
    level 1: 0 / 4 cells occupied
    level 2: 0 / 16 cells occupied
    level 3: 0 / 64 cells occupied
    level 4: 0 / 256 cells occupied
    level 5: 0 / 1024 cells occupied
    level 6: 0 / 4096 cells occupied
    level 7: 2 / 16384 cells occupied
  Field[1090] 'screen_tile' levels:7 dims:2
    bounds X:[375.0000,381.2500] Y:[482.8125,487.5000] Z:[0.0000,1.0000]
    level 0: 0 / 1 cells occupied
    level 1: 0 / 4 cells occupied
    level 2: 0 / 16 cells occupied
    level 3: 0 / 64 cells occupied
    level 4: 0 / 256 cells occupied
    level 5: 0 / 1024 cells occupied
    level 6: 0 / 4096 cells occupied
    level 7: 8 / 16384 cells occupied
  Field[1091] 'screen_tile' levels:7 dims:2
    bounds X:[375.0000,381.2500] Y:[478.1250,482.8125] Z:[0.0000,1.0000]
    level 0: 0 / 1 cells occupied
    level 1: 0 / 4 cells occupied
    level 2: 0 / 16 cells occupied
    level 3: 0 / 64 cells occupied
    level 4: 0 / 256 cells occupied
    level 5: 0 / 1024 cells occupied
    level 6: 0 / 4096 cells occupied
    level 7: 10 / 16384 cells occupied
  Field[1092] 'screen_tile' levels:7 dims:2
    bounds X:[375.0000,381.2500] Y:[473.4375,478.1250] Z:[0.0000,1.0000]
    level 0: 0 / 1 cells occupied
    level 1: 0 / 4 cells occupied
    level 2: 0 / 16 cells occupied
    level 3: 0 / 64 cells occupied
    level 4: 0 / 256 cells occupied
    level 5: 0 / 1024 cells occupied
    level 6: 0 / 4096 cells occupied
    level 7: 10 / 16384 cells occupied
  Field[1093] 'screen_tile' levels:7 dims:2
    bounds X:[375.0000,381.2500] Y:[468.7500,473.4375] Z:[0.0000,1.0000]
    level 0: 0 / 1 cells occupied
    level 1: 0 / 4 cells occupied
    level 2: 0 / 16 cells occupied
    level 3: 0 / 64 cells occupied
    level 4: 0 / 256 cells occupied
    level 5: 0 / 1024 cells occupied
    level 6: 0 / 4096 cells occupied
    level 7: 8 / 16384 cells occupied
  Field[1094] 'screen_tile' levels:7 dims:2
    bounds X:[375.0000,381.2500] Y:[464.0625,468.7500] Z:[0.0000,1.0000]
    level 0: 0 / 1 cells occupied
    level 1: 0 / 4 cells occupied
    level 2: 0 / 16 cells occupied
    level 3: 0 / 64 cells occupied
    level 4: 0 / 256 cells occupied
    level 5: 0 / 1024 cells occupied
    level 6: 0 / 4096 cells occupied
    level 7: 10 / 16384 cells occupied
  Field[1095] 'screen_tile' levels:7 dims:2
    bounds X:[381.2500,387.5000] Y:[482.8125,487.5000] Z:[0.0000,1.0000]
    level 0: 0 / 1 cells occupied
    level 1: 0 / 4 cells occupied
    level 2: 0 / 16 cells occupied
    level 3: 0 / 64 cells occupied
    level 4: 0 / 256 cells occupied
    level 5: 0 / 1024 cells occupied
    level 6: 0 / 4096 cells occupied
    level 7: 23 / 16384 cells occupied
  Field[1096] 'screen_tile' levels:7 dims:2
    bounds X:[381.2500,387.5000] Y:[487.5000,492.1875] Z:[0.0000,1.0000]
    level 0: 0 / 1 cells occupied
    level 1: 0 / 4 cells occupied
    level 2: 0 / 16 cells occupied
    level 3: 0 / 64 cells occupied
    level 4: 0 / 256 cells occupied
    level 5: 0 / 1024 cells occupied
    level 6: 0 / 4096 cells occupied
    level 7: 15 / 16384 cells occupied
  Field[1097] 'screen_tile' levels:7 dims:2
    bounds X:[381.2500,387.5000] Y:[478.1250,482.8125] Z:[0.0000,1.0000]
    level 0: 0 / 1 cells occupied
    level 1: 0 / 4 cells occupied
    level 2: 0 / 16 cells occupied
    level 3: 0 / 64 cells occupied
    level 4: 0 / 256 cells occupied
    level 5: 0 / 1024 cells occupied
    level 6: 0 / 4096 cells occupied
    level 7: 30 / 16384 cells occupied
  Field[1098] 'screen_tile' levels:7 dims:2
    bounds X:[387.5000,393.7500] Y:[478.1250,482.8125] Z:[0.0000,1.0000]
    level 0: 0 / 1 cells occupied
    level 1: 0 / 4 cells occupied
    level 2: 0 / 16 cells occupied
    level 3: 0 / 64 cells occupied
    level 4: 0 / 256 cells occupied
    level 5: 0 / 1024 cells occupied
    level 6: 0 / 4096 cells occupied
    level 7: 35 / 16384 cells occupied
  Field[1099] 'screen_tile' levels:7 dims:2
    bounds X:[387.5000,393.7500] Y:[482.8125,487.5000] Z:[0.0000,1.0000]
    level 0: 0 / 1 cells occupied
    level 1: 0 / 4 cells occupied
    level 2: 0 / 16 cells occupied
    level 3: 0 / 64 cells occupied
    level 4: 0 / 256 cells occupied
    level 5: 0 / 1024 cells occupied
    level 6: 0 / 4096 cells occupied
    level 7: 28 / 16384 cells occupied
  Field[1100] 'screen_tile' levels:7 dims:2
    bounds X:[375.0000,381.2500] Y:[459.3750,464.0625] Z:[0.0000,1.0000]
    level 0: 0 / 1 cells occupied
    level 1: 0 / 4 cells occupied
    level 2: 0 / 16 cells occupied
    level 3: 0 / 64 cells occupied
    level 4: 0 / 256 cells occupied
    level 5: 0 / 1024 cells occupied
    level 6: 0 / 4096 cells occupied
    level 7: 9 / 16384 cells occupied
  Field[1101] 'screen_tile' levels:7 dims:2
    bounds X:[387.5000,393.7500] Y:[473.4375,478.1250] Z:[0.0000,1.0000]
    level 0: 0 / 1 cells occupied
    level 1: 0 / 4 cells occupied
    level 2: 0 / 16 cells occupied
    level 3: 0 / 64 cells occupied
    level 4: 0 / 256 cells occupied
    level 5: 0 / 1024 cells occupied
    level 6: 0 / 4096 cells occupied
    level 7: 35 / 16384 cells occupied
  Field[1102] 'screen_tile' levels:7 dims:2
    bounds X:[387.5000,393.7500] Y:[487.5000,492.1875] Z:[0.0000,1.0000]
    level 0: 0 / 1 cells occupied
    level 1: 0 / 4 cells occupied
    level 2: 0 / 16 cells occupied
    level 3: 0 / 64 cells occupied
    level 4: 0 / 256 cells occupied
    level 5: 0 / 1024 cells occupied
    level 6: 0 / 4096 cells occupied
    level 7: 35 / 16384 cells occupied
  Field[1103] 'screen_tile' levels:7 dims:2
    bounds X:[381.2500,387.5000] Y:[492.1875,496.8750] Z:[0.0000,1.0000]
    level 0: 0 / 1 cells occupied
    level 1: 0 / 4 cells occupied
    level 2: 0 / 16 cells occupied
    level 3: 0 / 64 cells occupied
    level 4: 0 / 256 cells occupied
    level 5: 0 / 1024 cells occupied
    level 6: 0 / 4096 cells occupied
    level 7: 20 / 16384 cells occupied
  Field[1104] 'screen_tile' levels:7 dims:2
    bounds X:[387.5000,393.7500] Y:[492.1875,496.8750] Z:[0.0000,1.0000]
    level 0: 0 / 1 cells occupied
    level 1: 0 / 4 cells occupied
    level 2: 0 / 16 cells occupied
    level 3: 0 / 64 cells occupied
    level 4: 0 / 256 cells occupied
    level 5: 0 / 1024 cells occupied
    level 6: 0 / 4096 cells occupied
    level 7: 35 / 16384 cells occupied
  Field[1105] 'screen_tile' levels:7 dims:2
    bounds X:[393.7500,400.0000] Y:[492.1875,496.8750] Z:[0.0000,1.0000]
    level 0: 0 / 1 cells occupied
    level 1: 0 / 4 cells occupied
    level 2: 0 / 16 cells occupied
    level 3: 0 / 64 cells occupied
    level 4: 0 / 256 cells occupied
    level 5: 0 / 1024 cells occupied
    level 6: 0 / 4096 cells occupied
    level 7: 30 / 16384 cells occupied
  Field[1106] 'screen_tile' levels:7 dims:2
    bounds X:[418.7500,425.0000] Y:[459.3750,464.0625] Z:[0.0000,1.0000]
    level 0: 0 / 1 cells occupied
    level 1: 0 / 4 cells occupied
    level 2: 0 / 16 cells occupied
    level 3: 0 / 64 cells occupied
    level 4: 0 / 256 cells occupied
    level 5: 0 / 1024 cells occupied
    level 6: 0 / 4096 cells occupied
    level 7: 9 / 16384 cells occupied
  Field[1107] 'screen_tile' levels:7 dims:2
    bounds X:[418.7500,425.0000] Y:[464.0625,468.7500] Z:[0.0000,1.0000]
    level 0: 0 / 1 cells occupied
    level 1: 0 / 4 cells occupied
    level 2: 0 / 16 cells occupied
    level 3: 0 / 64 cells occupied
    level 4: 0 / 256 cells occupied
    level 5: 0 / 1024 cells occupied
    level 6: 0 / 4096 cells occupied
    level 7: 10 / 16384 cells occupied
  Field[1108] 'screen_tile' levels:7 dims:2
    bounds X:[418.7500,425.0000] Y:[468.7500,473.4375] Z:[0.0000,1.0000]
    level 0: 0 / 1 cells occupied
    level 1: 0 / 4 cells occupied
    level 2: 0 / 16 cells occupied
    level 3: 0 / 64 cells occupied
    level 4: 0 / 256 cells occupied
    level 5: 0 / 1024 cells occupied
    level 6: 0 / 4096 cells occupied
    level 7: 8 / 16384 cells occupied
  Field[1109] 'screen_tile' levels:7 dims:2
    bounds X:[406.2500,412.5000] Y:[468.7500,473.4375] Z:[0.0000,1.0000]
    level 0: 0 / 1 cells occupied
    level 1: 0 / 4 cells occupied
    level 2: 0 / 16 cells occupied
    level 3: 0 / 64 cells occupied
    level 4: 0 / 256 cells occupied
    level 5: 0 / 1024 cells occupied
    level 6: 0 / 4096 cells occupied
    level 7: 24 / 16384 cells occupied
  Field[1110] 'screen_tile' levels:7 dims:2
    bounds X:[412.5000,418.7500] Y:[454.6875,459.3750] Z:[0.0000,1.0000]
    level 0: 0 / 1 cells occupied
    level 1: 0 / 4 cells occupied
    level 2: 0 / 16 cells occupied
    level 3: 0 / 64 cells occupied
    level 4: 0 / 256 cells occupied
    level 5: 0 / 1024 cells occupied
    level 6: 0 / 4096 cells occupied
    level 7: 16 / 16384 cells occupied
  Field[1111] 'screen_tile' levels:7 dims:2
    bounds X:[412.5000,418.7500] Y:[450.0000,454.6875] Z:[0.0000,1.0000]
    level 0: 0 / 1 cells occupied
    level 1: 0 / 4 cells occupied
    level 2: 0 / 16 cells occupied
    level 3: 0 / 64 cells occupied
    level 4: 0 / 256 cells occupied
    level 5: 0 / 1024 cells occupied
    level 6: 0 / 4096 cells occupied
    level 7: 21 / 16384 cells occupied
  Field[1112] 'screen_tile' levels:7 dims:2
    bounds X:[381.2500,387.5000] Y:[459.3750,464.0625] Z:[0.0000,1.0000]
    level 0: 0 / 1 cells occupied
    level 1: 0 / 4 cells occupied
    level 2: 0 / 16 cells occupied
    level 3: 0 / 64 cells occupied
    level 4: 0 / 256 cells occupied
    level 5: 0 / 1024 cells occupied
    level 6: 0 / 4096 cells occupied
    level 7: 25 / 16384 cells occupied
  Field[1113] 'screen_tile' levels:7 dims:2
    bounds X:[381.2500,387.5000] Y:[464.0625,468.7500] Z:[0.0000,1.0000]
    level 0: 0 / 1 cells occupied
    level 1: 0 / 4 cells occupied
    level 2: 0 / 16 cells occupied
    level 3: 0 / 64 cells occupied
    level 4: 0 / 256 cells occupied
    level 5: 0 / 1024 cells occupied
    level 6: 0 / 4096 cells occupied
    level 7: 30 / 16384 cells occupied
  Field[1114] 'screen_tile' levels:7 dims:2
    bounds X:[387.5000,393.7500] Y:[464.0625,468.7500] Z:[0.0000,1.0000]
    level 0: 0 / 1 cells occupied
    level 1: 0 / 4 cells occupied
    level 2: 0 / 16 cells occupied
    level 3: 0 / 64 cells occupied
    level 4: 0 / 256 cells occupied
    level 5: 0 / 1024 cells occupied
    level 6: 0 / 4096 cells occupied
    level 7: 35 / 16384 cells occupied
  Field[1115] 'screen_tile' levels:7 dims:2
    bounds X:[387.5000,393.7500] Y:[468.7500,473.4375] Z:[0.0000,1.0000]
    level 0: 0 / 1 cells occupied
    level 1: 0 / 4 cells occupied
    level 2: 0 / 16 cells occupied
    level 3: 0 / 64 cells occupied
    level 4: 0 / 256 cells occupied
    level 5: 0 / 1024 cells occupied
    level 6: 0 / 4096 cells occupied
    level 7: 28 / 16384 cells occupied
  Field[1116] 'screen_tile' levels:7 dims:2
    bounds X:[387.5000,393.7500] Y:[459.3750,464.0625] Z:[0.0000,1.0000]
    level 0: 0 / 1 cells occupied
    level 1: 0 / 4 cells occupied
    level 2: 0 / 16 cells occupied
    level 3: 0 / 64 cells occupied
    level 4: 0 / 256 cells occupied
    level 5: 0 / 1024 cells occupied
    level 6: 0 / 4096 cells occupied
    level 7: 35 / 16384 cells occupied
  Field[1117] 'screen_tile' levels:7 dims:2
    bounds X:[381.2500,387.5000] Y:[454.6875,459.3750] Z:[0.0000,1.0000]
    level 0: 0 / 1 cells occupied
    level 1: 0 / 4 cells occupied
    level 2: 0 / 16 cells occupied
    level 3: 0 / 64 cells occupied
    level 4: 0 / 256 cells occupied
    level 5: 0 / 1024 cells occupied
    level 6: 0 / 4096 cells occupied
    level 7: 12 / 16384 cells occupied
  Field[1118] 'screen_tile' levels:7 dims:2
    bounds X:[387.5000,393.7500] Y:[454.6875,459.3750] Z:[0.0000,1.0000]
    level 0: 0 / 1 cells occupied
    level 1: 0 / 4 cells occupied
    level 2: 0 / 16 cells occupied
    level 3: 0 / 64 cells occupied
    level 4: 0 / 256 cells occupied
    level 5: 0 / 1024 cells occupied
    level 6: 0 / 4096 cells occupied
    level 7: 28 / 16384 cells occupied
  Field[1119] 'screen_tile' levels:7 dims:2
    bounds X:[381.2500,387.5000] Y:[450.0000,454.6875] Z:[0.0000,1.0000]
    level 0: 0 / 1 cells occupied
    level 1: 0 / 4 cells occupied
    level 2: 0 / 16 cells occupied
    level 3: 0 / 64 cells occupied
    level 4: 0 / 256 cells occupied
    level 5: 0 / 1024 cells occupied
    level 6: 0 / 4096 cells occupied
    level 7: 16 / 16384 cells occupied
  Field[1120] 'screen_tile' levels:7 dims:2
    bounds X:[387.5000,393.7500] Y:[450.0000,454.6875] Z:[0.0000,1.0000]
    level 0: 0 / 1 cells occupied
    level 1: 0 / 4 cells occupied
    level 2: 0 / 16 cells occupied
    level 3: 0 / 64 cells occupied
    level 4: 0 / 256 cells occupied
    level 5: 0 / 1024 cells occupied
    level 6: 0 / 4096 cells occupied
    level 7: 35 / 16384 cells occupied
  Field[1121] 'screen_tile' levels:7 dims:2
    bounds X:[393.7500,400.0000] Y:[450.0000,454.6875] Z:[0.0000,1.0000]
    level 0: 0 / 1 cells occupied
    level 1: 0 / 4 cells occupied
    level 2: 0 / 16 cells occupied
    level 3: 0 / 64 cells occupied
    level 4: 0 / 256 cells occupied
    level 5: 0 / 1024 cells occupied
    level 6: 0 / 4096 cells occupied
    level 7: 30 / 16384 cells occupied
  Field[1122] 'screen_tile' levels:7 dims:2
    bounds X:[381.2500,387.5000] Y:[468.7500,473.4375] Z:[0.0000,1.0000]
    level 0: 0 / 1 cells occupied
    level 1: 0 / 4 cells occupied
    level 2: 0 / 16 cells occupied
    level 3: 0 / 64 cells occupied
    level 4: 0 / 256 cells occupied
    level 5: 0 / 1024 cells occupied
    level 6: 0 / 4096 cells occupied
    level 7: 24 / 16384 cells occupied
  Field[1123] 'screen_tile' levels:7 dims:2
    bounds X:[381.2500,387.5000] Y:[473.4375,478.1250] Z:[0.0000,1.0000]
    level 0: 0 / 1 cells occupied
    level 1: 0 / 4 cells occupied
    level 2: 0 / 16 cells occupied
    level 3: 0 / 64 cells occupied
    level 4: 0 / 256 cells occupied
    level 5: 0 / 1024 cells occupied
    level 6: 0 / 4096 cells occupied
    level 7: 30 / 16384 cells occupied
  Field[1124] 'screen_tile' levels:7 dims:2
    bounds X:[393.7500,400.0000] Y:[487.5000,492.1875] Z:[0.0000,1.0000]
    level 0: 0 / 1 cells occupied
    level 1: 0 / 4 cells occupied
    level 2: 0 / 16 cells occupied
    level 3: 0 / 64 cells occupied
    level 4: 0 / 256 cells occupied
    level 5: 0 / 1024 cells occupied
    level 6: 0 / 4096 cells occupied
    level 7: 30 / 16384 cells occupied
  Field[1125] 'screen_tile' levels:7 dims:2
    bounds X:[393.7500,400.0000] Y:[454.6875,459.3750] Z:[0.0000,1.0000]
    level 0: 0 / 1 cells occupied
    level 1: 0 / 4 cells occupied
    level 2: 0 / 16 cells occupied
    level 3: 0 / 64 cells occupied
    level 4: 0 / 256 cells occupied
    level 5: 0 / 1024 cells occupied
    level 6: 0 / 4096 cells occupied
    level 7: 24 / 16384 cells occupied
  Field[1126] 'screen_tile' levels:7 dims:2
    bounds X:[400.0000,406.2500] Y:[454.6875,459.3750] Z:[0.0000,1.0000]
    level 0: 0 / 1 cells occupied
    level 1: 0 / 4 cells occupied
    level 2: 0 / 16 cells occupied
    level 3: 0 / 64 cells occupied
    level 4: 0 / 256 cells occupied
    level 5: 0 / 1024 cells occupied
    level 6: 0 / 4096 cells occupied
    level 7: 24 / 16384 cells occupied
  Field[1127] 'screen_tile' levels:7 dims:2
    bounds X:[393.7500,400.0000] Y:[478.1250,482.8125] Z:[0.0000,1.0000]
    level 0: 0 / 1 cells occupied
    level 1: 0 / 4 cells occupied
    level 2: 0 / 16 cells occupied
    level 3: 0 / 64 cells occupied
    level 4: 0 / 256 cells occupied
    level 5: 0 / 1024 cells occupied
    level 6: 0 / 4096 cells occupied
    level 7: 30 / 16384 cells occupied
  Field[1128] 'screen_tile' levels:7 dims:2
    bounds X:[393.7500,400.0000] Y:[482.8125,487.5000] Z:[0.0000,1.0000]
    level 0: 0 / 1 cells occupied
    level 1: 0 / 4 cells occupied
    level 2: 0 / 16 cells occupied
    level 3: 0 / 64 cells occupied
    level 4: 0 / 256 cells occupied
    level 5: 0 / 1024 cells occupied
    level 6: 0 / 4096 cells occupied
    level 7: 24 / 16384 cells occupied
  Field[1129] 'screen_tile' levels:7 dims:2
    bounds X:[393.7500,400.0000] Y:[473.4375,478.1250] Z:[0.0000,1.0000]
    level 0: 0 / 1 cells occupied
    level 1: 0 / 4 cells occupied
    level 2: 0 / 16 cells occupied
    level 3: 0 / 64 cells occupied
    level 4: 0 / 256 cells occupied
    level 5: 0 / 1024 cells occupied
    level 6: 0 / 4096 cells occupied
    level 7: 30 / 16384 cells occupied
  Field[1130] 'screen_tile' levels:7 dims:2
    bounds X:[400.0000,406.2500] Y:[482.8125,487.5000] Z:[0.0000,1.0000]
    level 0: 0 / 1 cells occupied
    level 1: 0 / 4 cells occupied
    level 2: 0 / 16 cells occupied
    level 3: 0 / 64 cells occupied
    level 4: 0 / 256 cells occupied
    level 5: 0 / 1024 cells occupied
    level 6: 0 / 4096 cells occupied
    level 7: 24 / 16384 cells occupied
  Field[1131] 'screen_tile' levels:7 dims:2
    bounds X:[400.0000,406.2500] Y:[478.1250,482.8125] Z:[0.0000,1.0000]
    level 0: 0 / 1 cells occupied
    level 1: 0 / 4 cells occupied
    level 2: 0 / 16 cells occupied
    level 3: 0 / 64 cells occupied
    level 4: 0 / 256 cells occupied
    level 5: 0 / 1024 cells occupied
    level 6: 0 / 4096 cells occupied
    level 7: 30 / 16384 cells occupied
  Field[1132] 'screen_tile' levels:7 dims:2
    bounds X:[400.0000,406.2500] Y:[468.7500,473.4375] Z:[0.0000,1.0000]
    level 0: 0 / 1 cells occupied
    level 1: 0 / 4 cells occupied
    level 2: 0 / 16 cells occupied
    level 3: 0 / 64 cells occupied
    level 4: 0 / 256 cells occupied
    level 5: 0 / 1024 cells occupied
    level 6: 0 / 4096 cells occupied
    level 7: 24 / 16384 cells occupied
  Field[1133] 'screen_tile' levels:7 dims:2
    bounds X:[400.0000,406.2500] Y:[473.4375,478.1250] Z:[0.0000,1.0000]
    level 0: 0 / 1 cells occupied
    level 1: 0 / 4 cells occupied
    level 2: 0 / 16 cells occupied
    level 3: 0 / 64 cells occupied
    level 4: 0 / 256 cells occupied
    level 5: 0 / 1024 cells occupied
    level 6: 0 / 4096 cells occupied
    level 7: 30 / 16384 cells occupied
  Field[1134] 'screen_tile' levels:7 dims:2
    bounds X:[393.7500,400.0000] Y:[468.7500,473.4375] Z:[0.0000,1.0000]
    level 0: 0 / 1 cells occupied
    level 1: 0 / 4 cells occupied
    level 2: 0 / 16 cells occupied
    level 3: 0 / 64 cells occupied
    level 4: 0 / 256 cells occupied
    level 5: 0 / 1024 cells occupied
    level 6: 0 / 4096 cells occupied
    level 7: 24 / 16384 cells occupied
  Field[1135] 'screen_tile' levels:7 dims:2
    bounds X:[393.7500,400.0000] Y:[464.0625,468.7500] Z:[0.0000,1.0000]
    level 0: 0 / 1 cells occupied
    level 1: 0 / 4 cells occupied
    level 2: 0 / 16 cells occupied
    level 3: 0 / 64 cells occupied
    level 4: 0 / 256 cells occupied
    level 5: 0 / 1024 cells occupied
    level 6: 0 / 4096 cells occupied
    level 7: 30 / 16384 cells occupied
  Field[1136] 'screen_tile' levels:7 dims:2
    bounds X:[400.0000,406.2500] Y:[464.0625,468.7500] Z:[0.0000,1.0000]
    level 0: 0 / 1 cells occupied
    level 1: 0 / 4 cells occupied
    level 2: 0 / 16 cells occupied
    level 3: 0 / 64 cells occupied
    level 4: 0 / 256 cells occupied
    level 5: 0 / 1024 cells occupied
    level 6: 0 / 4096 cells occupied
    level 7: 30 / 16384 cells occupied
  Field[1137] 'screen_tile' levels:7 dims:2
    bounds X:[400.0000,406.2500] Y:[459.3750,464.0625] Z:[0.0000,1.0000]
    level 0: 0 / 1 cells occupied
    level 1: 0 / 4 cells occupied
    level 2: 0 / 16 cells occupied
    level 3: 0 / 64 cells occupied
    level 4: 0 / 256 cells occupied
    level 5: 0 / 1024 cells occupied
    level 6: 0 / 4096 cells occupied
    level 7: 30 / 16384 cells occupied
  Field[1138] 'screen_tile' levels:7 dims:2
    bounds X:[393.7500,400.0000] Y:[459.3750,464.0625] Z:[0.0000,1.0000]
    level 0: 0 / 1 cells occupied
    level 1: 0 / 4 cells occupied
    level 2: 0 / 16 cells occupied
    level 3: 0 / 64 cells occupied
    level 4: 0 / 256 cells occupied
    level 5: 0 / 1024 cells occupied
    level 6: 0 / 4096 cells occupied
    level 7: 30 / 16384 cells occupied
  Field[1139] 'screen_tile' levels:7 dims:2
    bounds X:[406.2500,412.5000] Y:[445.3125,450.0000] Z:[0.0000,1.0000]
    level 0: 0 / 1 cells occupied
    level 1: 0 / 4 cells occupied
    level 2: 0 / 16 cells occupied
    level 3: 0 / 64 cells occupied
    level 4: 0 / 256 cells occupied
    level 5: 0 / 1024 cells occupied
    level 6: 0 / 4096 cells occupied
    level 7: 30 / 16384 cells occupied
  Field[1140] 'screen_tile' levels:7 dims:2
    bounds X:[387.5000,393.7500] Y:[445.3125,450.0000] Z:[0.0000,1.0000]
    level 0: 0 / 1 cells occupied
    level 1: 0 / 4 cells occupied
    level 2: 0 / 16 cells occupied
    level 3: 0 / 64 cells occupied
    level 4: 0 / 256 cells occupied
    level 5: 0 / 1024 cells occupied
    level 6: 0 / 4096 cells occupied
    level 7: 35 / 16384 cells occupied
  Field[1141] 'screen_tile' levels:7 dims:2
    bounds X:[393.7500,400.0000] Y:[445.3125,450.0000] Z:[0.0000,1.0000]
    level 0: 0 / 1 cells occupied
    level 1: 0 / 4 cells occupied
    level 2: 0 / 16 cells occupied
    level 3: 0 / 64 cells occupied
    level 4: 0 / 256 cells occupied
    level 5: 0 / 1024 cells occupied
    level 6: 0 / 4096 cells occupied
    level 7: 30 / 16384 cells occupied
  Field[1142] 'screen_tile' levels:7 dims:2
    bounds X:[400.0000,406.2500] Y:[445.3125,450.0000] Z:[0.0000,1.0000]
    level 0: 0 / 1 cells occupied
    level 1: 0 / 4 cells occupied
    level 2: 0 / 16 cells occupied
    level 3: 0 / 64 cells occupied
    level 4: 0 / 256 cells occupied
    level 5: 0 / 1024 cells occupied
    level 6: 0 / 4096 cells occupied
    level 7: 30 / 16384 cells occupied
  Field[1143] 'screen_tile' levels:7 dims:2
    bounds X:[412.5000,418.7500] Y:[445.3125,450.0000] Z:[0.0000,1.0000]
    level 0: 0 / 1 cells occupied
    level 1: 0 / 4 cells occupied
    level 2: 0 / 16 cells occupied
    level 3: 0 / 64 cells occupied
    level 4: 0 / 256 cells occupied
    level 5: 0 / 1024 cells occupied
    level 6: 0 / 4096 cells occupied
    level 7: 9 / 16384 cells occupied
  Field[1144] 'screen_tile' levels:7 dims:2
    bounds X:[412.5000,418.7500] Y:[440.6250,445.3125] Z:[0.0000,1.0000]
    level 0: 0 / 1 cells occupied
    level 1: 0 / 4 cells occupied
    level 2: 0 / 16 cells occupied
    level 3: 0 / 64 cells occupied
    level 4: 0 / 256 cells occupied
    level 5: 0 / 1024 cells occupied
    level 6: 0 / 4096 cells occupied
    level 7: 28 / 16384 cells occupied
  Field[1145] 'screen_tile' levels:7 dims:2
    bounds X:[406.2500,412.5000] Y:[440.6250,445.3125] Z:[0.0000,1.0000]
    level 0: 0 / 1 cells occupied
    level 1: 0 / 4 cells occupied
    level 2: 0 / 16 cells occupied
    level 3: 0 / 64 cells occupied
    level 4: 0 / 256 cells occupied
    level 5: 0 / 1024 cells occupied
    level 6: 0 / 4096 cells occupied
    level 7: 24 / 16384 cells occupied
  Field[1146] 'screen_tile' levels:7 dims:2
    bounds X:[400.0000,406.2500] Y:[440.6250,445.3125] Z:[0.0000,1.0000]
    level 0: 0 / 1 cells occupied
    level 1: 0 / 4 cells occupied
    level 2: 0 / 16 cells occupied
    level 3: 0 / 64 cells occupied
    level 4: 0 / 256 cells occupied
    level 5: 0 / 1024 cells occupied
    level 6: 0 / 4096 cells occupied
    level 7: 24 / 16384 cells occupied
  Field[1147] 'screen_tile' levels:7 dims:2
    bounds X:[393.7500,400.0000] Y:[440.6250,445.3125] Z:[0.0000,1.0000]
    level 0: 0 / 1 cells occupied
    level 1: 0 / 4 cells occupied
    level 2: 0 / 16 cells occupied
    level 3: 0 / 64 cells occupied
    level 4: 0 / 256 cells occupied
    level 5: 0 / 1024 cells occupied
    level 6: 0 / 4096 cells occupied
    level 7: 24 / 16384 cells occupied
  Field[1148] 'screen_tile' levels:7 dims:2
    bounds X:[387.5000,393.7500] Y:[440.6250,445.3125] Z:[0.0000,1.0000]
    level 0: 0 / 1 cells occupied
    level 1: 0 / 4 cells occupied
    level 2: 0 / 16 cells occupied
    level 3: 0 / 64 cells occupied
    level 4: 0 / 256 cells occupied
    level 5: 0 / 1024 cells occupied
    level 6: 0 / 4096 cells occupied
    level 7: 28 / 16384 cells occupied
  Field[1149] 'screen_tile' levels:7 dims:2
    bounds X:[412.5000,418.7500] Y:[435.9375,440.6250] Z:[0.0000,1.0000]
    level 0: 0 / 1 cells occupied
    level 1: 0 / 4 cells occupied
    level 2: 0 / 16 cells occupied
    level 3: 0 / 64 cells occupied
    level 4: 0 / 256 cells occupied
    level 5: 0 / 1024 cells occupied
    level 6: 0 / 4096 cells occupied
    level 7: 35 / 16384 cells occupied
  Field[1150] 'screen_tile' levels:7 dims:2
    bounds X:[418.7500,425.0000] Y:[431.2500,435.9375] Z:[0.0000,1.0000]
    level 0: 0 / 1 cells occupied
    level 1: 0 / 4 cells occupied
    level 2: 0 / 16 cells occupied
    level 3: 0 / 64 cells occupied
    level 4: 0 / 256 cells occupied
    level 5: 0 / 1024 cells occupied
    level 6: 0 / 4096 cells occupied
    level 7: 30 / 16384 cells occupied
  Field[1151] 'screen_tile' levels:7 dims:2
    bounds X:[418.7500,425.0000] Y:[435.9375,440.6250] Z:[0.0000,1.0000]
    level 0: 0 / 1 cells occupied
    level 1: 0 / 4 cells occupied
    level 2: 0 / 16 cells occupied
    level 3: 0 / 64 cells occupied
    level 4: 0 / 256 cells occupied
    level 5: 0 / 1024 cells occupied
    level 6: 0 / 4096 cells occupied
    level 7: 30 / 16384 cells occupied
  Field[1152] 'screen_tile' levels:7 dims:2
    bounds X:[425.0000,431.2500] Y:[431.2500,435.9375] Z:[0.0000,1.0000]
    level 0: 0 / 1 cells occupied
    level 1: 0 / 4 cells occupied
    level 2: 0 / 16 cells occupied
    level 3: 0 / 64 cells occupied
    level 4: 0 / 256 cells occupied
    level 5: 0 / 1024 cells occupied
    level 6: 0 / 4096 cells occupied
    level 7: 30 / 16384 cells occupied
  Field[1153] 'screen_tile' levels:7 dims:2
    bounds X:[425.0000,431.2500] Y:[435.9375,440.6250] Z:[0.0000,1.0000]
    level 0: 0 / 1 cells occupied
    level 1: 0 / 4 cells occupied
    level 2: 0 / 16 cells occupied
    level 3: 0 / 64 cells occupied
    level 4: 0 / 256 cells occupied
    level 5: 0 / 1024 cells occupied
    level 6: 0 / 4096 cells occupied
    level 7: 30 / 16384 cells occupied
  Field[1154] 'screen_tile' levels:7 dims:2
    bounds X:[431.2500,437.5000] Y:[431.2500,435.9375] Z:[0.0000,1.0000]
    level 0: 0 / 1 cells occupied
    level 1: 0 / 4 cells occupied
    level 2: 0 / 16 cells occupied
    level 3: 0 / 64 cells occupied
    level 4: 0 / 256 cells occupied
    level 5: 0 / 1024 cells occupied
    level 6: 0 / 4096 cells occupied
    level 7: 30 / 16384 cells occupied
  Field[1155] 'screen_tile' levels:7 dims:2
    bounds X:[431.2500,437.5000] Y:[435.9375,440.6250] Z:[0.0000,1.0000]
    level 0: 0 / 1 cells occupied
    level 1: 0 / 4 cells occupied
    level 2: 0 / 16 cells occupied
    level 3: 0 / 64 cells occupied
    level 4: 0 / 256 cells occupied
    level 5: 0 / 1024 cells occupied
    level 6: 0 / 4096 cells occupied
    level 7: 30 / 16384 cells occupied
  Field[1156] 'screen_tile' levels:7 dims:2
    bounds X:[437.5000,443.7500] Y:[431.2500,435.9375] Z:[0.0000,1.0000]
    level 0: 0 / 1 cells occupied
    level 1: 0 / 4 cells occupied
    level 2: 0 / 16 cells occupied
    level 3: 0 / 64 cells occupied
    level 4: 0 / 256 cells occupied
    level 5: 0 / 1024 cells occupied
    level 6: 0 / 4096 cells occupied
    level 7: 20 / 16384 cells occupied
  Field[1157] 'screen_tile' levels:7 dims:2
    bounds X:[431.2500,437.5000] Y:[426.5625,431.2500] Z:[0.0000,1.0000]
    level 0: 0 / 1 cells occupied
    level 1: 0 / 4 cells occupied
    level 2: 0 / 16 cells occupied
    level 3: 0 / 64 cells occupied
    level 4: 0 / 256 cells occupied
    level 5: 0 / 1024 cells occupied
    level 6: 0 / 4096 cells occupied
    level 7: 24 / 16384 cells occupied
  Field[1158] 'screen_tile' levels:7 dims:2
    bounds X:[437.5000,443.7500] Y:[426.5625,431.2500] Z:[0.0000,1.0000]
    level 0: 0 / 1 cells occupied
    level 1: 0 / 4 cells occupied
    level 2: 0 / 16 cells occupied
    level 3: 0 / 64 cells occupied
    level 4: 0 / 256 cells occupied
    level 5: 0 / 1024 cells occupied
    level 6: 0 / 4096 cells occupied
    level 7: 16 / 16384 cells occupied
  Field[1159] 'screen_tile' levels:7 dims:2
    bounds X:[425.0000,431.2500] Y:[426.5625,431.2500] Z:[0.0000,1.0000]
    level 0: 0 / 1 cells occupied
    level 1: 0 / 4 cells occupied
    level 2: 0 / 16 cells occupied
    level 3: 0 / 64 cells occupied
    level 4: 0 / 256 cells occupied
    level 5: 0 / 1024 cells occupied
    level 6: 0 / 4096 cells occupied
    level 7: 24 / 16384 cells occupied
  Field[1160] 'screen_tile' levels:7 dims:2
    bounds X:[437.5000,443.7500] Y:[421.8750,426.5625] Z:[0.0000,1.0000]
    level 0: 0 / 1 cells occupied
    level 1: 0 / 4 cells occupied
    level 2: 0 / 16 cells occupied
    level 3: 0 / 64 cells occupied
    level 4: 0 / 256 cells occupied
    level 5: 0 / 1024 cells occupied
    level 6: 0 / 4096 cells occupied
    level 7: 15 / 16384 cells occupied
  Field[1161] 'screen_tile' levels:7 dims:2
    bounds X:[431.2500,437.5000] Y:[421.8750,426.5625] Z:[0.0000,1.0000]
    level 0: 0 / 1 cells occupied
    level 1: 0 / 4 cells occupied
    level 2: 0 / 16 cells occupied
    level 3: 0 / 64 cells occupied
    level 4: 0 / 256 cells occupied
    level 5: 0 / 1024 cells occupied
    level 6: 0 / 4096 cells occupied
    level 7: 30 / 16384 cells occupied
  Field[1162] 'screen_tile' levels:7 dims:2
    bounds X:[431.2500,437.5000] Y:[417.1875,421.8750] Z:[0.0000,1.0000]
    level 0: 0 / 1 cells occupied
    level 1: 0 / 4 cells occupied
    level 2: 0 / 16 cells occupied
    level 3: 0 / 64 cells occupied
    level 4: 0 / 256 cells occupied
    level 5: 0 / 1024 cells occupied
    level 6: 0 / 4096 cells occupied
    level 7: 30 / 16384 cells occupied
  Field[1163] 'screen_tile' levels:7 dims:2
    bounds X:[437.5000,443.7500] Y:[417.1875,421.8750] Z:[0.0000,1.0000]
    level 0: 0 / 1 cells occupied
    level 1: 0 / 4 cells occupied
    level 2: 0 / 16 cells occupied
    level 3: 0 / 64 cells occupied
    level 4: 0 / 256 cells occupied
    level 5: 0 / 1024 cells occupied
    level 6: 0 / 4096 cells occupied
    level 7: 11 / 16384 cells occupied
  Field[1164] 'screen_tile' levels:7 dims:2
    bounds X:[431.2500,437.5000] Y:[412.5000,417.1875] Z:[0.0000,1.0000]
    level 0: 0 / 1 cells occupied
    level 1: 0 / 4 cells occupied
    level 2: 0 / 16 cells occupied
    level 3: 0 / 64 cells occupied
    level 4: 0 / 256 cells occupied
    level 5: 0 / 1024 cells occupied
    level 6: 0 / 4096 cells occupied
    level 7: 27 / 16384 cells occupied
  Field[1165] 'screen_tile' levels:7 dims:2
    bounds X:[437.5000,443.7500] Y:[412.5000,417.1875] Z:[0.0000,1.0000]
    level 0: 0 / 1 cells occupied
    level 1: 0 / 4 cells occupied
    level 2: 0 / 16 cells occupied
    level 3: 0 / 64 cells occupied
    level 4: 0 / 256 cells occupied
    level 5: 0 / 1024 cells occupied
    level 6: 0 / 4096 cells occupied
    level 7: 1 / 16384 cells occupied
  Field[1166] 'screen_tile' levels:7 dims:2
    bounds X:[431.2500,437.5000] Y:[407.8125,412.5000] Z:[0.0000,1.0000]
    level 0: 0 / 1 cells occupied
    level 1: 0 / 4 cells occupied
    level 2: 0 / 16 cells occupied
    level 3: 0 / 64 cells occupied
    level 4: 0 / 256 cells occupied
    level 5: 0 / 1024 cells occupied
    level 6: 0 / 4096 cells occupied
    level 7: 18 / 16384 cells occupied
  Field[1167] 'screen_tile' levels:7 dims:2
    bounds X:[425.0000,431.2500] Y:[407.8125,412.5000] Z:[0.0000,1.0000]
    level 0: 0 / 1 cells occupied
    level 1: 0 / 4 cells occupied
    level 2: 0 / 16 cells occupied
    level 3: 0 / 64 cells occupied
    level 4: 0 / 256 cells occupied
    level 5: 0 / 1024 cells occupied
    level 6: 0 / 4096 cells occupied
    level 7: 24 / 16384 cells occupied
  Field[1168] 'screen_tile' levels:7 dims:2
    bounds X:[425.0000,431.2500] Y:[412.5000,417.1875] Z:[0.0000,1.0000]
    level 0: 0 / 1 cells occupied
    level 1: 0 / 4 cells occupied
    level 2: 0 / 16 cells occupied
    level 3: 0 / 64 cells occupied
    level 4: 0 / 256 cells occupied
    level 5: 0 / 1024 cells occupied
    level 6: 0 / 4096 cells occupied
    level 7: 30 / 16384 cells occupied
  Field[1169] 'screen_tile' levels:7 dims:2
    bounds X:[425.0000,431.2500] Y:[398.4375,403.1250] Z:[0.0000,1.0000]
    level 0: 0 / 1 cells occupied
    level 1: 0 / 4 cells occupied
    level 2: 0 / 16 cells occupied
    level 3: 0 / 64 cells occupied
    level 4: 0 / 256 cells occupied
    level 5: 0 / 1024 cells occupied
    level 6: 0 / 4096 cells occupied
    level 7: 30 / 16384 cells occupied
  Field[1170] 'screen_tile' levels:7 dims:2
    bounds X:[431.2500,437.5000] Y:[398.4375,403.1250] Z:[0.0000,1.0000]
    level 0: 0 / 1 cells occupied
    level 1: 0 / 4 cells occupied
    level 2: 0 / 16 cells occupied
    level 3: 0 / 64 cells occupied
    level 4: 0 / 256 cells occupied
    level 5: 0 / 1024 cells occupied
    level 6: 0 / 4096 cells occupied
    level 7: 4 / 16384 cells occupied
  Field[1171] 'screen_tile' levels:7 dims:2
    bounds X:[425.0000,431.2500] Y:[403.1250,407.8125] Z:[0.0000,1.0000]
    level 0: 0 / 1 cells occupied
    level 1: 0 / 4 cells occupied
    level 2: 0 / 16 cells occupied
    level 3: 0 / 64 cells occupied
    level 4: 0 / 256 cells occupied
    level 5: 0 / 1024 cells occupied
    level 6: 0 / 4096 cells occupied
    level 7: 30 / 16384 cells occupied
  Field[1172] 'screen_tile' levels:7 dims:2
    bounds X:[431.2500,437.5000] Y:[403.1250,407.8125] Z:[0.0000,1.0000]
    level 0: 0 / 1 cells occupied
    level 1: 0 / 4 cells occupied
    level 2: 0 / 16 cells occupied
    level 3: 0 / 64 cells occupied
    level 4: 0 / 256 cells occupied
    level 5: 0 / 1024 cells occupied
    level 6: 0 / 4096 cells occupied
    level 7: 15 / 16384 cells occupied
  Field[1173] 'screen_tile' levels:7 dims:2
    bounds X:[437.5000,443.7500] Y:[435.9375,440.6250] Z:[0.0000,1.0000]
    level 0: 0 / 1 cells occupied
    level 1: 0 / 4 cells occupied
    level 2: 0 / 16 cells occupied
    level 3: 0 / 64 cells occupied
    level 4: 0 / 256 cells occupied
    level 5: 0 / 1024 cells occupied
    level 6: 0 / 4096 cells occupied
    level 7: 12 / 16384 cells occupied
  Field[1174] 'screen_tile' levels:7 dims:2
    bounds X:[425.0000,431.2500] Y:[417.1875,421.8750] Z:[0.0000,1.0000]
    level 0: 0 / 1 cells occupied
    level 1: 0 / 4 cells occupied
    level 2: 0 / 16 cells occupied
    level 3: 0 / 64 cells occupied
    level 4: 0 / 256 cells occupied
    level 5: 0 / 1024 cells occupied
    level 6: 0 / 4096 cells occupied
    level 7: 30 / 16384 cells occupied
  Field[1175] 'screen_tile' levels:7 dims:2
    bounds X:[425.0000,431.2500] Y:[421.8750,426.5625] Z:[0.0000,1.0000]
    level 0: 0 / 1 cells occupied
    level 1: 0 / 4 cells occupied
    level 2: 0 / 16 cells occupied
    level 3: 0 / 64 cells occupied
    level 4: 0 / 256 cells occupied
    level 5: 0 / 1024 cells occupied
    level 6: 0 / 4096 cells occupied
    level 7: 30 / 16384 cells occupied
  Field[1176] 'screen_tile' levels:7 dims:2
    bounds X:[418.7500,425.0000] Y:[403.1250,407.8125] Z:[0.0000,1.0000]
    level 0: 0 / 1 cells occupied
    level 1: 0 / 4 cells occupied
    level 2: 0 / 16 cells occupied
    level 3: 0 / 64 cells occupied
    level 4: 0 / 256 cells occupied
    level 5: 0 / 1024 cells occupied
    level 6: 0 / 4096 cells occupied
    level 7: 30 / 16384 cells occupied
  Field[1177] 'screen_tile' levels:7 dims:2
    bounds X:[381.2500,387.5000] Y:[435.9375,440.6250] Z:[0.0000,1.0000]
    level 0: 0 / 1 cells occupied
    level 1: 0 / 4 cells occupied
    level 2: 0 / 16 cells occupied
    level 3: 0 / 64 cells occupied
    level 4: 0 / 256 cells occupied
    level 5: 0 / 1024 cells occupied
    level 6: 0 / 4096 cells occupied
    level 7: 30 / 16384 cells occupied
  Field[1178] 'screen_tile' levels:7 dims:2
    bounds X:[418.7500,425.0000] Y:[440.6250,445.3125] Z:[0.0000,1.0000]
    level 0: 0 / 1 cells occupied
    level 1: 0 / 4 cells occupied
    level 2: 0 / 16 cells occupied
    level 3: 0 / 64 cells occupied
    level 4: 0 / 256 cells occupied
    level 5: 0 / 1024 cells occupied
    level 6: 0 / 4096 cells occupied
    level 7: 21 / 16384 cells occupied
  Field[1179] 'screen_tile' levels:7 dims:2
    bounds X:[425.0000,431.2500] Y:[440.6250,445.3125] Z:[0.0000,1.0000]
    level 0: 0 / 1 cells occupied
    level 1: 0 / 4 cells occupied
    level 2: 0 / 16 cells occupied
    level 3: 0 / 64 cells occupied
    level 4: 0 / 256 cells occupied
    level 5: 0 / 1024 cells occupied
    level 6: 0 / 4096 cells occupied
    level 7: 17 / 16384 cells occupied
  Field[1180] 'screen_tile' levels:7 dims:2
    bounds X:[431.2500,437.5000] Y:[440.6250,445.3125] Z:[0.0000,1.0000]
    level 0: 0 / 1 cells occupied
    level 1: 0 / 4 cells occupied
    level 2: 0 / 16 cells occupied
    level 3: 0 / 64 cells occupied
    level 4: 0 / 256 cells occupied
    level 5: 0 / 1024 cells occupied
    level 6: 0 / 4096 cells occupied
    level 7: 7 / 16384 cells occupied
  Field[1181] 'screen_tile' levels:7 dims:2
    bounds X:[418.7500,425.0000] Y:[407.8125,412.5000] Z:[0.0000,1.0000]
    level 0: 0 / 1 cells occupied
    level 1: 0 / 4 cells occupied
    level 2: 0 / 16 cells occupied
    level 3: 0 / 64 cells occupied
    level 4: 0 / 256 cells occupied
    level 5: 0 / 1024 cells occupied
    level 6: 0 / 4096 cells occupied
    level 7: 24 / 16384 cells occupied
  Field[1182] 'screen_tile' levels:7 dims:2
    bounds X:[418.7500,425.0000] Y:[412.5000,417.1875] Z:[0.0000,1.0000]
    level 0: 0 / 1 cells occupied
    level 1: 0 / 4 cells occupied
    level 2: 0 / 16 cells occupied
    level 3: 0 / 64 cells occupied
    level 4: 0 / 256 cells occupied
    level 5: 0 / 1024 cells occupied
    level 6: 0 / 4096 cells occupied
    level 7: 30 / 16384 cells occupied
  Field[1183] 'screen_tile' levels:7 dims:2
    bounds X:[381.2500,387.5000] Y:[440.6250,445.3125] Z:[0.0000,1.0000]
    level 0: 0 / 1 cells occupied
    level 1: 0 / 4 cells occupied
    level 2: 0 / 16 cells occupied
    level 3: 0 / 64 cells occupied
    level 4: 0 / 256 cells occupied
    level 5: 0 / 1024 cells occupied
    level 6: 0 / 4096 cells occupied
    level 7: 24 / 16384 cells occupied
  Field[1184] 'screen_tile' levels:7 dims:2
    bounds X:[375.0000,381.2500] Y:[435.9375,440.6250] Z:[0.0000,1.0000]
    level 0: 0 / 1 cells occupied
    level 1: 0 / 4 cells occupied
    level 2: 0 / 16 cells occupied
    level 3: 0 / 64 cells occupied
    level 4: 0 / 256 cells occupied
    level 5: 0 / 1024 cells occupied
    level 6: 0 / 4096 cells occupied
    level 7: 30 / 16384 cells occupied
  Field[1185] 'screen_tile' levels:7 dims:2
    bounds X:[375.0000,381.2500] Y:[440.6250,445.3125] Z:[0.0000,1.0000]
    level 0: 0 / 1 cells occupied
    level 1: 0 / 4 cells occupied
    level 2: 0 / 16 cells occupied
    level 3: 0 / 64 cells occupied
    level 4: 0 / 256 cells occupied
    level 5: 0 / 1024 cells occupied
    level 6: 0 / 4096 cells occupied
    level 7: 21 / 16384 cells occupied
  Field[1186] 'screen_tile' levels:7 dims:2
    bounds X:[375.0000,381.2500] Y:[431.2500,435.9375] Z:[0.0000,1.0000]
    level 0: 0 / 1 cells occupied
    level 1: 0 / 4 cells occupied
    level 2: 0 / 16 cells occupied
    level 3: 0 / 64 cells occupied
    level 4: 0 / 256 cells occupied
    level 5: 0 / 1024 cells occupied
    level 6: 0 / 4096 cells occupied
    level 7: 30 / 16384 cells occupied
  Field[1187] 'screen_tile' levels:7 dims:2
    bounds X:[418.7500,425.0000] Y:[426.5625,431.2500] Z:[0.0000,1.0000]
    level 0: 0 / 1 cells occupied
    level 1: 0 / 4 cells occupied
    level 2: 0 / 16 cells occupied
    level 3: 0 / 64 cells occupied
    level 4: 0 / 256 cells occupied
    level 5: 0 / 1024 cells occupied
    level 6: 0 / 4096 cells occupied
    level 7: 24 / 16384 cells occupied
  Field[1188] 'screen_tile' levels:7 dims:2
    bounds X:[375.0000,381.2500] Y:[426.5625,431.2500] Z:[0.0000,1.0000]
    level 0: 0 / 1 cells occupied
    level 1: 0 / 4 cells occupied
    level 2: 0 / 16 cells occupied
    level 3: 0 / 64 cells occupied
    level 4: 0 / 256 cells occupied
    level 5: 0 / 1024 cells occupied
    level 6: 0 / 4096 cells occupied
    level 7: 24 / 16384 cells occupied
  Field[1189] 'screen_tile' levels:7 dims:2
    bounds X:[368.7500,375.0000] Y:[426.5625,431.2500] Z:[0.0000,1.0000]
    level 0: 0 / 1 cells occupied
    level 1: 0 / 4 cells occupied
    level 2: 0 / 16 cells occupied
    level 3: 0 / 64 cells occupied
    level 4: 0 / 256 cells occupied
    level 5: 0 / 1024 cells occupied
    level 6: 0 / 4096 cells occupied
    level 7: 24 / 16384 cells occupied
  Field[1190] 'screen_tile' levels:7 dims:2
    bounds X:[368.7500,375.0000] Y:[431.2500,435.9375] Z:[0.0000,1.0000]
    level 0: 0 / 1 cells occupied
    level 1: 0 / 4 cells occupied
    level 2: 0 / 16 cells occupied
    level 3: 0 / 64 cells occupied
    level 4: 0 / 256 cells occupied
    level 5: 0 / 1024 cells occupied
    level 6: 0 / 4096 cells occupied
    level 7: 30 / 16384 cells occupied
  Field[1191] 'screen_tile' levels:7 dims:2
    bounds X:[362.5000,368.7500] Y:[426.5625,431.2500] Z:[0.0000,1.0000]
    level 0: 0 / 1 cells occupied
    level 1: 0 / 4 cells occupied
    level 2: 0 / 16 cells occupied
    level 3: 0 / 64 cells occupied
    level 4: 0 / 256 cells occupied
    level 5: 0 / 1024 cells occupied
    level 6: 0 / 4096 cells occupied
    level 7: 28 / 16384 cells occupied
  Field[1192] 'screen_tile' levels:7 dims:2
    bounds X:[362.5000,368.7500] Y:[431.2500,435.9375] Z:[0.0000,1.0000]
    level 0: 0 / 1 cells occupied
    level 1: 0 / 4 cells occupied
    level 2: 0 / 16 cells occupied
    level 3: 0 / 64 cells occupied
    level 4: 0 / 256 cells occupied
    level 5: 0 / 1024 cells occupied
    level 6: 0 / 4096 cells occupied
    level 7: 35 / 16384 cells occupied
  Field[1193] 'screen_tile' levels:7 dims:2
    bounds X:[368.7500,375.0000] Y:[435.9375,440.6250] Z:[0.0000,1.0000]
    level 0: 0 / 1 cells occupied
    level 1: 0 / 4 cells occupied
    level 2: 0 / 16 cells occupied
    level 3: 0 / 64 cells occupied
    level 4: 0 / 256 cells occupied
    level 5: 0 / 1024 cells occupied
    level 6: 0 / 4096 cells occupied
    level 7: 30 / 16384 cells occupied
  Field[1194] 'screen_tile' levels:7 dims:2
    bounds X:[362.5000,368.7500] Y:[435.9375,440.6250] Z:[0.0000,1.0000]
    level 0: 0 / 1 cells occupied
    level 1: 0 / 4 cells occupied
    level 2: 0 / 16 cells occupied
    level 3: 0 / 64 cells occupied
    level 4: 0 / 256 cells occupied
    level 5: 0 / 1024 cells occupied
    level 6: 0 / 4096 cells occupied
    level 7: 33 / 16384 cells occupied
  Field[1195] 'screen_tile' levels:7 dims:2
    bounds X:[368.7500,375.0000] Y:[440.6250,445.3125] Z:[0.0000,1.0000]
    level 0: 0 / 1 cells occupied
    level 1: 0 / 4 cells occupied
    level 2: 0 / 16 cells occupied
    level 3: 0 / 64 cells occupied
    level 4: 0 / 256 cells occupied
    level 5: 0 / 1024 cells occupied
    level 6: 0 / 4096 cells occupied
    level 7: 14 / 16384 cells occupied
  Field[1196] 'screen_tile' levels:7 dims:2
    bounds X:[362.5000,368.7500] Y:[440.6250,445.3125] Z:[0.0000,1.0000]
    level 0: 0 / 1 cells occupied
    level 1: 0 / 4 cells occupied
    level 2: 0 / 16 cells occupied
    level 3: 0 / 64 cells occupied
    level 4: 0 / 256 cells occupied
    level 5: 0 / 1024 cells occupied
    level 6: 0 / 4096 cells occupied
    level 7: 2 / 16384 cells occupied
  Field[1197] 'screen_tile' levels:7 dims:2
    bounds X:[381.2500,387.5000] Y:[445.3125,450.0000] Z:[0.0000,1.0000]
    level 0: 0 / 1 cells occupied
    level 1: 0 / 4 cells occupied
    level 2: 0 / 16 cells occupied
    level 3: 0 / 64 cells occupied
    level 4: 0 / 256 cells occupied
    level 5: 0 / 1024 cells occupied
    level 6: 0 / 4096 cells occupied
    level 7: 2 / 16384 cells occupied
  Field[1198] 'screen_tile' levels:7 dims:2
    bounds X:[418.7500,425.0000] Y:[417.1875,421.8750] Z:[0.0000,1.0000]
    level 0: 0 / 1 cells occupied
    level 1: 0 / 4 cells occupied
    level 2: 0 / 16 cells occupied
    level 3: 0 / 64 cells occupied
    level 4: 0 / 256 cells occupied
    level 5: 0 / 1024 cells occupied
    level 6: 0 / 4096 cells occupied
    level 7: 30 / 16384 cells occupied
  Field[1199] 'screen_tile' levels:7 dims:2
    bounds X:[418.7500,425.0000] Y:[421.8750,426.5625] Z:[0.0000,1.0000]
    level 0: 0 / 1 cells occupied
    level 1: 0 / 4 cells occupied
    level 2: 0 / 16 cells occupied
    level 3: 0 / 64 cells occupied
    level 4: 0 / 256 cells occupied
    level 5: 0 / 1024 cells occupied
    level 6: 0 / 4096 cells occupied
    level 7: 30 / 16384 cells occupied
  Field[1200] 'screen_tile' levels:7 dims:2
    bounds X:[356.2500,362.5000] Y:[435.9375,440.6250] Z:[0.0000,1.0000]
    level 0: 0 / 1 cells occupied
    level 1: 0 / 4 cells occupied
    level 2: 0 / 16 cells occupied
    level 3: 0 / 64 cells occupied
    level 4: 0 / 256 cells occupied
    level 5: 0 / 1024 cells occupied
    level 6: 0 / 4096 cells occupied
    level 7: 3 / 16384 cells occupied
  Field[1201] 'screen_tile' levels:7 dims:2
    bounds X:[356.2500,362.5000] Y:[431.2500,435.9375] Z:[0.0000,1.0000]
    level 0: 0 / 1 cells occupied
    level 1: 0 / 4 cells occupied
    level 2: 0 / 16 cells occupied
    level 3: 0 / 64 cells occupied
    level 4: 0 / 256 cells occupied
    level 5: 0 / 1024 cells occupied
    level 6: 0 / 4096 cells occupied
    level 7: 15 / 16384 cells occupied
  Field[1202] 'screen_tile' levels:7 dims:2
    bounds X:[368.7500,375.0000] Y:[421.8750,426.5625] Z:[0.0000,1.0000]
    level 0: 0 / 1 cells occupied
    level 1: 0 / 4 cells occupied
    level 2: 0 / 16 cells occupied
    level 3: 0 / 64 cells occupied
    level 4: 0 / 256 cells occupied
    level 5: 0 / 1024 cells occupied
    level 6: 0 / 4096 cells occupied
    level 7: 30 / 16384 cells occupied
  Field[1203] 'screen_tile' levels:7 dims:2
    bounds X:[375.0000,381.2500] Y:[421.8750,426.5625] Z:[0.0000,1.0000]
    level 0: 0 / 1 cells occupied
    level 1: 0 / 4 cells occupied
    level 2: 0 / 16 cells occupied
    level 3: 0 / 64 cells occupied
    level 4: 0 / 256 cells occupied
    level 5: 0 / 1024 cells occupied
    level 6: 0 / 4096 cells occupied
    level 7: 30 / 16384 cells occupied
  Field[1204] 'screen_tile' levels:7 dims:2
    bounds X:[375.0000,381.2500] Y:[417.1875,421.8750] Z:[0.0000,1.0000]
    level 0: 0 / 1 cells occupied
    level 1: 0 / 4 cells occupied
    level 2: 0 / 16 cells occupied
    level 3: 0 / 64 cells occupied
    level 4: 0 / 256 cells occupied
    level 5: 0 / 1024 cells occupied
    level 6: 0 / 4096 cells occupied
    level 7: 30 / 16384 cells occupied
  Field[1205] 'screen_tile' levels:7 dims:2
    bounds X:[368.7500,375.0000] Y:[417.1875,421.8750] Z:[0.0000,1.0000]
    level 0: 0 / 1 cells occupied
    level 1: 0 / 4 cells occupied
    level 2: 0 / 16 cells occupied
    level 3: 0 / 64 cells occupied
    level 4: 0 / 256 cells occupied
    level 5: 0 / 1024 cells occupied
    level 6: 0 / 4096 cells occupied
    level 7: 30 / 16384 cells occupied
  Field[1206] 'screen_tile' levels:7 dims:2
    bounds X:[362.5000,368.7500] Y:[421.8750,426.5625] Z:[0.0000,1.0000]
    level 0: 0 / 1 cells occupied
    level 1: 0 / 4 cells occupied
    level 2: 0 / 16 cells occupied
    level 3: 0 / 64 cells occupied
    level 4: 0 / 256 cells occupied
    level 5: 0 / 1024 cells occupied
    level 6: 0 / 4096 cells occupied
    level 7: 35 / 16384 cells occupied
  Field[1207] 'screen_tile' levels:7 dims:2
    bounds X:[356.2500,362.5000] Y:[426.5625,431.2500] Z:[0.0000,1.0000]
    level 0: 0 / 1 cells occupied
    level 1: 0 / 4 cells occupied
    level 2: 0 / 16 cells occupied
    level 3: 0 / 64 cells occupied
    level 4: 0 / 256 cells occupied
    level 5: 0 / 1024 cells occupied
    level 6: 0 / 4096 cells occupied
    level 7: 11 / 16384 cells occupied
  Field[1208] 'screen_tile' levels:7 dims:2
    bounds X:[356.2500,362.5000] Y:[421.8750,426.5625] Z:[0.0000,1.0000]
    level 0: 0 / 1 cells occupied
    level 1: 0 / 4 cells occupied
    level 2: 0 / 16 cells occupied
    level 3: 0 / 64 cells occupied
    level 4: 0 / 256 cells occupied
    level 5: 0 / 1024 cells occupied
    level 6: 0 / 4096 cells occupied
    level 7: 9 / 16384 cells occupied
  Field[1209] 'screen_tile' levels:7 dims:2
    bounds X:[412.5000,418.7500] Y:[403.1250,407.8125] Z:[0.0000,1.0000]
    level 0: 0 / 1 cells occupied
    level 1: 0 / 4 cells occupied
    level 2: 0 / 16 cells occupied
    level 3: 0 / 64 cells occupied
    level 4: 0 / 256 cells occupied
    level 5: 0 / 1024 cells occupied
    level 6: 0 / 4096 cells occupied
    level 7: 35 / 16384 cells occupied
  Field[1210] 'screen_tile' levels:7 dims:2
    bounds X:[412.5000,418.7500] Y:[407.8125,412.5000] Z:[0.0000,1.0000]
    level 0: 0 / 1 cells occupied
    level 1: 0 / 4 cells occupied
    level 2: 0 / 16 cells occupied
    level 3: 0 / 64 cells occupied
    level 4: 0 / 256 cells occupied
    level 5: 0 / 1024 cells occupied
    level 6: 0 / 4096 cells occupied
    level 7: 28 / 16384 cells occupied
  Field[1211] 'screen_tile' levels:7 dims:2
    bounds X:[362.5000,368.7500] Y:[417.1875,421.8750] Z:[0.0000,1.0000]
    level 0: 0 / 1 cells occupied
    level 1: 0 / 4 cells occupied
    level 2: 0 / 16 cells occupied
    level 3: 0 / 64 cells occupied
    level 4: 0 / 256 cells occupied
    level 5: 0 / 1024 cells occupied
    level 6: 0 / 4096 cells occupied
    level 7: 35 / 16384 cells occupied
  Field[1212] 'screen_tile' levels:7 dims:2
    bounds X:[375.0000,381.2500] Y:[412.5000,417.1875] Z:[0.0000,1.0000]
    level 0: 0 / 1 cells occupied
    level 1: 0 / 4 cells occupied
    level 2: 0 / 16 cells occupied
    level 3: 0 / 64 cells occupied
    level 4: 0 / 256 cells occupied
    level 5: 0 / 1024 cells occupied
    level 6: 0 / 4096 cells occupied
    level 7: 30 / 16384 cells occupied
  Field[1213] 'screen_tile' levels:7 dims:2
    bounds X:[381.2500,387.5000] Y:[407.8125,412.5000] Z:[0.0000,1.0000]
    level 0: 0 / 1 cells occupied
    level 1: 0 / 4 cells occupied
    level 2: 0 / 16 cells occupied
    level 3: 0 / 64 cells occupied
    level 4: 0 / 256 cells occupied
    level 5: 0 / 1024 cells occupied
    level 6: 0 / 4096 cells occupied
    level 7: 24 / 16384 cells occupied
  Field[1214] 'screen_tile' levels:7 dims:2
    bounds X:[381.2500,387.5000] Y:[403.1250,407.8125] Z:[0.0000,1.0000]
    level 0: 0 / 1 cells occupied
    level 1: 0 / 4 cells occupied
    level 2: 0 / 16 cells occupied
    level 3: 0 / 64 cells occupied
    level 4: 0 / 256 cells occupied
    level 5: 0 / 1024 cells occupied
    level 6: 0 / 4096 cells occupied
    level 7: 30 / 16384 cells occupied
  Field[1215] 'screen_tile' levels:7 dims:2
    bounds X:[375.0000,381.2500] Y:[407.8125,412.5000] Z:[0.0000,1.0000]
    level 0: 0 / 1 cells occupied
    level 1: 0 / 4 cells occupied
    level 2: 0 / 16 cells occupied
    level 3: 0 / 64 cells occupied
    level 4: 0 / 256 cells occupied
    level 5: 0 / 1024 cells occupied
    level 6: 0 / 4096 cells occupied
    level 7: 24 / 16384 cells occupied
  Field[1216] 'screen_tile' levels:7 dims:2
    bounds X:[375.0000,381.2500] Y:[403.1250,407.8125] Z:[0.0000,1.0000]
    level 0: 0 / 1 cells occupied
    level 1: 0 / 4 cells occupied
    level 2: 0 / 16 cells occupied
    level 3: 0 / 64 cells occupied
    level 4: 0 / 256 cells occupied
    level 5: 0 / 1024 cells occupied
    level 6: 0 / 4096 cells occupied
    level 7: 30 / 16384 cells occupied
  Field[1217] 'screen_tile' levels:7 dims:2
    bounds X:[368.7500,375.0000] Y:[412.5000,417.1875] Z:[0.0000,1.0000]
    level 0: 0 / 1 cells occupied
    level 1: 0 / 4 cells occupied
    level 2: 0 / 16 cells occupied
    level 3: 0 / 64 cells occupied
    level 4: 0 / 256 cells occupied
    level 5: 0 / 1024 cells occupied
    level 6: 0 / 4096 cells occupied
    level 7: 30 / 16384 cells occupied
  Field[1218] 'screen_tile' levels:7 dims:2
    bounds X:[368.7500,375.0000] Y:[403.1250,407.8125] Z:[0.0000,1.0000]
    level 0: 0 / 1 cells occupied
    level 1: 0 / 4 cells occupied
    level 2: 0 / 16 cells occupied
    level 3: 0 / 64 cells occupied
    level 4: 0 / 256 cells occupied
    level 5: 0 / 1024 cells occupied
    level 6: 0 / 4096 cells occupied
    level 7: 30 / 16384 cells occupied
  Field[1219] 'screen_tile' levels:7 dims:2
    bounds X:[368.7500,375.0000] Y:[407.8125,412.5000] Z:[0.0000,1.0000]
    level 0: 0 / 1 cells occupied
    level 1: 0 / 4 cells occupied
    level 2: 0 / 16 cells occupied
    level 3: 0 / 64 cells occupied
    level 4: 0 / 256 cells occupied
    level 5: 0 / 1024 cells occupied
    level 6: 0 / 4096 cells occupied
    level 7: 24 / 16384 cells occupied
  Field[1220] 'screen_tile' levels:7 dims:2
    bounds X:[362.5000,368.7500] Y:[412.5000,417.1875] Z:[0.0000,1.0000]
    level 0: 0 / 1 cells occupied
    level 1: 0 / 4 cells occupied
    level 2: 0 / 16 cells occupied
    level 3: 0 / 64 cells occupied
    level 4: 0 / 256 cells occupied
    level 5: 0 / 1024 cells occupied
    level 6: 0 / 4096 cells occupied
    level 7: 26 / 16384 cells occupied
  Field[1221] 'screen_tile' levels:7 dims:2
    bounds X:[362.5000,368.7500] Y:[407.8125,412.5000] Z:[0.0000,1.0000]
    level 0: 0 / 1 cells occupied
    level 1: 0 / 4 cells occupied
    level 2: 0 / 16 cells occupied
    level 3: 0 / 64 cells occupied
    level 4: 0 / 256 cells occupied
    level 5: 0 / 1024 cells occupied
    level 6: 0 / 4096 cells occupied
    level 7: 16 / 16384 cells occupied
  Field[1222] 'screen_tile' levels:7 dims:2
    bounds X:[356.2500,362.5000] Y:[417.1875,421.8750] Z:[0.0000,1.0000]
    level 0: 0 / 1 cells occupied
    level 1: 0 / 4 cells occupied
    level 2: 0 / 16 cells occupied
    level 3: 0 / 64 cells occupied
    level 4: 0 / 256 cells occupied
    level 5: 0 / 1024 cells occupied
    level 6: 0 / 4096 cells occupied
    level 7: 4 / 16384 cells occupied
  Field[1223] 'screen_tile' levels:7 dims:2
    bounds X:[362.5000,368.7500] Y:[403.1250,407.8125] Z:[0.0000,1.0000]
    level 0: 0 / 1 cells occupied
    level 1: 0 / 4 cells occupied
    level 2: 0 / 16 cells occupied
    level 3: 0 / 64 cells occupied
    level 4: 0 / 256 cells occupied
    level 5: 0 / 1024 cells occupied
    level 6: 0 / 4096 cells occupied
    level 7: 15 / 16384 cells occupied
  Field[1224] 'screen_tile' levels:7 dims:2
    bounds X:[362.5000,368.7500] Y:[398.4375,403.1250] Z:[0.0000,1.0000]
    level 0: 0 / 1 cells occupied
    level 1: 0 / 4 cells occupied
    level 2: 0 / 16 cells occupied
    level 3: 0 / 64 cells occupied
    level 4: 0 / 256 cells occupied
    level 5: 0 / 1024 cells occupied
    level 6: 0 / 4096 cells occupied
    level 7: 2 / 16384 cells occupied
  Field[1225] 'screen_tile' levels:7 dims:2
    bounds X:[368.7500,375.0000] Y:[398.4375,403.1250] Z:[0.0000,1.0000]
    level 0: 0 / 1 cells occupied
    level 1: 0 / 4 cells occupied
    level 2: 0 / 16 cells occupied
    level 3: 0 / 64 cells occupied
    level 4: 0 / 256 cells occupied
    level 5: 0 / 1024 cells occupied
    level 6: 0 / 4096 cells occupied
    level 7: 30 / 16384 cells occupied
  Field[1226] 'screen_tile' levels:7 dims:2
    bounds X:[425.0000,431.2500] Y:[370.3125,375.0000] Z:[0.0000,1.0000]
    level 0: 0 / 1 cells occupied
    level 1: 0 / 4 cells occupied
    level 2: 0 / 16 cells occupied
    level 3: 0 / 64 cells occupied
    level 4: 0 / 256 cells occupied
    level 5: 0 / 1024 cells occupied
    level 6: 0 / 4096 cells occupied
    level 7: 25 / 16384 cells occupied
  Field[1227] 'screen_tile' levels:7 dims:2
    bounds X:[368.7500,375.0000] Y:[370.3125,375.0000] Z:[0.0000,1.0000]
    level 0: 0 / 1 cells occupied
    level 1: 0 / 4 cells occupied
    level 2: 0 / 16 cells occupied
    level 3: 0 / 64 cells occupied
    level 4: 0 / 256 cells occupied
    level 5: 0 / 1024 cells occupied
    level 6: 0 / 4096 cells occupied
    level 7: 25 / 16384 cells occupied

[F2: enable fetch timing]

---
