=== HOLLOWS ENGINE ===
FPS: 0 | Pixel: 0.0ms | Input: 0.001ms | Texture: 0.000ms
Camera: [0.00, 0.00, 6.00]

--- DATA (valid / total) ---
  Bool               2 / 2
  Int                6 / 6
  I64                2 / 2
  F32                5 / 5
  F64                2 / 2
  CString            6 / 6
  Vec3               1 / 1
  Vertex             24 / 24
  Vertex_Cache       24 / 24
  Debug_Stats        1 / 1
  FrameData          1 / 1
  Strings_Builder    1 / 1
  DataPoint          26 / 26
  Field              262659 / 262659
  Model              1 / 1
  Face_List          1 / 1
  TOTAL              262762 / 262762

--- FETCHES (edit / copy / set) ---
  Bool               2 / 0 / 0
  Int                20 / 0 / 0
  I64                2 / 0 / 0
  F32                1 / 0 / 0
  F64                1 / 0 / 0
  CString            5 / 0 / 0
  Vec3               6 / 0 / 0
  Debug_Stats        3 / 0 / 0
  Strings_Builder    1 / 0 / 0
  DataPoint          2 / 0 / 0
  Field              2 / 0 / 0

--- FIELD OCCUPANCY ---
  Field[0] 'field' levels:4 dims:3
    bounds X:[-8.0000,8.0000] Y:[-8.0000,8.0000] Z:[-8.0000,8.0000]
    level 0: 1 / 1 cells occupied
    level 1: 1 / 8 cells occupied
    level 2: 1 / 64 cells occupied
    level 3: 1 / 512 cells occupied
    level 4: 1 / 4096 cells occupied
  Field[1] 'model_field' levels:4 dims:3
    bounds X:[-1.0000,1.0000] Y:[-1.0000,1.0000] Z:[-1.0000,1.0000]
    level 0: 1 / 1 cells occupied
    level 1: 8 / 8 cells occupied
    level 2: 64 / 64 cells occupied
    level 3: 512 / 512 cells occupied
    level 4: 1352 / 4096 cells occupied

  Screen Fields: 262657 total | 7848 with occupied cells
  Root SF [2] levels:5 dims:2 bounds X:[0,800] Y:[0,600]
    level 0: 0 / 1
    level 1: 0 / 4
    level 2: 0 / 16
    level 3: 0 / 64
    level 4: 0 / 256
    level 5: 0 / 1024

[F2: enable fetch timing]

---
=== HOLLOWS ENGINE ===
FPS: 59 | Pixel: 16.2ms | Input: 0.000ms | Texture: 0.499ms
Camera: [0.00, 0.00, 6.13]

--- DATA (valid / total) ---
  Bool               2 / 2
  Int                6 / 6
  I64                2 / 2
  F32                5 / 5
  F64                2 / 2
  CString            6 / 6
  Vec3               1 / 1
  Vertex             24 / 24
  Vertex_Cache       24 / 24
  Debug_Stats        1 / 1
  FrameData          1 / 1
  Strings_Builder    1 / 1
  DataPoint          26 / 26
  Field              262659 / 262659
  Model              1 / 1
  Face_List          1 / 1
  TOTAL              262762 / 262762

--- FETCHES (edit / copy / set) ---
  Bool               79 / 0 / 0
  Int                475 / 0 / 0
  I64                158 / 0 / 0
  F32                79 / 0 / 0
  F64                79 / 0 / 0
  Vec3               238 / 0 / 0
  Debug_Stats        395 / 0 / 0

--- FIELD OCCUPANCY ---
  Field[0] 'field' levels:4 dims:3
    bounds X:[-8.0000,8.0000] Y:[-8.0000,8.0000] Z:[-8.0000,8.0000]
    level 0: 1 / 1 cells occupied
    level 1: 1 / 8 cells occupied
    level 2: 1 / 64 cells occupied
    level 3: 1 / 512 cells occupied
    level 4: 1 / 4096 cells occupied
  Field[1] 'model_field' levels:4 dims:3
    bounds X:[-1.0000,1.0000] Y:[-1.0000,1.0000] Z:[-1.0000,1.0000]
    level 0: 1 / 1 cells occupied
    level 1: 8 / 8 cells occupied
    level 2: 64 / 64 cells occupied
    level 3: 512 / 512 cells occupied
    level 4: 1352 / 4096 cells occupied

  Screen Fields: 262657 total | 7794 with occupied cells
  Root SF [2] levels:5 dims:2 bounds X:[0,800] Y:[0,600]
    level 0: 0 / 1
    level 1: 0 / 4
    level 2: 0 / 16
    level 3: 0 / 64
    level 4: 0 / 256
    level 5: 0 / 1024

[F2: enable fetch timing]

---
=== HOLLOWS ENGINE ===
FPS: 60 | Pixel: 16.1ms | Input: 0.000ms | Texture: 0.502ms
Camera: [0.00, 0.00, 7.90]

--- DATA (valid / total) ---
  Bool               2 / 2
  Int                6 / 6
  I64                2 / 2
  F32                5 / 5
  F64                2 / 2
  CString            6 / 6
  Vec3               1 / 1
  Vertex             24 / 24
  Vertex_Cache       24 / 24
  Debug_Stats        1 / 1
  FrameData          1 / 1
  Strings_Builder    1 / 1
  DataPoint          26 / 26
  Field              262659 / 262659
  Model              1 / 1
  Face_List          1 / 1
  TOTAL              262762 / 262762

--- FETCHES (edit / copy / set) ---
  Bool               84 / 0 / 0
  Int                505 / 0 / 0
  I64                168 / 0 / 0
  F32                84 / 0 / 0
  F64                84 / 0 / 0
  Vec3               253 / 0 / 0
  Debug_Stats        420 / 0 / 0

--- FIELD OCCUPANCY ---
  Field[0] 'field' levels:4 dims:3
    bounds X:[-8.0000,8.0000] Y:[-8.0000,8.0000] Z:[-8.0000,8.0000]
    level 0: 1 / 1 cells occupied
    level 1: 1 / 8 cells occupied
    level 2: 1 / 64 cells occupied
    level 3: 1 / 512 cells occupied
    level 4: 1 / 4096 cells occupied
  Field[1] 'model_field' levels:4 dims:3
    bounds X:[-1.0000,1.0000] Y:[-1.0000,1.0000] Z:[-1.0000,1.0000]
    level 0: 1 / 1 cells occupied
    level 1: 8 / 8 cells occupied
    level 2: 64 / 64 cells occupied
    level 3: 512 / 512 cells occupied
    level 4: 1352 / 4096 cells occupied

  Screen Fields: 262657 total | 6892 with occupied cells
  Root SF [2] levels:5 dims:2 bounds X:[0,800] Y:[0,600]
    level 0: 0 / 1
    level 1: 0 / 4
    level 2: 0 / 16
    level 3: 0 / 64
    level 4: 0 / 256
    level 5: 0 / 1024

[F2: enable fetch timing]

---
=== HOLLOWS ENGINE ===
FPS: 64 | Pixel: 15.3ms | Input: 0.000ms | Texture: 0.501ms
Camera: [0.00, 0.00, 10.70]

--- DATA (valid / total) ---
  Bool               2 / 2
  Int                6 / 6
  I64                2 / 2
  F32                5 / 5
  F64                2 / 2
  CString            6 / 6
  Vec3               1 / 1
  Vertex             24 / 24
  Vertex_Cache       24 / 24
  Debug_Stats        1 / 1
  FrameData          1 / 1
  Strings_Builder    1 / 1
  DataPoint          26 / 26
  Field              262659 / 262659
  Model              1 / 1
  Face_List          1 / 1
  TOTAL              262762 / 262762

--- FETCHES (edit / copy / set) ---
  Bool               96 / 0 / 0
  Int                577 / 0 / 0
  I64                192 / 0 / 0
  F32                96 / 0 / 0
  F64                96 / 0 / 0
  Vec3               289 / 0 / 0
  Debug_Stats        480 / 0 / 0

--- FIELD OCCUPANCY ---
  Field[0] 'field' levels:4 dims:3
    bounds X:[-8.0000,8.0000] Y:[-8.0000,8.0000] Z:[-8.0000,8.0000]
    level 0: 1 / 1 cells occupied
    level 1: 1 / 8 cells occupied
    level 2: 1 / 64 cells occupied
    level 3: 1 / 512 cells occupied
    level 4: 1 / 4096 cells occupied
  Field[1] 'model_field' levels:4 dims:3
    bounds X:[-1.0000,1.0000] Y:[-1.0000,1.0000] Z:[-1.0000,1.0000]
    level 0: 1 / 1 cells occupied
    level 1: 8 / 8 cells occupied
    level 2: 64 / 64 cells occupied
    level 3: 512 / 512 cells occupied
    level 4: 1352 / 4096 cells occupied

  Screen Fields: 262657 total | 5200 with occupied cells
  Root SF [2] levels:5 dims:2 bounds X:[0,800] Y:[0,600]
    level 0: 0 / 1
    level 1: 0 / 4
    level 2: 0 / 16
    level 3: 0 / 64
    level 4: 0 / 256
    level 5: 0 / 1024

[F2: enable fetch timing]

---
=== HOLLOWS ENGINE ===
FPS: 61 | Pixel: 15.9ms | Input: 0.000ms | Texture: 0.500ms
Camera: [0.00, 0.00, 7.09]

--- DATA (valid / total) ---
  Bool               2 / 2
  Int                6 / 6
  I64                2 / 2
  F32                5 / 5
  F64                2 / 2
  CString            6 / 6
  Vec3               1 / 1
  Vertex             24 / 24
  Vertex_Cache       24 / 24
  Debug_Stats        1 / 1
  FrameData          1 / 1
  Strings_Builder    1 / 1
  DataPoint          26 / 26
  Field              262659 / 262659
  Model              1 / 1
  Face_List          1 / 1
  TOTAL              262762 / 262762

--- FETCHES (edit / copy / set) ---
  Bool               88 / 0 / 0
  Int                529 / 0 / 0
  I64                176 / 0 / 0
  F32                88 / 0 / 0
  F64                88 / 0 / 0
  Vec3               265 / 0 / 0
  Debug_Stats        440 / 0 / 0

--- FIELD OCCUPANCY ---
  Field[0] 'field' levels:4 dims:3
    bounds X:[-8.0000,8.0000] Y:[-8.0000,8.0000] Z:[-8.0000,8.0000]
    level 0: 1 / 1 cells occupied
    level 1: 1 / 8 cells occupied
    level 2: 1 / 64 cells occupied
    level 3: 1 / 512 cells occupied
    level 4: 1 / 4096 cells occupied
  Field[1] 'model_field' levels:4 dims:3
    bounds X:[-1.0000,1.0000] Y:[-1.0000,1.0000] Z:[-1.0000,1.0000]
    level 0: 1 / 1 cells occupied
    level 1: 8 / 8 cells occupied
    level 2: 64 / 64 cells occupied
    level 3: 512 / 512 cells occupied
    level 4: 1352 / 4096 cells occupied

  Screen Fields: 262657 total | 7407 with occupied cells
  Root SF [2] levels:5 dims:2 bounds X:[0,800] Y:[0,600]
    level 0: 0 / 1
    level 1: 0 / 4
    level 2: 0 / 16
    level 3: 0 / 64
    level 4: 0 / 256
    level 5: 0 / 1024

[F2: enable fetch timing]

---
=== HOLLOWS ENGINE ===
FPS: 60 | Pixel: 15.9ms | Input: 0.000ms | Texture: 0.503ms
Camera: [0.00, 0.00, 8.81]

--- DATA (valid / total) ---
  Bool               2 / 2
  Int                6 / 6
  I64                2 / 2
  F32                5 / 5
  F64                2 / 2
  CString            6 / 6
  Vec3               1 / 1
  Vertex             24 / 24
  Vertex_Cache       24 / 24
  Debug_Stats        1 / 1
  FrameData          1 / 1
  Strings_Builder    1 / 1
  DataPoint          26 / 26
  Field              262659 / 262659
  Model              1 / 1
  Face_List          1 / 1
  TOTAL              262762 / 262762

--- FETCHES (edit / copy / set) ---
  Bool               91 / 0 / 0
  Int                547 / 0 / 0
  I64                182 / 0 / 0
  F32                91 / 0 / 0
  F64                91 / 0 / 0
  Vec3               274 / 0 / 0
  Debug_Stats        455 / 0 / 0

--- FIELD OCCUPANCY ---
  Field[0] 'field' levels:4 dims:3
    bounds X:[-8.0000,8.0000] Y:[-8.0000,8.0000] Z:[-8.0000,8.0000]
    level 0: 1 / 1 cells occupied
    level 1: 1 / 8 cells occupied
    level 2: 1 / 64 cells occupied
    level 3: 1 / 512 cells occupied
    level 4: 1 / 4096 cells occupied
  Field[1] 'model_field' levels:4 dims:3
    bounds X:[-1.0000,1.0000] Y:[-1.0000,1.0000] Z:[-1.0000,1.0000]
    level 0: 1 / 1 cells occupied
    level 1: 8 / 8 cells occupied
    level 2: 64 / 64 cells occupied
    level 3: 512 / 512 cells occupied
    level 4: 1352 / 4096 cells occupied

  Screen Fields: 262657 total | 6348 with occupied cells
  Root SF [2] levels:5 dims:2 bounds X:[0,800] Y:[0,600]
    level 0: 0 / 1
    level 1: 0 / 4
    level 2: 0 / 16
    level 3: 0 / 64
    level 4: 0 / 256
    level 5: 0 / 1024

[F2: enable fetch timing]

---
=== HOLLOWS ENGINE ===
FPS: 49 | Pixel: 23.7ms | Input: 0.000ms | Texture: 0.579ms
Camera: [0.00, 0.00, 8.81]

--- DATA (valid / total) ---
  Bool               2 / 2
  Int                6 / 6
  I64                2 / 2
  F32                5 / 5
  F64                2 / 2
  CString            6 / 6
  Vec3               1 / 1
  Vertex             24 / 24
  Vertex_Cache       24 / 24
  Debug_Stats        1 / 1
  FrameData          1 / 1
  Strings_Builder    1 / 1
  DataPoint          26 / 26
  Field              262659 / 262659
  Model              1 / 1
  Face_List          1 / 1
  TOTAL              262762 / 262762

--- FETCHES (edit / copy / set) ---
  Bool               90 / 0 / 0
  Int                541 / 0 / 0
  I64                180 / 0 / 0
  F32                90 / 0 / 0
  F64                90 / 0 / 0
  Vec3               271 / 0 / 0
  Debug_Stats        450 / 0 / 0

--- FIELD OCCUPANCY ---
  Field[0] 'field' levels:4 dims:3
    bounds X:[-8.0000,8.0000] Y:[-8.0000,8.0000] Z:[-8.0000,8.0000]
    level 0: 1 / 1 cells occupied
    level 1: 1 / 8 cells occupied
    level 2: 1 / 64 cells occupied
    level 3: 1 / 512 cells occupied
    level 4: 1 / 4096 cells occupied
  Field[1] 'model_field' levels:4 dims:3
    bounds X:[-1.0000,1.0000] Y:[-1.0000,1.0000] Z:[-1.0000,1.0000]
    level 0: 1 / 1 cells occupied
    level 1: 8 / 8 cells occupied
    level 2: 64 / 64 cells occupied
    level 3: 512 / 512 cells occupied
    level 4: 1352 / 4096 cells occupied

  Screen Fields: 262657 total | 6348 with occupied cells
  Root SF [2] levels:5 dims:2 bounds X:[0,800] Y:[0,600]
    level 0: 0 / 1
    level 1: 0 / 4
    level 2: 0 / 16
    level 3: 0 / 64
    level 4: 0 / 256
    level 5: 0 / 1024

[F2: enable fetch timing]

---
=== HOLLOWS ENGINE ===
FPS: 64 | Pixel: 23.4ms | Input: 0.000ms | Texture: 0.517ms
Camera: [0.00, 0.00, 12.44]

--- DATA (valid / total) ---
  Bool               2 / 2
  Int                6 / 6
  I64                2 / 2
  F32                5 / 5
  F64                2 / 2
  CString            6 / 6
  Vec3               1 / 1
  Vertex             24 / 24
  Vertex_Cache       24 / 24
  Debug_Stats        1 / 1
  FrameData          1 / 1
  Strings_Builder    1 / 1
  DataPoint          26 / 26
  Field              262659 / 262659
  Model              1 / 1
  Face_List          1 / 1
  TOTAL              262762 / 262762

--- FETCHES (edit / copy / set) ---
  Bool               99 / 0 / 0
  Int                595 / 0 / 0
  I64                198 / 0 / 0
  F32                99 / 0 / 0
  F64                99 / 0 / 0
  Vec3               298 / 0 / 0
  Debug_Stats        495 / 0 / 0

--- FIELD OCCUPANCY ---
  Field[0] 'field' levels:4 dims:3
    bounds X:[-8.0000,8.0000] Y:[-8.0000,8.0000] Z:[-8.0000,8.0000]
    level 0: 1 / 1 cells occupied
    level 1: 1 / 8 cells occupied
    level 2: 1 / 64 cells occupied
    level 3: 1 / 512 cells occupied
    level 4: 1 / 4096 cells occupied
  Field[1] 'model_field' levels:4 dims:3
    bounds X:[-1.0000,1.0000] Y:[-1.0000,1.0000] Z:[-1.0000,1.0000]
    level 0: 1 / 1 cells occupied
    level 1: 8 / 8 cells occupied
    level 2: 64 / 64 cells occupied
    level 3: 512 / 512 cells occupied
    level 4: 1352 / 4096 cells occupied

  Screen Fields: 262657 total | 4000 with occupied cells
  Root SF [2] levels:5 dims:2 bounds X:[0,800] Y:[0,600]
    level 0: 0 / 1
    level 1: 0 / 4
    level 2: 0 / 16
    level 3: 0 / 64
    level 4: 0 / 256
    level 5: 0 / 1024

[F2: enable fetch timing]

---
=== HOLLOWS ENGINE ===
FPS: 69 | Pixel: 16.4ms | Input: 0.000ms | Texture: 0.503ms
Camera: [0.00, 0.00, 16.06]

--- DATA (valid / total) ---
  Bool               2 / 2
  Int                6 / 6
  I64                2 / 2
  F32                5 / 5
  F64                2 / 2
  CString            6 / 6
  Vec3               1 / 1
  Vertex             24 / 24
  Vertex_Cache       24 / 24
  Debug_Stats        1 / 1
  FrameData          1 / 1
  Strings_Builder    1 / 1
  DataPoint          26 / 26
  Field              262659 / 262659
  Model              1 / 1
  Face_List          1 / 1
  TOTAL              262762 / 262762

--- FETCHES (edit / copy / set) ---
  Bool               105 / 0 / 0
  Int                631 / 0 / 0
  I64                210 / 0 / 0
  F32                105 / 0 / 0
  F64                105 / 0 / 0
  Vec3               316 / 0 / 0
  Debug_Stats        525 / 0 / 0

--- FIELD OCCUPANCY ---
  Field[0] 'field' levels:4 dims:3
    bounds X:[-8.0000,8.0000] Y:[-8.0000,8.0000] Z:[-8.0000,8.0000]
    level 0: 1 / 1 cells occupied
    level 1: 1 / 8 cells occupied
    level 2: 1 / 64 cells occupied
    level 3: 1 / 512 cells occupied
    level 4: 1 / 4096 cells occupied
  Field[1] 'model_field' levels:4 dims:3
    bounds X:[-1.0000,1.0000] Y:[-1.0000,1.0000] Z:[-1.0000,1.0000]
    level 0: 1 / 1 cells occupied
    level 1: 8 / 8 cells occupied
    level 2: 64 / 64 cells occupied
    level 3: 512 / 512 cells occupied
    level 4: 1352 / 4096 cells occupied

  Screen Fields: 262657 total | 2559 with occupied cells
  Root SF [2] levels:5 dims:2 bounds X:[0,800] Y:[0,600]
    level 0: 0 / 1
    level 1: 0 / 4
    level 2: 0 / 16
    level 3: 0 / 64
    level 4: 0 / 256
    level 5: 0 / 1024

[F2: enable fetch timing]

---
=== HOLLOWS ENGINE ===
FPS: 68 | Pixel: 14.2ms | Input: 0.000ms | Texture: 0.499ms
Camera: [0.00, 0.00, 14.98]

--- DATA (valid / total) ---
  Bool               2 / 2
  Int                6 / 6
  I64                2 / 2
  F32                5 / 5
  F64                2 / 2
  CString            6 / 6
  Vec3               1 / 1
  Vertex             24 / 24
  Vertex_Cache       24 / 24
  Debug_Stats        1 / 1
  FrameData          1 / 1
  Strings_Builder    1 / 1
  DataPoint          26 / 26
  Field              262659 / 262659
  Model              1 / 1
  Face_List          1 / 1
  TOTAL              262762 / 262762

--- FETCHES (edit / copy / set) ---
  Bool               103 / 0 / 0
  Int                619 / 0 / 0
  I64                206 / 0 / 0
  F32                103 / 0 / 0
  F64                103 / 0 / 0
  Vec3               310 / 0 / 0
  Debug_Stats        515 / 0 / 0

--- FIELD OCCUPANCY ---
  Field[0] 'field' levels:4 dims:3
    bounds X:[-8.0000,8.0000] Y:[-8.0000,8.0000] Z:[-8.0000,8.0000]
    level 0: 1 / 1 cells occupied
    level 1: 1 / 8 cells occupied
    level 2: 1 / 64 cells occupied
    level 3: 1 / 512 cells occupied
    level 4: 1 / 4096 cells occupied
  Field[1] 'model_field' levels:4 dims:3
    bounds X:[-1.0000,1.0000] Y:[-1.0000,1.0000] Z:[-1.0000,1.0000]
    level 0: 1 / 1 cells occupied
    level 1: 8 / 8 cells occupied
    level 2: 64 / 64 cells occupied
    level 3: 512 / 512 cells occupied
    level 4: 1352 / 4096 cells occupied

  Screen Fields: 262657 total | 2934 with occupied cells
  Root SF [2] levels:5 dims:2 bounds X:[0,800] Y:[0,600]
    level 0: 0 / 1
    level 1: 0 / 4
    level 2: 0 / 16
    level 3: 0 / 64
    level 4: 0 / 256
    level 5: 0 / 1024

[F2: enable fetch timing]

---
=== HOLLOWS ENGINE ===
FPS: 68 | Pixel: 14.2ms | Input: 0.000ms | Texture: 0.498ms
Camera: [0.00, 0.00, 14.98]

--- DATA (valid / total) ---
  Bool               2 / 2
  Int                6 / 6
  I64                2 / 2
  F32                5 / 5
  F64                2 / 2
  CString            6 / 6
  Vec3               1 / 1
  Vertex             24 / 24
  Vertex_Cache       24 / 24
  Debug_Stats        1 / 1
  FrameData          1 / 1
  Strings_Builder    1 / 1
  DataPoint          26 / 26
  Field              262659 / 262659
  Model              1 / 1
  Face_List          1 / 1
  TOTAL              262762 / 262762

--- FETCHES (edit / copy / set) ---
  Bool               68 / 0 / 0
  Int                414 / 0 / 0
  I64                136 / 0 / 0
  F32                68 / 0 / 0
  F64                68 / 0 / 0
  CString            2 / 0 / 0
  Vec3               206 / 0 / 0
  Debug_Stats        341 / 0 / 0

--- FIELD OCCUPANCY ---
  Field[0] 'field' levels:4 dims:3
    bounds X:[-8.0000,8.0000] Y:[-8.0000,8.0000] Z:[-8.0000,8.0000]
    level 0: 1 / 1 cells occupied
    level 1: 1 / 8 cells occupied
    level 2: 1 / 64 cells occupied
    level 3: 1 / 512 cells occupied
    level 4: 1 / 4096 cells occupied
  Field[1] 'model_field' levels:4 dims:3
    bounds X:[-1.0000,1.0000] Y:[-1.0000,1.0000] Z:[-1.0000,1.0000]
    level 0: 1 / 1 cells occupied
    level 1: 8 / 8 cells occupied
    level 2: 64 / 64 cells occupied
    level 3: 512 / 512 cells occupied
    level 4: 1352 / 4096 cells occupied

  Screen Fields: 262657 total | 2934 with occupied cells
  Root SF [2] levels:5 dims:2 bounds X:[0,800] Y:[0,600]
    level 0: 0 / 1
    level 1: 0 / 4
    level 2: 0 / 16
    level 3: 0 / 64
    level 4: 0 / 256
    level 5: 0 / 1024

[F2: enable fetch timing]

---
=== HOLLOWS ENGINE ===
FPS: 40 | Pixel: 14.1ms | Input: 0.000ms | Texture: 0.496ms
Camera: [0.00, 0.00, 14.98]

--- DATA (valid / total) ---
  Bool               2 / 2
  Int                6 / 6
  I64                2 / 2
  F32                5 / 5
  F64                2 / 2
  CString            6 / 6
  Vec3               1 / 1
  Vertex             24 / 24
  Vertex_Cache       24 / 24
  Debug_Stats        1 / 1
  FrameData          1 / 1
  Strings_Builder    1 / 1
  DataPoint          26 / 26
  Field              262659 / 262659
  Model              1 / 1
  Face_List          1 / 1
  TOTAL              262762 / 262762

--- FETCHES (edit / copy / set) ---
  Bool               101 / 0 / 0
  Int                607 / 0 / 0
  I64                202 / 0 / 0
  F32                101 / 0 / 0
  F64                101 / 0 / 0
  Vec3               304 / 0 / 0
  Debug_Stats        505 / 0 / 0

--- FIELD OCCUPANCY ---
  Field[0] 'field' levels:4 dims:3
    bounds X:[-8.0000,8.0000] Y:[-8.0000,8.0000] Z:[-8.0000,8.0000]
    level 0: 1 / 1 cells occupied
    level 1: 1 / 8 cells occupied
    level 2: 1 / 64 cells occupied
    level 3: 1 / 512 cells occupied
    level 4: 1 / 4096 cells occupied
  Field[1] 'model_field' levels:4 dims:3
    bounds X:[-1.0000,1.0000] Y:[-1.0000,1.0000] Z:[-1.0000,1.0000]
    level 0: 1 / 1 cells occupied
    level 1: 8 / 8 cells occupied
    level 2: 64 / 64 cells occupied
    level 3: 512 / 512 cells occupied
    level 4: 1352 / 4096 cells occupied

  Screen Fields: 262657 total | 2934 with occupied cells
  Root SF [2] levels:5 dims:2 bounds X:[0,800] Y:[0,600]
    level 0: 0 / 1
    level 1: 0 / 4
    level 2: 0 / 16
    level 3: 0 / 64
    level 4: 0 / 256
    level 5: 0 / 1024

[F2: enable fetch timing]

---
=== HOLLOWS ENGINE ===
FPS: 68 | Pixel: 14.6ms | Input: 0.000ms | Texture: 0.497ms
Camera: [0.00, 0.00, 14.98]

--- DATA (valid / total) ---
  Bool               2 / 2
  Int                6 / 6
  I64                2 / 2
  F32                5 / 5
  F64                2 / 2
  CString            6 / 6
  Vec3               1 / 1
  Vertex             24 / 24
  Vertex_Cache       24 / 24
  Debug_Stats        1 / 1
  FrameData          1 / 1
  Strings_Builder    1 / 1
  DataPoint          26 / 26
  Field              262659 / 262659
  Model              1 / 1
  Face_List          1 / 1
  TOTAL              262762 / 262762

--- FETCHES (edit / copy / set) ---
  Bool               102 / 0 / 0
  Int                613 / 0 / 0
  I64                204 / 0 / 0
  F32                102 / 0 / 0
  F64                102 / 0 / 0
  Vec3               307 / 0 / 0
  Debug_Stats        510 / 0 / 0

--- FIELD OCCUPANCY ---
  Field[0] 'field' levels:4 dims:3
    bounds X:[-8.0000,8.0000] Y:[-8.0000,8.0000] Z:[-8.0000,8.0000]
    level 0: 1 / 1 cells occupied
    level 1: 1 / 8 cells occupied
    level 2: 1 / 64 cells occupied
    level 3: 1 / 512 cells occupied
    level 4: 1 / 4096 cells occupied
  Field[1] 'model_field' levels:4 dims:3
    bounds X:[-1.0000,1.0000] Y:[-1.0000,1.0000] Z:[-1.0000,1.0000]
    level 0: 1 / 1 cells occupied
    level 1: 8 / 8 cells occupied
    level 2: 64 / 64 cells occupied
    level 3: 512 / 512 cells occupied
    level 4: 1352 / 4096 cells occupied

  Screen Fields: 262657 total | 2934 with occupied cells
  Root SF [2] levels:5 dims:2 bounds X:[0,800] Y:[0,600]
    level 0: 0 / 1
    level 1: 0 / 4
    level 2: 0 / 16
    level 3: 0 / 64
    level 4: 0 / 256
    level 5: 0 / 1024

[F2: enable fetch timing]

---
=== HOLLOWS ENGINE ===
FPS: 67 | Pixel: 14.2ms | Input: 0.000ms | Texture: 0.496ms
Camera: [0.00, 0.00, 14.98]

--- DATA (valid / total) ---
  Bool               2 / 2
  Int                6 / 6
  I64                2 / 2
  F32                5 / 5
  F64                2 / 2
  CString            6 / 6
  Vec3               1 / 1
  Vertex             24 / 24
  Vertex_Cache       24 / 24
  Debug_Stats        1 / 1
  FrameData          1 / 1
  Strings_Builder    1 / 1
  DataPoint          26 / 26
  Field              262659 / 262659
  Model              1 / 1
  Face_List          1 / 1
  TOTAL              262762 / 262762

--- FETCHES (edit / copy / set) ---
  Bool               100 / 0 / 0
  Int                601 / 0 / 0
  I64                200 / 0 / 0
  F32                100 / 0 / 0
  F64                100 / 0 / 0
  Vec3               301 / 0 / 0
  Debug_Stats        500 / 0 / 0

--- FIELD OCCUPANCY ---
  Field[0] 'field' levels:4 dims:3
    bounds X:[-8.0000,8.0000] Y:[-8.0000,8.0000] Z:[-8.0000,8.0000]
    level 0: 1 / 1 cells occupied
    level 1: 1 / 8 cells occupied
    level 2: 1 / 64 cells occupied
    level 3: 1 / 512 cells occupied
    level 4: 1 / 4096 cells occupied
  Field[1] 'model_field' levels:4 dims:3
    bounds X:[-1.0000,1.0000] Y:[-1.0000,1.0000] Z:[-1.0000,1.0000]
    level 0: 1 / 1 cells occupied
    level 1: 8 / 8 cells occupied
    level 2: 64 / 64 cells occupied
    level 3: 512 / 512 cells occupied
    level 4: 1352 / 4096 cells occupied

  Screen Fields: 262657 total | 2934 with occupied cells
  Root SF [2] levels:5 dims:2 bounds X:[0,800] Y:[0,600]
    level 0: 0 / 1
    level 1: 0 / 4
    level 2: 0 / 16
    level 3: 0 / 64
    level 4: 0 / 256
    level 5: 0 / 1024

[F2: enable fetch timing]

---
=== HOLLOWS ENGINE ===
FPS: 68 | Pixel: 13.9ms | Input: 0.000ms | Texture: 0.492ms
Camera: [0.00, 0.00, 14.98]

--- DATA (valid / total) ---
  Bool               2 / 2
  Int                6 / 6
  I64                2 / 2
  F32                5 / 5
  F64                2 / 2
  CString            6 / 6
  Vec3               1 / 1
  Vertex             24 / 24
  Vertex_Cache       24 / 24
  Debug_Stats        1 / 1
  FrameData          1 / 1
  Strings_Builder    1 / 1
  DataPoint          26 / 26
  Field              262659 / 262659
  Model              1 / 1
  Face_List          1 / 1
  TOTAL              262762 / 262762

--- FETCHES (edit / copy / set) ---
  Bool               100 / 0 / 0
  Int                601 / 0 / 0
  I64                200 / 0 / 0
  F32                100 / 0 / 0
  F64                100 / 0 / 0
  Vec3               301 / 0 / 0
  Debug_Stats        500 / 0 / 0

--- FIELD OCCUPANCY ---
  Field[0] 'field' levels:4 dims:3
    bounds X:[-8.0000,8.0000] Y:[-8.0000,8.0000] Z:[-8.0000,8.0000]
    level 0: 1 / 1 cells occupied
    level 1: 1 / 8 cells occupied
    level 2: 1 / 64 cells occupied
    level 3: 1 / 512 cells occupied
    level 4: 1 / 4096 cells occupied
  Field[1] 'model_field' levels:4 dims:3
    bounds X:[-1.0000,1.0000] Y:[-1.0000,1.0000] Z:[-1.0000,1.0000]
    level 0: 1 / 1 cells occupied
    level 1: 8 / 8 cells occupied
    level 2: 64 / 64 cells occupied
    level 3: 512 / 512 cells occupied
    level 4: 1352 / 4096 cells occupied

  Screen Fields: 262657 total | 2934 with occupied cells
  Root SF [2] levels:5 dims:2 bounds X:[0,800] Y:[0,600]
    level 0: 0 / 1
    level 1: 0 / 4
    level 2: 0 / 16
    level 3: 0 / 64
    level 4: 0 / 256
    level 5: 0 / 1024

[F2: enable fetch timing]

---
=== HOLLOWS ENGINE ===
FPS: 67 | Pixel: 14.2ms | Input: 0.000ms | Texture: 0.501ms
Camera: [0.00, 0.00, 14.98]

--- DATA (valid / total) ---
  Bool               2 / 2
  Int                6 / 6
  I64                2 / 2
  F32                5 / 5
  F64                2 / 2
  CString            6 / 6
  Vec3               1 / 1
  Vertex             24 / 24
  Vertex_Cache       24 / 24
  Debug_Stats        1 / 1
  FrameData          1 / 1
  Strings_Builder    1 / 1
  DataPoint          26 / 26
  Field              262659 / 262659
  Model              1 / 1
  Face_List          1 / 1
  TOTAL              262762 / 262762

--- FETCHES (edit / copy / set) ---
  Bool               91 / 0 / 0
  Int                547 / 0 / 0
  I64                182 / 0 / 0
  F32                91 / 0 / 0
  F64                91 / 0 / 0
  Vec3               274 / 0 / 0
  Debug_Stats        455 / 0 / 0

--- FIELD OCCUPANCY ---
  Field[0] 'field' levels:4 dims:3
    bounds X:[-8.0000,8.0000] Y:[-8.0000,8.0000] Z:[-8.0000,8.0000]
    level 0: 1 / 1 cells occupied
    level 1: 1 / 8 cells occupied
    level 2: 1 / 64 cells occupied
    level 3: 1 / 512 cells occupied
    level 4: 1 / 4096 cells occupied
  Field[1] 'model_field' levels:4 dims:3
    bounds X:[-1.0000,1.0000] Y:[-1.0000,1.0000] Z:[-1.0000,1.0000]
    level 0: 1 / 1 cells occupied
    level 1: 8 / 8 cells occupied
    level 2: 64 / 64 cells occupied
    level 3: 512 / 512 cells occupied
    level 4: 1352 / 4096 cells occupied

  Screen Fields: 262657 total | 2934 with occupied cells
  Root SF [2] levels:5 dims:2 bounds X:[0,800] Y:[0,600]
    level 0: 0 / 1
    level 1: 0 / 4
    level 2: 0 / 16
    level 3: 0 / 64
    level 4: 0 / 256
    level 5: 0 / 1024

[F2: enable fetch timing]

---
=== HOLLOWS ENGINE ===
FPS: 64 | Pixel: 14.4ms | Input: 0.000ms | Texture: 0.501ms
Camera: [0.00, 0.00, 14.98]

--- DATA (valid / total) ---
  Bool               2 / 2
  Int                6 / 6
  I64                2 / 2
  F32                5 / 5
  F64                2 / 2
  CString            6 / 6
  Vec3               1 / 1
  Vertex             24 / 24
  Vertex_Cache       24 / 24
  Debug_Stats        1 / 1
  FrameData          1 / 1
  Strings_Builder    1 / 1
  DataPoint          26 / 26
  Field              262659 / 262659
  Model              1 / 1
  Face_List          1 / 1
  TOTAL              262762 / 262762

--- FETCHES (edit / copy / set) ---
  Bool               100 / 0 / 0
  Int                601 / 0 / 0
  I64                200 / 0 / 0
  F32                100 / 0 / 0
  F64                100 / 0 / 0
  Vec3               301 / 0 / 0
  Debug_Stats        500 / 0 / 0

--- FIELD OCCUPANCY ---
  Field[0] 'field' levels:4 dims:3
    bounds X:[-8.0000,8.0000] Y:[-8.0000,8.0000] Z:[-8.0000,8.0000]
    level 0: 1 / 1 cells occupied
    level 1: 1 / 8 cells occupied
    level 2: 1 / 64 cells occupied
    level 3: 1 / 512 cells occupied
    level 4: 1 / 4096 cells occupied
  Field[1] 'model_field' levels:4 dims:3
    bounds X:[-1.0000,1.0000] Y:[-1.0000,1.0000] Z:[-1.0000,1.0000]
    level 0: 1 / 1 cells occupied
    level 1: 8 / 8 cells occupied
    level 2: 64 / 64 cells occupied
    level 3: 512 / 512 cells occupied
    level 4: 1352 / 4096 cells occupied

  Screen Fields: 262657 total | 2934 with occupied cells
  Root SF [2] levels:5 dims:2 bounds X:[0,800] Y:[0,600]
    level 0: 0 / 1
    level 1: 0 / 4
    level 2: 0 / 16
    level 3: 0 / 64
    level 4: 0 / 256
    level 5: 0 / 1024

[F2: enable fetch timing]

---
=== HOLLOWS ENGINE ===
FPS: 43 | Pixel: 14.6ms | Input: 0.000ms | Texture: 0.514ms
Camera: [0.00, 0.00, 14.98]

--- DATA (valid / total) ---
  Bool               2 / 2
  Int                6 / 6
  I64                2 / 2
  F32                5 / 5
  F64                2 / 2
  CString            6 / 6
  Vec3               1 / 1
  Vertex             24 / 24
  Vertex_Cache       24 / 24
  Debug_Stats        1 / 1
  FrameData          1 / 1
  Strings_Builder    1 / 1
  DataPoint          26 / 26
  Field              262659 / 262659
  Model              1 / 1
  Face_List          1 / 1
  TOTAL              262762 / 262762

--- FETCHES (edit / copy / set) ---
  Bool               94 / 0 / 0
  Int                565 / 0 / 0
  I64                188 / 0 / 0
  F32                94 / 0 / 0
  F64                94 / 0 / 0
  Vec3               283 / 0 / 0
  Debug_Stats        470 / 0 / 0

--- FIELD OCCUPANCY ---
  Field[0] 'field' levels:4 dims:3
    bounds X:[-8.0000,8.0000] Y:[-8.0000,8.0000] Z:[-8.0000,8.0000]
    level 0: 1 / 1 cells occupied
    level 1: 1 / 8 cells occupied
    level 2: 1 / 64 cells occupied
    level 3: 1 / 512 cells occupied
    level 4: 1 / 4096 cells occupied
  Field[1] 'model_field' levels:4 dims:3
    bounds X:[-1.0000,1.0000] Y:[-1.0000,1.0000] Z:[-1.0000,1.0000]
    level 0: 1 / 1 cells occupied
    level 1: 8 / 8 cells occupied
    level 2: 64 / 64 cells occupied
    level 3: 512 / 512 cells occupied
    level 4: 1352 / 4096 cells occupied

  Screen Fields: 262657 total | 2934 with occupied cells
  Root SF [2] levels:5 dims:2 bounds X:[0,800] Y:[0,600]
    level 0: 0 / 1
    level 1: 0 / 4
    level 2: 0 / 16
    level 3: 0 / 64
    level 4: 0 / 256
    level 5: 0 / 1024

[F2: enable fetch timing]

---
=== HOLLOWS ENGINE ===
FPS: 63 | Pixel: 15.0ms | Input: 0.000ms | Texture: 0.560ms
Camera: [0.00, 0.00, 14.98]

--- DATA (valid / total) ---
  Bool               2 / 2
  Int                6 / 6
  I64                2 / 2
  F32                5 / 5
  F64                2 / 2
  CString            6 / 6
  Vec3               1 / 1
  Vertex             24 / 24
  Vertex_Cache       24 / 24
  Debug_Stats        1 / 1
  FrameData          1 / 1
  Strings_Builder    1 / 1
  DataPoint          26 / 26
  Field              262659 / 262659
  Model              1 / 1
  Face_List          1 / 1
  TOTAL              262762 / 262762

--- FETCHES (edit / copy / set) ---
  Bool               96 / 0 / 0
  Int                577 / 0 / 0
  I64                192 / 0 / 0
  F32                96 / 0 / 0
  F64                96 / 0 / 0
  Vec3               289 / 0 / 0
  Debug_Stats        480 / 0 / 0

--- FIELD OCCUPANCY ---
  Field[0] 'field' levels:4 dims:3
    bounds X:[-8.0000,8.0000] Y:[-8.0000,8.0000] Z:[-8.0000,8.0000]
    level 0: 1 / 1 cells occupied
    level 1: 1 / 8 cells occupied
    level 2: 1 / 64 cells occupied
    level 3: 1 / 512 cells occupied
    level 4: 1 / 4096 cells occupied
  Field[1] 'model_field' levels:4 dims:3
    bounds X:[-1.0000,1.0000] Y:[-1.0000,1.0000] Z:[-1.0000,1.0000]
    level 0: 1 / 1 cells occupied
    level 1: 8 / 8 cells occupied
    level 2: 64 / 64 cells occupied
    level 3: 512 / 512 cells occupied
    level 4: 1352 / 4096 cells occupied

  Screen Fields: 262657 total | 2934 with occupied cells
  Root SF [2] levels:5 dims:2 bounds X:[0,800] Y:[0,600]
    level 0: 0 / 1
    level 1: 0 / 4
    level 2: 0 / 16
    level 3: 0 / 64
    level 4: 0 / 256
    level 5: 0 / 1024

[F2: enable fetch timing]

---
=== HOLLOWS ENGINE ===
FPS: 66 | Pixel: 14.3ms | Input: 0.000ms | Texture: 0.523ms
Camera: [0.00, 0.00, 14.98]

--- DATA (valid / total) ---
  Bool               2 / 2
  Int                6 / 6
  I64                2 / 2
  F32                5 / 5
  F64                2 / 2
  CString            6 / 6
  Vec3               1 / 1
  Vertex             24 / 24
  Vertex_Cache       24 / 24
  Debug_Stats        1 / 1
  FrameData          1 / 1
  Strings_Builder    1 / 1
  DataPoint          26 / 26
  Field              262659 / 262659
  Model              1 / 1
  Face_List          1 / 1
  TOTAL              262762 / 262762

--- FETCHES (edit / copy / set) ---
  Bool               105 / 0 / 0
  Int                631 / 0 / 0
  I64                210 / 0 / 0
  F32                105 / 0 / 0
  F64                105 / 0 / 0
  Vec3               316 / 0 / 0
  Debug_Stats        525 / 0 / 0

--- FIELD OCCUPANCY ---
  Field[0] 'field' levels:4 dims:3
    bounds X:[-8.0000,8.0000] Y:[-8.0000,8.0000] Z:[-8.0000,8.0000]
    level 0: 1 / 1 cells occupied
    level 1: 1 / 8 cells occupied
    level 2: 1 / 64 cells occupied
    level 3: 1 / 512 cells occupied
    level 4: 1 / 4096 cells occupied
  Field[1] 'model_field' levels:4 dims:3
    bounds X:[-1.0000,1.0000] Y:[-1.0000,1.0000] Z:[-1.0000,1.0000]
    level 0: 1 / 1 cells occupied
    level 1: 8 / 8 cells occupied
    level 2: 64 / 64 cells occupied
    level 3: 512 / 512 cells occupied
    level 4: 1352 / 4096 cells occupied

  Screen Fields: 262657 total | 2934 with occupied cells
  Root SF [2] levels:5 dims:2 bounds X:[0,800] Y:[0,600]
    level 0: 0 / 1
    level 1: 0 / 4
    level 2: 0 / 16
    level 3: 0 / 64
    level 4: 0 / 256
    level 5: 0 / 1024

[F2: enable fetch timing]

---
=== HOLLOWS ENGINE ===
FPS: 65 | Pixel: 14.7ms | Input: 0.000ms | Texture: 0.521ms
Camera: [0.00, 0.00, 14.98]

--- DATA (valid / total) ---
  Bool               2 / 2
  Int                6 / 6
  I64                2 / 2
  F32                5 / 5
  F64                2 / 2
  CString            6 / 6
  Vec3               1 / 1
  Vertex             24 / 24
  Vertex_Cache       24 / 24
  Debug_Stats        1 / 1
  FrameData          1 / 1
  Strings_Builder    1 / 1
  DataPoint          26 / 26
  Field              262659 / 262659
  Model              1 / 1
  Face_List          1 / 1
  TOTAL              262762 / 262762

--- FETCHES (edit / copy / set) ---
  Bool               95 / 0 / 0
  Int                571 / 0 / 0
  I64                190 / 0 / 0
  F32                95 / 0 / 0
  F64                95 / 0 / 0
  Vec3               286 / 0 / 0
  Debug_Stats        475 / 0 / 0

--- FIELD OCCUPANCY ---
  Field[0] 'field' levels:4 dims:3
    bounds X:[-8.0000,8.0000] Y:[-8.0000,8.0000] Z:[-8.0000,8.0000]
    level 0: 1 / 1 cells occupied
    level 1: 1 / 8 cells occupied
    level 2: 1 / 64 cells occupied
    level 3: 1 / 512 cells occupied
    level 4: 1 / 4096 cells occupied
  Field[1] 'model_field' levels:4 dims:3
    bounds X:[-1.0000,1.0000] Y:[-1.0000,1.0000] Z:[-1.0000,1.0000]
    level 0: 1 / 1 cells occupied
    level 1: 8 / 8 cells occupied
    level 2: 64 / 64 cells occupied
    level 3: 512 / 512 cells occupied
    level 4: 1352 / 4096 cells occupied

  Screen Fields: 262657 total | 2934 with occupied cells
  Root SF [2] levels:5 dims:2 bounds X:[0,800] Y:[0,600]
    level 0: 0 / 1
    level 1: 0 / 4
    level 2: 0 / 16
    level 3: 0 / 64
    level 4: 0 / 256
    level 5: 0 / 1024

[F2: enable fetch timing]

---
=== HOLLOWS ENGINE ===
FPS: 67 | Pixel: 14.6ms | Input: 0.000ms | Texture: 0.508ms
Camera: [0.00, 0.00, 14.98]

--- DATA (valid / total) ---
  Bool               2 / 2
  Int                6 / 6
  I64                2 / 2
  F32                5 / 5
  F64                2 / 2
  CString            6 / 6
  Vec3               1 / 1
  Vertex             24 / 24
  Vertex_Cache       24 / 24
  Debug_Stats        1 / 1
  FrameData          1 / 1
  Strings_Builder    1 / 1
  DataPoint          26 / 26
  Field              262659 / 262659
  Model              1 / 1
  Face_List          1 / 1
  TOTAL              262762 / 262762

--- FETCHES (edit / copy / set) ---
  Bool               96 / 0 / 0
  Int                577 / 0 / 0
  I64                192 / 0 / 0
  F32                96 / 0 / 0
  F64                96 / 0 / 0
  Vec3               289 / 0 / 0
  Debug_Stats        480 / 0 / 0

--- FIELD OCCUPANCY ---
  Field[0] 'field' levels:4 dims:3
    bounds X:[-8.0000,8.0000] Y:[-8.0000,8.0000] Z:[-8.0000,8.0000]
    level 0: 1 / 1 cells occupied
    level 1: 1 / 8 cells occupied
    level 2: 1 / 64 cells occupied
    level 3: 1 / 512 cells occupied
    level 4: 1 / 4096 cells occupied
  Field[1] 'model_field' levels:4 dims:3
    bounds X:[-1.0000,1.0000] Y:[-1.0000,1.0000] Z:[-1.0000,1.0000]
    level 0: 1 / 1 cells occupied
    level 1: 8 / 8 cells occupied
    level 2: 64 / 64 cells occupied
    level 3: 512 / 512 cells occupied
    level 4: 1352 / 4096 cells occupied

  Screen Fields: 262657 total | 2934 with occupied cells
  Root SF [2] levels:5 dims:2 bounds X:[0,800] Y:[0,600]
    level 0: 0 / 1
    level 1: 0 / 4
    level 2: 0 / 16
    level 3: 0 / 64
    level 4: 0 / 256
    level 5: 0 / 1024

[F2: enable fetch timing]

---
=== HOLLOWS ENGINE ===
FPS: 66 | Pixel: 14.3ms | Input: 0.000ms | Texture: 0.512ms
Camera: [0.00, 0.00, 14.98]

--- DATA (valid / total) ---
  Bool               2 / 2
  Int                6 / 6
  I64                2 / 2
  F32                5 / 5
  F64                2 / 2
  CString            6 / 6
  Vec3               1 / 1
  Vertex             24 / 24
  Vertex_Cache       24 / 24
  Debug_Stats        1 / 1
  FrameData          1 / 1
  Strings_Builder    1 / 1
  DataPoint          26 / 26
  Field              262659 / 262659
  Model              1 / 1
  Face_List          1 / 1
  TOTAL              262762 / 262762

--- FETCHES (edit / copy / set) ---
  Bool               94 / 0 / 0
  Int                565 / 0 / 0
  I64                188 / 0 / 0
  F32                94 / 0 / 0
  F64                94 / 0 / 0
  Vec3               283 / 0 / 0
  Debug_Stats        470 / 0 / 0

--- FIELD OCCUPANCY ---
  Field[0] 'field' levels:4 dims:3
    bounds X:[-8.0000,8.0000] Y:[-8.0000,8.0000] Z:[-8.0000,8.0000]
    level 0: 1 / 1 cells occupied
    level 1: 1 / 8 cells occupied
    level 2: 1 / 64 cells occupied
    level 3: 1 / 512 cells occupied
    level 4: 1 / 4096 cells occupied
  Field[1] 'model_field' levels:4 dims:3
    bounds X:[-1.0000,1.0000] Y:[-1.0000,1.0000] Z:[-1.0000,1.0000]
    level 0: 1 / 1 cells occupied
    level 1: 8 / 8 cells occupied
    level 2: 64 / 64 cells occupied
    level 3: 512 / 512 cells occupied
    level 4: 1352 / 4096 cells occupied

  Screen Fields: 262657 total | 2934 with occupied cells
  Root SF [2] levels:5 dims:2 bounds X:[0,800] Y:[0,600]
    level 0: 0 / 1
    level 1: 0 / 4
    level 2: 0 / 16
    level 3: 0 / 64
    level 4: 0 / 256
    level 5: 0 / 1024

[F2: enable fetch timing]

---
=== HOLLOWS ENGINE ===
FPS: 66 | Pixel: 14.5ms | Input: 0.001ms | Texture: 0.507ms
Camera: [0.00, 0.00, 14.98]

--- DATA (valid / total) ---
  Bool               2 / 2
  Int                6 / 6
  I64                2 / 2
  F32                5 / 5
  F64                2 / 2
  CString            6 / 6
  Vec3               1 / 1
  Vertex             24 / 24
  Vertex_Cache       24 / 24
  Debug_Stats        1 / 1
  FrameData          1 / 1
  Strings_Builder    1 / 1
  DataPoint          26 / 26
  Field              262659 / 262659
  Model              1 / 1
  Face_List          1 / 1
  TOTAL              262762 / 262762

--- FETCHES (edit / copy / set) ---
  Bool               90 / 0 / 0
  Int                541 / 0 / 0
  I64                180 / 0 / 0
  F32                90 / 0 / 0
  F64                90 / 0 / 0
  Vec3               271 / 0 / 0
  Debug_Stats        450 / 0 / 0

--- FIELD OCCUPANCY ---
  Field[0] 'field' levels:4 dims:3
    bounds X:[-8.0000,8.0000] Y:[-8.0000,8.0000] Z:[-8.0000,8.0000]
    level 0: 1 / 1 cells occupied
    level 1: 1 / 8 cells occupied
    level 2: 1 / 64 cells occupied
    level 3: 1 / 512 cells occupied
    level 4: 1 / 4096 cells occupied
  Field[1] 'model_field' levels:4 dims:3
    bounds X:[-1.0000,1.0000] Y:[-1.0000,1.0000] Z:[-1.0000,1.0000]
    level 0: 1 / 1 cells occupied
    level 1: 8 / 8 cells occupied
    level 2: 64 / 64 cells occupied
    level 3: 512 / 512 cells occupied
    level 4: 1352 / 4096 cells occupied

  Screen Fields: 262657 total | 2934 with occupied cells
  Root SF [2] levels:5 dims:2 bounds X:[0,800] Y:[0,600]
    level 0: 0 / 1
    level 1: 0 / 4
    level 2: 0 / 16
    level 3: 0 / 64
    level 4: 0 / 256
    level 5: 0 / 1024

[F2: enable fetch timing]

---
=== HOLLOWS ENGINE ===
FPS: 65 | Pixel: 14.2ms | Input: 0.000ms | Texture: 0.510ms
Camera: [0.00, 0.00, 14.98]

--- DATA (valid / total) ---
  Bool               2 / 2
  Int                6 / 6
  I64                2 / 2
  F32                5 / 5
  F64                2 / 2
  CString            6 / 6
  Vec3               1 / 1
  Vertex             24 / 24
  Vertex_Cache       24 / 24
  Debug_Stats        1 / 1
  FrameData          1 / 1
  Strings_Builder    1 / 1
  DataPoint          26 / 26
  Field              262659 / 262659
  Model              1 / 1
  Face_List          1 / 1
  TOTAL              262762 / 262762

--- FETCHES (edit / copy / set) ---
  Bool               82 / 0 / 0
  Int                493 / 0 / 0
  I64                164 / 0 / 0
  F32                82 / 0 / 0
  F64                82 / 0 / 0
  Vec3               247 / 0 / 0
  Debug_Stats        410 / 0 / 0

--- FIELD OCCUPANCY ---
  Field[0] 'field' levels:4 dims:3
    bounds X:[-8.0000,8.0000] Y:[-8.0000,8.0000] Z:[-8.0000,8.0000]
    level 0: 1 / 1 cells occupied
    level 1: 1 / 8 cells occupied
    level 2: 1 / 64 cells occupied
    level 3: 1 / 512 cells occupied
    level 4: 1 / 4096 cells occupied
  Field[1] 'model_field' levels:4 dims:3
    bounds X:[-1.0000,1.0000] Y:[-1.0000,1.0000] Z:[-1.0000,1.0000]
    level 0: 1 / 1 cells occupied
    level 1: 8 / 8 cells occupied
    level 2: 64 / 64 cells occupied
    level 3: 512 / 512 cells occupied
    level 4: 1352 / 4096 cells occupied

  Screen Fields: 262657 total | 2934 with occupied cells
  Root SF [2] levels:5 dims:2 bounds X:[0,800] Y:[0,600]
    level 0: 0 / 1
    level 1: 0 / 4
    level 2: 0 / 16
    level 3: 0 / 64
    level 4: 0 / 256
    level 5: 0 / 1024

[F2: enable fetch timing]

---
=== HOLLOWS ENGINE ===
FPS: 44 | Pixel: 23.0ms | Input: 0.000ms | Texture: 0.556ms
Camera: [0.00, 0.00, 14.98]

--- DATA (valid / total) ---
  Bool               2 / 2
  Int                6 / 6
  I64                2 / 2
  F32                5 / 5
  F64                2 / 2
  CString            6 / 6
  Vec3               1 / 1
  Vertex             24 / 24
  Vertex_Cache       24 / 24
  Debug_Stats        1 / 1
  FrameData          1 / 1
  Strings_Builder    1 / 1
  DataPoint          26 / 26
  Field              262659 / 262659
  Model              1 / 1
  Face_List          1 / 1
  TOTAL              262762 / 262762

--- FETCHES (edit / copy / set) ---
  Bool               98 / 0 / 0
  Int                589 / 0 / 0
  I64                196 / 0 / 0
  F32                98 / 0 / 0
  F64                98 / 0 / 0
  Vec3               295 / 0 / 0
  Debug_Stats        490 / 0 / 0

--- FIELD OCCUPANCY ---
  Field[0] 'field' levels:4 dims:3
    bounds X:[-8.0000,8.0000] Y:[-8.0000,8.0000] Z:[-8.0000,8.0000]
    level 0: 1 / 1 cells occupied
    level 1: 1 / 8 cells occupied
    level 2: 1 / 64 cells occupied
    level 3: 1 / 512 cells occupied
    level 4: 1 / 4096 cells occupied
  Field[1] 'model_field' levels:4 dims:3
    bounds X:[-1.0000,1.0000] Y:[-1.0000,1.0000] Z:[-1.0000,1.0000]
    level 0: 1 / 1 cells occupied
    level 1: 8 / 8 cells occupied
    level 2: 64 / 64 cells occupied
    level 3: 512 / 512 cells occupied
    level 4: 1352 / 4096 cells occupied

  Screen Fields: 262657 total | 2934 with occupied cells
  Root SF [2] levels:5 dims:2 bounds X:[0,800] Y:[0,600]
    level 0: 0 / 1
    level 1: 0 / 4
    level 2: 0 / 16
    level 3: 0 / 64
    level 4: 0 / 256
    level 5: 0 / 1024

[F2: enable fetch timing]

---
=== HOLLOWS ENGINE ===
FPS: 63 | Pixel: 14.1ms | Input: 0.000ms | Texture: 0.496ms
Camera: [0.00, 0.00, 14.98]

--- DATA (valid / total) ---
  Bool               2 / 2
  Int                6 / 6
  I64                2 / 2
  F32                5 / 5
  F64                2 / 2
  CString            6 / 6
  Vec3               1 / 1
  Vertex             24 / 24
  Vertex_Cache       24 / 24
  Debug_Stats        1 / 1
  FrameData          1 / 1
  Strings_Builder    1 / 1
  DataPoint          26 / 26
  Field              262659 / 262659
  Model              1 / 1
  Face_List          1 / 1
  TOTAL              262762 / 262762

--- FETCHES (edit / copy / set) ---
  Bool               96 / 0 / 0
  Int                577 / 0 / 0
  I64                192 / 0 / 0
  F32                96 / 0 / 0
  F64                96 / 0 / 0
  Vec3               289 / 0 / 0
  Debug_Stats        480 / 0 / 0

--- FIELD OCCUPANCY ---
  Field[0] 'field' levels:4 dims:3
    bounds X:[-8.0000,8.0000] Y:[-8.0000,8.0000] Z:[-8.0000,8.0000]
    level 0: 1 / 1 cells occupied
    level 1: 1 / 8 cells occupied
    level 2: 1 / 64 cells occupied
    level 3: 1 / 512 cells occupied
    level 4: 1 / 4096 cells occupied
  Field[1] 'model_field' levels:4 dims:3
    bounds X:[-1.0000,1.0000] Y:[-1.0000,1.0000] Z:[-1.0000,1.0000]
    level 0: 1 / 1 cells occupied
    level 1: 8 / 8 cells occupied
    level 2: 64 / 64 cells occupied
    level 3: 512 / 512 cells occupied
    level 4: 1352 / 4096 cells occupied

  Screen Fields: 262657 total | 2934 with occupied cells
  Root SF [2] levels:5 dims:2 bounds X:[0,800] Y:[0,600]
    level 0: 0 / 1
    level 1: 0 / 4
    level 2: 0 / 16
    level 3: 0 / 64
    level 4: 0 / 256
    level 5: 0 / 1024

[F2: enable fetch timing]

---
=== HOLLOWS ENGINE ===
FPS: 42 | Pixel: 23.1ms | Input: 0.000ms | Texture: 0.553ms
Camera: [0.00, 0.00, 14.98]

--- DATA (valid / total) ---
  Bool               2 / 2
  Int                6 / 6
  I64                2 / 2
  F32                5 / 5
  F64                2 / 2
  CString            6 / 6
  Vec3               1 / 1
  Vertex             24 / 24
  Vertex_Cache       24 / 24
  Debug_Stats        1 / 1
  FrameData          1 / 1
  Strings_Builder    1 / 1
  DataPoint          26 / 26
  Field              262659 / 262659
  Model              1 / 1
  Face_List          1 / 1
  TOTAL              262762 / 262762

--- FETCHES (edit / copy / set) ---
  Bool               92 / 0 / 0
  Int                553 / 0 / 0
  I64                184 / 0 / 0
  F32                92 / 0 / 0
  F64                92 / 0 / 0
  Vec3               277 / 0 / 0
  Debug_Stats        460 / 0 / 0

--- FIELD OCCUPANCY ---
  Field[0] 'field' levels:4 dims:3
    bounds X:[-8.0000,8.0000] Y:[-8.0000,8.0000] Z:[-8.0000,8.0000]
    level 0: 1 / 1 cells occupied
    level 1: 1 / 8 cells occupied
    level 2: 1 / 64 cells occupied
    level 3: 1 / 512 cells occupied
    level 4: 1 / 4096 cells occupied
  Field[1] 'model_field' levels:4 dims:3
    bounds X:[-1.0000,1.0000] Y:[-1.0000,1.0000] Z:[-1.0000,1.0000]
    level 0: 1 / 1 cells occupied
    level 1: 8 / 8 cells occupied
    level 2: 64 / 64 cells occupied
    level 3: 512 / 512 cells occupied
    level 4: 1352 / 4096 cells occupied

  Screen Fields: 262657 total | 2934 with occupied cells
  Root SF [2] levels:5 dims:2 bounds X:[0,800] Y:[0,600]
    level 0: 0 / 1
    level 1: 0 / 4
    level 2: 0 / 16
    level 3: 0 / 64
    level 4: 0 / 256
    level 5: 0 / 1024

[F2: enable fetch timing]

---
=== HOLLOWS ENGINE ===
FPS: 66 | Pixel: 14.3ms | Input: 0.000ms | Texture: 0.512ms
Camera: [0.00, 0.00, 14.98]

--- DATA (valid / total) ---
  Bool               2 / 2
  Int                6 / 6
  I64                2 / 2
  F32                5 / 5
  F64                2 / 2
  CString            6 / 6
  Vec3               1 / 1
  Vertex             24 / 24
  Vertex_Cache       24 / 24
  Debug_Stats        1 / 1
  FrameData          1 / 1
  Strings_Builder    1 / 1
  DataPoint          26 / 26
  Field              262659 / 262659
  Model              1 / 1
  Face_List          1 / 1
  TOTAL              262762 / 262762

--- FETCHES (edit / copy / set) ---
  Bool               90 / 0 / 0
  Int                541 / 0 / 0
  I64                180 / 0 / 0
  F32                90 / 0 / 0
  F64                90 / 0 / 0
  Vec3               271 / 0 / 0
  Debug_Stats        450 / 0 / 0

--- FIELD OCCUPANCY ---
  Field[0] 'field' levels:4 dims:3
    bounds X:[-8.0000,8.0000] Y:[-8.0000,8.0000] Z:[-8.0000,8.0000]
    level 0: 1 / 1 cells occupied
    level 1: 1 / 8 cells occupied
    level 2: 1 / 64 cells occupied
    level 3: 1 / 512 cells occupied
    level 4: 1 / 4096 cells occupied
  Field[1] 'model_field' levels:4 dims:3
    bounds X:[-1.0000,1.0000] Y:[-1.0000,1.0000] Z:[-1.0000,1.0000]
    level 0: 1 / 1 cells occupied
    level 1: 8 / 8 cells occupied
    level 2: 64 / 64 cells occupied
    level 3: 512 / 512 cells occupied
    level 4: 1352 / 4096 cells occupied

  Screen Fields: 262657 total | 2934 with occupied cells
  Root SF [2] levels:5 dims:2 bounds X:[0,800] Y:[0,600]
    level 0: 0 / 1
    level 1: 0 / 4
    level 2: 0 / 16
    level 3: 0 / 64
    level 4: 0 / 256
    level 5: 0 / 1024

[F2: enable fetch timing]

---
=== HOLLOWS ENGINE ===
FPS: 41 | Pixel: 23.5ms | Input: 0.000ms | Texture: 0.566ms
Camera: [0.00, 0.00, 14.98]

--- DATA (valid / total) ---
  Bool               2 / 2
  Int                6 / 6
  I64                2 / 2
  F32                5 / 5
  F64                2 / 2
  CString            6 / 6
  Vec3               1 / 1
  Vertex             24 / 24
  Vertex_Cache       24 / 24
  Debug_Stats        1 / 1
  FrameData          1 / 1
  Strings_Builder    1 / 1
  DataPoint          26 / 26
  Field              262659 / 262659
  Model              1 / 1
  Face_List          1 / 1
  TOTAL              262762 / 262762

--- FETCHES (edit / copy / set) ---
  Bool               101 / 0 / 0
  Int                607 / 0 / 0
  I64                202 / 0 / 0
  F32                101 / 0 / 0
  F64                101 / 0 / 0
  Vec3               304 / 0 / 0
  Debug_Stats        505 / 0 / 0

--- FIELD OCCUPANCY ---
  Field[0] 'field' levels:4 dims:3
    bounds X:[-8.0000,8.0000] Y:[-8.0000,8.0000] Z:[-8.0000,8.0000]
    level 0: 1 / 1 cells occupied
    level 1: 1 / 8 cells occupied
    level 2: 1 / 64 cells occupied
    level 3: 1 / 512 cells occupied
    level 4: 1 / 4096 cells occupied
  Field[1] 'model_field' levels:4 dims:3
    bounds X:[-1.0000,1.0000] Y:[-1.0000,1.0000] Z:[-1.0000,1.0000]
    level 0: 1 / 1 cells occupied
    level 1: 8 / 8 cells occupied
    level 2: 64 / 64 cells occupied
    level 3: 512 / 512 cells occupied
    level 4: 1352 / 4096 cells occupied

  Screen Fields: 262657 total | 2934 with occupied cells
  Root SF [2] levels:5 dims:2 bounds X:[0,800] Y:[0,600]
    level 0: 0 / 1
    level 1: 0 / 4
    level 2: 0 / 16
    level 3: 0 / 64
    level 4: 0 / 256
    level 5: 0 / 1024

[F2: enable fetch timing]

---
=== HOLLOWS ENGINE ===
FPS: 55 | Pixel: 14.4ms | Input: 0.000ms | Texture: 0.512ms
Camera: [0.00, 0.00, 14.98]

--- DATA (valid / total) ---
  Bool               2 / 2
  Int                6 / 6
  I64                2 / 2
  F32                5 / 5
  F64                2 / 2
  CString            6 / 6
  Vec3               1 / 1
  Vertex             24 / 24
  Vertex_Cache       24 / 24
  Debug_Stats        1 / 1
  FrameData          1 / 1
  Strings_Builder    1 / 1
  DataPoint          26 / 26
  Field              262659 / 262659
  Model              1 / 1
  Face_List          1 / 1
  TOTAL              262762 / 262762

--- FETCHES (edit / copy / set) ---
  Bool               96 / 0 / 0
  Int                577 / 0 / 0
  I64                192 / 0 / 0
  F32                96 / 0 / 0
  F64                96 / 0 / 0
  Vec3               289 / 0 / 0
  Debug_Stats        480 / 0 / 0

--- FIELD OCCUPANCY ---
  Field[0] 'field' levels:4 dims:3
    bounds X:[-8.0000,8.0000] Y:[-8.0000,8.0000] Z:[-8.0000,8.0000]
    level 0: 1 / 1 cells occupied
    level 1: 1 / 8 cells occupied
    level 2: 1 / 64 cells occupied
    level 3: 1 / 512 cells occupied
    level 4: 1 / 4096 cells occupied
  Field[1] 'model_field' levels:4 dims:3
    bounds X:[-1.0000,1.0000] Y:[-1.0000,1.0000] Z:[-1.0000,1.0000]
    level 0: 1 / 1 cells occupied
    level 1: 8 / 8 cells occupied
    level 2: 64 / 64 cells occupied
    level 3: 512 / 512 cells occupied
    level 4: 1352 / 4096 cells occupied

  Screen Fields: 262657 total | 2934 with occupied cells
  Root SF [2] levels:5 dims:2 bounds X:[0,800] Y:[0,600]
    level 0: 0 / 1
    level 1: 0 / 4
    level 2: 0 / 16
    level 3: 0 / 64
    level 4: 0 / 256
    level 5: 0 / 1024

[F2: enable fetch timing]

---
=== HOLLOWS ENGINE ===
FPS: 66 | Pixel: 14.8ms | Input: 0.000ms | Texture: 0.505ms
Camera: [0.00, 0.00, 14.98]

--- DATA (valid / total) ---
  Bool               2 / 2
  Int                6 / 6
  I64                2 / 2
  F32                5 / 5
  F64                2 / 2
  CString            6 / 6
  Vec3               1 / 1
  Vertex             24 / 24
  Vertex_Cache       24 / 24
  Debug_Stats        1 / 1
  FrameData          1 / 1
  Strings_Builder    1 / 1
  DataPoint          26 / 26
  Field              262659 / 262659
  Model              1 / 1
  Face_List          1 / 1
  TOTAL              262762 / 262762

--- FETCHES (edit / copy / set) ---
  Bool               105 / 0 / 0
  Int                631 / 0 / 0
  I64                210 / 0 / 0
  F32                105 / 0 / 0
  F64                105 / 0 / 0
  Vec3               316 / 0 / 0
  Debug_Stats        525 / 0 / 0

--- FIELD OCCUPANCY ---
  Field[0] 'field' levels:4 dims:3
    bounds X:[-8.0000,8.0000] Y:[-8.0000,8.0000] Z:[-8.0000,8.0000]
    level 0: 1 / 1 cells occupied
    level 1: 1 / 8 cells occupied
    level 2: 1 / 64 cells occupied
    level 3: 1 / 512 cells occupied
    level 4: 1 / 4096 cells occupied
  Field[1] 'model_field' levels:4 dims:3
    bounds X:[-1.0000,1.0000] Y:[-1.0000,1.0000] Z:[-1.0000,1.0000]
    level 0: 1 / 1 cells occupied
    level 1: 8 / 8 cells occupied
    level 2: 64 / 64 cells occupied
    level 3: 512 / 512 cells occupied
    level 4: 1352 / 4096 cells occupied

  Screen Fields: 262657 total | 2934 with occupied cells
  Root SF [2] levels:5 dims:2 bounds X:[0,800] Y:[0,600]
    level 0: 0 / 1
    level 1: 0 / 4
    level 2: 0 / 16
    level 3: 0 / 64
    level 4: 0 / 256
    level 5: 0 / 1024

[F2: enable fetch timing]

---
=== HOLLOWS ENGINE ===
FPS: 68 | Pixel: 14.1ms | Input: 0.000ms | Texture: 0.505ms
Camera: [0.00, 0.00, 14.98]

--- DATA (valid / total) ---
  Bool               2 / 2
  Int                6 / 6
  I64                2 / 2
  F32                5 / 5
  F64                2 / 2
  CString            6 / 6
  Vec3               1 / 1
  Vertex             24 / 24
  Vertex_Cache       24 / 24
  Debug_Stats        1 / 1
  FrameData          1 / 1
  Strings_Builder    1 / 1
  DataPoint          26 / 26
  Field              262659 / 262659
  Model              1 / 1
  Face_List          1 / 1
  TOTAL              262762 / 262762

--- FETCHES (edit / copy / set) ---
  Bool               102 / 0 / 0
  Int                613 / 0 / 0
  I64                204 / 0 / 0
  F32                102 / 0 / 0
  F64                102 / 0 / 0
  Vec3               307 / 0 / 0
  Debug_Stats        510 / 0 / 0

--- FIELD OCCUPANCY ---
  Field[0] 'field' levels:4 dims:3
    bounds X:[-8.0000,8.0000] Y:[-8.0000,8.0000] Z:[-8.0000,8.0000]
    level 0: 1 / 1 cells occupied
    level 1: 1 / 8 cells occupied
    level 2: 1 / 64 cells occupied
    level 3: 1 / 512 cells occupied
    level 4: 1 / 4096 cells occupied
  Field[1] 'model_field' levels:4 dims:3
    bounds X:[-1.0000,1.0000] Y:[-1.0000,1.0000] Z:[-1.0000,1.0000]
    level 0: 1 / 1 cells occupied
    level 1: 8 / 8 cells occupied
    level 2: 64 / 64 cells occupied
    level 3: 512 / 512 cells occupied
    level 4: 1352 / 4096 cells occupied

  Screen Fields: 262657 total | 2934 with occupied cells
  Root SF [2] levels:5 dims:2 bounds X:[0,800] Y:[0,600]
    level 0: 0 / 1
    level 1: 0 / 4
    level 2: 0 / 16
    level 3: 0 / 64
    level 4: 0 / 256
    level 5: 0 / 1024

[F2: enable fetch timing]

---
=== HOLLOWS ENGINE ===
FPS: 68 | Pixel: 13.9ms | Input: 0.000ms | Texture: 0.495ms
Camera: [0.00, 0.00, 14.98]

--- DATA (valid / total) ---
  Bool               2 / 2
  Int                6 / 6
  I64                2 / 2
  F32                5 / 5
  F64                2 / 2
  CString            6 / 6
  Vec3               1 / 1
  Vertex             24 / 24
  Vertex_Cache       24 / 24
  Debug_Stats        1 / 1
  FrameData          1 / 1
  Strings_Builder    1 / 1
  DataPoint          26 / 26
  Field              262659 / 262659
  Model              1 / 1
  Face_List          1 / 1
  TOTAL              262762 / 262762

--- FETCHES (edit / copy / set) ---
  Bool               105 / 0 / 0
  Int                631 / 0 / 0
  I64                210 / 0 / 0
  F32                105 / 0 / 0
  F64                105 / 0 / 0
  Vec3               316 / 0 / 0
  Debug_Stats        525 / 0 / 0

--- FIELD OCCUPANCY ---
  Field[0] 'field' levels:4 dims:3
    bounds X:[-8.0000,8.0000] Y:[-8.0000,8.0000] Z:[-8.0000,8.0000]
    level 0: 1 / 1 cells occupied
    level 1: 1 / 8 cells occupied
    level 2: 1 / 64 cells occupied
    level 3: 1 / 512 cells occupied
    level 4: 1 / 4096 cells occupied
  Field[1] 'model_field' levels:4 dims:3
    bounds X:[-1.0000,1.0000] Y:[-1.0000,1.0000] Z:[-1.0000,1.0000]
    level 0: 1 / 1 cells occupied
    level 1: 8 / 8 cells occupied
    level 2: 64 / 64 cells occupied
    level 3: 512 / 512 cells occupied
    level 4: 1352 / 4096 cells occupied

  Screen Fields: 262657 total | 2934 with occupied cells
  Root SF [2] levels:5 dims:2 bounds X:[0,800] Y:[0,600]
    level 0: 0 / 1
    level 1: 0 / 4
    level 2: 0 / 16
    level 3: 0 / 64
    level 4: 0 / 256
    level 5: 0 / 1024

[F2: enable fetch timing]

---
=== HOLLOWS ENGINE ===
FPS: 50 | Pixel: 14.0ms | Input: 0.000ms | Texture: 0.502ms
Camera: [0.00, 0.00, 14.98]

--- DATA (valid / total) ---
  Bool               2 / 2
  Int                6 / 6
  I64                2 / 2
  F32                5 / 5
  F64                2 / 2
  CString            6 / 6
  Vec3               1 / 1
  Vertex             24 / 24
  Vertex_Cache       24 / 24
  Debug_Stats        1 / 1
  FrameData          1 / 1
  Strings_Builder    1 / 1
  DataPoint          26 / 26
  Field              262659 / 262659
  Model              1 / 1
  Face_List          1 / 1
  TOTAL              262762 / 262762

--- FETCHES (edit / copy / set) ---
  Bool               98 / 0 / 0
  Int                589 / 0 / 0
  I64                196 / 0 / 0
  F32                98 / 0 / 0
  F64                98 / 0 / 0
  Vec3               295 / 0 / 0
  Debug_Stats        490 / 0 / 0

--- FIELD OCCUPANCY ---
  Field[0] 'field' levels:4 dims:3
    bounds X:[-8.0000,8.0000] Y:[-8.0000,8.0000] Z:[-8.0000,8.0000]
    level 0: 1 / 1 cells occupied
    level 1: 1 / 8 cells occupied
    level 2: 1 / 64 cells occupied
    level 3: 1 / 512 cells occupied
    level 4: 1 / 4096 cells occupied
  Field[1] 'model_field' levels:4 dims:3
    bounds X:[-1.0000,1.0000] Y:[-1.0000,1.0000] Z:[-1.0000,1.0000]
    level 0: 1 / 1 cells occupied
    level 1: 8 / 8 cells occupied
    level 2: 64 / 64 cells occupied
    level 3: 512 / 512 cells occupied
    level 4: 1352 / 4096 cells occupied

  Screen Fields: 262657 total | 2934 with occupied cells
  Root SF [2] levels:5 dims:2 bounds X:[0,800] Y:[0,600]
    level 0: 0 / 1
    level 1: 0 / 4
    level 2: 0 / 16
    level 3: 0 / 64
    level 4: 0 / 256
    level 5: 0 / 1024

[F2: enable fetch timing]

---
=== HOLLOWS ENGINE ===
FPS: 67 | Pixel: 14.3ms | Input: 0.000ms | Texture: 0.512ms
Camera: [0.00, 0.00, 14.98]

--- DATA (valid / total) ---
  Bool               2 / 2
  Int                6 / 6
  I64                2 / 2
  F32                5 / 5
  F64                2 / 2
  CString            6 / 6
  Vec3               1 / 1
  Vertex             24 / 24
  Vertex_Cache       24 / 24
  Debug_Stats        1 / 1
  FrameData          1 / 1
  Strings_Builder    1 / 1
  DataPoint          26 / 26
  Field              262659 / 262659
  Model              1 / 1
  Face_List          1 / 1
  TOTAL              262762 / 262762

--- FETCHES (edit / copy / set) ---
  Bool               92 / 0 / 0
  Int                553 / 0 / 0
  I64                184 / 0 / 0
  F32                92 / 0 / 0
  F64                92 / 0 / 0
  Vec3               277 / 0 / 0
  Debug_Stats        460 / 0 / 0

--- FIELD OCCUPANCY ---
  Field[0] 'field' levels:4 dims:3
    bounds X:[-8.0000,8.0000] Y:[-8.0000,8.0000] Z:[-8.0000,8.0000]
    level 0: 1 / 1 cells occupied
    level 1: 1 / 8 cells occupied
    level 2: 1 / 64 cells occupied
    level 3: 1 / 512 cells occupied
    level 4: 1 / 4096 cells occupied
  Field[1] 'model_field' levels:4 dims:3
    bounds X:[-1.0000,1.0000] Y:[-1.0000,1.0000] Z:[-1.0000,1.0000]
    level 0: 1 / 1 cells occupied
    level 1: 8 / 8 cells occupied
    level 2: 64 / 64 cells occupied
    level 3: 512 / 512 cells occupied
    level 4: 1352 / 4096 cells occupied

  Screen Fields: 262657 total | 2934 with occupied cells
  Root SF [2] levels:5 dims:2 bounds X:[0,800] Y:[0,600]
    level 0: 0 / 1
    level 1: 0 / 4
    level 2: 0 / 16
    level 3: 0 / 64
    level 4: 0 / 256
    level 5: 0 / 1024

[F2: enable fetch timing]

---
=== HOLLOWS ENGINE ===
FPS: 67 | Pixel: 14.4ms | Input: 0.000ms | Texture: 0.505ms
Camera: [0.00, 0.00, 14.98]

--- DATA (valid / total) ---
  Bool               2 / 2
  Int                6 / 6
  I64                2 / 2
  F32                5 / 5
  F64                2 / 2
  CString            6 / 6
  Vec3               1 / 1
  Vertex             24 / 24
  Vertex_Cache       24 / 24
  Debug_Stats        1 / 1
  FrameData          1 / 1
  Strings_Builder    1 / 1
  DataPoint          26 / 26
  Field              262659 / 262659
  Model              1 / 1
  Face_List          1 / 1
  TOTAL              262762 / 262762

--- FETCHES (edit / copy / set) ---
  Bool               93 / 0 / 0
  Int                559 / 0 / 0
  I64                186 / 0 / 0
  F32                93 / 0 / 0
  F64                93 / 0 / 0
  Vec3               280 / 0 / 0
  Debug_Stats        465 / 0 / 0

--- FIELD OCCUPANCY ---
  Field[0] 'field' levels:4 dims:3
    bounds X:[-8.0000,8.0000] Y:[-8.0000,8.0000] Z:[-8.0000,8.0000]
    level 0: 1 / 1 cells occupied
    level 1: 1 / 8 cells occupied
    level 2: 1 / 64 cells occupied
    level 3: 1 / 512 cells occupied
    level 4: 1 / 4096 cells occupied
  Field[1] 'model_field' levels:4 dims:3
    bounds X:[-1.0000,1.0000] Y:[-1.0000,1.0000] Z:[-1.0000,1.0000]
    level 0: 1 / 1 cells occupied
    level 1: 8 / 8 cells occupied
    level 2: 64 / 64 cells occupied
    level 3: 512 / 512 cells occupied
    level 4: 1352 / 4096 cells occupied

  Screen Fields: 262657 total | 2934 with occupied cells
  Root SF [2] levels:5 dims:2 bounds X:[0,800] Y:[0,600]
    level 0: 0 / 1
    level 1: 0 / 4
    level 2: 0 / 16
    level 3: 0 / 64
    level 4: 0 / 256
    level 5: 0 / 1024

[F2: enable fetch timing]

---
=== HOLLOWS ENGINE ===
FPS: 46 | Pixel: 14.4ms | Input: 0.000ms | Texture: 0.502ms
Camera: [0.00, 0.00, 14.98]

--- DATA (valid / total) ---
  Bool               2 / 2
  Int                6 / 6
  I64                2 / 2
  F32                5 / 5
  F64                2 / 2
  CString            6 / 6
  Vec3               1 / 1
  Vertex             24 / 24
  Vertex_Cache       24 / 24
  Debug_Stats        1 / 1
  FrameData          1 / 1
  Strings_Builder    1 / 1
  DataPoint          26 / 26
  Field              262659 / 262659
  Model              1 / 1
  Face_List          1 / 1
  TOTAL              262762 / 262762

--- FETCHES (edit / copy / set) ---
  Bool               103 / 0 / 0
  Int                619 / 0 / 0
  I64                206 / 0 / 0
  F32                103 / 0 / 0
  F64                103 / 0 / 0
  Vec3               310 / 0 / 0
  Debug_Stats        515 / 0 / 0

--- FIELD OCCUPANCY ---
  Field[0] 'field' levels:4 dims:3
    bounds X:[-8.0000,8.0000] Y:[-8.0000,8.0000] Z:[-8.0000,8.0000]
    level 0: 1 / 1 cells occupied
    level 1: 1 / 8 cells occupied
    level 2: 1 / 64 cells occupied
    level 3: 1 / 512 cells occupied
    level 4: 1 / 4096 cells occupied
  Field[1] 'model_field' levels:4 dims:3
    bounds X:[-1.0000,1.0000] Y:[-1.0000,1.0000] Z:[-1.0000,1.0000]
    level 0: 1 / 1 cells occupied
    level 1: 8 / 8 cells occupied
    level 2: 64 / 64 cells occupied
    level 3: 512 / 512 cells occupied
    level 4: 1352 / 4096 cells occupied

  Screen Fields: 262657 total | 2934 with occupied cells
  Root SF [2] levels:5 dims:2 bounds X:[0,800] Y:[0,600]
    level 0: 0 / 1
    level 1: 0 / 4
    level 2: 0 / 16
    level 3: 0 / 64
    level 4: 0 / 256
    level 5: 0 / 1024

[F2: enable fetch timing]

---
=== HOLLOWS ENGINE ===
FPS: 67 | Pixel: 14.2ms | Input: 0.000ms | Texture: 0.503ms
Camera: [0.00, 0.00, 14.98]

--- DATA (valid / total) ---
  Bool               2 / 2
  Int                6 / 6
  I64                2 / 2
  F32                5 / 5
  F64                2 / 2
  CString            6 / 6
  Vec3               1 / 1
  Vertex             24 / 24
  Vertex_Cache       24 / 24
  Debug_Stats        1 / 1
  FrameData          1 / 1
  Strings_Builder    1 / 1
  DataPoint          26 / 26
  Field              262659 / 262659
  Model              1 / 1
  Face_List          1 / 1
  TOTAL              262762 / 262762

--- FETCHES (edit / copy / set) ---
  Bool               107 / 0 / 0
  Int                643 / 0 / 0
  I64                214 / 0 / 0
  F32                107 / 0 / 0
  F64                107 / 0 / 0
  Vec3               322 / 0 / 0
  Debug_Stats        535 / 0 / 0

--- FIELD OCCUPANCY ---
  Field[0] 'field' levels:4 dims:3
    bounds X:[-8.0000,8.0000] Y:[-8.0000,8.0000] Z:[-8.0000,8.0000]
    level 0: 1 / 1 cells occupied
    level 1: 1 / 8 cells occupied
    level 2: 1 / 64 cells occupied
    level 3: 1 / 512 cells occupied
    level 4: 1 / 4096 cells occupied
  Field[1] 'model_field' levels:4 dims:3
    bounds X:[-1.0000,1.0000] Y:[-1.0000,1.0000] Z:[-1.0000,1.0000]
    level 0: 1 / 1 cells occupied
    level 1: 8 / 8 cells occupied
    level 2: 64 / 64 cells occupied
    level 3: 512 / 512 cells occupied
    level 4: 1352 / 4096 cells occupied

  Screen Fields: 262657 total | 2934 with occupied cells
  Root SF [2] levels:5 dims:2 bounds X:[0,800] Y:[0,600]
    level 0: 0 / 1
    level 1: 0 / 4
    level 2: 0 / 16
    level 3: 0 / 64
    level 4: 0 / 256
    level 5: 0 / 1024

[F2: enable fetch timing]

---
=== HOLLOWS ENGINE ===
FPS: 67 | Pixel: 14.2ms | Input: 0.000ms | Texture: 0.500ms
Camera: [0.00, 0.00, 14.98]

--- DATA (valid / total) ---
  Bool               2 / 2
  Int                6 / 6
  I64                2 / 2
  F32                5 / 5
  F64                2 / 2
  CString            6 / 6
  Vec3               1 / 1
  Vertex             24 / 24
  Vertex_Cache       24 / 24
  Debug_Stats        1 / 1
  FrameData          1 / 1
  Strings_Builder    1 / 1
  DataPoint          26 / 26
  Field              262659 / 262659
  Model              1 / 1
  Face_List          1 / 1
  TOTAL              262762 / 262762

--- FETCHES (edit / copy / set) ---
  Bool               93 / 0 / 0
  Int                559 / 0 / 0
  I64                186 / 0 / 0
  F32                93 / 0 / 0
  F64                93 / 0 / 0
  Vec3               280 / 0 / 0
  Debug_Stats        465 / 0 / 0

--- FIELD OCCUPANCY ---
  Field[0] 'field' levels:4 dims:3
    bounds X:[-8.0000,8.0000] Y:[-8.0000,8.0000] Z:[-8.0000,8.0000]
    level 0: 1 / 1 cells occupied
    level 1: 1 / 8 cells occupied
    level 2: 1 / 64 cells occupied
    level 3: 1 / 512 cells occupied
    level 4: 1 / 4096 cells occupied
  Field[1] 'model_field' levels:4 dims:3
    bounds X:[-1.0000,1.0000] Y:[-1.0000,1.0000] Z:[-1.0000,1.0000]
    level 0: 1 / 1 cells occupied
    level 1: 8 / 8 cells occupied
    level 2: 64 / 64 cells occupied
    level 3: 512 / 512 cells occupied
    level 4: 1352 / 4096 cells occupied

  Screen Fields: 262657 total | 2934 with occupied cells
  Root SF [2] levels:5 dims:2 bounds X:[0,800] Y:[0,600]
    level 0: 0 / 1
    level 1: 0 / 4
    level 2: 0 / 16
    level 3: 0 / 64
    level 4: 0 / 256
    level 5: 0 / 1024

[F2: enable fetch timing]

---
=== HOLLOWS ENGINE ===
FPS: 41 | Pixel: 23.0ms | Input: 0.000ms | Texture: 0.556ms
Camera: [0.00, 0.00, 14.98]

--- DATA (valid / total) ---
  Bool               2 / 2
  Int                6 / 6
  I64                2 / 2
  F32                5 / 5
  F64                2 / 2
  CString            6 / 6
  Vec3               1 / 1
  Vertex             24 / 24
  Vertex_Cache       24 / 24
  Debug_Stats        1 / 1
  FrameData          1 / 1
  Strings_Builder    1 / 1
  DataPoint          26 / 26
  Field              262659 / 262659
  Model              1 / 1
  Face_List          1 / 1
  TOTAL              262762 / 262762

--- FETCHES (edit / copy / set) ---
  Bool               95 / 0 / 0
  Int                571 / 0 / 0
  I64                190 / 0 / 0
  F32                95 / 0 / 0
  F64                95 / 0 / 0
  Vec3               286 / 0 / 0
  Debug_Stats        475 / 0 / 0

--- FIELD OCCUPANCY ---
  Field[0] 'field' levels:4 dims:3
    bounds X:[-8.0000,8.0000] Y:[-8.0000,8.0000] Z:[-8.0000,8.0000]
    level 0: 1 / 1 cells occupied
    level 1: 1 / 8 cells occupied
    level 2: 1 / 64 cells occupied
    level 3: 1 / 512 cells occupied
    level 4: 1 / 4096 cells occupied
  Field[1] 'model_field' levels:4 dims:3
    bounds X:[-1.0000,1.0000] Y:[-1.0000,1.0000] Z:[-1.0000,1.0000]
    level 0: 1 / 1 cells occupied
    level 1: 8 / 8 cells occupied
    level 2: 64 / 64 cells occupied
    level 3: 512 / 512 cells occupied
    level 4: 1352 / 4096 cells occupied

  Screen Fields: 262657 total | 2934 with occupied cells
  Root SF [2] levels:5 dims:2 bounds X:[0,800] Y:[0,600]
    level 0: 0 / 1
    level 1: 0 / 4
    level 2: 0 / 16
    level 3: 0 / 64
    level 4: 0 / 256
    level 5: 0 / 1024

[F2: enable fetch timing]

---
=== HOLLOWS ENGINE ===
FPS: 67 | Pixel: 14.0ms | Input: 0.000ms | Texture: 0.500ms
Camera: [0.00, 0.00, 14.98]

--- DATA (valid / total) ---
  Bool               2 / 2
  Int                6 / 6
  I64                2 / 2
  F32                5 / 5
  F64                2 / 2
  CString            6 / 6
  Vec3               1 / 1
  Vertex             24 / 24
  Vertex_Cache       24 / 24
  Debug_Stats        1 / 1
  FrameData          1 / 1
  Strings_Builder    1 / 1
  DataPoint          26 / 26
  Field              262659 / 262659
  Model              1 / 1
  Face_List          1 / 1
  TOTAL              262762 / 262762

--- FETCHES (edit / copy / set) ---
  Bool               99 / 0 / 0
  Int                595 / 0 / 0
  I64                198 / 0 / 0
  F32                99 / 0 / 0
  F64                99 / 0 / 0
  Vec3               298 / 0 / 0
  Debug_Stats        495 / 0 / 0

--- FIELD OCCUPANCY ---
  Field[0] 'field' levels:4 dims:3
    bounds X:[-8.0000,8.0000] Y:[-8.0000,8.0000] Z:[-8.0000,8.0000]
    level 0: 1 / 1 cells occupied
    level 1: 1 / 8 cells occupied
    level 2: 1 / 64 cells occupied
    level 3: 1 / 512 cells occupied
    level 4: 1 / 4096 cells occupied
  Field[1] 'model_field' levels:4 dims:3
    bounds X:[-1.0000,1.0000] Y:[-1.0000,1.0000] Z:[-1.0000,1.0000]
    level 0: 1 / 1 cells occupied
    level 1: 8 / 8 cells occupied
    level 2: 64 / 64 cells occupied
    level 3: 512 / 512 cells occupied
    level 4: 1352 / 4096 cells occupied

  Screen Fields: 262657 total | 2934 with occupied cells
  Root SF [2] levels:5 dims:2 bounds X:[0,800] Y:[0,600]
    level 0: 0 / 1
    level 1: 0 / 4
    level 2: 0 / 16
    level 3: 0 / 64
    level 4: 0 / 256
    level 5: 0 / 1024

[F2: enable fetch timing]

---
=== HOLLOWS ENGINE ===
FPS: 43 | Pixel: 22.4ms | Input: 0.000ms | Texture: 0.552ms
Camera: [0.00, 0.00, 14.98]

--- DATA (valid / total) ---
  Bool               2 / 2
  Int                6 / 6
  I64                2 / 2
  F32                5 / 5
  F64                2 / 2
  CString            6 / 6
  Vec3               1 / 1
  Vertex             24 / 24
  Vertex_Cache       24 / 24
  Debug_Stats        1 / 1
  FrameData          1 / 1
  Strings_Builder    1 / 1
  DataPoint          26 / 26
  Field              262659 / 262659
  Model              1 / 1
  Face_List          1 / 1
  TOTAL              262762 / 262762

--- FETCHES (edit / copy / set) ---
  Bool               94 / 0 / 0
  Int                565 / 0 / 0
  I64                188 / 0 / 0
  F32                94 / 0 / 0
  F64                94 / 0 / 0
  Vec3               283 / 0 / 0
  Debug_Stats        470 / 0 / 0

--- FIELD OCCUPANCY ---
  Field[0] 'field' levels:4 dims:3
    bounds X:[-8.0000,8.0000] Y:[-8.0000,8.0000] Z:[-8.0000,8.0000]
    level 0: 1 / 1 cells occupied
    level 1: 1 / 8 cells occupied
    level 2: 1 / 64 cells occupied
    level 3: 1 / 512 cells occupied
    level 4: 1 / 4096 cells occupied
  Field[1] 'model_field' levels:4 dims:3
    bounds X:[-1.0000,1.0000] Y:[-1.0000,1.0000] Z:[-1.0000,1.0000]
    level 0: 1 / 1 cells occupied
    level 1: 8 / 8 cells occupied
    level 2: 64 / 64 cells occupied
    level 3: 512 / 512 cells occupied
    level 4: 1352 / 4096 cells occupied

  Screen Fields: 262657 total | 2934 with occupied cells
  Root SF [2] levels:5 dims:2 bounds X:[0,800] Y:[0,600]
    level 0: 0 / 1
    level 1: 0 / 4
    level 2: 0 / 16
    level 3: 0 / 64
    level 4: 0 / 256
    level 5: 0 / 1024

[F2: enable fetch timing]

---
=== HOLLOWS ENGINE ===
FPS: 67 | Pixel: 13.9ms | Input: 0.000ms | Texture: 0.498ms
Camera: [0.00, 0.00, 14.98]

--- DATA (valid / total) ---
  Bool               2 / 2
  Int                6 / 6
  I64                2 / 2
  F32                5 / 5
  F64                2 / 2
  CString            6 / 6
  Vec3               1 / 1
  Vertex             24 / 24
  Vertex_Cache       24 / 24
  Debug_Stats        1 / 1
  FrameData          1 / 1
  Strings_Builder    1 / 1
  DataPoint          26 / 26
  Field              262659 / 262659
  Model              1 / 1
  Face_List          1 / 1
  TOTAL              262762 / 262762

--- FETCHES (edit / copy / set) ---
  Bool               100 / 0 / 0
  Int                601 / 0 / 0
  I64                200 / 0 / 0
  F32                100 / 0 / 0
  F64                100 / 0 / 0
  Vec3               301 / 0 / 0
  Debug_Stats        500 / 0 / 0

--- FIELD OCCUPANCY ---
  Field[0] 'field' levels:4 dims:3
    bounds X:[-8.0000,8.0000] Y:[-8.0000,8.0000] Z:[-8.0000,8.0000]
    level 0: 1 / 1 cells occupied
    level 1: 1 / 8 cells occupied
    level 2: 1 / 64 cells occupied
    level 3: 1 / 512 cells occupied
    level 4: 1 / 4096 cells occupied
  Field[1] 'model_field' levels:4 dims:3
    bounds X:[-1.0000,1.0000] Y:[-1.0000,1.0000] Z:[-1.0000,1.0000]
    level 0: 1 / 1 cells occupied
    level 1: 8 / 8 cells occupied
    level 2: 64 / 64 cells occupied
    level 3: 512 / 512 cells occupied
    level 4: 1352 / 4096 cells occupied

  Screen Fields: 262657 total | 2934 with occupied cells
  Root SF [2] levels:5 dims:2 bounds X:[0,800] Y:[0,600]
    level 0: 0 / 1
    level 1: 0 / 4
    level 2: 0 / 16
    level 3: 0 / 64
    level 4: 0 / 256
    level 5: 0 / 1024

[F2: enable fetch timing]

---
=== HOLLOWS ENGINE ===
FPS: 46 | Pixel: 14.0ms | Input: 0.000ms | Texture: 0.502ms
Camera: [0.00, 0.00, 14.98]

--- DATA (valid / total) ---
  Bool               2 / 2
  Int                6 / 6
  I64                2 / 2
  F32                5 / 5
  F64                2 / 2
  CString            6 / 6
  Vec3               1 / 1
  Vertex             24 / 24
  Vertex_Cache       24 / 24
  Debug_Stats        1 / 1
  FrameData          1 / 1
  Strings_Builder    1 / 1
  DataPoint          26 / 26
  Field              262659 / 262659
  Model              1 / 1
  Face_List          1 / 1
  TOTAL              262762 / 262762

--- FETCHES (edit / copy / set) ---
  Bool               98 / 0 / 0
  Int                589 / 0 / 0
  I64                196 / 0 / 0
  F32                98 / 0 / 0
  F64                98 / 0 / 0
  Vec3               295 / 0 / 0
  Debug_Stats        490 / 0 / 0

--- FIELD OCCUPANCY ---
  Field[0] 'field' levels:4 dims:3
    bounds X:[-8.0000,8.0000] Y:[-8.0000,8.0000] Z:[-8.0000,8.0000]
    level 0: 1 / 1 cells occupied
    level 1: 1 / 8 cells occupied
    level 2: 1 / 64 cells occupied
    level 3: 1 / 512 cells occupied
    level 4: 1 / 4096 cells occupied
  Field[1] 'model_field' levels:4 dims:3
    bounds X:[-1.0000,1.0000] Y:[-1.0000,1.0000] Z:[-1.0000,1.0000]
    level 0: 1 / 1 cells occupied
    level 1: 8 / 8 cells occupied
    level 2: 64 / 64 cells occupied
    level 3: 512 / 512 cells occupied
    level 4: 1352 / 4096 cells occupied

  Screen Fields: 262657 total | 2934 with occupied cells
  Root SF [2] levels:5 dims:2 bounds X:[0,800] Y:[0,600]
    level 0: 0 / 1
    level 1: 0 / 4
    level 2: 0 / 16
    level 3: 0 / 64
    level 4: 0 / 256
    level 5: 0 / 1024

[F2: enable fetch timing]

---
=== HOLLOWS ENGINE ===
FPS: 69 | Pixel: 14.2ms | Input: 0.000ms | Texture: 0.499ms
Camera: [0.00, 0.00, 14.98]

--- DATA (valid / total) ---
  Bool               2 / 2
  Int                6 / 6
  I64                2 / 2
  F32                5 / 5
  F64                2 / 2
  CString            6 / 6
  Vec3               1 / 1
  Vertex             24 / 24
  Vertex_Cache       24 / 24
  Debug_Stats        1 / 1
  FrameData          1 / 1
  Strings_Builder    1 / 1
  DataPoint          26 / 26
  Field              262659 / 262659
  Model              1 / 1
  Face_List          1 / 1
  TOTAL              262762 / 262762

--- FETCHES (edit / copy / set) ---
  Bool               89 / 0 / 0
  Int                535 / 0 / 0
  I64                178 / 0 / 0
  F32                89 / 0 / 0
  F64                89 / 0 / 0
  Vec3               268 / 0 / 0
  Debug_Stats        445 / 0 / 0

--- FIELD OCCUPANCY ---
  Field[0] 'field' levels:4 dims:3
    bounds X:[-8.0000,8.0000] Y:[-8.0000,8.0000] Z:[-8.0000,8.0000]
    level 0: 1 / 1 cells occupied
    level 1: 1 / 8 cells occupied
    level 2: 1 / 64 cells occupied
    level 3: 1 / 512 cells occupied
    level 4: 1 / 4096 cells occupied
  Field[1] 'model_field' levels:4 dims:3
    bounds X:[-1.0000,1.0000] Y:[-1.0000,1.0000] Z:[-1.0000,1.0000]
    level 0: 1 / 1 cells occupied
    level 1: 8 / 8 cells occupied
    level 2: 64 / 64 cells occupied
    level 3: 512 / 512 cells occupied
    level 4: 1352 / 4096 cells occupied

  Screen Fields: 262657 total | 2934 with occupied cells
  Root SF [2] levels:5 dims:2 bounds X:[0,800] Y:[0,600]
    level 0: 0 / 1
    level 1: 0 / 4
    level 2: 0 / 16
    level 3: 0 / 64
    level 4: 0 / 256
    level 5: 0 / 1024

[F2: enable fetch timing]

---
=== HOLLOWS ENGINE ===
FPS: 66 | Pixel: 14.5ms | Input: 0.000ms | Texture: 0.504ms
Camera: [0.00, 0.00, 14.98]

--- DATA (valid / total) ---
  Bool               2 / 2
  Int                6 / 6
  I64                2 / 2
  F32                5 / 5
  F64                2 / 2
  CString            6 / 6
  Vec3               1 / 1
  Vertex             24 / 24
  Vertex_Cache       24 / 24
  Debug_Stats        1 / 1
  FrameData          1 / 1
  Strings_Builder    1 / 1
  DataPoint          26 / 26
  Field              262659 / 262659
  Model              1 / 1
  Face_List          1 / 1
  TOTAL              262762 / 262762

--- FETCHES (edit / copy / set) ---
  Bool               91 / 0 / 0
  Int                547 / 0 / 0
  I64                182 / 0 / 0
  F32                91 / 0 / 0
  F64                91 / 0 / 0
  Vec3               274 / 0 / 0
  Debug_Stats        455 / 0 / 0

--- FIELD OCCUPANCY ---
  Field[0] 'field' levels:4 dims:3
    bounds X:[-8.0000,8.0000] Y:[-8.0000,8.0000] Z:[-8.0000,8.0000]
    level 0: 1 / 1 cells occupied
    level 1: 1 / 8 cells occupied
    level 2: 1 / 64 cells occupied
    level 3: 1 / 512 cells occupied
    level 4: 1 / 4096 cells occupied
  Field[1] 'model_field' levels:4 dims:3
    bounds X:[-1.0000,1.0000] Y:[-1.0000,1.0000] Z:[-1.0000,1.0000]
    level 0: 1 / 1 cells occupied
    level 1: 8 / 8 cells occupied
    level 2: 64 / 64 cells occupied
    level 3: 512 / 512 cells occupied
    level 4: 1352 / 4096 cells occupied

  Screen Fields: 262657 total | 2934 with occupied cells
  Root SF [2] levels:5 dims:2 bounds X:[0,800] Y:[0,600]
    level 0: 0 / 1
    level 1: 0 / 4
    level 2: 0 / 16
    level 3: 0 / 64
    level 4: 0 / 256
    level 5: 0 / 1024

[F2: enable fetch timing]

---
=== HOLLOWS ENGINE ===
FPS: 42 | Pixel: 23.0ms | Input: 0.000ms | Texture: 0.555ms
Camera: [0.00, 0.00, 14.98]

--- DATA (valid / total) ---
  Bool               2 / 2
  Int                6 / 6
  I64                2 / 2
  F32                5 / 5
  F64                2 / 2
  CString            6 / 6
  Vec3               1 / 1
  Vertex             24 / 24
  Vertex_Cache       24 / 24
  Debug_Stats        1 / 1
  FrameData          1 / 1
  Strings_Builder    1 / 1
  DataPoint          26 / 26
  Field              262659 / 262659
  Model              1 / 1
  Face_List          1 / 1
  TOTAL              262762 / 262762

--- FETCHES (edit / copy / set) ---
  Bool               95 / 0 / 0
  Int                571 / 0 / 0
  I64                190 / 0 / 0
  F32                95 / 0 / 0
  F64                95 / 0 / 0
  Vec3               286 / 0 / 0
  Debug_Stats        475 / 0 / 0

--- FIELD OCCUPANCY ---
  Field[0] 'field' levels:4 dims:3
    bounds X:[-8.0000,8.0000] Y:[-8.0000,8.0000] Z:[-8.0000,8.0000]
    level 0: 1 / 1 cells occupied
    level 1: 1 / 8 cells occupied
    level 2: 1 / 64 cells occupied
    level 3: 1 / 512 cells occupied
    level 4: 1 / 4096 cells occupied
  Field[1] 'model_field' levels:4 dims:3
    bounds X:[-1.0000,1.0000] Y:[-1.0000,1.0000] Z:[-1.0000,1.0000]
    level 0: 1 / 1 cells occupied
    level 1: 8 / 8 cells occupied
    level 2: 64 / 64 cells occupied
    level 3: 512 / 512 cells occupied
    level 4: 1352 / 4096 cells occupied

  Screen Fields: 262657 total | 2934 with occupied cells
  Root SF [2] levels:5 dims:2 bounds X:[0,800] Y:[0,600]
    level 0: 0 / 1
    level 1: 0 / 4
    level 2: 0 / 16
    level 3: 0 / 64
    level 4: 0 / 256
    level 5: 0 / 1024

[F2: enable fetch timing]

---
=== HOLLOWS ENGINE ===
FPS: 65 | Pixel: 14.5ms | Input: 0.000ms | Texture: 0.532ms
Camera: [0.00, 0.00, 14.98]

--- DATA (valid / total) ---
  Bool               2 / 2
  Int                6 / 6
  I64                2 / 2
  F32                5 / 5
  F64                2 / 2
  CString            6 / 6
  Vec3               1 / 1
  Vertex             24 / 24
  Vertex_Cache       24 / 24
  Debug_Stats        1 / 1
  FrameData          1 / 1
  Strings_Builder    1 / 1
  DataPoint          26 / 26
  Field              262659 / 262659
  Model              1 / 1
  Face_List          1 / 1
  TOTAL              262762 / 262762

--- FETCHES (edit / copy / set) ---
  Bool               99 / 0 / 0
  Int                595 / 0 / 0
  I64                198 / 0 / 0
  F32                99 / 0 / 0
  F64                99 / 0 / 0
  Vec3               298 / 0 / 0
  Debug_Stats        495 / 0 / 0

--- FIELD OCCUPANCY ---
  Field[0] 'field' levels:4 dims:3
    bounds X:[-8.0000,8.0000] Y:[-8.0000,8.0000] Z:[-8.0000,8.0000]
    level 0: 1 / 1 cells occupied
    level 1: 1 / 8 cells occupied
    level 2: 1 / 64 cells occupied
    level 3: 1 / 512 cells occupied
    level 4: 1 / 4096 cells occupied
  Field[1] 'model_field' levels:4 dims:3
    bounds X:[-1.0000,1.0000] Y:[-1.0000,1.0000] Z:[-1.0000,1.0000]
    level 0: 1 / 1 cells occupied
    level 1: 8 / 8 cells occupied
    level 2: 64 / 64 cells occupied
    level 3: 512 / 512 cells occupied
    level 4: 1352 / 4096 cells occupied

  Screen Fields: 262657 total | 2934 with occupied cells
  Root SF [2] levels:5 dims:2 bounds X:[0,800] Y:[0,600]
    level 0: 0 / 1
    level 1: 0 / 4
    level 2: 0 / 16
    level 3: 0 / 64
    level 4: 0 / 256
    level 5: 0 / 1024

[F2: enable fetch timing]

---
=== HOLLOWS ENGINE ===
FPS: 49 | Pixel: 22.7ms | Input: 0.000ms | Texture: 0.556ms
Camera: [0.00, 0.00, 14.98]

--- DATA (valid / total) ---
  Bool               2 / 2
  Int                6 / 6
  I64                2 / 2
  F32                5 / 5
  F64                2 / 2
  CString            6 / 6
  Vec3               1 / 1
  Vertex             24 / 24
  Vertex_Cache       24 / 24
  Debug_Stats        1 / 1
  FrameData          1 / 1
  Strings_Builder    1 / 1
  DataPoint          26 / 26
  Field              262659 / 262659
  Model              1 / 1
  Face_List          1 / 1
  TOTAL              262762 / 262762

--- FETCHES (edit / copy / set) ---
  Bool               100 / 0 / 0
  Int                601 / 0 / 0
  I64                200 / 0 / 0
  F32                100 / 0 / 0
  F64                100 / 0 / 0
  Vec3               301 / 0 / 0
  Debug_Stats        500 / 0 / 0

--- FIELD OCCUPANCY ---
  Field[0] 'field' levels:4 dims:3
    bounds X:[-8.0000,8.0000] Y:[-8.0000,8.0000] Z:[-8.0000,8.0000]
    level 0: 1 / 1 cells occupied
    level 1: 1 / 8 cells occupied
    level 2: 1 / 64 cells occupied
    level 3: 1 / 512 cells occupied
    level 4: 1 / 4096 cells occupied
  Field[1] 'model_field' levels:4 dims:3
    bounds X:[-1.0000,1.0000] Y:[-1.0000,1.0000] Z:[-1.0000,1.0000]
    level 0: 1 / 1 cells occupied
    level 1: 8 / 8 cells occupied
    level 2: 64 / 64 cells occupied
    level 3: 512 / 512 cells occupied
    level 4: 1352 / 4096 cells occupied

  Screen Fields: 262657 total | 2934 with occupied cells
  Root SF [2] levels:5 dims:2 bounds X:[0,800] Y:[0,600]
    level 0: 0 / 1
    level 1: 0 / 4
    level 2: 0 / 16
    level 3: 0 / 64
    level 4: 0 / 256
    level 5: 0 / 1024

[F2: enable fetch timing]

---
=== HOLLOWS ENGINE ===
FPS: 67 | Pixel: 14.3ms | Input: 0.000ms | Texture: 0.509ms
Camera: [0.00, 0.00, 14.98]

--- DATA (valid / total) ---
  Bool               2 / 2
  Int                6 / 6
  I64                2 / 2
  F32                5 / 5
  F64                2 / 2
  CString            6 / 6
  Vec3               1 / 1
  Vertex             24 / 24
  Vertex_Cache       24 / 24
  Debug_Stats        1 / 1
  FrameData          1 / 1
  Strings_Builder    1 / 1
  DataPoint          26 / 26
  Field              262659 / 262659
  Model              1 / 1
  Face_List          1 / 1
  TOTAL              262762 / 262762

--- FETCHES (edit / copy / set) ---
  Bool               107 / 0 / 0
  Int                643 / 0 / 0
  I64                214 / 0 / 0
  F32                107 / 0 / 0
  F64                107 / 0 / 0
  Vec3               322 / 0 / 0
  Debug_Stats        535 / 0 / 0

--- FIELD OCCUPANCY ---
  Field[0] 'field' levels:4 dims:3
    bounds X:[-8.0000,8.0000] Y:[-8.0000,8.0000] Z:[-8.0000,8.0000]
    level 0: 1 / 1 cells occupied
    level 1: 1 / 8 cells occupied
    level 2: 1 / 64 cells occupied
    level 3: 1 / 512 cells occupied
    level 4: 1 / 4096 cells occupied
  Field[1] 'model_field' levels:4 dims:3
    bounds X:[-1.0000,1.0000] Y:[-1.0000,1.0000] Z:[-1.0000,1.0000]
    level 0: 1 / 1 cells occupied
    level 1: 8 / 8 cells occupied
    level 2: 64 / 64 cells occupied
    level 3: 512 / 512 cells occupied
    level 4: 1352 / 4096 cells occupied

  Screen Fields: 262657 total | 2934 with occupied cells
  Root SF [2] levels:5 dims:2 bounds X:[0,800] Y:[0,600]
    level 0: 0 / 1
    level 1: 0 / 4
    level 2: 0 / 16
    level 3: 0 / 64
    level 4: 0 / 256
    level 5: 0 / 1024

[F2: enable fetch timing]

---
=== HOLLOWS ENGINE ===
FPS: 68 | Pixel: 14.2ms | Input: 0.000ms | Texture: 0.500ms
Camera: [0.00, 0.00, 14.98]

--- DATA (valid / total) ---
  Bool               2 / 2
  Int                6 / 6
  I64                2 / 2
  F32                5 / 5
  F64                2 / 2
  CString            6 / 6
  Vec3               1 / 1
  Vertex             24 / 24
  Vertex_Cache       24 / 24
  Debug_Stats        1 / 1
  FrameData          1 / 1
  Strings_Builder    1 / 1
  DataPoint          26 / 26
  Field              262659 / 262659
  Model              1 / 1
  Face_List          1 / 1
  TOTAL              262762 / 262762

--- FETCHES (edit / copy / set) ---
  Bool               106 / 0 / 0
  Int                637 / 0 / 0
  I64                212 / 0 / 0
  F32                106 / 0 / 0
  F64                106 / 0 / 0
  Vec3               319 / 0 / 0
  Debug_Stats        530 / 0 / 0

--- FIELD OCCUPANCY ---
  Field[0] 'field' levels:4 dims:3
    bounds X:[-8.0000,8.0000] Y:[-8.0000,8.0000] Z:[-8.0000,8.0000]
    level 0: 1 / 1 cells occupied
    level 1: 1 / 8 cells occupied
    level 2: 1 / 64 cells occupied
    level 3: 1 / 512 cells occupied
    level 4: 1 / 4096 cells occupied
  Field[1] 'model_field' levels:4 dims:3
    bounds X:[-1.0000,1.0000] Y:[-1.0000,1.0000] Z:[-1.0000,1.0000]
    level 0: 1 / 1 cells occupied
    level 1: 8 / 8 cells occupied
    level 2: 64 / 64 cells occupied
    level 3: 512 / 512 cells occupied
    level 4: 1352 / 4096 cells occupied

  Screen Fields: 262657 total | 2934 with occupied cells
  Root SF [2] levels:5 dims:2 bounds X:[0,800] Y:[0,600]
    level 0: 0 / 1
    level 1: 0 / 4
    level 2: 0 / 16
    level 3: 0 / 64
    level 4: 0 / 256
    level 5: 0 / 1024

[F2: enable fetch timing]

---
=== HOLLOWS ENGINE ===
FPS: 68 | Pixel: 14.6ms | Input: 0.000ms | Texture: 0.503ms
Camera: [0.00, 0.00, 14.98]

--- DATA (valid / total) ---
  Bool               2 / 2
  Int                6 / 6
  I64                2 / 2
  F32                5 / 5
  F64                2 / 2
  CString            6 / 6
  Vec3               1 / 1
  Vertex             24 / 24
  Vertex_Cache       24 / 24
  Debug_Stats        1 / 1
  FrameData          1 / 1
  Strings_Builder    1 / 1
  DataPoint          26 / 26
  Field              262659 / 262659
  Model              1 / 1
  Face_List          1 / 1
  TOTAL              262762 / 262762

--- FETCHES (edit / copy / set) ---
  Bool               98 / 0 / 0
  Int                589 / 0 / 0
  I64                196 / 0 / 0
  F32                98 / 0 / 0
  F64                98 / 0 / 0
  Vec3               295 / 0 / 0
  Debug_Stats        490 / 0 / 0

--- FIELD OCCUPANCY ---
  Field[0] 'field' levels:4 dims:3
    bounds X:[-8.0000,8.0000] Y:[-8.0000,8.0000] Z:[-8.0000,8.0000]
    level 0: 1 / 1 cells occupied
    level 1: 1 / 8 cells occupied
    level 2: 1 / 64 cells occupied
    level 3: 1 / 512 cells occupied
    level 4: 1 / 4096 cells occupied
  Field[1] 'model_field' levels:4 dims:3
    bounds X:[-1.0000,1.0000] Y:[-1.0000,1.0000] Z:[-1.0000,1.0000]
    level 0: 1 / 1 cells occupied
    level 1: 8 / 8 cells occupied
    level 2: 64 / 64 cells occupied
    level 3: 512 / 512 cells occupied
    level 4: 1352 / 4096 cells occupied

  Screen Fields: 262657 total | 2934 with occupied cells
  Root SF [2] levels:5 dims:2 bounds X:[0,800] Y:[0,600]
    level 0: 0 / 1
    level 1: 0 / 4
    level 2: 0 / 16
    level 3: 0 / 64
    level 4: 0 / 256
    level 5: 0 / 1024

[F2: enable fetch timing]

---
=== HOLLOWS ENGINE ===
FPS: 67 | Pixel: 14.2ms | Input: 0.000ms | Texture: 0.516ms
Camera: [0.00, 0.00, 14.98]

--- DATA (valid / total) ---
  Bool               2 / 2
  Int                6 / 6
  I64                2 / 2
  F32                5 / 5
  F64                2 / 2
  CString            6 / 6
  Vec3               1 / 1
  Vertex             24 / 24
  Vertex_Cache       24 / 24
  Debug_Stats        1 / 1
  FrameData          1 / 1
  Strings_Builder    1 / 1
  DataPoint          26 / 26
  Field              262659 / 262659
  Model              1 / 1
  Face_List          1 / 1
  TOTAL              262762 / 262762

--- FETCHES (edit / copy / set) ---
  Bool               94 / 0 / 0
  Int                565 / 0 / 0
  I64                188 / 0 / 0
  F32                94 / 0 / 0
  F64                94 / 0 / 0
  Vec3               283 / 0 / 0
  Debug_Stats        470 / 0 / 0

--- FIELD OCCUPANCY ---
  Field[0] 'field' levels:4 dims:3
    bounds X:[-8.0000,8.0000] Y:[-8.0000,8.0000] Z:[-8.0000,8.0000]
    level 0: 1 / 1 cells occupied
    level 1: 1 / 8 cells occupied
    level 2: 1 / 64 cells occupied
    level 3: 1 / 512 cells occupied
    level 4: 1 / 4096 cells occupied
  Field[1] 'model_field' levels:4 dims:3
    bounds X:[-1.0000,1.0000] Y:[-1.0000,1.0000] Z:[-1.0000,1.0000]
    level 0: 1 / 1 cells occupied
    level 1: 8 / 8 cells occupied
    level 2: 64 / 64 cells occupied
    level 3: 512 / 512 cells occupied
    level 4: 1352 / 4096 cells occupied

  Screen Fields: 262657 total | 2934 with occupied cells
  Root SF [2] levels:5 dims:2 bounds X:[0,800] Y:[0,600]
    level 0: 0 / 1
    level 1: 0 / 4
    level 2: 0 / 16
    level 3: 0 / 64
    level 4: 0 / 256
    level 5: 0 / 1024

[F2: enable fetch timing]

---
=== HOLLOWS ENGINE ===
FPS: 67 | Pixel: 13.8ms | Input: 0.000ms | Texture: 0.496ms
Camera: [0.00, 0.00, 14.98]

--- DATA (valid / total) ---
  Bool               2 / 2
  Int                6 / 6
  I64                2 / 2
  F32                5 / 5
  F64                2 / 2
  CString            6 / 6
  Vec3               1 / 1
  Vertex             24 / 24
  Vertex_Cache       24 / 24
  Debug_Stats        1 / 1
  FrameData          1 / 1
  Strings_Builder    1 / 1
  DataPoint          26 / 26
  Field              262659 / 262659
  Model              1 / 1
  Face_List          1 / 1
  TOTAL              262762 / 262762

--- FETCHES (edit / copy / set) ---
  Bool               107 / 0 / 0
  Int                643 / 0 / 0
  I64                214 / 0 / 0
  F32                107 / 0 / 0
  F64                107 / 0 / 0
  Vec3               322 / 0 / 0
  Debug_Stats        535 / 0 / 0

--- FIELD OCCUPANCY ---
  Field[0] 'field' levels:4 dims:3
    bounds X:[-8.0000,8.0000] Y:[-8.0000,8.0000] Z:[-8.0000,8.0000]
    level 0: 1 / 1 cells occupied
    level 1: 1 / 8 cells occupied
    level 2: 1 / 64 cells occupied
    level 3: 1 / 512 cells occupied
    level 4: 1 / 4096 cells occupied
  Field[1] 'model_field' levels:4 dims:3
    bounds X:[-1.0000,1.0000] Y:[-1.0000,1.0000] Z:[-1.0000,1.0000]
    level 0: 1 / 1 cells occupied
    level 1: 8 / 8 cells occupied
    level 2: 64 / 64 cells occupied
    level 3: 512 / 512 cells occupied
    level 4: 1352 / 4096 cells occupied

  Screen Fields: 262657 total | 2934 with occupied cells
  Root SF [2] levels:5 dims:2 bounds X:[0,800] Y:[0,600]
    level 0: 0 / 1
    level 1: 0 / 4
    level 2: 0 / 16
    level 3: 0 / 64
    level 4: 0 / 256
    level 5: 0 / 1024

[F2: enable fetch timing]

---
=== HOLLOWS ENGINE ===
FPS: 42 | Pixel: 23.0ms | Input: 0.000ms | Texture: 0.559ms
Camera: [0.00, 0.00, 14.98]

--- DATA (valid / total) ---
  Bool               2 / 2
  Int                6 / 6
  I64                2 / 2
  F32                5 / 5
  F64                2 / 2
  CString            6 / 6
  Vec3               1 / 1
  Vertex             24 / 24
  Vertex_Cache       24 / 24
  Debug_Stats        1 / 1
  FrameData          1 / 1
  Strings_Builder    1 / 1
  DataPoint          26 / 26
  Field              262659 / 262659
  Model              1 / 1
  Face_List          1 / 1
  TOTAL              262762 / 262762

--- FETCHES (edit / copy / set) ---
  Bool               81 / 0 / 0
  Int                487 / 0 / 0
  I64                162 / 0 / 0
  F32                81 / 0 / 0
  F64                81 / 0 / 0
  Vec3               244 / 0 / 0
  Debug_Stats        405 / 0 / 0

--- FIELD OCCUPANCY ---
  Field[0] 'field' levels:4 dims:3
    bounds X:[-8.0000,8.0000] Y:[-8.0000,8.0000] Z:[-8.0000,8.0000]
    level 0: 1 / 1 cells occupied
    level 1: 1 / 8 cells occupied
    level 2: 1 / 64 cells occupied
    level 3: 1 / 512 cells occupied
    level 4: 1 / 4096 cells occupied
  Field[1] 'model_field' levels:4 dims:3
    bounds X:[-1.0000,1.0000] Y:[-1.0000,1.0000] Z:[-1.0000,1.0000]
    level 0: 1 / 1 cells occupied
    level 1: 8 / 8 cells occupied
    level 2: 64 / 64 cells occupied
    level 3: 512 / 512 cells occupied
    level 4: 1352 / 4096 cells occupied

  Screen Fields: 262657 total | 2934 with occupied cells
  Root SF [2] levels:5 dims:2 bounds X:[0,800] Y:[0,600]
    level 0: 0 / 1
    level 1: 0 / 4
    level 2: 0 / 16
    level 3: 0 / 64
    level 4: 0 / 256
    level 5: 0 / 1024

[F2: enable fetch timing]

---
=== HOLLOWS ENGINE ===
FPS: 67 | Pixel: 14.2ms | Input: 0.000ms | Texture: 0.504ms
Camera: [0.00, 0.00, 14.98]

--- DATA (valid / total) ---
  Bool               2 / 2
  Int                6 / 6
  I64                2 / 2
  F32                5 / 5
  F64                2 / 2
  CString            6 / 6
  Vec3               1 / 1
  Vertex             24 / 24
  Vertex_Cache       24 / 24
  Debug_Stats        1 / 1
  FrameData          1 / 1
  Strings_Builder    1 / 1
  DataPoint          26 / 26
  Field              262659 / 262659
  Model              1 / 1
  Face_List          1 / 1
  TOTAL              262762 / 262762

--- FETCHES (edit / copy / set) ---
  Bool               104 / 0 / 0
  Int                625 / 0 / 0
  I64                208 / 0 / 0
  F32                104 / 0 / 0
  F64                104 / 0 / 0
  Vec3               313 / 0 / 0
  Debug_Stats        520 / 0 / 0

--- FIELD OCCUPANCY ---
  Field[0] 'field' levels:4 dims:3
    bounds X:[-8.0000,8.0000] Y:[-8.0000,8.0000] Z:[-8.0000,8.0000]
    level 0: 1 / 1 cells occupied
    level 1: 1 / 8 cells occupied
    level 2: 1 / 64 cells occupied
    level 3: 1 / 512 cells occupied
    level 4: 1 / 4096 cells occupied
  Field[1] 'model_field' levels:4 dims:3
    bounds X:[-1.0000,1.0000] Y:[-1.0000,1.0000] Z:[-1.0000,1.0000]
    level 0: 1 / 1 cells occupied
    level 1: 8 / 8 cells occupied
    level 2: 64 / 64 cells occupied
    level 3: 512 / 512 cells occupied
    level 4: 1352 / 4096 cells occupied

  Screen Fields: 262657 total | 2934 with occupied cells
  Root SF [2] levels:5 dims:2 bounds X:[0,800] Y:[0,600]
    level 0: 0 / 1
    level 1: 0 / 4
    level 2: 0 / 16
    level 3: 0 / 64
    level 4: 0 / 256
    level 5: 0 / 1024

[F2: enable fetch timing]

---
=== HOLLOWS ENGINE ===
FPS: 66 | Pixel: 14.2ms | Input: 0.000ms | Texture: 0.509ms
Camera: [0.00, 0.00, 14.98]

--- DATA (valid / total) ---
  Bool               2 / 2
  Int                6 / 6
  I64                2 / 2
  F32                5 / 5
  F64                2 / 2
  CString            6 / 6
  Vec3               1 / 1
  Vertex             24 / 24
  Vertex_Cache       24 / 24
  Debug_Stats        1 / 1
  FrameData          1 / 1
  Strings_Builder    1 / 1
  DataPoint          26 / 26
  Field              262659 / 262659
  Model              1 / 1
  Face_List          1 / 1
  TOTAL              262762 / 262762

--- FETCHES (edit / copy / set) ---
  Bool               102 / 0 / 0
  Int                613 / 0 / 0
  I64                204 / 0 / 0
  F32                102 / 0 / 0
  F64                102 / 0 / 0
  Vec3               307 / 0 / 0
  Debug_Stats        510 / 0 / 0

--- FIELD OCCUPANCY ---
  Field[0] 'field' levels:4 dims:3
    bounds X:[-8.0000,8.0000] Y:[-8.0000,8.0000] Z:[-8.0000,8.0000]
    level 0: 1 / 1 cells occupied
    level 1: 1 / 8 cells occupied
    level 2: 1 / 64 cells occupied
    level 3: 1 / 512 cells occupied
    level 4: 1 / 4096 cells occupied
  Field[1] 'model_field' levels:4 dims:3
    bounds X:[-1.0000,1.0000] Y:[-1.0000,1.0000] Z:[-1.0000,1.0000]
    level 0: 1 / 1 cells occupied
    level 1: 8 / 8 cells occupied
    level 2: 64 / 64 cells occupied
    level 3: 512 / 512 cells occupied
    level 4: 1352 / 4096 cells occupied

  Screen Fields: 262657 total | 2934 with occupied cells
  Root SF [2] levels:5 dims:2 bounds X:[0,800] Y:[0,600]
    level 0: 0 / 1
    level 1: 0 / 4
    level 2: 0 / 16
    level 3: 0 / 64
    level 4: 0 / 256
    level 5: 0 / 1024

[F2: enable fetch timing]

---
=== HOLLOWS ENGINE ===
FPS: 66 | Pixel: 20.7ms | Input: 0.000ms | Texture: 0.558ms
Camera: [0.00, 0.00, 14.98]

--- DATA (valid / total) ---
  Bool               2 / 2
  Int                6 / 6
  I64                2 / 2
  F32                5 / 5
  F64                2 / 2
  CString            6 / 6
  Vec3               1 / 1
  Vertex             24 / 24
  Vertex_Cache       24 / 24
  Debug_Stats        1 / 1
  FrameData          1 / 1
  Strings_Builder    1 / 1
  DataPoint          26 / 26
  Field              262659 / 262659
  Model              1 / 1
  Face_List          1 / 1
  TOTAL              262762 / 262762

--- FETCHES (edit / copy / set) ---
  Bool               100 / 0 / 0
  Int                601 / 0 / 0
  I64                200 / 0 / 0
  F32                100 / 0 / 0
  F64                100 / 0 / 0
  Vec3               301 / 0 / 0
  Debug_Stats        500 / 0 / 0

--- FIELD OCCUPANCY ---
  Field[0] 'field' levels:4 dims:3
    bounds X:[-8.0000,8.0000] Y:[-8.0000,8.0000] Z:[-8.0000,8.0000]
    level 0: 1 / 1 cells occupied
    level 1: 1 / 8 cells occupied
    level 2: 1 / 64 cells occupied
    level 3: 1 / 512 cells occupied
    level 4: 1 / 4096 cells occupied
  Field[1] 'model_field' levels:4 dims:3
    bounds X:[-1.0000,1.0000] Y:[-1.0000,1.0000] Z:[-1.0000,1.0000]
    level 0: 1 / 1 cells occupied
    level 1: 8 / 8 cells occupied
    level 2: 64 / 64 cells occupied
    level 3: 512 / 512 cells occupied
    level 4: 1352 / 4096 cells occupied

  Screen Fields: 262657 total | 2934 with occupied cells
  Root SF [2] levels:5 dims:2 bounds X:[0,800] Y:[0,600]
    level 0: 0 / 1
    level 1: 0 / 4
    level 2: 0 / 16
    level 3: 0 / 64
    level 4: 0 / 256
    level 5: 0 / 1024

[F2: enable fetch timing]

---
=== HOLLOWS ENGINE ===
FPS: 67 | Pixel: 14.1ms | Input: 0.000ms | Texture: 0.497ms
Camera: [0.00, 0.00, 14.98]

--- DATA (valid / total) ---
  Bool               2 / 2
  Int                6 / 6
  I64                2 / 2
  F32                5 / 5
  F64                2 / 2
  CString            6 / 6
  Vec3               1 / 1
  Vertex             24 / 24
  Vertex_Cache       24 / 24
  Debug_Stats        1 / 1
  FrameData          1 / 1
  Strings_Builder    1 / 1
  DataPoint          26 / 26
  Field              262659 / 262659
  Model              1 / 1
  Face_List          1 / 1
  TOTAL              262762 / 262762

--- FETCHES (edit / copy / set) ---
  Bool               103 / 0 / 0
  Int                619 / 0 / 0
  I64                206 / 0 / 0
  F32                103 / 0 / 0
  F64                103 / 0 / 0
  Vec3               310 / 0 / 0
  Debug_Stats        515 / 0 / 0

--- FIELD OCCUPANCY ---
  Field[0] 'field' levels:4 dims:3
    bounds X:[-8.0000,8.0000] Y:[-8.0000,8.0000] Z:[-8.0000,8.0000]
    level 0: 1 / 1 cells occupied
    level 1: 1 / 8 cells occupied
    level 2: 1 / 64 cells occupied
    level 3: 1 / 512 cells occupied
    level 4: 1 / 4096 cells occupied
  Field[1] 'model_field' levels:4 dims:3
    bounds X:[-1.0000,1.0000] Y:[-1.0000,1.0000] Z:[-1.0000,1.0000]
    level 0: 1 / 1 cells occupied
    level 1: 8 / 8 cells occupied
    level 2: 64 / 64 cells occupied
    level 3: 512 / 512 cells occupied
    level 4: 1352 / 4096 cells occupied

  Screen Fields: 262657 total | 2934 with occupied cells
  Root SF [2] levels:5 dims:2 bounds X:[0,800] Y:[0,600]
    level 0: 0 / 1
    level 1: 0 / 4
    level 2: 0 / 16
    level 3: 0 / 64
    level 4: 0 / 256
    level 5: 0 / 1024

[F2: enable fetch timing]

---
=== HOLLOWS ENGINE ===
FPS: 42 | Pixel: 22.8ms | Input: 0.000ms | Texture: 0.552ms
Camera: [0.00, 0.00, 14.98]

--- DATA (valid / total) ---
  Bool               2 / 2
  Int                6 / 6
  I64                2 / 2
  F32                5 / 5
  F64                2 / 2
  CString            6 / 6
  Vec3               1 / 1
  Vertex             24 / 24
  Vertex_Cache       24 / 24
  Debug_Stats        1 / 1
  FrameData          1 / 1
  Strings_Builder    1 / 1
  DataPoint          26 / 26
  Field              262659 / 262659
  Model              1 / 1
  Face_List          1 / 1
  TOTAL              262762 / 262762

--- FETCHES (edit / copy / set) ---
  Bool               98 / 0 / 0
  Int                589 / 0 / 0
  I64                196 / 0 / 0
  F32                98 / 0 / 0
  F64                98 / 0 / 0
  Vec3               295 / 0 / 0
  Debug_Stats        490 / 0 / 0

--- FIELD OCCUPANCY ---
  Field[0] 'field' levels:4 dims:3
    bounds X:[-8.0000,8.0000] Y:[-8.0000,8.0000] Z:[-8.0000,8.0000]
    level 0: 1 / 1 cells occupied
    level 1: 1 / 8 cells occupied
    level 2: 1 / 64 cells occupied
    level 3: 1 / 512 cells occupied
    level 4: 1 / 4096 cells occupied
  Field[1] 'model_field' levels:4 dims:3
    bounds X:[-1.0000,1.0000] Y:[-1.0000,1.0000] Z:[-1.0000,1.0000]
    level 0: 1 / 1 cells occupied
    level 1: 8 / 8 cells occupied
    level 2: 64 / 64 cells occupied
    level 3: 512 / 512 cells occupied
    level 4: 1352 / 4096 cells occupied

  Screen Fields: 262657 total | 2934 with occupied cells
  Root SF [2] levels:5 dims:2 bounds X:[0,800] Y:[0,600]
    level 0: 0 / 1
    level 1: 0 / 4
    level 2: 0 / 16
    level 3: 0 / 64
    level 4: 0 / 256
    level 5: 0 / 1024

[F2: enable fetch timing]

---
=== HOLLOWS ENGINE ===
FPS: 67 | Pixel: 14.3ms | Input: 0.000ms | Texture: 0.497ms
Camera: [0.00, 0.00, 14.98]

--- DATA (valid / total) ---
  Bool               2 / 2
  Int                6 / 6
  I64                2 / 2
  F32                5 / 5
  F64                2 / 2
  CString            6 / 6
  Vec3               1 / 1
  Vertex             24 / 24
  Vertex_Cache       24 / 24
  Debug_Stats        1 / 1
  FrameData          1 / 1
  Strings_Builder    1 / 1
  DataPoint          26 / 26
  Field              262659 / 262659
  Model              1 / 1
  Face_List          1 / 1
  TOTAL              262762 / 262762

--- FETCHES (edit / copy / set) ---
  Bool               99 / 0 / 0
  Int                595 / 0 / 0
  I64                198 / 0 / 0
  F32                99 / 0 / 0
  F64                99 / 0 / 0
  Vec3               298 / 0 / 0
  Debug_Stats        495 / 0 / 0

--- FIELD OCCUPANCY ---
  Field[0] 'field' levels:4 dims:3
    bounds X:[-8.0000,8.0000] Y:[-8.0000,8.0000] Z:[-8.0000,8.0000]
    level 0: 1 / 1 cells occupied
    level 1: 1 / 8 cells occupied
    level 2: 1 / 64 cells occupied
    level 3: 1 / 512 cells occupied
    level 4: 1 / 4096 cells occupied
  Field[1] 'model_field' levels:4 dims:3
    bounds X:[-1.0000,1.0000] Y:[-1.0000,1.0000] Z:[-1.0000,1.0000]
    level 0: 1 / 1 cells occupied
    level 1: 8 / 8 cells occupied
    level 2: 64 / 64 cells occupied
    level 3: 512 / 512 cells occupied
    level 4: 1352 / 4096 cells occupied

  Screen Fields: 262657 total | 2934 with occupied cells
  Root SF [2] levels:5 dims:2 bounds X:[0,800] Y:[0,600]
    level 0: 0 / 1
    level 1: 0 / 4
    level 2: 0 / 16
    level 3: 0 / 64
    level 4: 0 / 256
    level 5: 0 / 1024

[F2: enable fetch timing]

---
=== HOLLOWS ENGINE ===
FPS: 54 | Pixel: 14.5ms | Input: 0.000ms | Texture: 0.522ms
Camera: [0.00, 0.00, 14.98]

--- DATA (valid / total) ---
  Bool               2 / 2
  Int                6 / 6
  I64                2 / 2
  F32                5 / 5
  F64                2 / 2
  CString            6 / 6
  Vec3               1 / 1
  Vertex             24 / 24
  Vertex_Cache       24 / 24
  Debug_Stats        1 / 1
  FrameData          1 / 1
  Strings_Builder    1 / 1
  DataPoint          26 / 26
  Field              262659 / 262659
  Model              1 / 1
  Face_List          1 / 1
  TOTAL              262762 / 262762

--- FETCHES (edit / copy / set) ---
  Bool               103 / 0 / 0
  Int                619 / 0 / 0
  I64                206 / 0 / 0
  F32                103 / 0 / 0
  F64                103 / 0 / 0
  Vec3               310 / 0 / 0
  Debug_Stats        515 / 0 / 0

--- FIELD OCCUPANCY ---
  Field[0] 'field' levels:4 dims:3
    bounds X:[-8.0000,8.0000] Y:[-8.0000,8.0000] Z:[-8.0000,8.0000]
    level 0: 1 / 1 cells occupied
    level 1: 1 / 8 cells occupied
    level 2: 1 / 64 cells occupied
    level 3: 1 / 512 cells occupied
    level 4: 1 / 4096 cells occupied
  Field[1] 'model_field' levels:4 dims:3
    bounds X:[-1.0000,1.0000] Y:[-1.0000,1.0000] Z:[-1.0000,1.0000]
    level 0: 1 / 1 cells occupied
    level 1: 8 / 8 cells occupied
    level 2: 64 / 64 cells occupied
    level 3: 512 / 512 cells occupied
    level 4: 1352 / 4096 cells occupied

  Screen Fields: 262657 total | 2934 with occupied cells
  Root SF [2] levels:5 dims:2 bounds X:[0,800] Y:[0,600]
    level 0: 0 / 1
    level 1: 0 / 4
    level 2: 0 / 16
    level 3: 0 / 64
    level 4: 0 / 256
    level 5: 0 / 1024

[F2: enable fetch timing]

---
=== HOLLOWS ENGINE ===
FPS: 65 | Pixel: 14.8ms | Input: 0.000ms | Texture: 0.512ms
Camera: [0.00, 0.00, 14.98]

--- DATA (valid / total) ---
  Bool               2 / 2
  Int                6 / 6
  I64                2 / 2
  F32                5 / 5
  F64                2 / 2
  CString            6 / 6
  Vec3               1 / 1
  Vertex             24 / 24
  Vertex_Cache       24 / 24
  Debug_Stats        1 / 1
  FrameData          1 / 1
  Strings_Builder    1 / 1
  DataPoint          26 / 26
  Field              262659 / 262659
  Model              1 / 1
  Face_List          1 / 1
  TOTAL              262762 / 262762

--- FETCHES (edit / copy / set) ---
  Bool               105 / 0 / 0
  Int                631 / 0 / 0
  I64                210 / 0 / 0
  F32                105 / 0 / 0
  F64                105 / 0 / 0
  Vec3               316 / 0 / 0
  Debug_Stats        525 / 0 / 0

--- FIELD OCCUPANCY ---
  Field[0] 'field' levels:4 dims:3
    bounds X:[-8.0000,8.0000] Y:[-8.0000,8.0000] Z:[-8.0000,8.0000]
    level 0: 1 / 1 cells occupied
    level 1: 1 / 8 cells occupied
    level 2: 1 / 64 cells occupied
    level 3: 1 / 512 cells occupied
    level 4: 1 / 4096 cells occupied
  Field[1] 'model_field' levels:4 dims:3
    bounds X:[-1.0000,1.0000] Y:[-1.0000,1.0000] Z:[-1.0000,1.0000]
    level 0: 1 / 1 cells occupied
    level 1: 8 / 8 cells occupied
    level 2: 64 / 64 cells occupied
    level 3: 512 / 512 cells occupied
    level 4: 1352 / 4096 cells occupied

  Screen Fields: 262657 total | 2934 with occupied cells
  Root SF [2] levels:5 dims:2 bounds X:[0,800] Y:[0,600]
    level 0: 0 / 1
    level 1: 0 / 4
    level 2: 0 / 16
    level 3: 0 / 64
    level 4: 0 / 256
    level 5: 0 / 1024

[F2: enable fetch timing]

---
=== HOLLOWS ENGINE ===
FPS: 67 | Pixel: 14.1ms | Input: 0.000ms | Texture: 0.505ms
Camera: [0.00, 0.00, 14.98]

--- DATA (valid / total) ---
  Bool               2 / 2
  Int                6 / 6
  I64                2 / 2
  F32                5 / 5
  F64                2 / 2
  CString            6 / 6
  Vec3               1 / 1
  Vertex             24 / 24
  Vertex_Cache       24 / 24
  Debug_Stats        1 / 1
  FrameData          1 / 1
  Strings_Builder    1 / 1
  DataPoint          26 / 26
  Field              262659 / 262659
  Model              1 / 1
  Face_List          1 / 1
  TOTAL              262762 / 262762

--- FETCHES (edit / copy / set) ---
  Bool               107 / 0 / 0
  Int                643 / 0 / 0
  I64                214 / 0 / 0
  F32                107 / 0 / 0
  F64                107 / 0 / 0
  Vec3               322 / 0 / 0
  Debug_Stats        535 / 0 / 0

--- FIELD OCCUPANCY ---
  Field[0] 'field' levels:4 dims:3
    bounds X:[-8.0000,8.0000] Y:[-8.0000,8.0000] Z:[-8.0000,8.0000]
    level 0: 1 / 1 cells occupied
    level 1: 1 / 8 cells occupied
    level 2: 1 / 64 cells occupied
    level 3: 1 / 512 cells occupied
    level 4: 1 / 4096 cells occupied
  Field[1] 'model_field' levels:4 dims:3
    bounds X:[-1.0000,1.0000] Y:[-1.0000,1.0000] Z:[-1.0000,1.0000]
    level 0: 1 / 1 cells occupied
    level 1: 8 / 8 cells occupied
    level 2: 64 / 64 cells occupied
    level 3: 512 / 512 cells occupied
    level 4: 1352 / 4096 cells occupied

  Screen Fields: 262657 total | 2934 with occupied cells
  Root SF [2] levels:5 dims:2 bounds X:[0,800] Y:[0,600]
    level 0: 0 / 1
    level 1: 0 / 4
    level 2: 0 / 16
    level 3: 0 / 64
    level 4: 0 / 256
    level 5: 0 / 1024

[F2: enable fetch timing]

---
=== HOLLOWS ENGINE ===
FPS: 69 | Pixel: 13.9ms | Input: 0.000ms | Texture: 0.496ms
Camera: [0.00, 0.00, 14.98]

--- DATA (valid / total) ---
  Bool               2 / 2
  Int                6 / 6
  I64                2 / 2
  F32                5 / 5
  F64                2 / 2
  CString            6 / 6
  Vec3               1 / 1
  Vertex             24 / 24
  Vertex_Cache       24 / 24
  Debug_Stats        1 / 1
  FrameData          1 / 1
  Strings_Builder    1 / 1
  DataPoint          26 / 26
  Field              262659 / 262659
  Model              1 / 1
  Face_List          1 / 1
  TOTAL              262762 / 262762

--- FETCHES (edit / copy / set) ---
  Bool               103 / 0 / 0
  Int                619 / 0 / 0
  I64                206 / 0 / 0
  F32                103 / 0 / 0
  F64                103 / 0 / 0
  Vec3               310 / 0 / 0
  Debug_Stats        515 / 0 / 0

--- FIELD OCCUPANCY ---
  Field[0] 'field' levels:4 dims:3
    bounds X:[-8.0000,8.0000] Y:[-8.0000,8.0000] Z:[-8.0000,8.0000]
    level 0: 1 / 1 cells occupied
    level 1: 1 / 8 cells occupied
    level 2: 1 / 64 cells occupied
    level 3: 1 / 512 cells occupied
    level 4: 1 / 4096 cells occupied
  Field[1] 'model_field' levels:4 dims:3
    bounds X:[-1.0000,1.0000] Y:[-1.0000,1.0000] Z:[-1.0000,1.0000]
    level 0: 1 / 1 cells occupied
    level 1: 8 / 8 cells occupied
    level 2: 64 / 64 cells occupied
    level 3: 512 / 512 cells occupied
    level 4: 1352 / 4096 cells occupied

  Screen Fields: 262657 total | 2934 with occupied cells
  Root SF [2] levels:5 dims:2 bounds X:[0,800] Y:[0,600]
    level 0: 0 / 1
    level 1: 0 / 4
    level 2: 0 / 16
    level 3: 0 / 64
    level 4: 0 / 256
    level 5: 0 / 1024

[F2: enable fetch timing]

---
=== HOLLOWS ENGINE ===
FPS: 68 | Pixel: 13.9ms | Input: 0.000ms | Texture: 0.497ms
Camera: [0.00, 0.00, 14.98]

--- DATA (valid / total) ---
  Bool               2 / 2
  Int                6 / 6
  I64                2 / 2
  F32                5 / 5
  F64                2 / 2
  CString            6 / 6
  Vec3               1 / 1
  Vertex             24 / 24
  Vertex_Cache       24 / 24
  Debug_Stats        1 / 1
  FrameData          1 / 1
  Strings_Builder    1 / 1
  DataPoint          26 / 26
  Field              262659 / 262659
  Model              1 / 1
  Face_List          1 / 1
  TOTAL              262762 / 262762

--- FETCHES (edit / copy / set) ---
  Bool               101 / 0 / 0
  Int                607 / 0 / 0
  I64                202 / 0 / 0
  F32                101 / 0 / 0
  F64                101 / 0 / 0
  Vec3               304 / 0 / 0
  Debug_Stats        505 / 0 / 0

--- FIELD OCCUPANCY ---
  Field[0] 'field' levels:4 dims:3
    bounds X:[-8.0000,8.0000] Y:[-8.0000,8.0000] Z:[-8.0000,8.0000]
    level 0: 1 / 1 cells occupied
    level 1: 1 / 8 cells occupied
    level 2: 1 / 64 cells occupied
    level 3: 1 / 512 cells occupied
    level 4: 1 / 4096 cells occupied
  Field[1] 'model_field' levels:4 dims:3
    bounds X:[-1.0000,1.0000] Y:[-1.0000,1.0000] Z:[-1.0000,1.0000]
    level 0: 1 / 1 cells occupied
    level 1: 8 / 8 cells occupied
    level 2: 64 / 64 cells occupied
    level 3: 512 / 512 cells occupied
    level 4: 1352 / 4096 cells occupied

  Screen Fields: 262657 total | 2934 with occupied cells
  Root SF [2] levels:5 dims:2 bounds X:[0,800] Y:[0,600]
    level 0: 0 / 1
    level 1: 0 / 4
    level 2: 0 / 16
    level 3: 0 / 64
    level 4: 0 / 256
    level 5: 0 / 1024

[F2: enable fetch timing]

---
=== HOLLOWS ENGINE ===
FPS: 65 | Pixel: 14.4ms | Input: 0.000ms | Texture: 0.513ms
Camera: [0.00, 0.00, 14.98]

--- DATA (valid / total) ---
  Bool               2 / 2
  Int                6 / 6
  I64                2 / 2
  F32                5 / 5
  F64                2 / 2
  CString            6 / 6
  Vec3               1 / 1
  Vertex             24 / 24
  Vertex_Cache       24 / 24
  Debug_Stats        1 / 1
  FrameData          1 / 1
  Strings_Builder    1 / 1
  DataPoint          26 / 26
  Field              262659 / 262659
  Model              1 / 1
  Face_List          1 / 1
  TOTAL              262762 / 262762

--- FETCHES (edit / copy / set) ---
  Bool               104 / 0 / 0
  Int                625 / 0 / 0
  I64                208 / 0 / 0
  F32                104 / 0 / 0
  F64                104 / 0 / 0
  Vec3               313 / 0 / 0
  Debug_Stats        520 / 0 / 0

--- FIELD OCCUPANCY ---
  Field[0] 'field' levels:4 dims:3
    bounds X:[-8.0000,8.0000] Y:[-8.0000,8.0000] Z:[-8.0000,8.0000]
    level 0: 1 / 1 cells occupied
    level 1: 1 / 8 cells occupied
    level 2: 1 / 64 cells occupied
    level 3: 1 / 512 cells occupied
    level 4: 1 / 4096 cells occupied
  Field[1] 'model_field' levels:4 dims:3
    bounds X:[-1.0000,1.0000] Y:[-1.0000,1.0000] Z:[-1.0000,1.0000]
    level 0: 1 / 1 cells occupied
    level 1: 8 / 8 cells occupied
    level 2: 64 / 64 cells occupied
    level 3: 512 / 512 cells occupied
    level 4: 1352 / 4096 cells occupied

  Screen Fields: 262657 total | 2934 with occupied cells
  Root SF [2] levels:5 dims:2 bounds X:[0,800] Y:[0,600]
    level 0: 0 / 1
    level 1: 0 / 4
    level 2: 0 / 16
    level 3: 0 / 64
    level 4: 0 / 256
    level 5: 0 / 1024

[F2: enable fetch timing]

---
=== HOLLOWS ENGINE ===
FPS: 67 | Pixel: 14.3ms | Input: 0.000ms | Texture: 0.493ms
Camera: [0.00, 0.00, 14.98]

--- DATA (valid / total) ---
  Bool               2 / 2
  Int                6 / 6
  I64                2 / 2
  F32                5 / 5
  F64                2 / 2
  CString            6 / 6
  Vec3               1 / 1
  Vertex             24 / 24
  Vertex_Cache       24 / 24
  Debug_Stats        1 / 1
  FrameData          1 / 1
  Strings_Builder    1 / 1
  DataPoint          26 / 26
  Field              262659 / 262659
  Model              1 / 1
  Face_List          1 / 1
  TOTAL              262762 / 262762

--- FETCHES (edit / copy / set) ---
  Bool               98 / 0 / 0
  Int                589 / 0 / 0
  I64                196 / 0 / 0
  F32                98 / 0 / 0
  F64                98 / 0 / 0
  Vec3               295 / 0 / 0
  Debug_Stats        490 / 0 / 0

--- FIELD OCCUPANCY ---
  Field[0] 'field' levels:4 dims:3
    bounds X:[-8.0000,8.0000] Y:[-8.0000,8.0000] Z:[-8.0000,8.0000]
    level 0: 1 / 1 cells occupied
    level 1: 1 / 8 cells occupied
    level 2: 1 / 64 cells occupied
    level 3: 1 / 512 cells occupied
    level 4: 1 / 4096 cells occupied
  Field[1] 'model_field' levels:4 dims:3
    bounds X:[-1.0000,1.0000] Y:[-1.0000,1.0000] Z:[-1.0000,1.0000]
    level 0: 1 / 1 cells occupied
    level 1: 8 / 8 cells occupied
    level 2: 64 / 64 cells occupied
    level 3: 512 / 512 cells occupied
    level 4: 1352 / 4096 cells occupied

  Screen Fields: 262657 total | 2934 with occupied cells
  Root SF [2] levels:5 dims:2 bounds X:[0,800] Y:[0,600]
    level 0: 0 / 1
    level 1: 0 / 4
    level 2: 0 / 16
    level 3: 0 / 64
    level 4: 0 / 256
    level 5: 0 / 1024

[F2: enable fetch timing]

---
=== HOLLOWS ENGINE ===
FPS: 68 | Pixel: 13.9ms | Input: 0.000ms | Texture: 0.493ms
Camera: [0.00, 0.00, 14.98]

--- DATA (valid / total) ---
  Bool               2 / 2
  Int                6 / 6
  I64                2 / 2
  F32                5 / 5
  F64                2 / 2
  CString            6 / 6
  Vec3               1 / 1
  Vertex             24 / 24
  Vertex_Cache       24 / 24
  Debug_Stats        1 / 1
  FrameData          1 / 1
  Strings_Builder    1 / 1
  DataPoint          26 / 26
  Field              262659 / 262659
  Model              1 / 1
  Face_List          1 / 1
  TOTAL              262762 / 262762

--- FETCHES (edit / copy / set) ---
  Bool               102 / 0 / 0
  Int                613 / 0 / 0
  I64                204 / 0 / 0
  F32                102 / 0 / 0
  F64                102 / 0 / 0
  Vec3               307 / 0 / 0
  Debug_Stats        510 / 0 / 0

--- FIELD OCCUPANCY ---
  Field[0] 'field' levels:4 dims:3
    bounds X:[-8.0000,8.0000] Y:[-8.0000,8.0000] Z:[-8.0000,8.0000]
    level 0: 1 / 1 cells occupied
    level 1: 1 / 8 cells occupied
    level 2: 1 / 64 cells occupied
    level 3: 1 / 512 cells occupied
    level 4: 1 / 4096 cells occupied
  Field[1] 'model_field' levels:4 dims:3
    bounds X:[-1.0000,1.0000] Y:[-1.0000,1.0000] Z:[-1.0000,1.0000]
    level 0: 1 / 1 cells occupied
    level 1: 8 / 8 cells occupied
    level 2: 64 / 64 cells occupied
    level 3: 512 / 512 cells occupied
    level 4: 1352 / 4096 cells occupied

  Screen Fields: 262657 total | 2934 with occupied cells
  Root SF [2] levels:5 dims:2 bounds X:[0,800] Y:[0,600]
    level 0: 0 / 1
    level 1: 0 / 4
    level 2: 0 / 16
    level 3: 0 / 64
    level 4: 0 / 256
    level 5: 0 / 1024

[F2: enable fetch timing]

---
=== HOLLOWS ENGINE ===
FPS: 66 | Pixel: 14.4ms | Input: 0.000ms | Texture: 0.500ms
Camera: [0.00, 0.00, 14.98]

--- DATA (valid / total) ---
  Bool               2 / 2
  Int                6 / 6
  I64                2 / 2
  F32                5 / 5
  F64                2 / 2
  CString            6 / 6
  Vec3               1 / 1
  Vertex             24 / 24
  Vertex_Cache       24 / 24
  Debug_Stats        1 / 1
  FrameData          1 / 1
  Strings_Builder    1 / 1
  DataPoint          26 / 26
  Field              262659 / 262659
  Model              1 / 1
  Face_List          1 / 1
  TOTAL              262762 / 262762

--- FETCHES (edit / copy / set) ---
  Bool               94 / 0 / 0
  Int                565 / 0 / 0
  I64                188 / 0 / 0
  F32                94 / 0 / 0
  F64                94 / 0 / 0
  Vec3               283 / 0 / 0
  Debug_Stats        470 / 0 / 0

--- FIELD OCCUPANCY ---
  Field[0] 'field' levels:4 dims:3
    bounds X:[-8.0000,8.0000] Y:[-8.0000,8.0000] Z:[-8.0000,8.0000]
    level 0: 1 / 1 cells occupied
    level 1: 1 / 8 cells occupied
    level 2: 1 / 64 cells occupied
    level 3: 1 / 512 cells occupied
    level 4: 1 / 4096 cells occupied
  Field[1] 'model_field' levels:4 dims:3
    bounds X:[-1.0000,1.0000] Y:[-1.0000,1.0000] Z:[-1.0000,1.0000]
    level 0: 1 / 1 cells occupied
    level 1: 8 / 8 cells occupied
    level 2: 64 / 64 cells occupied
    level 3: 512 / 512 cells occupied
    level 4: 1352 / 4096 cells occupied

  Screen Fields: 262657 total | 2934 with occupied cells
  Root SF [2] levels:5 dims:2 bounds X:[0,800] Y:[0,600]
    level 0: 0 / 1
    level 1: 0 / 4
    level 2: 0 / 16
    level 3: 0 / 64
    level 4: 0 / 256
    level 5: 0 / 1024

[F2: enable fetch timing]

---
=== HOLLOWS ENGINE ===
FPS: 67 | Pixel: 14.1ms | Input: 0.000ms | Texture: 0.512ms
Camera: [0.00, 0.00, 14.98]

--- DATA (valid / total) ---
  Bool               2 / 2
  Int                6 / 6
  I64                2 / 2
  F32                5 / 5
  F64                2 / 2
  CString            6 / 6
  Vec3               1 / 1
  Vertex             24 / 24
  Vertex_Cache       24 / 24
  Debug_Stats        1 / 1
  FrameData          1 / 1
  Strings_Builder    1 / 1
  DataPoint          26 / 26
  Field              262659 / 262659
  Model              1 / 1
  Face_List          1 / 1
  TOTAL              262762 / 262762

--- FETCHES (edit / copy / set) ---
  Bool               93 / 0 / 0
  Int                559 / 0 / 0
  I64                186 / 0 / 0
  F32                93 / 0 / 0
  F64                93 / 0 / 0
  Vec3               280 / 0 / 0
  Debug_Stats        465 / 0 / 0

--- FIELD OCCUPANCY ---
  Field[0] 'field' levels:4 dims:3
    bounds X:[-8.0000,8.0000] Y:[-8.0000,8.0000] Z:[-8.0000,8.0000]
    level 0: 1 / 1 cells occupied
    level 1: 1 / 8 cells occupied
    level 2: 1 / 64 cells occupied
    level 3: 1 / 512 cells occupied
    level 4: 1 / 4096 cells occupied
  Field[1] 'model_field' levels:4 dims:3
    bounds X:[-1.0000,1.0000] Y:[-1.0000,1.0000] Z:[-1.0000,1.0000]
    level 0: 1 / 1 cells occupied
    level 1: 8 / 8 cells occupied
    level 2: 64 / 64 cells occupied
    level 3: 512 / 512 cells occupied
    level 4: 1352 / 4096 cells occupied

  Screen Fields: 262657 total | 2934 with occupied cells
  Root SF [2] levels:5 dims:2 bounds X:[0,800] Y:[0,600]
    level 0: 0 / 1
    level 1: 0 / 4
    level 2: 0 / 16
    level 3: 0 / 64
    level 4: 0 / 256
    level 5: 0 / 1024

[F2: enable fetch timing]

---
=== HOLLOWS ENGINE ===
FPS: 42 | Pixel: 23.0ms | Input: 0.000ms | Texture: 0.589ms
Camera: [0.00, 0.00, 14.98]

--- DATA (valid / total) ---
  Bool               2 / 2
  Int                6 / 6
  I64                2 / 2
  F32                5 / 5
  F64                2 / 2
  CString            6 / 6
  Vec3               1 / 1
  Vertex             24 / 24
  Vertex_Cache       24 / 24
  Debug_Stats        1 / 1
  FrameData          1 / 1
  Strings_Builder    1 / 1
  DataPoint          26 / 26
  Field              262659 / 262659
  Model              1 / 1
  Face_List          1 / 1
  TOTAL              262762 / 262762

--- FETCHES (edit / copy / set) ---
  Bool               96 / 0 / 0
  Int                577 / 0 / 0
  I64                192 / 0 / 0
  F32                96 / 0 / 0
  F64                96 / 0 / 0
  Vec3               289 / 0 / 0
  Debug_Stats        480 / 0 / 0

--- FIELD OCCUPANCY ---
  Field[0] 'field' levels:4 dims:3
    bounds X:[-8.0000,8.0000] Y:[-8.0000,8.0000] Z:[-8.0000,8.0000]
    level 0: 1 / 1 cells occupied
    level 1: 1 / 8 cells occupied
    level 2: 1 / 64 cells occupied
    level 3: 1 / 512 cells occupied
    level 4: 1 / 4096 cells occupied
  Field[1] 'model_field' levels:4 dims:3
    bounds X:[-1.0000,1.0000] Y:[-1.0000,1.0000] Z:[-1.0000,1.0000]
    level 0: 1 / 1 cells occupied
    level 1: 8 / 8 cells occupied
    level 2: 64 / 64 cells occupied
    level 3: 512 / 512 cells occupied
    level 4: 1352 / 4096 cells occupied

  Screen Fields: 262657 total | 2934 with occupied cells
  Root SF [2] levels:5 dims:2 bounds X:[0,800] Y:[0,600]
    level 0: 0 / 1
    level 1: 0 / 4
    level 2: 0 / 16
    level 3: 0 / 64
    level 4: 0 / 256
    level 5: 0 / 1024

[F2: enable fetch timing]

---
=== HOLLOWS ENGINE ===
FPS: 67 | Pixel: 14.4ms | Input: 0.000ms | Texture: 0.502ms
Camera: [0.00, 0.00, 14.98]

--- DATA (valid / total) ---
  Bool               2 / 2
  Int                6 / 6
  I64                2 / 2
  F32                5 / 5
  F64                2 / 2
  CString            6 / 6
  Vec3               1 / 1
  Vertex             24 / 24
  Vertex_Cache       24 / 24
  Debug_Stats        1 / 1
  FrameData          1 / 1
  Strings_Builder    1 / 1
  DataPoint          26 / 26
  Field              262659 / 262659
  Model              1 / 1
  Face_List          1 / 1
  TOTAL              262762 / 262762

--- FETCHES (edit / copy / set) ---
  Bool               104 / 0 / 0
  Int                625 / 0 / 0
  I64                208 / 0 / 0
  F32                104 / 0 / 0
  F64                104 / 0 / 0
  Vec3               313 / 0 / 0
  Debug_Stats        520 / 0 / 0

--- FIELD OCCUPANCY ---
  Field[0] 'field' levels:4 dims:3
    bounds X:[-8.0000,8.0000] Y:[-8.0000,8.0000] Z:[-8.0000,8.0000]
    level 0: 1 / 1 cells occupied
    level 1: 1 / 8 cells occupied
    level 2: 1 / 64 cells occupied
    level 3: 1 / 512 cells occupied
    level 4: 1 / 4096 cells occupied
  Field[1] 'model_field' levels:4 dims:3
    bounds X:[-1.0000,1.0000] Y:[-1.0000,1.0000] Z:[-1.0000,1.0000]
    level 0: 1 / 1 cells occupied
    level 1: 8 / 8 cells occupied
    level 2: 64 / 64 cells occupied
    level 3: 512 / 512 cells occupied
    level 4: 1352 / 4096 cells occupied

  Screen Fields: 262657 total | 2934 with occupied cells
  Root SF [2] levels:5 dims:2 bounds X:[0,800] Y:[0,600]
    level 0: 0 / 1
    level 1: 0 / 4
    level 2: 0 / 16
    level 3: 0 / 64
    level 4: 0 / 256
    level 5: 0 / 1024

[F2: enable fetch timing]

---
=== HOLLOWS ENGINE ===
FPS: 67 | Pixel: 14.2ms | Input: 0.000ms | Texture: 0.496ms
Camera: [0.00, 0.00, 14.98]

--- DATA (valid / total) ---
  Bool               2 / 2
  Int                6 / 6
  I64                2 / 2
  F32                5 / 5
  F64                2 / 2
  CString            6 / 6
  Vec3               1 / 1
  Vertex             24 / 24
  Vertex_Cache       24 / 24
  Debug_Stats        1 / 1
  FrameData          1 / 1
  Strings_Builder    1 / 1
  DataPoint          26 / 26
  Field              262659 / 262659
  Model              1 / 1
  Face_List          1 / 1
  TOTAL              262762 / 262762

--- FETCHES (edit / copy / set) ---
  Bool               97 / 0 / 0
  Int                583 / 0 / 0
  I64                194 / 0 / 0
  F32                97 / 0 / 0
  F64                97 / 0 / 0
  Vec3               292 / 0 / 0
  Debug_Stats        485 / 0 / 0

--- FIELD OCCUPANCY ---
  Field[0] 'field' levels:4 dims:3
    bounds X:[-8.0000,8.0000] Y:[-8.0000,8.0000] Z:[-8.0000,8.0000]
    level 0: 1 / 1 cells occupied
    level 1: 1 / 8 cells occupied
    level 2: 1 / 64 cells occupied
    level 3: 1 / 512 cells occupied
    level 4: 1 / 4096 cells occupied
  Field[1] 'model_field' levels:4 dims:3
    bounds X:[-1.0000,1.0000] Y:[-1.0000,1.0000] Z:[-1.0000,1.0000]
    level 0: 1 / 1 cells occupied
    level 1: 8 / 8 cells occupied
    level 2: 64 / 64 cells occupied
    level 3: 512 / 512 cells occupied
    level 4: 1352 / 4096 cells occupied

  Screen Fields: 262657 total | 2934 with occupied cells
  Root SF [2] levels:5 dims:2 bounds X:[0,800] Y:[0,600]
    level 0: 0 / 1
    level 1: 0 / 4
    level 2: 0 / 16
    level 3: 0 / 64
    level 4: 0 / 256
    level 5: 0 / 1024

[F2: enable fetch timing]

---
=== HOLLOWS ENGINE ===
FPS: 67 | Pixel: 14.2ms | Input: 0.000ms | Texture: 0.507ms
Camera: [0.00, 0.00, 14.98]

--- DATA (valid / total) ---
  Bool               2 / 2
  Int                6 / 6
  I64                2 / 2
  F32                5 / 5
  F64                2 / 2
  CString            6 / 6
  Vec3               1 / 1
  Vertex             24 / 24
  Vertex_Cache       24 / 24
  Debug_Stats        1 / 1
  FrameData          1 / 1
  Strings_Builder    1 / 1
  DataPoint          26 / 26
  Field              262659 / 262659
  Model              1 / 1
  Face_List          1 / 1
  TOTAL              262762 / 262762

--- FETCHES (edit / copy / set) ---
  Bool               101 / 0 / 0
  Int                607 / 0 / 0
  I64                202 / 0 / 0
  F32                101 / 0 / 0
  F64                101 / 0 / 0
  Vec3               304 / 0 / 0
  Debug_Stats        505 / 0 / 0

--- FIELD OCCUPANCY ---
  Field[0] 'field' levels:4 dims:3
    bounds X:[-8.0000,8.0000] Y:[-8.0000,8.0000] Z:[-8.0000,8.0000]
    level 0: 1 / 1 cells occupied
    level 1: 1 / 8 cells occupied
    level 2: 1 / 64 cells occupied
    level 3: 1 / 512 cells occupied
    level 4: 1 / 4096 cells occupied
  Field[1] 'model_field' levels:4 dims:3
    bounds X:[-1.0000,1.0000] Y:[-1.0000,1.0000] Z:[-1.0000,1.0000]
    level 0: 1 / 1 cells occupied
    level 1: 8 / 8 cells occupied
    level 2: 64 / 64 cells occupied
    level 3: 512 / 512 cells occupied
    level 4: 1352 / 4096 cells occupied

  Screen Fields: 262657 total | 2934 with occupied cells
  Root SF [2] levels:5 dims:2 bounds X:[0,800] Y:[0,600]
    level 0: 0 / 1
    level 1: 0 / 4
    level 2: 0 / 16
    level 3: 0 / 64
    level 4: 0 / 256
    level 5: 0 / 1024

[F2: enable fetch timing]

---
=== HOLLOWS ENGINE ===
FPS: 67 | Pixel: 14.1ms | Input: 0.000ms | Texture: 0.503ms
Camera: [0.00, 0.00, 14.98]

--- DATA (valid / total) ---
  Bool               2 / 2
  Int                6 / 6
  I64                2 / 2
  F32                5 / 5
  F64                2 / 2
  CString            6 / 6
  Vec3               1 / 1
  Vertex             24 / 24
  Vertex_Cache       24 / 24
  Debug_Stats        1 / 1
  FrameData          1 / 1
  Strings_Builder    1 / 1
  DataPoint          26 / 26
  Field              262659 / 262659
  Model              1 / 1
  Face_List          1 / 1
  TOTAL              262762 / 262762

--- FETCHES (edit / copy / set) ---
  Bool               106 / 0 / 0
  Int                637 / 0 / 0
  I64                212 / 0 / 0
  F32                106 / 0 / 0
  F64                106 / 0 / 0
  Vec3               319 / 0 / 0
  Debug_Stats        530 / 0 / 0

--- FIELD OCCUPANCY ---
  Field[0] 'field' levels:4 dims:3
    bounds X:[-8.0000,8.0000] Y:[-8.0000,8.0000] Z:[-8.0000,8.0000]
    level 0: 1 / 1 cells occupied
    level 1: 1 / 8 cells occupied
    level 2: 1 / 64 cells occupied
    level 3: 1 / 512 cells occupied
    level 4: 1 / 4096 cells occupied
  Field[1] 'model_field' levels:4 dims:3
    bounds X:[-1.0000,1.0000] Y:[-1.0000,1.0000] Z:[-1.0000,1.0000]
    level 0: 1 / 1 cells occupied
    level 1: 8 / 8 cells occupied
    level 2: 64 / 64 cells occupied
    level 3: 512 / 512 cells occupied
    level 4: 1352 / 4096 cells occupied

  Screen Fields: 262657 total | 2934 with occupied cells
  Root SF [2] levels:5 dims:2 bounds X:[0,800] Y:[0,600]
    level 0: 0 / 1
    level 1: 0 / 4
    level 2: 0 / 16
    level 3: 0 / 64
    level 4: 0 / 256
    level 5: 0 / 1024

[F2: enable fetch timing]

---
=== HOLLOWS ENGINE ===
FPS: 67 | Pixel: 14.5ms | Input: 0.000ms | Texture: 0.532ms
Camera: [0.00, 0.00, 14.98]

--- DATA (valid / total) ---
  Bool               2 / 2
  Int                6 / 6
  I64                2 / 2
  F32                5 / 5
  F64                2 / 2
  CString            6 / 6
  Vec3               1 / 1
  Vertex             24 / 24
  Vertex_Cache       24 / 24
  Debug_Stats        1 / 1
  FrameData          1 / 1
  Strings_Builder    1 / 1
  DataPoint          26 / 26
  Field              262659 / 262659
  Model              1 / 1
  Face_List          1 / 1
  TOTAL              262762 / 262762

--- FETCHES (edit / copy / set) ---
  Bool               107 / 0 / 0
  Int                643 / 0 / 0
  I64                214 / 0 / 0
  F32                107 / 0 / 0
  F64                107 / 0 / 0
  Vec3               322 / 0 / 0
  Debug_Stats        535 / 0 / 0

--- FIELD OCCUPANCY ---
  Field[0] 'field' levels:4 dims:3
    bounds X:[-8.0000,8.0000] Y:[-8.0000,8.0000] Z:[-8.0000,8.0000]
    level 0: 1 / 1 cells occupied
    level 1: 1 / 8 cells occupied
    level 2: 1 / 64 cells occupied
    level 3: 1 / 512 cells occupied
    level 4: 1 / 4096 cells occupied
  Field[1] 'model_field' levels:4 dims:3
    bounds X:[-1.0000,1.0000] Y:[-1.0000,1.0000] Z:[-1.0000,1.0000]
    level 0: 1 / 1 cells occupied
    level 1: 8 / 8 cells occupied
    level 2: 64 / 64 cells occupied
    level 3: 512 / 512 cells occupied
    level 4: 1352 / 4096 cells occupied

  Screen Fields: 262657 total | 2934 with occupied cells
  Root SF [2] levels:5 dims:2 bounds X:[0,800] Y:[0,600]
    level 0: 0 / 1
    level 1: 0 / 4
    level 2: 0 / 16
    level 3: 0 / 64
    level 4: 0 / 256
    level 5: 0 / 1024

[F2: enable fetch timing]

---
=== HOLLOWS ENGINE ===
FPS: 68 | Pixel: 14.0ms | Input: 0.000ms | Texture: 0.497ms
Camera: [0.00, 0.00, 14.98]

--- DATA (valid / total) ---
  Bool               2 / 2
  Int                6 / 6
  I64                2 / 2
  F32                5 / 5
  F64                2 / 2
  CString            6 / 6
  Vec3               1 / 1
  Vertex             24 / 24
  Vertex_Cache       24 / 24
  Debug_Stats        1 / 1
  FrameData          1 / 1
  Strings_Builder    1 / 1
  DataPoint          26 / 26
  Field              262659 / 262659
  Model              1 / 1
  Face_List          1 / 1
  TOTAL              262762 / 262762

--- FETCHES (edit / copy / set) ---
  Bool               106 / 0 / 0
  Int                637 / 0 / 0
  I64                212 / 0 / 0
  F32                106 / 0 / 0
  F64                106 / 0 / 0
  Vec3               319 / 0 / 0
  Debug_Stats        530 / 0 / 0

--- FIELD OCCUPANCY ---
  Field[0] 'field' levels:4 dims:3
    bounds X:[-8.0000,8.0000] Y:[-8.0000,8.0000] Z:[-8.0000,8.0000]
    level 0: 1 / 1 cells occupied
    level 1: 1 / 8 cells occupied
    level 2: 1 / 64 cells occupied
    level 3: 1 / 512 cells occupied
    level 4: 1 / 4096 cells occupied
  Field[1] 'model_field' levels:4 dims:3
    bounds X:[-1.0000,1.0000] Y:[-1.0000,1.0000] Z:[-1.0000,1.0000]
    level 0: 1 / 1 cells occupied
    level 1: 8 / 8 cells occupied
    level 2: 64 / 64 cells occupied
    level 3: 512 / 512 cells occupied
    level 4: 1352 / 4096 cells occupied

  Screen Fields: 262657 total | 2934 with occupied cells
  Root SF [2] levels:5 dims:2 bounds X:[0,800] Y:[0,600]
    level 0: 0 / 1
    level 1: 0 / 4
    level 2: 0 / 16
    level 3: 0 / 64
    level 4: 0 / 256
    level 5: 0 / 1024

[F2: enable fetch timing]

---
=== HOLLOWS ENGINE ===
FPS: 68 | Pixel: 14.3ms | Input: 0.000ms | Texture: 0.502ms
Camera: [0.00, 0.00, 14.98]

--- DATA (valid / total) ---
  Bool               2 / 2
  Int                6 / 6
  I64                2 / 2
  F32                5 / 5
  F64                2 / 2
  CString            6 / 6
  Vec3               1 / 1
  Vertex             24 / 24
  Vertex_Cache       24 / 24
  Debug_Stats        1 / 1
  FrameData          1 / 1
  Strings_Builder    1 / 1
  DataPoint          26 / 26
  Field              262659 / 262659
  Model              1 / 1
  Face_List          1 / 1
  TOTAL              262762 / 262762

--- FETCHES (edit / copy / set) ---
  Bool               106 / 0 / 0
  Int                637 / 0 / 0
  I64                212 / 0 / 0
  F32                106 / 0 / 0
  F64                106 / 0 / 0
  Vec3               319 / 0 / 0
  Debug_Stats        530 / 0 / 0

--- FIELD OCCUPANCY ---
  Field[0] 'field' levels:4 dims:3
    bounds X:[-8.0000,8.0000] Y:[-8.0000,8.0000] Z:[-8.0000,8.0000]
    level 0: 1 / 1 cells occupied
    level 1: 1 / 8 cells occupied
    level 2: 1 / 64 cells occupied
    level 3: 1 / 512 cells occupied
    level 4: 1 / 4096 cells occupied
  Field[1] 'model_field' levels:4 dims:3
    bounds X:[-1.0000,1.0000] Y:[-1.0000,1.0000] Z:[-1.0000,1.0000]
    level 0: 1 / 1 cells occupied
    level 1: 8 / 8 cells occupied
    level 2: 64 / 64 cells occupied
    level 3: 512 / 512 cells occupied
    level 4: 1352 / 4096 cells occupied

  Screen Fields: 262657 total | 2934 with occupied cells
  Root SF [2] levels:5 dims:2 bounds X:[0,800] Y:[0,600]
    level 0: 0 / 1
    level 1: 0 / 4
    level 2: 0 / 16
    level 3: 0 / 64
    level 4: 0 / 256
    level 5: 0 / 1024

[F2: enable fetch timing]

---
=== HOLLOWS ENGINE ===
FPS: 68 | Pixel: 14.0ms | Input: 0.000ms | Texture: 0.500ms
Camera: [0.00, 0.00, 14.98]

--- DATA (valid / total) ---
  Bool               2 / 2
  Int                6 / 6
  I64                2 / 2
  F32                5 / 5
  F64                2 / 2
  CString            6 / 6
  Vec3               1 / 1
  Vertex             24 / 24
  Vertex_Cache       24 / 24
  Debug_Stats        1 / 1
  FrameData          1 / 1
  Strings_Builder    1 / 1
  DataPoint          26 / 26
  Field              262659 / 262659
  Model              1 / 1
  Face_List          1 / 1
  TOTAL              262762 / 262762

--- FETCHES (edit / copy / set) ---
  Bool               101 / 0 / 0
  Int                607 / 0 / 0
  I64                202 / 0 / 0
  F32                101 / 0 / 0
  F64                101 / 0 / 0
  Vec3               304 / 0 / 0
  Debug_Stats        505 / 0 / 0

--- FIELD OCCUPANCY ---
  Field[0] 'field' levels:4 dims:3
    bounds X:[-8.0000,8.0000] Y:[-8.0000,8.0000] Z:[-8.0000,8.0000]
    level 0: 1 / 1 cells occupied
    level 1: 1 / 8 cells occupied
    level 2: 1 / 64 cells occupied
    level 3: 1 / 512 cells occupied
    level 4: 1 / 4096 cells occupied
  Field[1] 'model_field' levels:4 dims:3
    bounds X:[-1.0000,1.0000] Y:[-1.0000,1.0000] Z:[-1.0000,1.0000]
    level 0: 1 / 1 cells occupied
    level 1: 8 / 8 cells occupied
    level 2: 64 / 64 cells occupied
    level 3: 512 / 512 cells occupied
    level 4: 1352 / 4096 cells occupied

  Screen Fields: 262657 total | 2934 with occupied cells
  Root SF [2] levels:5 dims:2 bounds X:[0,800] Y:[0,600]
    level 0: 0 / 1
    level 1: 0 / 4
    level 2: 0 / 16
    level 3: 0 / 64
    level 4: 0 / 256
    level 5: 0 / 1024

[F2: enable fetch timing]

---
=== HOLLOWS ENGINE ===
FPS: 54 | Pixel: 14.6ms | Input: 0.000ms | Texture: 0.422ms
Camera: [0.00, 0.00, 14.98]

--- DATA (valid / total) ---
  Bool               2 / 2
  Int                6 / 6
  I64                2 / 2
  F32                5 / 5
  F64                2 / 2
  CString            6 / 6
  Vec3               1 / 1
  Vertex             24 / 24
  Vertex_Cache       24 / 24
  Debug_Stats        1 / 1
  FrameData          1 / 1
  Strings_Builder    1 / 1
  DataPoint          26 / 26
  Field              262659 / 262659
  Model              1 / 1
  Face_List          1 / 1
  TOTAL              262762 / 262762

--- FETCHES (edit / copy / set) ---
  Bool               92 / 0 / 0
  Int                553 / 0 / 0
  I64                184 / 0 / 0
  F32                92 / 0 / 0
  F64                92 / 0 / 0
  Vec3               277 / 0 / 0
  Debug_Stats        460 / 0 / 0

--- FIELD OCCUPANCY ---
  Field[0] 'field' levels:4 dims:3
    bounds X:[-8.0000,8.0000] Y:[-8.0000,8.0000] Z:[-8.0000,8.0000]
    level 0: 1 / 1 cells occupied
    level 1: 1 / 8 cells occupied
    level 2: 1 / 64 cells occupied
    level 3: 1 / 512 cells occupied
    level 4: 1 / 4096 cells occupied
  Field[1] 'model_field' levels:4 dims:3
    bounds X:[-1.0000,1.0000] Y:[-1.0000,1.0000] Z:[-1.0000,1.0000]
    level 0: 1 / 1 cells occupied
    level 1: 8 / 8 cells occupied
    level 2: 64 / 64 cells occupied
    level 3: 512 / 512 cells occupied
    level 4: 1352 / 4096 cells occupied

  Screen Fields: 262657 total | 2934 with occupied cells
  Root SF [2] levels:5 dims:2 bounds X:[0,800] Y:[0,600]
    level 0: 0 / 1
    level 1: 0 / 4
    level 2: 0 / 16
    level 3: 0 / 64
    level 4: 0 / 256
    level 5: 0 / 1024

[F2: enable fetch timing]

---
=== HOLLOWS ENGINE ===
FPS: 68 | Pixel: 14.2ms | Input: 0.000ms | Texture: 0.495ms
Camera: [0.00, 0.00, 14.98]

--- DATA (valid / total) ---
  Bool               2 / 2
  Int                6 / 6
  I64                2 / 2
  F32                5 / 5
  F64                2 / 2
  CString            6 / 6
  Vec3               1 / 1
  Vertex             24 / 24
  Vertex_Cache       24 / 24
  Debug_Stats        1 / 1
  FrameData          1 / 1
  Strings_Builder    1 / 1
  DataPoint          26 / 26
  Field              262659 / 262659
  Model              1 / 1
  Face_List          1 / 1
  TOTAL              262762 / 262762

--- FETCHES (edit / copy / set) ---
  Bool               99 / 0 / 0
  Int                595 / 0 / 0
  I64                198 / 0 / 0
  F32                99 / 0 / 0
  F64                99 / 0 / 0
  Vec3               298 / 0 / 0
  Debug_Stats        495 / 0 / 0

--- FIELD OCCUPANCY ---
  Field[0] 'field' levels:4 dims:3
    bounds X:[-8.0000,8.0000] Y:[-8.0000,8.0000] Z:[-8.0000,8.0000]
    level 0: 1 / 1 cells occupied
    level 1: 1 / 8 cells occupied
    level 2: 1 / 64 cells occupied
    level 3: 1 / 512 cells occupied
    level 4: 1 / 4096 cells occupied
  Field[1] 'model_field' levels:4 dims:3
    bounds X:[-1.0000,1.0000] Y:[-1.0000,1.0000] Z:[-1.0000,1.0000]
    level 0: 1 / 1 cells occupied
    level 1: 8 / 8 cells occupied
    level 2: 64 / 64 cells occupied
    level 3: 512 / 512 cells occupied
    level 4: 1352 / 4096 cells occupied

  Screen Fields: 262657 total | 2934 with occupied cells
  Root SF [2] levels:5 dims:2 bounds X:[0,800] Y:[0,600]
    level 0: 0 / 1
    level 1: 0 / 4
    level 2: 0 / 16
    level 3: 0 / 64
    level 4: 0 / 256
    level 5: 0 / 1024

[F2: enable fetch timing]

---
=== HOLLOWS ENGINE ===
FPS: 63 | Pixel: 15.4ms | Input: 0.000ms | Texture: 0.574ms
Camera: [0.00, 0.00, 14.98]

--- DATA (valid / total) ---
  Bool               2 / 2
  Int                6 / 6
  I64                2 / 2
  F32                5 / 5
  F64                2 / 2
  CString            6 / 6
  Vec3               1 / 1
  Vertex             24 / 24
  Vertex_Cache       24 / 24
  Debug_Stats        1 / 1
  FrameData          1 / 1
  Strings_Builder    1 / 1
  DataPoint          26 / 26
  Field              262659 / 262659
  Model              1 / 1
  Face_List          1 / 1
  TOTAL              262762 / 262762

--- FETCHES (edit / copy / set) ---
  Bool               94 / 0 / 0
  Int                565 / 0 / 0
  I64                188 / 0 / 0
  F32                94 / 0 / 0
  F64                94 / 0 / 0
  Vec3               283 / 0 / 0
  Debug_Stats        470 / 0 / 0

--- FIELD OCCUPANCY ---
  Field[0] 'field' levels:4 dims:3
    bounds X:[-8.0000,8.0000] Y:[-8.0000,8.0000] Z:[-8.0000,8.0000]
    level 0: 1 / 1 cells occupied
    level 1: 1 / 8 cells occupied
    level 2: 1 / 64 cells occupied
    level 3: 1 / 512 cells occupied
    level 4: 1 / 4096 cells occupied
  Field[1] 'model_field' levels:4 dims:3
    bounds X:[-1.0000,1.0000] Y:[-1.0000,1.0000] Z:[-1.0000,1.0000]
    level 0: 1 / 1 cells occupied
    level 1: 8 / 8 cells occupied
    level 2: 64 / 64 cells occupied
    level 3: 512 / 512 cells occupied
    level 4: 1352 / 4096 cells occupied

  Screen Fields: 262657 total | 2934 with occupied cells
  Root SF [2] levels:5 dims:2 bounds X:[0,800] Y:[0,600]
    level 0: 0 / 1
    level 1: 0 / 4
    level 2: 0 / 16
    level 3: 0 / 64
    level 4: 0 / 256
    level 5: 0 / 1024

[F2: enable fetch timing]

---
=== HOLLOWS ENGINE ===
FPS: 42 | Pixel: 23.9ms | Input: 0.000ms | Texture: 0.596ms
Camera: [0.00, 0.00, 14.98]

--- DATA (valid / total) ---
  Bool               2 / 2
  Int                6 / 6
  I64                2 / 2
  F32                5 / 5
  F64                2 / 2
  CString            6 / 6
  Vec3               1 / 1
  Vertex             24 / 24
  Vertex_Cache       24 / 24
  Debug_Stats        1 / 1
  FrameData          1 / 1
  Strings_Builder    1 / 1
  DataPoint          26 / 26
  Field              262659 / 262659
  Model              1 / 1
  Face_List          1 / 1
  TOTAL              262762 / 262762

--- FETCHES (edit / copy / set) ---
  Bool               95 / 0 / 0
  Int                571 / 0 / 0
  I64                190 / 0 / 0
  F32                95 / 0 / 0
  F64                95 / 0 / 0
  Vec3               286 / 0 / 0
  Debug_Stats        475 / 0 / 0

--- FIELD OCCUPANCY ---
  Field[0] 'field' levels:4 dims:3
    bounds X:[-8.0000,8.0000] Y:[-8.0000,8.0000] Z:[-8.0000,8.0000]
    level 0: 1 / 1 cells occupied
    level 1: 1 / 8 cells occupied
    level 2: 1 / 64 cells occupied
    level 3: 1 / 512 cells occupied
    level 4: 1 / 4096 cells occupied
  Field[1] 'model_field' levels:4 dims:3
    bounds X:[-1.0000,1.0000] Y:[-1.0000,1.0000] Z:[-1.0000,1.0000]
    level 0: 1 / 1 cells occupied
    level 1: 8 / 8 cells occupied
    level 2: 64 / 64 cells occupied
    level 3: 512 / 512 cells occupied
    level 4: 1352 / 4096 cells occupied

  Screen Fields: 262657 total | 2934 with occupied cells
  Root SF [2] levels:5 dims:2 bounds X:[0,800] Y:[0,600]
    level 0: 0 / 1
    level 1: 0 / 4
    level 2: 0 / 16
    level 3: 0 / 64
    level 4: 0 / 256
    level 5: 0 / 1024

[F2: enable fetch timing]

---
=== HOLLOWS ENGINE ===
FPS: 68 | Pixel: 14.0ms | Input: 0.000ms | Texture: 0.495ms
Camera: [0.00, 0.00, 14.98]

--- DATA (valid / total) ---
  Bool               2 / 2
  Int                6 / 6
  I64                2 / 2
  F32                5 / 5
  F64                2 / 2
  CString            6 / 6
  Vec3               1 / 1
  Vertex             24 / 24
  Vertex_Cache       24 / 24
  Debug_Stats        1 / 1
  FrameData          1 / 1
  Strings_Builder    1 / 1
  DataPoint          26 / 26
  Field              262659 / 262659
  Model              1 / 1
  Face_List          1 / 1
  TOTAL              262762 / 262762

--- FETCHES (edit / copy / set) ---
  Bool               104 / 0 / 0
  Int                625 / 0 / 0
  I64                208 / 0 / 0
  F32                104 / 0 / 0
  F64                104 / 0 / 0
  Vec3               313 / 0 / 0
  Debug_Stats        520 / 0 / 0

--- FIELD OCCUPANCY ---
  Field[0] 'field' levels:4 dims:3
    bounds X:[-8.0000,8.0000] Y:[-8.0000,8.0000] Z:[-8.0000,8.0000]
    level 0: 1 / 1 cells occupied
    level 1: 1 / 8 cells occupied
    level 2: 1 / 64 cells occupied
    level 3: 1 / 512 cells occupied
    level 4: 1 / 4096 cells occupied
  Field[1] 'model_field' levels:4 dims:3
    bounds X:[-1.0000,1.0000] Y:[-1.0000,1.0000] Z:[-1.0000,1.0000]
    level 0: 1 / 1 cells occupied
    level 1: 8 / 8 cells occupied
    level 2: 64 / 64 cells occupied
    level 3: 512 / 512 cells occupied
    level 4: 1352 / 4096 cells occupied

  Screen Fields: 262657 total | 2934 with occupied cells
  Root SF [2] levels:5 dims:2 bounds X:[0,800] Y:[0,600]
    level 0: 0 / 1
    level 1: 0 / 4
    level 2: 0 / 16
    level 3: 0 / 64
    level 4: 0 / 256
    level 5: 0 / 1024

[F2: enable fetch timing]

---
=== HOLLOWS ENGINE ===
FPS: 68 | Pixel: 14.2ms | Input: 0.000ms | Texture: 0.504ms
Camera: [0.00, 0.00, 14.98]

--- DATA (valid / total) ---
  Bool               2 / 2
  Int                6 / 6
  I64                2 / 2
  F32                5 / 5
  F64                2 / 2
  CString            6 / 6
  Vec3               1 / 1
  Vertex             24 / 24
  Vertex_Cache       24 / 24
  Debug_Stats        1 / 1
  FrameData          1 / 1
  Strings_Builder    1 / 1
  DataPoint          26 / 26
  Field              262659 / 262659
  Model              1 / 1
  Face_List          1 / 1
  TOTAL              262762 / 262762

--- FETCHES (edit / copy / set) ---
  Bool               102 / 0 / 0
  Int                613 / 0 / 0
  I64                204 / 0 / 0
  F32                102 / 0 / 0
  F64                102 / 0 / 0
  Vec3               307 / 0 / 0
  Debug_Stats        510 / 0 / 0

--- FIELD OCCUPANCY ---
  Field[0] 'field' levels:4 dims:3
    bounds X:[-8.0000,8.0000] Y:[-8.0000,8.0000] Z:[-8.0000,8.0000]
    level 0: 1 / 1 cells occupied
    level 1: 1 / 8 cells occupied
    level 2: 1 / 64 cells occupied
    level 3: 1 / 512 cells occupied
    level 4: 1 / 4096 cells occupied
  Field[1] 'model_field' levels:4 dims:3
    bounds X:[-1.0000,1.0000] Y:[-1.0000,1.0000] Z:[-1.0000,1.0000]
    level 0: 1 / 1 cells occupied
    level 1: 8 / 8 cells occupied
    level 2: 64 / 64 cells occupied
    level 3: 512 / 512 cells occupied
    level 4: 1352 / 4096 cells occupied

  Screen Fields: 262657 total | 2934 with occupied cells
  Root SF [2] levels:5 dims:2 bounds X:[0,800] Y:[0,600]
    level 0: 0 / 1
    level 1: 0 / 4
    level 2: 0 / 16
    level 3: 0 / 64
    level 4: 0 / 256
    level 5: 0 / 1024

[F2: enable fetch timing]

---
=== HOLLOWS ENGINE ===
FPS: 69 | Pixel: 14.1ms | Input: 0.000ms | Texture: 0.494ms
Camera: [0.00, 0.00, 14.98]

--- DATA (valid / total) ---
  Bool               2 / 2
  Int                6 / 6
  I64                2 / 2
  F32                5 / 5
  F64                2 / 2
  CString            6 / 6
  Vec3               1 / 1
  Vertex             24 / 24
  Vertex_Cache       24 / 24
  Debug_Stats        1 / 1
  FrameData          1 / 1
  Strings_Builder    1 / 1
  DataPoint          26 / 26
  Field              262659 / 262659
  Model              1 / 1
  Face_List          1 / 1
  TOTAL              262762 / 262762

--- FETCHES (edit / copy / set) ---
  Bool               97 / 0 / 0
  Int                583 / 0 / 0
  I64                194 / 0 / 0
  F32                97 / 0 / 0
  F64                97 / 0 / 0
  Vec3               292 / 0 / 0
  Debug_Stats        485 / 0 / 0

--- FIELD OCCUPANCY ---
  Field[0] 'field' levels:4 dims:3
    bounds X:[-8.0000,8.0000] Y:[-8.0000,8.0000] Z:[-8.0000,8.0000]
    level 0: 1 / 1 cells occupied
    level 1: 1 / 8 cells occupied
    level 2: 1 / 64 cells occupied
    level 3: 1 / 512 cells occupied
    level 4: 1 / 4096 cells occupied
  Field[1] 'model_field' levels:4 dims:3
    bounds X:[-1.0000,1.0000] Y:[-1.0000,1.0000] Z:[-1.0000,1.0000]
    level 0: 1 / 1 cells occupied
    level 1: 8 / 8 cells occupied
    level 2: 64 / 64 cells occupied
    level 3: 512 / 512 cells occupied
    level 4: 1352 / 4096 cells occupied

  Screen Fields: 262657 total | 2934 with occupied cells
  Root SF [2] levels:5 dims:2 bounds X:[0,800] Y:[0,600]
    level 0: 0 / 1
    level 1: 0 / 4
    level 2: 0 / 16
    level 3: 0 / 64
    level 4: 0 / 256
    level 5: 0 / 1024

[F2: enable fetch timing]

---
=== HOLLOWS ENGINE ===
FPS: 68 | Pixel: 14.0ms | Input: 0.000ms | Texture: 0.498ms
Camera: [0.00, 0.00, 14.98]

--- DATA (valid / total) ---
  Bool               2 / 2
  Int                6 / 6
  I64                2 / 2
  F32                5 / 5
  F64                2 / 2
  CString            6 / 6
  Vec3               1 / 1
  Vertex             24 / 24
  Vertex_Cache       24 / 24
  Debug_Stats        1 / 1
  FrameData          1 / 1
  Strings_Builder    1 / 1
  DataPoint          26 / 26
  Field              262659 / 262659
  Model              1 / 1
  Face_List          1 / 1
  TOTAL              262762 / 262762

--- FETCHES (edit / copy / set) ---
  Bool               101 / 0 / 0
  Int                607 / 0 / 0
  I64                202 / 0 / 0
  F32                101 / 0 / 0
  F64                101 / 0 / 0
  Vec3               304 / 0 / 0
  Debug_Stats        505 / 0 / 0

--- FIELD OCCUPANCY ---
  Field[0] 'field' levels:4 dims:3
    bounds X:[-8.0000,8.0000] Y:[-8.0000,8.0000] Z:[-8.0000,8.0000]
    level 0: 1 / 1 cells occupied
    level 1: 1 / 8 cells occupied
    level 2: 1 / 64 cells occupied
    level 3: 1 / 512 cells occupied
    level 4: 1 / 4096 cells occupied
  Field[1] 'model_field' levels:4 dims:3
    bounds X:[-1.0000,1.0000] Y:[-1.0000,1.0000] Z:[-1.0000,1.0000]
    level 0: 1 / 1 cells occupied
    level 1: 8 / 8 cells occupied
    level 2: 64 / 64 cells occupied
    level 3: 512 / 512 cells occupied
    level 4: 1352 / 4096 cells occupied

  Screen Fields: 262657 total | 2934 with occupied cells
  Root SF [2] levels:5 dims:2 bounds X:[0,800] Y:[0,600]
    level 0: 0 / 1
    level 1: 0 / 4
    level 2: 0 / 16
    level 3: 0 / 64
    level 4: 0 / 256
    level 5: 0 / 1024

[F2: enable fetch timing]

---
=== HOLLOWS ENGINE ===
FPS: 68 | Pixel: 14.0ms | Input: 0.000ms | Texture: 0.495ms
Camera: [0.00, 0.00, 14.98]

--- DATA (valid / total) ---
  Bool               2 / 2
  Int                6 / 6
  I64                2 / 2
  F32                5 / 5
  F64                2 / 2
  CString            6 / 6
  Vec3               1 / 1
  Vertex             24 / 24
  Vertex_Cache       24 / 24
  Debug_Stats        1 / 1
  FrameData          1 / 1
  Strings_Builder    1 / 1
  DataPoint          26 / 26
  Field              262659 / 262659
  Model              1 / 1
  Face_List          1 / 1
  TOTAL              262762 / 262762

--- FETCHES (edit / copy / set) ---
  Bool               110 / 0 / 0
  Int                661 / 0 / 0
  I64                220 / 0 / 0
  F32                110 / 0 / 0
  F64                110 / 0 / 0
  Vec3               331 / 0 / 0
  Debug_Stats        550 / 0 / 0

--- FIELD OCCUPANCY ---
  Field[0] 'field' levels:4 dims:3
    bounds X:[-8.0000,8.0000] Y:[-8.0000,8.0000] Z:[-8.0000,8.0000]
    level 0: 1 / 1 cells occupied
    level 1: 1 / 8 cells occupied
    level 2: 1 / 64 cells occupied
    level 3: 1 / 512 cells occupied
    level 4: 1 / 4096 cells occupied
  Field[1] 'model_field' levels:4 dims:3
    bounds X:[-1.0000,1.0000] Y:[-1.0000,1.0000] Z:[-1.0000,1.0000]
    level 0: 1 / 1 cells occupied
    level 1: 8 / 8 cells occupied
    level 2: 64 / 64 cells occupied
    level 3: 512 / 512 cells occupied
    level 4: 1352 / 4096 cells occupied

  Screen Fields: 262657 total | 2934 with occupied cells
  Root SF [2] levels:5 dims:2 bounds X:[0,800] Y:[0,600]
    level 0: 0 / 1
    level 1: 0 / 4
    level 2: 0 / 16
    level 3: 0 / 64
    level 4: 0 / 256
    level 5: 0 / 1024

[F2: enable fetch timing]

---
=== HOLLOWS ENGINE ===
FPS: 69 | Pixel: 14.2ms | Input: 0.000ms | Texture: 0.495ms
Camera: [0.00, 0.00, 14.98]

--- DATA (valid / total) ---
  Bool               2 / 2
  Int                6 / 6
  I64                2 / 2
  F32                5 / 5
  F64                2 / 2
  CString            6 / 6
  Vec3               1 / 1
  Vertex             24 / 24
  Vertex_Cache       24 / 24
  Debug_Stats        1 / 1
  FrameData          1 / 1
  Strings_Builder    1 / 1
  DataPoint          26 / 26
  Field              262659 / 262659
  Model              1 / 1
  Face_List          1 / 1
  TOTAL              262762 / 262762

--- FETCHES (edit / copy / set) ---
  Bool               97 / 0 / 0
  Int                583 / 0 / 0
  I64                194 / 0 / 0
  F32                97 / 0 / 0
  F64                97 / 0 / 0
  Vec3               292 / 0 / 0
  Debug_Stats        485 / 0 / 0

--- FIELD OCCUPANCY ---
  Field[0] 'field' levels:4 dims:3
    bounds X:[-8.0000,8.0000] Y:[-8.0000,8.0000] Z:[-8.0000,8.0000]
    level 0: 1 / 1 cells occupied
    level 1: 1 / 8 cells occupied
    level 2: 1 / 64 cells occupied
    level 3: 1 / 512 cells occupied
    level 4: 1 / 4096 cells occupied
  Field[1] 'model_field' levels:4 dims:3
    bounds X:[-1.0000,1.0000] Y:[-1.0000,1.0000] Z:[-1.0000,1.0000]
    level 0: 1 / 1 cells occupied
    level 1: 8 / 8 cells occupied
    level 2: 64 / 64 cells occupied
    level 3: 512 / 512 cells occupied
    level 4: 1352 / 4096 cells occupied

  Screen Fields: 262657 total | 2934 with occupied cells
  Root SF [2] levels:5 dims:2 bounds X:[0,800] Y:[0,600]
    level 0: 0 / 1
    level 1: 0 / 4
    level 2: 0 / 16
    level 3: 0 / 64
    level 4: 0 / 256
    level 5: 0 / 1024

[F2: enable fetch timing]

---
=== HOLLOWS ENGINE ===
FPS: 59 | Pixel: 14.4ms | Input: 0.000ms | Texture: 0.509ms
Camera: [0.00, 0.00, 14.98]

--- DATA (valid / total) ---
  Bool               2 / 2
  Int                6 / 6
  I64                2 / 2
  F32                5 / 5
  F64                2 / 2
  CString            6 / 6
  Vec3               1 / 1
  Vertex             24 / 24
  Vertex_Cache       24 / 24
  Debug_Stats        1 / 1
  FrameData          1 / 1
  Strings_Builder    1 / 1
  DataPoint          26 / 26
  Field              262659 / 262659
  Model              1 / 1
  Face_List          1 / 1
  TOTAL              262762 / 262762

--- FETCHES (edit / copy / set) ---
  Bool               103 / 0 / 0
  Int                619 / 0 / 0
  I64                206 / 0 / 0
  F32                103 / 0 / 0
  F64                103 / 0 / 0
  Vec3               310 / 0 / 0
  Debug_Stats        515 / 0 / 0

--- FIELD OCCUPANCY ---
  Field[0] 'field' levels:4 dims:3
    bounds X:[-8.0000,8.0000] Y:[-8.0000,8.0000] Z:[-8.0000,8.0000]
    level 0: 1 / 1 cells occupied
    level 1: 1 / 8 cells occupied
    level 2: 1 / 64 cells occupied
    level 3: 1 / 512 cells occupied
    level 4: 1 / 4096 cells occupied
  Field[1] 'model_field' levels:4 dims:3
    bounds X:[-1.0000,1.0000] Y:[-1.0000,1.0000] Z:[-1.0000,1.0000]
    level 0: 1 / 1 cells occupied
    level 1: 8 / 8 cells occupied
    level 2: 64 / 64 cells occupied
    level 3: 512 / 512 cells occupied
    level 4: 1352 / 4096 cells occupied

  Screen Fields: 262657 total | 2934 with occupied cells
  Root SF [2] levels:5 dims:2 bounds X:[0,800] Y:[0,600]
    level 0: 0 / 1
    level 1: 0 / 4
    level 2: 0 / 16
    level 3: 0 / 64
    level 4: 0 / 256
    level 5: 0 / 1024

[F2: enable fetch timing]

---
=== HOLLOWS ENGINE ===
FPS: 67 | Pixel: 14.2ms | Input: 0.000ms | Texture: 0.497ms
Camera: [0.00, 0.00, 14.98]

--- DATA (valid / total) ---
  Bool               2 / 2
  Int                6 / 6
  I64                2 / 2
  F32                5 / 5
  F64                2 / 2
  CString            6 / 6
  Vec3               1 / 1
  Vertex             24 / 24
  Vertex_Cache       24 / 24
  Debug_Stats        1 / 1
  FrameData          1 / 1
  Strings_Builder    1 / 1
  DataPoint          26 / 26
  Field              262659 / 262659
  Model              1 / 1
  Face_List          1 / 1
  TOTAL              262762 / 262762

--- FETCHES (edit / copy / set) ---
  Bool               94 / 0 / 0
  Int                565 / 0 / 0
  I64                188 / 0 / 0
  F32                94 / 0 / 0
  F64                94 / 0 / 0
  Vec3               283 / 0 / 0
  Debug_Stats        470 / 0 / 0

--- FIELD OCCUPANCY ---
  Field[0] 'field' levels:4 dims:3
    bounds X:[-8.0000,8.0000] Y:[-8.0000,8.0000] Z:[-8.0000,8.0000]
    level 0: 1 / 1 cells occupied
    level 1: 1 / 8 cells occupied
    level 2: 1 / 64 cells occupied
    level 3: 1 / 512 cells occupied
    level 4: 1 / 4096 cells occupied
  Field[1] 'model_field' levels:4 dims:3
    bounds X:[-1.0000,1.0000] Y:[-1.0000,1.0000] Z:[-1.0000,1.0000]
    level 0: 1 / 1 cells occupied
    level 1: 8 / 8 cells occupied
    level 2: 64 / 64 cells occupied
    level 3: 512 / 512 cells occupied
    level 4: 1352 / 4096 cells occupied

  Screen Fields: 262657 total | 2934 with occupied cells
  Root SF [2] levels:5 dims:2 bounds X:[0,800] Y:[0,600]
    level 0: 0 / 1
    level 1: 0 / 4
    level 2: 0 / 16
    level 3: 0 / 64
    level 4: 0 / 256
    level 5: 0 / 1024

[F2: enable fetch timing]

---
=== HOLLOWS ENGINE ===
FPS: 64 | Pixel: 14.1ms | Input: 0.000ms | Texture: 0.497ms
Camera: [0.00, 0.00, 14.98]

--- DATA (valid / total) ---
  Bool               2 / 2
  Int                6 / 6
  I64                2 / 2
  F32                5 / 5
  F64                2 / 2
  CString            6 / 6
  Vec3               1 / 1
  Vertex             24 / 24
  Vertex_Cache       24 / 24
  Debug_Stats        1 / 1
  FrameData          1 / 1
  Strings_Builder    1 / 1
  DataPoint          26 / 26
  Field              262659 / 262659
  Model              1 / 1
  Face_List          1 / 1
  TOTAL              262762 / 262762

--- FETCHES (edit / copy / set) ---
  Bool               100 / 0 / 0
  Int                601 / 0 / 0
  I64                200 / 0 / 0
  F32                100 / 0 / 0
  F64                100 / 0 / 0
  Vec3               301 / 0 / 0
  Debug_Stats        500 / 0 / 0

--- FIELD OCCUPANCY ---
  Field[0] 'field' levels:4 dims:3
    bounds X:[-8.0000,8.0000] Y:[-8.0000,8.0000] Z:[-8.0000,8.0000]
    level 0: 1 / 1 cells occupied
    level 1: 1 / 8 cells occupied
    level 2: 1 / 64 cells occupied
    level 3: 1 / 512 cells occupied
    level 4: 1 / 4096 cells occupied
  Field[1] 'model_field' levels:4 dims:3
    bounds X:[-1.0000,1.0000] Y:[-1.0000,1.0000] Z:[-1.0000,1.0000]
    level 0: 1 / 1 cells occupied
    level 1: 8 / 8 cells occupied
    level 2: 64 / 64 cells occupied
    level 3: 512 / 512 cells occupied
    level 4: 1352 / 4096 cells occupied

  Screen Fields: 262657 total | 2934 with occupied cells
  Root SF [2] levels:5 dims:2 bounds X:[0,800] Y:[0,600]
    level 0: 0 / 1
    level 1: 0 / 4
    level 2: 0 / 16
    level 3: 0 / 64
    level 4: 0 / 256
    level 5: 0 / 1024

[F2: enable fetch timing]

---
=== HOLLOWS ENGINE ===
FPS: 64 | Pixel: 14.4ms | Input: 0.000ms | Texture: 0.501ms
Camera: [0.00, 0.00, 14.98]

--- DATA (valid / total) ---
  Bool               2 / 2
  Int                6 / 6
  I64                2 / 2
  F32                5 / 5
  F64                2 / 2
  CString            6 / 6
  Vec3               1 / 1
  Vertex             24 / 24
  Vertex_Cache       24 / 24
  Debug_Stats        1 / 1
  FrameData          1 / 1
  Strings_Builder    1 / 1
  DataPoint          26 / 26
  Field              262659 / 262659
  Model              1 / 1
  Face_List          1 / 1
  TOTAL              262762 / 262762

--- FETCHES (edit / copy / set) ---
  Bool               93 / 0 / 0
  Int                559 / 0 / 0
  I64                186 / 0 / 0
  F32                93 / 0 / 0
  F64                93 / 0 / 0
  Vec3               280 / 0 / 0
  Debug_Stats        465 / 0 / 0

--- FIELD OCCUPANCY ---
  Field[0] 'field' levels:4 dims:3
    bounds X:[-8.0000,8.0000] Y:[-8.0000,8.0000] Z:[-8.0000,8.0000]
    level 0: 1 / 1 cells occupied
    level 1: 1 / 8 cells occupied
    level 2: 1 / 64 cells occupied
    level 3: 1 / 512 cells occupied
    level 4: 1 / 4096 cells occupied
  Field[1] 'model_field' levels:4 dims:3
    bounds X:[-1.0000,1.0000] Y:[-1.0000,1.0000] Z:[-1.0000,1.0000]
    level 0: 1 / 1 cells occupied
    level 1: 8 / 8 cells occupied
    level 2: 64 / 64 cells occupied
    level 3: 512 / 512 cells occupied
    level 4: 1352 / 4096 cells occupied

  Screen Fields: 262657 total | 2934 with occupied cells
  Root SF [2] levels:5 dims:2 bounds X:[0,800] Y:[0,600]
    level 0: 0 / 1
    level 1: 0 / 4
    level 2: 0 / 16
    level 3: 0 / 64
    level 4: 0 / 256
    level 5: 0 / 1024

[F2: enable fetch timing]

---
=== HOLLOWS ENGINE ===
FPS: 67 | Pixel: 14.4ms | Input: 0.000ms | Texture: 0.506ms
Camera: [0.00, 0.00, 14.98]

--- DATA (valid / total) ---
  Bool               2 / 2
  Int                6 / 6
  I64                2 / 2
  F32                5 / 5
  F64                2 / 2
  CString            6 / 6
  Vec3               1 / 1
  Vertex             24 / 24
  Vertex_Cache       24 / 24
  Debug_Stats        1 / 1
  FrameData          1 / 1
  Strings_Builder    1 / 1
  DataPoint          26 / 26
  Field              262659 / 262659
  Model              1 / 1
  Face_List          1 / 1
  TOTAL              262762 / 262762

--- FETCHES (edit / copy / set) ---
  Bool               99 / 0 / 0
  Int                595 / 0 / 0
  I64                198 / 0 / 0
  F32                99 / 0 / 0
  F64                99 / 0 / 0
  Vec3               298 / 0 / 0
  Debug_Stats        495 / 0 / 0

--- FIELD OCCUPANCY ---
  Field[0] 'field' levels:4 dims:3
    bounds X:[-8.0000,8.0000] Y:[-8.0000,8.0000] Z:[-8.0000,8.0000]
    level 0: 1 / 1 cells occupied
    level 1: 1 / 8 cells occupied
    level 2: 1 / 64 cells occupied
    level 3: 1 / 512 cells occupied
    level 4: 1 / 4096 cells occupied
  Field[1] 'model_field' levels:4 dims:3
    bounds X:[-1.0000,1.0000] Y:[-1.0000,1.0000] Z:[-1.0000,1.0000]
    level 0: 1 / 1 cells occupied
    level 1: 8 / 8 cells occupied
    level 2: 64 / 64 cells occupied
    level 3: 512 / 512 cells occupied
    level 4: 1352 / 4096 cells occupied

  Screen Fields: 262657 total | 2934 with occupied cells
  Root SF [2] levels:5 dims:2 bounds X:[0,800] Y:[0,600]
    level 0: 0 / 1
    level 1: 0 / 4
    level 2: 0 / 16
    level 3: 0 / 64
    level 4: 0 / 256
    level 5: 0 / 1024

[F2: enable fetch timing]

---
=== HOLLOWS ENGINE ===
FPS: 41 | Pixel: 23.1ms | Input: 0.000ms | Texture: 0.594ms
Camera: [0.00, 0.00, 14.98]

--- DATA (valid / total) ---
  Bool               2 / 2
  Int                6 / 6
  I64                2 / 2
  F32                5 / 5
  F64                2 / 2
  CString            6 / 6
  Vec3               1 / 1
  Vertex             24 / 24
  Vertex_Cache       24 / 24
  Debug_Stats        1 / 1
  FrameData          1 / 1
  Strings_Builder    1 / 1
  DataPoint          26 / 26
  Field              262659 / 262659
  Model              1 / 1
  Face_List          1 / 1
  TOTAL              262762 / 262762

--- FETCHES (edit / copy / set) ---
  Bool               100 / 0 / 0
  Int                601 / 0 / 0
  I64                200 / 0 / 0
  F32                100 / 0 / 0
  F64                100 / 0 / 0
  Vec3               301 / 0 / 0
  Debug_Stats        500 / 0 / 0

--- FIELD OCCUPANCY ---
  Field[0] 'field' levels:4 dims:3
    bounds X:[-8.0000,8.0000] Y:[-8.0000,8.0000] Z:[-8.0000,8.0000]
    level 0: 1 / 1 cells occupied
    level 1: 1 / 8 cells occupied
    level 2: 1 / 64 cells occupied
    level 3: 1 / 512 cells occupied
    level 4: 1 / 4096 cells occupied
  Field[1] 'model_field' levels:4 dims:3
    bounds X:[-1.0000,1.0000] Y:[-1.0000,1.0000] Z:[-1.0000,1.0000]
    level 0: 1 / 1 cells occupied
    level 1: 8 / 8 cells occupied
    level 2: 64 / 64 cells occupied
    level 3: 512 / 512 cells occupied
    level 4: 1352 / 4096 cells occupied

  Screen Fields: 262657 total | 2934 with occupied cells
  Root SF [2] levels:5 dims:2 bounds X:[0,800] Y:[0,600]
    level 0: 0 / 1
    level 1: 0 / 4
    level 2: 0 / 16
    level 3: 0 / 64
    level 4: 0 / 256
    level 5: 0 / 1024

[F2: enable fetch timing]

---
=== HOLLOWS ENGINE ===
FPS: 67 | Pixel: 14.8ms | Input: 0.000ms | Texture: 0.515ms
Camera: [0.00, 0.00, 14.98]

--- DATA (valid / total) ---
  Bool               2 / 2
  Int                6 / 6
  I64                2 / 2
  F32                5 / 5
  F64                2 / 2
  CString            6 / 6
  Vec3               1 / 1
  Vertex             24 / 24
  Vertex_Cache       24 / 24
  Debug_Stats        1 / 1
  FrameData          1 / 1
  Strings_Builder    1 / 1
  DataPoint          26 / 26
  Field              262659 / 262659
  Model              1 / 1
  Face_List          1 / 1
  TOTAL              262762 / 262762

--- FETCHES (edit / copy / set) ---
  Bool               101 / 0 / 0
  Int                607 / 0 / 0
  I64                202 / 0 / 0
  F32                101 / 0 / 0
  F64                101 / 0 / 0
  Vec3               304 / 0 / 0
  Debug_Stats        505 / 0 / 0

--- FIELD OCCUPANCY ---
  Field[0] 'field' levels:4 dims:3
    bounds X:[-8.0000,8.0000] Y:[-8.0000,8.0000] Z:[-8.0000,8.0000]
    level 0: 1 / 1 cells occupied
    level 1: 1 / 8 cells occupied
    level 2: 1 / 64 cells occupied
    level 3: 1 / 512 cells occupied
    level 4: 1 / 4096 cells occupied
  Field[1] 'model_field' levels:4 dims:3
    bounds X:[-1.0000,1.0000] Y:[-1.0000,1.0000] Z:[-1.0000,1.0000]
    level 0: 1 / 1 cells occupied
    level 1: 8 / 8 cells occupied
    level 2: 64 / 64 cells occupied
    level 3: 512 / 512 cells occupied
    level 4: 1352 / 4096 cells occupied

  Screen Fields: 262657 total | 2934 with occupied cells
  Root SF [2] levels:5 dims:2 bounds X:[0,800] Y:[0,600]
    level 0: 0 / 1
    level 1: 0 / 4
    level 2: 0 / 16
    level 3: 0 / 64
    level 4: 0 / 256
    level 5: 0 / 1024

[F2: enable fetch timing]

---
=== HOLLOWS ENGINE ===
FPS: 67 | Pixel: 16.0ms | Input: 0.000ms | Texture: 0.542ms
Camera: [0.00, 0.00, 14.98]

--- DATA (valid / total) ---
  Bool               2 / 2
  Int                6 / 6
  I64                2 / 2
  F32                5 / 5
  F64                2 / 2
  CString            6 / 6
  Vec3               1 / 1
  Vertex             24 / 24
  Vertex_Cache       24 / 24
  Debug_Stats        1 / 1
  FrameData          1 / 1
  Strings_Builder    1 / 1
  DataPoint          26 / 26
  Field              262659 / 262659
  Model              1 / 1
  Face_List          1 / 1
  TOTAL              262762 / 262762

--- FETCHES (edit / copy / set) ---
  Bool               94 / 0 / 0
  Int                565 / 0 / 0
  I64                188 / 0 / 0
  F32                94 / 0 / 0
  F64                94 / 0 / 0
  Vec3               283 / 0 / 0
  Debug_Stats        470 / 0 / 0

--- FIELD OCCUPANCY ---
  Field[0] 'field' levels:4 dims:3
    bounds X:[-8.0000,8.0000] Y:[-8.0000,8.0000] Z:[-8.0000,8.0000]
    level 0: 1 / 1 cells occupied
    level 1: 1 / 8 cells occupied
    level 2: 1 / 64 cells occupied
    level 3: 1 / 512 cells occupied
    level 4: 1 / 4096 cells occupied
  Field[1] 'model_field' levels:4 dims:3
    bounds X:[-1.0000,1.0000] Y:[-1.0000,1.0000] Z:[-1.0000,1.0000]
    level 0: 1 / 1 cells occupied
    level 1: 8 / 8 cells occupied
    level 2: 64 / 64 cells occupied
    level 3: 512 / 512 cells occupied
    level 4: 1352 / 4096 cells occupied

  Screen Fields: 262657 total | 2934 with occupied cells
  Root SF [2] levels:5 dims:2 bounds X:[0,800] Y:[0,600]
    level 0: 0 / 1
    level 1: 0 / 4
    level 2: 0 / 16
    level 3: 0 / 64
    level 4: 0 / 256
    level 5: 0 / 1024

[F2: enable fetch timing]

---
=== HOLLOWS ENGINE ===
FPS: 68 | Pixel: 14.4ms | Input: 0.000ms | Texture: 0.507ms
Camera: [0.00, 0.00, 14.98]

--- DATA (valid / total) ---
  Bool               2 / 2
  Int                6 / 6
  I64                2 / 2
  F32                5 / 5
  F64                2 / 2
  CString            6 / 6
  Vec3               1 / 1
  Vertex             24 / 24
  Vertex_Cache       24 / 24
  Debug_Stats        1 / 1
  FrameData          1 / 1
  Strings_Builder    1 / 1
  DataPoint          26 / 26
  Field              262659 / 262659
  Model              1 / 1
  Face_List          1 / 1
  TOTAL              262762 / 262762

--- FETCHES (edit / copy / set) ---
  Bool               91 / 0 / 0
  Int                547 / 0 / 0
  I64                182 / 0 / 0
  F32                91 / 0 / 0
  F64                91 / 0 / 0
  Vec3               274 / 0 / 0
  Debug_Stats        455 / 0 / 0

--- FIELD OCCUPANCY ---
  Field[0] 'field' levels:4 dims:3
    bounds X:[-8.0000,8.0000] Y:[-8.0000,8.0000] Z:[-8.0000,8.0000]
    level 0: 1 / 1 cells occupied
    level 1: 1 / 8 cells occupied
    level 2: 1 / 64 cells occupied
    level 3: 1 / 512 cells occupied
    level 4: 1 / 4096 cells occupied
  Field[1] 'model_field' levels:4 dims:3
    bounds X:[-1.0000,1.0000] Y:[-1.0000,1.0000] Z:[-1.0000,1.0000]
    level 0: 1 / 1 cells occupied
    level 1: 8 / 8 cells occupied
    level 2: 64 / 64 cells occupied
    level 3: 512 / 512 cells occupied
    level 4: 1352 / 4096 cells occupied

  Screen Fields: 262657 total | 2934 with occupied cells
  Root SF [2] levels:5 dims:2 bounds X:[0,800] Y:[0,600]
    level 0: 0 / 1
    level 1: 0 / 4
    level 2: 0 / 16
    level 3: 0 / 64
    level 4: 0 / 256
    level 5: 0 / 1024

[F2: enable fetch timing]

---
=== HOLLOWS ENGINE ===
FPS: 67 | Pixel: 14.2ms | Input: 0.000ms | Texture: 0.503ms
Camera: [0.00, 0.65, 16.72]

--- DATA (valid / total) ---
  Bool               2 / 2
  Int                6 / 6
  I64                2 / 2
  F32                5 / 5
  F64                2 / 2
  CString            6 / 6
  Vec3               1 / 1
  Vertex             24 / 24
  Vertex_Cache       24 / 24
  Debug_Stats        1 / 1
  FrameData          1 / 1
  Strings_Builder    1 / 1
  DataPoint          26 / 26
  Field              262659 / 262659
  Model              1 / 1
  Face_List          1 / 1
  TOTAL              262762 / 262762

--- FETCHES (edit / copy / set) ---
  Bool               101 / 0 / 0
  Int                607 / 0 / 0
  I64                202 / 0 / 0
  F32                101 / 0 / 0
  F64                101 / 0 / 0
  Vec3               304 / 0 / 0
  Debug_Stats        505 / 0 / 0

--- FIELD OCCUPANCY ---
  Field[0] 'field' levels:4 dims:3
    bounds X:[-8.0000,8.0000] Y:[-8.0000,8.0000] Z:[-8.0000,8.0000]
    level 0: 1 / 1 cells occupied
    level 1: 1 / 8 cells occupied
    level 2: 1 / 64 cells occupied
    level 3: 1 / 512 cells occupied
    level 4: 1 / 4096 cells occupied
  Field[1] 'model_field' levels:4 dims:3
    bounds X:[-1.0000,1.0000] Y:[-1.0000,1.0000] Z:[-1.0000,1.0000]
    level 0: 1 / 1 cells occupied
    level 1: 8 / 8 cells occupied
    level 2: 64 / 64 cells occupied
    level 3: 512 / 512 cells occupied
    level 4: 1352 / 4096 cells occupied

  Screen Fields: 262657 total | 3795 with occupied cells
  Root SF [2] levels:5 dims:2 bounds X:[0,800] Y:[0,600]
    level 0: 0 / 1
    level 1: 0 / 4
    level 2: 0 / 16
    level 3: 0 / 64
    level 4: 0 / 256
    level 5: 0 / 1024

[F2: enable fetch timing]

---
=== HOLLOWS ENGINE ===
FPS: 68 | Pixel: 13.7ms | Input: 0.000ms | Texture: 0.498ms
Camera: [0.00, -0.17, 16.72]

--- DATA (valid / total) ---
  Bool               2 / 2
  Int                6 / 6
  I64                2 / 2
  F32                5 / 5
  F64                2 / 2
  CString            6 / 6
  Vec3               1 / 1
  Vertex             24 / 24
  Vertex_Cache       24 / 24
  Debug_Stats        1 / 1
  FrameData          1 / 1
  Strings_Builder    1 / 1
  DataPoint          26 / 26
  Field              262659 / 262659
  Model              1 / 1
  Face_List          1 / 1
  TOTAL              262762 / 262762

--- FETCHES (edit / copy / set) ---
  Bool               90 / 0 / 0
  Int                541 / 0 / 0
  I64                180 / 0 / 0
  F32                90 / 0 / 0
  F64                90 / 0 / 0
  Vec3               271 / 0 / 0
  Debug_Stats        450 / 0 / 0

--- FIELD OCCUPANCY ---
  Field[0] 'field' levels:4 dims:3
    bounds X:[-8.0000,8.0000] Y:[-8.0000,8.0000] Z:[-8.0000,8.0000]
    level 0: 1 / 1 cells occupied
    level 1: 1 / 8 cells occupied
    level 2: 1 / 64 cells occupied
    level 3: 1 / 512 cells occupied
    level 4: 1 / 4096 cells occupied
  Field[1] 'model_field' levels:4 dims:3
    bounds X:[-1.0000,1.0000] Y:[-1.0000,1.0000] Z:[-1.0000,1.0000]
    level 0: 1 / 1 cells occupied
    level 1: 8 / 8 cells occupied
    level 2: 64 / 64 cells occupied
    level 3: 512 / 512 cells occupied
    level 4: 1352 / 4096 cells occupied

  Screen Fields: 262657 total | 2025 with occupied cells
  Root SF [2] levels:5 dims:2 bounds X:[0,800] Y:[0,600]
    level 0: 0 / 1
    level 1: 0 / 4
    level 2: 0 / 16
    level 3: 0 / 64
    level 4: 0 / 256
    level 5: 0 / 1024

[F2: enable fetch timing]

---
=== HOLLOWS ENGINE ===
FPS: 40 | Pixel: 23.2ms | Input: 0.001ms | Texture: 0.597ms
Camera: [0.00, -0.17, 13.12]

--- DATA (valid / total) ---
  Bool               2 / 2
  Int                6 / 6
  I64                2 / 2
  F32                5 / 5
  F64                2 / 2
  CString            6 / 6
  Vec3               1 / 1
  Vertex             24 / 24
  Vertex_Cache       24 / 24
  Debug_Stats        1 / 1
  FrameData          1 / 1
  Strings_Builder    1 / 1
  DataPoint          26 / 26
  Field              262659 / 262659
  Model              1 / 1
  Face_List          1 / 1
  TOTAL              262762 / 262762

--- FETCHES (edit / copy / set) ---
  Bool               92 / 0 / 0
  Int                553 / 0 / 0
  I64                184 / 0 / 0
  F32                92 / 0 / 0
  F64                92 / 0 / 0
  Vec3               277 / 0 / 0
  Debug_Stats        460 / 0 / 0

--- FIELD OCCUPANCY ---
  Field[0] 'field' levels:4 dims:3
    bounds X:[-8.0000,8.0000] Y:[-8.0000,8.0000] Z:[-8.0000,8.0000]
    level 0: 1 / 1 cells occupied
    level 1: 1 / 8 cells occupied
    level 2: 1 / 64 cells occupied
    level 3: 1 / 512 cells occupied
    level 4: 1 / 4096 cells occupied
  Field[1] 'model_field' levels:4 dims:3
    bounds X:[-1.0000,1.0000] Y:[-1.0000,1.0000] Z:[-1.0000,1.0000]
    level 0: 1 / 1 cells occupied
    level 1: 8 / 8 cells occupied
    level 2: 64 / 64 cells occupied
    level 3: 512 / 512 cells occupied
    level 4: 1352 / 4096 cells occupied

  Screen Fields: 262657 total | 3140 with occupied cells
  Root SF [2] levels:5 dims:2 bounds X:[0,800] Y:[0,600]
    level 0: 0 / 1
    level 1: 0 / 4
    level 2: 0 / 16
    level 3: 0 / 64
    level 4: 0 / 256
    level 5: 0 / 1024

[F2: enable fetch timing]

---
=== HOLLOWS ENGINE ===
FPS: 62 | Pixel: 15.3ms | Input: 0.000ms | Texture: 0.501ms
Camera: [0.00, -0.17, 9.50]

--- DATA (valid / total) ---
  Bool               2 / 2
  Int                6 / 6
  I64                2 / 2
  F32                5 / 5
  F64                2 / 2
  CString            6 / 6
  Vec3               1 / 1
  Vertex             24 / 24
  Vertex_Cache       24 / 24
  Debug_Stats        1 / 1
  FrameData          1 / 1
  Strings_Builder    1 / 1
  DataPoint          26 / 26
  Field              262659 / 262659
  Model              1 / 1
  Face_List          1 / 1
  TOTAL              262762 / 262762

--- FETCHES (edit / copy / set) ---
  Bool               98 / 0 / 0
  Int                589 / 0 / 0
  I64                196 / 0 / 0
  F32                98 / 0 / 0
  F64                98 / 0 / 0
  Vec3               295 / 0 / 0
  Debug_Stats        490 / 0 / 0

--- FIELD OCCUPANCY ---
  Field[0] 'field' levels:4 dims:3
    bounds X:[-8.0000,8.0000] Y:[-8.0000,8.0000] Z:[-8.0000,8.0000]
    level 0: 1 / 1 cells occupied
    level 1: 1 / 8 cells occupied
    level 2: 1 / 64 cells occupied
    level 3: 1 / 512 cells occupied
    level 4: 1 / 4096 cells occupied
  Field[1] 'model_field' levels:4 dims:3
    bounds X:[-1.0000,1.0000] Y:[-1.0000,1.0000] Z:[-1.0000,1.0000]
    level 0: 1 / 1 cells occupied
    level 1: 8 / 8 cells occupied
    level 2: 64 / 64 cells occupied
    level 3: 512 / 512 cells occupied
    level 4: 1352 / 4096 cells occupied

  Screen Fields: 262657 total | 5121 with occupied cells
  Root SF [2] levels:5 dims:2 bounds X:[0,800] Y:[0,600]
    level 0: 0 / 1
    level 1: 0 / 4
    level 2: 0 / 16
    level 3: 0 / 64
    level 4: 0 / 256
    level 5: 0 / 1024

[F2: enable fetch timing]

---
=== HOLLOWS ENGINE ===
FPS: 59 | Pixel: 16.1ms | Input: 0.000ms | Texture: 0.499ms
Camera: [0.00, -0.17, 6.12]

--- DATA (valid / total) ---
  Bool               2 / 2
  Int                6 / 6
  I64                2 / 2
  F32                5 / 5
  F64                2 / 2
  CString            6 / 6
  Vec3               1 / 1
  Vertex             24 / 24
  Vertex_Cache       24 / 24
  Debug_Stats        1 / 1
  FrameData          1 / 1
  Strings_Builder    1 / 1
  DataPoint          26 / 26
  Field              262659 / 262659
  Model              1 / 1
  Face_List          1 / 1
  TOTAL              262762 / 262762

--- FETCHES (edit / copy / set) ---
  Bool               94 / 0 / 0
  Int                565 / 0 / 0
  I64                188 / 0 / 0
  F32                94 / 0 / 0
  F64                94 / 0 / 0
  Vec3               283 / 0 / 0
  Debug_Stats        470 / 0 / 0

--- FIELD OCCUPANCY ---
  Field[0] 'field' levels:4 dims:3
    bounds X:[-8.0000,8.0000] Y:[-8.0000,8.0000] Z:[-8.0000,8.0000]
    level 0: 1 / 1 cells occupied
    level 1: 1 / 8 cells occupied
    level 2: 1 / 64 cells occupied
    level 3: 1 / 512 cells occupied
    level 4: 1 / 4096 cells occupied
  Field[1] 'model_field' levels:4 dims:3
    bounds X:[-1.0000,1.0000] Y:[-1.0000,1.0000] Z:[-1.0000,1.0000]
    level 0: 1 / 1 cells occupied
    level 1: 8 / 8 cells occupied
    level 2: 64 / 64 cells occupied
    level 3: 512 / 512 cells occupied
    level 4: 1352 / 4096 cells occupied

  Screen Fields: 262657 total | 6834 with occupied cells
  Root SF [2] levels:5 dims:2 bounds X:[0,800] Y:[0,600]
    level 0: 0 / 1
    level 1: 0 / 4
    level 2: 0 / 16
    level 3: 0 / 64
    level 4: 0 / 256
    level 5: 0 / 1024

[F2: enable fetch timing]

---
=== HOLLOWS ENGINE ===
FPS: 58 | Pixel: 16.9ms | Input: 0.000ms | Texture: 0.521ms
Camera: [0.00, -0.17, 4.87]

--- DATA (valid / total) ---
  Bool               2 / 2
  Int                6 / 6
  I64                2 / 2
  F32                5 / 5
  F64                2 / 2
  CString            6 / 6
  Vec3               1 / 1
  Vertex             24 / 24
  Vertex_Cache       24 / 24
  Debug_Stats        1 / 1
  FrameData          1 / 1
  Strings_Builder    1 / 1
  DataPoint          26 / 26
  Field              262659 / 262659
  Model              1 / 1
  Face_List          1 / 1
  TOTAL              262762 / 262762

--- FETCHES (edit / copy / set) ---
  Bool               85 / 0 / 0
  Int                511 / 0 / 0
  I64                170 / 0 / 0
  F32                85 / 0 / 0
  F64                85 / 0 / 0
  Vec3               256 / 0 / 0
  Debug_Stats        425 / 0 / 0

--- FIELD OCCUPANCY ---
  Field[0] 'field' levels:4 dims:3
    bounds X:[-8.0000,8.0000] Y:[-8.0000,8.0000] Z:[-8.0000,8.0000]
    level 0: 1 / 1 cells occupied
    level 1: 1 / 8 cells occupied
    level 2: 1 / 64 cells occupied
    level 3: 1 / 512 cells occupied
    level 4: 1 / 4096 cells occupied
  Field[1] 'model_field' levels:4 dims:3
    bounds X:[-1.0000,1.0000] Y:[-1.0000,1.0000] Z:[-1.0000,1.0000]
    level 0: 1 / 1 cells occupied
    level 1: 8 / 8 cells occupied
    level 2: 64 / 64 cells occupied
    level 3: 512 / 512 cells occupied
    level 4: 1352 / 4096 cells occupied

  Screen Fields: 262657 total | 7441 with occupied cells
  Root SF [2] levels:5 dims:2 bounds X:[0,800] Y:[0,600]
    level 0: 0 / 1
    level 1: 0 / 4
    level 2: 0 / 16
    level 3: 0 / 64
    level 4: 0 / 256
    level 5: 0 / 1024

[F2: enable fetch timing]

---
=== HOLLOWS ENGINE ===
FPS: 59 | Pixel: 16.8ms | Input: 0.000ms | Texture: 0.510ms
Camera: [0.00, -0.17, 4.87]

--- DATA (valid / total) ---
  Bool               2 / 2
  Int                6 / 6
  I64                2 / 2
  F32                5 / 5
  F64                2 / 2
  CString            6 / 6
  Vec3               1 / 1
  Vertex             24 / 24
  Vertex_Cache       24 / 24
  Debug_Stats        1 / 1
  FrameData          1 / 1
  Strings_Builder    1 / 1
  DataPoint          26 / 26
  Field              262659 / 262659
  Model              1 / 1
  Face_List          1 / 1
  TOTAL              262762 / 262762

--- FETCHES (edit / copy / set) ---
  Bool               67 / 0 / 0
  Int                408 / 0 / 0
  I64                134 / 0 / 0
  F32                67 / 0 / 0
  F64                67 / 0 / 0
  CString            2 / 0 / 0
  Vec3               203 / 0 / 0
  Debug_Stats        336 / 0 / 0

--- FIELD OCCUPANCY ---
  Field[0] 'field' levels:4 dims:3
    bounds X:[-8.0000,8.0000] Y:[-8.0000,8.0000] Z:[-8.0000,8.0000]
    level 0: 1 / 1 cells occupied
    level 1: 1 / 8 cells occupied
    level 2: 1 / 64 cells occupied
    level 3: 1 / 512 cells occupied
    level 4: 1 / 4096 cells occupied
  Field[1] 'model_field' levels:4 dims:3
    bounds X:[-1.0000,1.0000] Y:[-1.0000,1.0000] Z:[-1.0000,1.0000]
    level 0: 1 / 1 cells occupied
    level 1: 8 / 8 cells occupied
    level 2: 64 / 64 cells occupied
    level 3: 512 / 512 cells occupied
    level 4: 1352 / 4096 cells occupied

  Screen Fields: 262657 total | 7441 with occupied cells
  Root SF [2] levels:5 dims:2 bounds X:[0,800] Y:[0,600]
    level 0: 0 / 1
    level 1: 0 / 4
    level 2: 0 / 16
    level 3: 0 / 64
    level 4: 0 / 256
    level 5: 0 / 1024

[F2: enable fetch timing]

---
=== HOLLOWS ENGINE ===
FPS: 60 | Pixel: 16.0ms | Input: 0.000ms | Texture: 0.507ms
Camera: [0.00, -0.17, 4.87]

--- DATA (valid / total) ---
  Bool               2 / 2
  Int                6 / 6
  I64                2 / 2
  F32                5 / 5
  F64                2 / 2
  CString            6 / 6
  Vec3               1 / 1
  Vertex             24 / 24
  Vertex_Cache       24 / 24
  Debug_Stats        1 / 1
  FrameData          1 / 1
  Strings_Builder    1 / 1
  DataPoint          26 / 26
  Field              262659 / 262659
  Model              1 / 1
  Face_List          1 / 1
  TOTAL              262762 / 262762

--- FETCHES (edit / copy / set) ---
  Bool               92 / 0 / 0
  Int                553 / 0 / 0
  I64                184 / 0 / 0
  F32                92 / 0 / 0
  F64                92 / 0 / 0
  Vec3               277 / 0 / 0
  Debug_Stats        460 / 0 / 0

--- FIELD OCCUPANCY ---
  Field[0] 'field' levels:4 dims:3
    bounds X:[-8.0000,8.0000] Y:[-8.0000,8.0000] Z:[-8.0000,8.0000]
    level 0: 1 / 1 cells occupied
    level 1: 1 / 8 cells occupied
    level 2: 1 / 64 cells occupied
    level 3: 1 / 512 cells occupied
    level 4: 1 / 4096 cells occupied
  Field[1] 'model_field' levels:4 dims:3
    bounds X:[-1.0000,1.0000] Y:[-1.0000,1.0000] Z:[-1.0000,1.0000]
    level 0: 1 / 1 cells occupied
    level 1: 8 / 8 cells occupied
    level 2: 64 / 64 cells occupied
    level 3: 512 / 512 cells occupied
    level 4: 1352 / 4096 cells occupied

  Screen Fields: 262657 total | 7441 with occupied cells
  Root SF [2] levels:5 dims:2 bounds X:[0,800] Y:[0,600]
    level 0: 0 / 1
    level 1: 0 / 4
    level 2: 0 / 16
    level 3: 0 / 64
    level 4: 0 / 256
    level 5: 0 / 1024

[F2: enable fetch timing]

---
=== HOLLOWS ENGINE ===
FPS: 59 | Pixel: 16.4ms | Input: 0.000ms | Texture: 0.503ms
Camera: [0.00, -0.17, 4.87]

--- DATA (valid / total) ---
  Bool               2 / 2
  Int                6 / 6
  I64                2 / 2
  F32                5 / 5
  F64                2 / 2
  CString            6 / 6
  Vec3               1 / 1
  Vertex             24 / 24
  Vertex_Cache       24 / 24
  Debug_Stats        1 / 1
  FrameData          1 / 1
  Strings_Builder    1 / 1
  DataPoint          26 / 26
  Field              262659 / 262659
  Model              1 / 1
  Face_List          1 / 1
  TOTAL              262762 / 262762

--- FETCHES (edit / copy / set) ---
  Bool               90 / 0 / 0
  Int                541 / 0 / 0
  I64                180 / 0 / 0
  F32                90 / 0 / 0
  F64                90 / 0 / 0
  Vec3               271 / 0 / 0
  Debug_Stats        450 / 0 / 0

--- FIELD OCCUPANCY ---
  Field[0] 'field' levels:4 dims:3
    bounds X:[-8.0000,8.0000] Y:[-8.0000,8.0000] Z:[-8.0000,8.0000]
    level 0: 1 / 1 cells occupied
    level 1: 1 / 8 cells occupied
    level 2: 1 / 64 cells occupied
    level 3: 1 / 512 cells occupied
    level 4: 1 / 4096 cells occupied
  Field[1] 'model_field' levels:4 dims:3
    bounds X:[-1.0000,1.0000] Y:[-1.0000,1.0000] Z:[-1.0000,1.0000]
    level 0: 1 / 1 cells occupied
    level 1: 8 / 8 cells occupied
    level 2: 64 / 64 cells occupied
    level 3: 512 / 512 cells occupied
    level 4: 1352 / 4096 cells occupied

  Screen Fields: 262657 total | 7441 with occupied cells
  Root SF [2] levels:5 dims:2 bounds X:[0,800] Y:[0,600]
    level 0: 0 / 1
    level 1: 0 / 4
    level 2: 0 / 16
    level 3: 0 / 64
    level 4: 0 / 256
    level 5: 0 / 1024

[F2: enable fetch timing]

---
=== HOLLOWS ENGINE ===
FPS: 33 | Pixel: 15.9ms | Input: 0.000ms | Texture: 0.498ms
Camera: [0.00, -0.17, 4.87]

--- DATA (valid / total) ---
  Bool               2 / 2
  Int                6 / 6
  I64                2 / 2
  F32                5 / 5
  F64                2 / 2
  CString            6 / 6
  Vec3               1 / 1
  Vertex             24 / 24
  Vertex_Cache       24 / 24
  Debug_Stats        1 / 1
  FrameData          1 / 1
  Strings_Builder    1 / 1
  DataPoint          26 / 26
  Field              262659 / 262659
  Model              1 / 1
  Face_List          1 / 1
  TOTAL              262762 / 262762

--- FETCHES (edit / copy / set) ---
  Bool               95 / 0 / 0
  Int                571 / 0 / 0
  I64                190 / 0 / 0
  F32                95 / 0 / 0
  F64                95 / 0 / 0
  Vec3               286 / 0 / 0
  Debug_Stats        475 / 0 / 0

--- FIELD OCCUPANCY ---
  Field[0] 'field' levels:4 dims:3
    bounds X:[-8.0000,8.0000] Y:[-8.0000,8.0000] Z:[-8.0000,8.0000]
    level 0: 1 / 1 cells occupied
    level 1: 1 / 8 cells occupied
    level 2: 1 / 64 cells occupied
    level 3: 1 / 512 cells occupied
    level 4: 1 / 4096 cells occupied
  Field[1] 'model_field' levels:4 dims:3
    bounds X:[-1.0000,1.0000] Y:[-1.0000,1.0000] Z:[-1.0000,1.0000]
    level 0: 1 / 1 cells occupied
    level 1: 8 / 8 cells occupied
    level 2: 64 / 64 cells occupied
    level 3: 512 / 512 cells occupied
    level 4: 1352 / 4096 cells occupied

  Screen Fields: 262657 total | 7441 with occupied cells
  Root SF [2] levels:5 dims:2 bounds X:[0,800] Y:[0,600]
    level 0: 0 / 1
    level 1: 0 / 4
    level 2: 0 / 16
    level 3: 0 / 64
    level 4: 0 / 256
    level 5: 0 / 1024

[F2: enable fetch timing]

---
=== HOLLOWS ENGINE ===
FPS: 57 | Pixel: 16.4ms | Input: 0.000ms | Texture: 0.501ms
Camera: [0.00, -0.17, 4.87]

--- DATA (valid / total) ---
  Bool               2 / 2
  Int                6 / 6
  I64                2 / 2
  F32                5 / 5
  F64                2 / 2
  CString            6 / 6
  Vec3               1 / 1
  Vertex             24 / 24
  Vertex_Cache       24 / 24
  Debug_Stats        1 / 1
  FrameData          1 / 1
  Strings_Builder    1 / 1
  DataPoint          26 / 26
  Field              262659 / 262659
  Model              1 / 1
  Face_List          1 / 1
  TOTAL              262762 / 262762

--- FETCHES (edit / copy / set) ---
  Bool               87 / 0 / 0
  Int                591 / 0 / 0
  I64                174 / 0 / 0
  F32                87 / 0 / 0
  F64                87 / 0 / 0
  Vec3               262 / 0 / 0
  Debug_Stats        435 / 0 / 0

--- FIELD OCCUPANCY ---
  Field[0] 'field' levels:4 dims:3
    bounds X:[-8.0000,8.0000] Y:[-8.0000,8.0000] Z:[-8.0000,8.0000]
    level 0: 1 / 1 cells occupied
    level 1: 1 / 8 cells occupied
    level 2: 1 / 64 cells occupied
    level 3: 1 / 512 cells occupied
    level 4: 1 / 4096 cells occupied
  Field[1] 'model_field' levels:4 dims:3
    bounds X:[-1.0000,1.0000] Y:[-1.0000,1.0000] Z:[-1.0000,1.0000]
    level 0: 1 / 1 cells occupied
    level 1: 8 / 8 cells occupied
    level 2: 64 / 64 cells occupied
    level 3: 512 / 512 cells occupied
    level 4: 1352 / 4096 cells occupied

  Screen Fields: 262657 total | 7441 with occupied cells
  Root SF [2] levels:5 dims:2 bounds X:[0,800] Y:[0,600]
    level 0: 0 / 1
    level 1: 0 / 4
    level 2: 0 / 16
    level 3: 0 / 64
    level 4: 0 / 256
    level 5: 0 / 1024

[F2: enable fetch timing]

---
=== HOLLOWS ENGINE ===
FPS: 59 | Pixel: 16.1ms | Input: 0.000ms | Texture: 0.498ms
Camera: [0.00, -0.17, 4.87]

--- DATA (valid / total) ---
  Bool               2 / 2
  Int                6 / 6
  I64                2 / 2
  F32                5 / 5
  F64                2 / 2
  CString            6 / 6
  Vec3               1 / 1
  Vertex             24 / 24
  Vertex_Cache       24 / 24
  Debug_Stats        1 / 1
  FrameData          1 / 1
  Strings_Builder    1 / 1
  DataPoint          26 / 26
  Field              262659 / 262659
  Model              1 / 1
  Face_List          1 / 1
  TOTAL              262762 / 262762

--- FETCHES (edit / copy / set) ---
  Bool               88 / 0 / 0
  Int                617 / 0 / 0
  I64                176 / 0 / 0
  F32                88 / 0 / 0
  F64                88 / 0 / 0
  Vec3               265 / 0 / 0
  Debug_Stats        440 / 0 / 0

--- FIELD OCCUPANCY ---
  Field[0] 'field' levels:4 dims:3
    bounds X:[-8.0000,8.0000] Y:[-8.0000,8.0000] Z:[-8.0000,8.0000]
    level 0: 1 / 1 cells occupied
    level 1: 1 / 8 cells occupied
    level 2: 1 / 64 cells occupied
    level 3: 1 / 512 cells occupied
    level 4: 1 / 4096 cells occupied
  Field[1] 'model_field' levels:4 dims:3
    bounds X:[-1.0000,1.0000] Y:[-1.0000,1.0000] Z:[-1.0000,1.0000]
    level 0: 1 / 1 cells occupied
    level 1: 8 / 8 cells occupied
    level 2: 64 / 64 cells occupied
    level 3: 512 / 512 cells occupied
    level 4: 1352 / 4096 cells occupied

  Screen Fields: 262657 total | 7441 with occupied cells
  Root SF [2] levels:5 dims:2 bounds X:[0,800] Y:[0,600]
    level 0: 0 / 1
    level 1: 0 / 4
    level 2: 0 / 16
    level 3: 0 / 64
    level 4: 0 / 256
    level 5: 0 / 1024

[F2: enable fetch timing]

---
=== HOLLOWS ENGINE ===
FPS: 38 | Pixel: 24.8ms | Input: 0.000ms | Texture: 0.562ms
Camera: [0.00, -0.17, 4.87]

--- DATA (valid / total) ---
  Bool               2 / 2
  Int                6 / 6
  I64                2 / 2
  F32                5 / 5
  F64                2 / 2
  CString            6 / 6
  Vec3               1 / 1
  Vertex             24 / 24
  Vertex_Cache       24 / 24
  Debug_Stats        1 / 1
  FrameData          1 / 1
  Strings_Builder    1 / 1
  DataPoint          26 / 26
  Field              262659 / 262659
  Model              1 / 1
  Face_List          1 / 1
  TOTAL              262762 / 262762

--- FETCHES (edit / copy / set) ---
  Bool               58 / 0 / 0
  Int                412 / 0 / 0
  I64                116 / 0 / 0
  F32                58 / 0 / 0
  F64                58 / 0 / 0
  CString            2 / 0 / 0
  Vec3               176 / 0 / 0
  Debug_Stats        291 / 0 / 0

--- FIELD OCCUPANCY ---
  Field[0] 'field' levels:4 dims:3
    bounds X:[-8.0000,8.0000] Y:[-8.0000,8.0000] Z:[-8.0000,8.0000]
    level 0: 1 / 1 cells occupied
    level 1: 1 / 8 cells occupied
    level 2: 1 / 64 cells occupied
    level 3: 1 / 512 cells occupied
    level 4: 1 / 4096 cells occupied
  Field[1] 'model_field' levels:4 dims:3
    bounds X:[-1.0000,1.0000] Y:[-1.0000,1.0000] Z:[-1.0000,1.0000]
    level 0: 1 / 1 cells occupied
    level 1: 8 / 8 cells occupied
    level 2: 64 / 64 cells occupied
    level 3: 512 / 512 cells occupied
    level 4: 1352 / 4096 cells occupied

  Screen Fields: 262657 total | 7441 with occupied cells
  Root SF [2] levels:5 dims:2 bounds X:[0,800] Y:[0,600]
    level 0: 0 / 1
    level 1: 0 / 4
    level 2: 0 / 16
    level 3: 0 / 64
    level 4: 0 / 256
    level 5: 0 / 1024

[F2: enable fetch timing]

---
=== HOLLOWS ENGINE ===
FPS: 59 | Pixel: 16.3ms | Input: 0.001ms | Texture: 0.498ms
Camera: [0.00, -0.17, 4.87]

--- DATA (valid / total) ---
  Bool               2 / 2
  Int                6 / 6
  I64                2 / 2
  F32                5 / 5
  F64                2 / 2
  CString            6 / 6
  Vec3               1 / 1
  Vertex             24 / 24
  Vertex_Cache       24 / 24
  Debug_Stats        1 / 1
  FrameData          1 / 1
  Strings_Builder    1 / 1
  DataPoint          26 / 26
  Field              262659 / 262659
  Model              1 / 1
  Face_List          1 / 1
  TOTAL              262762 / 262762

--- FETCHES (edit / copy / set) ---
  Bool               65 / 0 / 0
  Int                461 / 0 / 0
  I64                130 / 0 / 0
  F32                65 / 0 / 0
  F64                65 / 0 / 0
  CString            2 / 0 / 0
  Vec3               197 / 0 / 0
  Debug_Stats        327 / 0 / 0

--- FIELD OCCUPANCY ---
  Field[0] 'field' levels:4 dims:3
    bounds X:[-8.0000,8.0000] Y:[-8.0000,8.0000] Z:[-8.0000,8.0000]
    level 0: 1 / 1 cells occupied
    level 1: 1 / 8 cells occupied
    level 2: 1 / 64 cells occupied
    level 3: 1 / 512 cells occupied
    level 4: 1 / 4096 cells occupied
  Field[1] 'model_field' levels:4 dims:3
    bounds X:[-1.0000,1.0000] Y:[-1.0000,1.0000] Z:[-1.0000,1.0000]
    level 0: 1 / 1 cells occupied
    level 1: 8 / 8 cells occupied
    level 2: 64 / 64 cells occupied
    level 3: 512 / 512 cells occupied
    level 4: 1352 / 4096 cells occupied

  Screen Fields: 262657 total | 7441 with occupied cells
  Root SF [2] levels:5 dims:2 bounds X:[0,800] Y:[0,600]
    level 0: 0 / 1
    level 1: 0 / 4
    level 2: 0 / 16
    level 3: 0 / 64
    level 4: 0 / 256
    level 5: 0 / 1024

--- FETCH TIMES ns (edit / copy / set) ---
  Bool               16551 / 0 / 0
  Int                69687 / 0 / 0
  I64                22738 / 0 / 0
  F32                16942 / 0 / 0
  F64                12626 / 0 / 0
  CString            827 / 0 / 0
  Vec3               54303 / 0 / 0
  Debug_Stats        37659 / 0 / 0

---
=== HOLLOWS ENGINE ===
FPS: 58 | Pixel: 16.7ms | Input: 0.000ms | Texture: 0.498ms
Camera: [0.00, -0.17, 4.87]

--- DATA (valid / total) ---
  Bool               2 / 2
  Int                6 / 6
  I64                2 / 2
  F32                5 / 5
  F64                2 / 2
  CString            6 / 6
  Vec3               1 / 1
  Vertex             24 / 24
  Vertex_Cache       24 / 24
  Debug_Stats        1 / 1
  FrameData          1 / 1
  Strings_Builder    1 / 1
  DataPoint          26 / 26
  Field              262659 / 262659
  Model              1 / 1
  Face_List          1 / 1
  TOTAL              262762 / 262762

--- FETCHES (edit / copy / set) ---
  Bool               96 / 0 / 0
  Int                647 / 0 / 0
  I64                192 / 0 / 0
  F32                96 / 0 / 0
  F64                96 / 0 / 0
  Vec3               289 / 0 / 0
  Debug_Stats        481 / 0 / 0

--- FIELD OCCUPANCY ---
  Field[0] 'field' levels:4 dims:3
    bounds X:[-8.0000,8.0000] Y:[-8.0000,8.0000] Z:[-8.0000,8.0000]
    level 0: 1 / 1 cells occupied
    level 1: 1 / 8 cells occupied
    level 2: 1 / 64 cells occupied
    level 3: 1 / 512 cells occupied
    level 4: 1 / 4096 cells occupied
  Field[1] 'model_field' levels:4 dims:3
    bounds X:[-1.0000,1.0000] Y:[-1.0000,1.0000] Z:[-1.0000,1.0000]
    level 0: 1 / 1 cells occupied
    level 1: 8 / 8 cells occupied
    level 2: 64 / 64 cells occupied
    level 3: 512 / 512 cells occupied
    level 4: 1352 / 4096 cells occupied

  Screen Fields: 262657 total | 7441 with occupied cells
  Root SF [2] levels:5 dims:2 bounds X:[0,800] Y:[0,600]
    level 0: 0 / 1
    level 1: 0 / 4
    level 2: 0 / 16
    level 3: 0 / 64
    level 4: 0 / 256
    level 5: 0 / 1024

[F2: enable fetch timing]

---
=== HOLLOWS ENGINE ===
FPS: 60 | Pixel: 16.0ms | Input: 0.000ms | Texture: 0.501ms
Camera: [0.00, -0.17, 4.90]

--- DATA (valid / total) ---
  Bool               2 / 2
  Int                6 / 6
  I64                2 / 2
  F32                5 / 5
  F64                2 / 2
  CString            6 / 6
  Vec3               1 / 1
  Vertex             24 / 24
  Vertex_Cache       24 / 24
  Debug_Stats        1 / 1
  FrameData          1 / 1
  Strings_Builder    1 / 1
  DataPoint          26 / 26
  Field              262659 / 262659
  Model              1 / 1
  Face_List          1 / 1
  TOTAL              262762 / 262762

--- FETCHES (edit / copy / set) ---
  Bool               96 / 0 / 0
  Int                577 / 0 / 0
  I64                192 / 0 / 0
  F32                96 / 0 / 0
  F64                96 / 0 / 0
  Vec3               289 / 0 / 0
  Debug_Stats        480 / 0 / 0

--- FIELD OCCUPANCY ---
  Field[0] 'field' levels:4 dims:3
    bounds X:[-8.0000,8.0000] Y:[-8.0000,8.0000] Z:[-8.0000,8.0000]
    level 0: 1 / 1 cells occupied
    level 1: 1 / 8 cells occupied
    level 2: 1 / 64 cells occupied
    level 3: 1 / 512 cells occupied
    level 4: 1 / 4096 cells occupied
  Field[1] 'model_field' levels:4 dims:3
    bounds X:[-1.0000,1.0000] Y:[-1.0000,1.0000] Z:[-1.0000,1.0000]
    level 0: 1 / 1 cells occupied
    level 1: 8 / 8 cells occupied
    level 2: 64 / 64 cells occupied
    level 3: 512 / 512 cells occupied
    level 4: 1352 / 4096 cells occupied

  Screen Fields: 262657 total | 7408 with occupied cells
  Root SF [2] levels:5 dims:2 bounds X:[0,800] Y:[0,600]
    level 0: 0 / 1
    level 1: 0 / 4
    level 2: 0 / 16
    level 3: 0 / 64
    level 4: 0 / 256
    level 5: 0 / 1024

[F2: enable fetch timing]

---
=== HOLLOWS ENGINE ===
FPS: 58 | Pixel: 16.3ms | Input: 0.000ms | Texture: 0.499ms
Camera: [0.00, -0.17, 3.78]

--- DATA (valid / total) ---
  Bool               2 / 2
  Int                6 / 6
  I64                2 / 2
  F32                5 / 5
  F64                2 / 2
  CString            6 / 6
  Vec3               1 / 1
  Vertex             24 / 24
  Vertex_Cache       24 / 24
  Debug_Stats        1 / 1
  FrameData          1 / 1
  Strings_Builder    1 / 1
  DataPoint          26 / 26
  Field              262659 / 262659
  Model              1 / 1
  Face_List          1 / 1
  TOTAL              262762 / 262762

--- FETCHES (edit / copy / set) ---
  Bool               88 / 0 / 0
  Int                529 / 0 / 0
  I64                176 / 0 / 0
  F32                88 / 0 / 0
  F64                88 / 0 / 0
  Vec3               265 / 0 / 0
  Debug_Stats        440 / 0 / 0

--- FIELD OCCUPANCY ---
  Field[0] 'field' levels:4 dims:3
    bounds X:[-8.0000,8.0000] Y:[-8.0000,8.0000] Z:[-8.0000,8.0000]
    level 0: 1 / 1 cells occupied
    level 1: 1 / 8 cells occupied
    level 2: 1 / 64 cells occupied
    level 3: 1 / 512 cells occupied
    level 4: 1 / 4096 cells occupied
  Field[1] 'model_field' levels:4 dims:3
    bounds X:[-1.0000,1.0000] Y:[-1.0000,1.0000] Z:[-1.0000,1.0000]
    level 0: 1 / 1 cells occupied
    level 1: 8 / 8 cells occupied
    level 2: 64 / 64 cells occupied
    level 3: 512 / 512 cells occupied
    level 4: 1352 / 4096 cells occupied

  Screen Fields: 262657 total | 8013 with occupied cells
  Root SF [2] levels:5 dims:2 bounds X:[0,800] Y:[0,600]
    level 0: 0 / 1
    level 1: 0 / 4
    level 2: 0 / 16
    level 3: 0 / 64
    level 4: 0 / 256
    level 5: 0 / 1024

[F2: enable fetch timing]

---
=== HOLLOWS ENGINE ===
FPS: 58 | Pixel: 16.8ms | Input: 0.000ms | Texture: 0.499ms
Camera: [0.00, -0.17, 3.78]

--- DATA (valid / total) ---
  Bool               2 / 2
  Int                6 / 6
  I64                2 / 2
  F32                5 / 5
  F64                2 / 2
  CString            6 / 6
  Vec3               1 / 1
  Vertex             24 / 24
  Vertex_Cache       24 / 24
  Debug_Stats        1 / 1
  FrameData          1 / 1
  Strings_Builder    1 / 1
  DataPoint          26 / 26
  Field              262659 / 262659
  Model              1 / 1
  Face_List          1 / 1
  TOTAL              262762 / 262762

--- FETCHES (edit / copy / set) ---
  Bool               88 / 0 / 0
  Int                529 / 0 / 0
  I64                176 / 0 / 0
  F32                88 / 0 / 0
  F64                88 / 0 / 0
  Vec3               265 / 0 / 0
  Debug_Stats        440 / 0 / 0

--- FIELD OCCUPANCY ---
  Field[0] 'field' levels:4 dims:3
    bounds X:[-8.0000,8.0000] Y:[-8.0000,8.0000] Z:[-8.0000,8.0000]
    level 0: 1 / 1 cells occupied
    level 1: 1 / 8 cells occupied
    level 2: 1 / 64 cells occupied
    level 3: 1 / 512 cells occupied
    level 4: 1 / 4096 cells occupied
  Field[1] 'model_field' levels:4 dims:3
    bounds X:[-1.0000,1.0000] Y:[-1.0000,1.0000] Z:[-1.0000,1.0000]
    level 0: 1 / 1 cells occupied
    level 1: 8 / 8 cells occupied
    level 2: 64 / 64 cells occupied
    level 3: 512 / 512 cells occupied
    level 4: 1352 / 4096 cells occupied

  Screen Fields: 262657 total | 8013 with occupied cells
  Root SF [2] levels:5 dims:2 bounds X:[0,800] Y:[0,600]
    level 0: 0 / 1
    level 1: 0 / 4
    level 2: 0 / 16
    level 3: 0 / 64
    level 4: 0 / 256
    level 5: 0 / 1024

[F2: enable fetch timing]

---
=== HOLLOWS ENGINE ===
FPS: 20 | Pixel: 17.0ms | Input: 0.001ms | Texture: 0.539ms
Camera: [0.00, -0.17, 3.78]

--- DATA (valid / total) ---
  Bool               2 / 2
  Int                6 / 6
  I64                2 / 2
  F32                5 / 5
  F64                2 / 2
  CString            6 / 6
  Vec3               1 / 1
  Vertex             24 / 24
  Vertex_Cache       24 / 24
  Debug_Stats        1 / 1
  FrameData          1 / 1
  Strings_Builder    1 / 1
  DataPoint          26 / 26
  Field              262659 / 262659
  Model              1 / 1
  Face_List          1 / 1
  TOTAL              262762 / 262762

--- FETCHES (edit / copy / set) ---
  Bool               94 / 0 / 0
  Int                565 / 0 / 0
  I64                188 / 0 / 0
  F32                94 / 0 / 0
  F64                94 / 0 / 0
  Vec3               283 / 0 / 0
  Debug_Stats        470 / 0 / 0

--- FIELD OCCUPANCY ---
  Field[0] 'field' levels:4 dims:3
    bounds X:[-8.0000,8.0000] Y:[-8.0000,8.0000] Z:[-8.0000,8.0000]
    level 0: 1 / 1 cells occupied
    level 1: 1 / 8 cells occupied
    level 2: 1 / 64 cells occupied
    level 3: 1 / 512 cells occupied
    level 4: 1 / 4096 cells occupied
  Field[1] 'model_field' levels:4 dims:3
    bounds X:[-1.0000,1.0000] Y:[-1.0000,1.0000] Z:[-1.0000,1.0000]
    level 0: 1 / 1 cells occupied
    level 1: 8 / 8 cells occupied
    level 2: 64 / 64 cells occupied
    level 3: 512 / 512 cells occupied
    level 4: 1352 / 4096 cells occupied

  Screen Fields: 262657 total | 8013 with occupied cells
  Root SF [2] levels:5 dims:2 bounds X:[0,800] Y:[0,600]
    level 0: 0 / 1
    level 1: 0 / 4
    level 2: 0 / 16
    level 3: 0 / 64
    level 4: 0 / 256
    level 5: 0 / 1024

[F2: enable fetch timing]

---
=== HOLLOWS ENGINE ===
FPS: 7 | Pixel: 17.4ms | Input: 0.001ms | Texture: 0.526ms
Camera: [0.00, -0.17, 3.78]

--- DATA (valid / total) ---
  Bool               2 / 2
  Int                6 / 6
  I64                2 / 2
  F32                5 / 5
  F64                2 / 2
  CString            6 / 6
  Vec3               1 / 1
  Vertex             24 / 24
  Vertex_Cache       24 / 24
  Debug_Stats        1 / 1
  FrameData          1 / 1
  Strings_Builder    1 / 1
  DataPoint          26 / 26
  Field              262659 / 262659
  Model              1 / 1
  Face_List          1 / 1
  TOTAL              262762 / 262762

--- FETCHES (edit / copy / set) ---
  Bool               62 / 0 / 0
  Int                378 / 0 / 0
  I64                124 / 0 / 0
  F32                62 / 0 / 0
  F64                62 / 0 / 0
  CString            2 / 0 / 0
  Vec3               188 / 0 / 0
  Debug_Stats        311 / 0 / 0

--- FIELD OCCUPANCY ---
  Field[0] 'field' levels:4 dims:3
    bounds X:[-8.0000,8.0000] Y:[-8.0000,8.0000] Z:[-8.0000,8.0000]
    level 0: 1 / 1 cells occupied
    level 1: 1 / 8 cells occupied
    level 2: 1 / 64 cells occupied
    level 3: 1 / 512 cells occupied
    level 4: 1 / 4096 cells occupied
  Field[1] 'model_field' levels:4 dims:3
    bounds X:[-1.0000,1.0000] Y:[-1.0000,1.0000] Z:[-1.0000,1.0000]
    level 0: 1 / 1 cells occupied
    level 1: 8 / 8 cells occupied
    level 2: 64 / 64 cells occupied
    level 3: 512 / 512 cells occupied
    level 4: 1352 / 4096 cells occupied

  Screen Fields: 262657 total | 8013 with occupied cells
  Root SF [2] levels:5 dims:2 bounds X:[0,800] Y:[0,600]
    level 0: 0 / 1
    level 1: 0 / 4
    level 2: 0 / 16
    level 3: 0 / 64
    level 4: 0 / 256
    level 5: 0 / 1024

[F2: enable fetch timing]

---
=== HOLLOWS ENGINE ===
FPS: 37 | Pixel: 25.8ms | Input: 0.001ms | Texture: 0.574ms
Camera: [0.00, -0.17, 3.78]

--- DATA (valid / total) ---
  Bool               2 / 2
  Int                6 / 6
  I64                2 / 2
  F32                5 / 5
  F64                2 / 2
  CString            6 / 6
  Vec3               1 / 1
  Vertex             24 / 24
  Vertex_Cache       24 / 24
  Debug_Stats        1 / 1
  FrameData          1 / 1
  Strings_Builder    1 / 1
  DataPoint          26 / 26
  Field              262659 / 262659
  Model              1 / 1
  Face_List          1 / 1
  TOTAL              262762 / 262762

--- FETCHES (edit / copy / set) ---
  Bool               82 / 0 / 0
  Int                493 / 0 / 0
  I64                164 / 0 / 0
  F32                82 / 0 / 0
  F64                82 / 0 / 0
  Vec3               247 / 0 / 0
  Debug_Stats        410 / 0 / 0

--- FIELD OCCUPANCY ---
  Field[0] 'field' levels:4 dims:3
    bounds X:[-8.0000,8.0000] Y:[-8.0000,8.0000] Z:[-8.0000,8.0000]
    level 0: 1 / 1 cells occupied
    level 1: 1 / 8 cells occupied
    level 2: 1 / 64 cells occupied
    level 3: 1 / 512 cells occupied
    level 4: 1 / 4096 cells occupied
  Field[1] 'model_field' levels:4 dims:3
    bounds X:[-1.0000,1.0000] Y:[-1.0000,1.0000] Z:[-1.0000,1.0000]
    level 0: 1 / 1 cells occupied
    level 1: 8 / 8 cells occupied
    level 2: 64 / 64 cells occupied
    level 3: 512 / 512 cells occupied
    level 4: 1352 / 4096 cells occupied

  Screen Fields: 262657 total | 8013 with occupied cells
  Root SF [2] levels:5 dims:2 bounds X:[0,800] Y:[0,600]
    level 0: 0 / 1
    level 1: 0 / 4
    level 2: 0 / 16
    level 3: 0 / 64
    level 4: 0 / 256
    level 5: 0 / 1024

[F2: enable fetch timing]

---
=== HOLLOWS ENGINE ===
FPS: 55 | Pixel: 17.4ms | Input: 0.000ms | Texture: 0.526ms
Camera: [0.00, -0.17, 3.78]

--- DATA (valid / total) ---
  Bool               2 / 2
  Int                6 / 6
  I64                2 / 2
  F32                5 / 5
  F64                2 / 2
  CString            6 / 6
  Vec3               1 / 1
  Vertex             24 / 24
  Vertex_Cache       24 / 24
  Debug_Stats        1 / 1
  FrameData          1 / 1
  Strings_Builder    1 / 1
  DataPoint          26 / 26
  Field              262659 / 262659
  Model              1 / 1
  Face_List          1 / 1
  TOTAL              262762 / 262762

--- FETCHES (edit / copy / set) ---
  Bool               91 / 0 / 0
  Int                547 / 0 / 0
  I64                182 / 0 / 0
  F32                91 / 0 / 0
  F64                91 / 0 / 0
  Vec3               274 / 0 / 0
  Debug_Stats        455 / 0 / 0

--- FIELD OCCUPANCY ---
  Field[0] 'field' levels:4 dims:3
    bounds X:[-8.0000,8.0000] Y:[-8.0000,8.0000] Z:[-8.0000,8.0000]
    level 0: 1 / 1 cells occupied
    level 1: 1 / 8 cells occupied
    level 2: 1 / 64 cells occupied
    level 3: 1 / 512 cells occupied
    level 4: 1 / 4096 cells occupied
  Field[1] 'model_field' levels:4 dims:3
    bounds X:[-1.0000,1.0000] Y:[-1.0000,1.0000] Z:[-1.0000,1.0000]
    level 0: 1 / 1 cells occupied
    level 1: 8 / 8 cells occupied
    level 2: 64 / 64 cells occupied
    level 3: 512 / 512 cells occupied
    level 4: 1352 / 4096 cells occupied

  Screen Fields: 262657 total | 8013 with occupied cells
  Root SF [2] levels:5 dims:2 bounds X:[0,800] Y:[0,600]
    level 0: 0 / 1
    level 1: 0 / 4
    level 2: 0 / 16
    level 3: 0 / 64
    level 4: 0 / 256
    level 5: 0 / 1024

[F2: enable fetch timing]

---
=== HOLLOWS ENGINE ===
FPS: 38 | Pixel: 25.6ms | Input: 0.000ms | Texture: 0.557ms
Camera: [0.00, -0.17, 3.78]

--- DATA (valid / total) ---
  Bool               2 / 2
  Int                6 / 6
  I64                2 / 2
  F32                5 / 5
  F64                2 / 2
  CString            6 / 6
  Vec3               1 / 1
  Vertex             24 / 24
  Vertex_Cache       24 / 24
  Debug_Stats        1 / 1
  FrameData          1 / 1
  Strings_Builder    1 / 1
  DataPoint          26 / 26
  Field              262659 / 262659
  Model              1 / 1
  Face_List          1 / 1
  TOTAL              262762 / 262762

--- FETCHES (edit / copy / set) ---
  Bool               82 / 0 / 0
  Int                493 / 0 / 0
  I64                164 / 0 / 0
  F32                82 / 0 / 0
  F64                82 / 0 / 0
  Vec3               247 / 0 / 0
  Debug_Stats        410 / 0 / 0

--- FIELD OCCUPANCY ---
  Field[0] 'field' levels:4 dims:3
    bounds X:[-8.0000,8.0000] Y:[-8.0000,8.0000] Z:[-8.0000,8.0000]
    level 0: 1 / 1 cells occupied
    level 1: 1 / 8 cells occupied
    level 2: 1 / 64 cells occupied
    level 3: 1 / 512 cells occupied
    level 4: 1 / 4096 cells occupied
  Field[1] 'model_field' levels:4 dims:3
    bounds X:[-1.0000,1.0000] Y:[-1.0000,1.0000] Z:[-1.0000,1.0000]
    level 0: 1 / 1 cells occupied
    level 1: 8 / 8 cells occupied
    level 2: 64 / 64 cells occupied
    level 3: 512 / 512 cells occupied
    level 4: 1352 / 4096 cells occupied

  Screen Fields: 262657 total | 8013 with occupied cells
  Root SF [2] levels:5 dims:2 bounds X:[0,800] Y:[0,600]
    level 0: 0 / 1
    level 1: 0 / 4
    level 2: 0 / 16
    level 3: 0 / 64
    level 4: 0 / 256
    level 5: 0 / 1024

[F2: enable fetch timing]

---
=== HOLLOWS ENGINE ===
FPS: 57 | Pixel: 16.6ms | Input: 0.000ms | Texture: 0.509ms
Camera: [0.00, -0.17, 3.78]

--- DATA (valid / total) ---
  Bool               2 / 2
  Int                6 / 6
  I64                2 / 2
  F32                5 / 5
  F64                2 / 2
  CString            6 / 6
  Vec3               1 / 1
  Vertex             24 / 24
  Vertex_Cache       24 / 24
  Debug_Stats        1 / 1
  FrameData          1 / 1
  Strings_Builder    1 / 1
  DataPoint          26 / 26
  Field              262659 / 262659
  Model              1 / 1
  Face_List          1 / 1
  TOTAL              262762 / 262762

--- FETCHES (edit / copy / set) ---
  Bool               81 / 0 / 0
  Int                487 / 0 / 0
  I64                162 / 0 / 0
  F32                81 / 0 / 0
  F64                81 / 0 / 0
  Vec3               244 / 0 / 0
  Debug_Stats        405 / 0 / 0

--- FIELD OCCUPANCY ---
  Field[0] 'field' levels:4 dims:3
    bounds X:[-8.0000,8.0000] Y:[-8.0000,8.0000] Z:[-8.0000,8.0000]
    level 0: 1 / 1 cells occupied
    level 1: 1 / 8 cells occupied
    level 2: 1 / 64 cells occupied
    level 3: 1 / 512 cells occupied
    level 4: 1 / 4096 cells occupied
  Field[1] 'model_field' levels:4 dims:3
    bounds X:[-1.0000,1.0000] Y:[-1.0000,1.0000] Z:[-1.0000,1.0000]
    level 0: 1 / 1 cells occupied
    level 1: 8 / 8 cells occupied
    level 2: 64 / 64 cells occupied
    level 3: 512 / 512 cells occupied
    level 4: 1352 / 4096 cells occupied

  Screen Fields: 262657 total | 8013 with occupied cells
  Root SF [2] levels:5 dims:2 bounds X:[0,800] Y:[0,600]
    level 0: 0 / 1
    level 1: 0 / 4
    level 2: 0 / 16
    level 3: 0 / 64
    level 4: 0 / 256
    level 5: 0 / 1024

[F2: enable fetch timing]

---
=== HOLLOWS ENGINE ===
FPS: 57 | Pixel: 16.2ms | Input: 0.000ms | Texture: 0.497ms
Camera: [0.00, -0.17, 3.78]

--- DATA (valid / total) ---
  Bool               2 / 2
  Int                6 / 6
  I64                2 / 2
  F32                5 / 5
  F64                2 / 2
  CString            6 / 6
  Vec3               1 / 1
  Vertex             24 / 24
  Vertex_Cache       24 / 24
  Debug_Stats        1 / 1
  FrameData          1 / 1
  Strings_Builder    1 / 1
  DataPoint          26 / 26
  Field              262659 / 262659
  Model              1 / 1
  Face_List          1 / 1
  TOTAL              262762 / 262762

--- FETCHES (edit / copy / set) ---
  Bool               91 / 0 / 0
  Int                547 / 0 / 0
  I64                182 / 0 / 0
  F32                91 / 0 / 0
  F64                91 / 0 / 0
  Vec3               274 / 0 / 0
  Debug_Stats        455 / 0 / 0

--- FIELD OCCUPANCY ---
  Field[0] 'field' levels:4 dims:3
    bounds X:[-8.0000,8.0000] Y:[-8.0000,8.0000] Z:[-8.0000,8.0000]
    level 0: 1 / 1 cells occupied
    level 1: 1 / 8 cells occupied
    level 2: 1 / 64 cells occupied
    level 3: 1 / 512 cells occupied
    level 4: 1 / 4096 cells occupied
  Field[1] 'model_field' levels:4 dims:3
    bounds X:[-1.0000,1.0000] Y:[-1.0000,1.0000] Z:[-1.0000,1.0000]
    level 0: 1 / 1 cells occupied
    level 1: 8 / 8 cells occupied
    level 2: 64 / 64 cells occupied
    level 3: 512 / 512 cells occupied
    level 4: 1352 / 4096 cells occupied

  Screen Fields: 262657 total | 8013 with occupied cells
  Root SF [2] levels:5 dims:2 bounds X:[0,800] Y:[0,600]
    level 0: 0 / 1
    level 1: 0 / 4
    level 2: 0 / 16
    level 3: 0 / 64
    level 4: 0 / 256
    level 5: 0 / 1024

[F2: enable fetch timing]

---
=== HOLLOWS ENGINE ===
FPS: 58 | Pixel: 16.5ms | Input: 0.000ms | Texture: 0.503ms
Camera: [0.00, -0.17, 3.78]

--- DATA (valid / total) ---
  Bool               2 / 2
  Int                6 / 6
  I64                2 / 2
  F32                5 / 5
  F64                2 / 2
  CString            6 / 6
  Vec3               1 / 1
  Vertex             24 / 24
  Vertex_Cache       24 / 24
  Debug_Stats        1 / 1
  FrameData          1 / 1
  Strings_Builder    1 / 1
  DataPoint          26 / 26
  Field              262659 / 262659
  Model              1 / 1
  Face_List          1 / 1
  TOTAL              262762 / 262762

--- FETCHES (edit / copy / set) ---
  Bool               91 / 0 / 0
  Int                547 / 0 / 0
  I64                182 / 0 / 0
  F32                91 / 0 / 0
  F64                91 / 0 / 0
  Vec3               274 / 0 / 0
  Debug_Stats        455 / 0 / 0

--- FIELD OCCUPANCY ---
  Field[0] 'field' levels:4 dims:3
    bounds X:[-8.0000,8.0000] Y:[-8.0000,8.0000] Z:[-8.0000,8.0000]
    level 0: 1 / 1 cells occupied
    level 1: 1 / 8 cells occupied
    level 2: 1 / 64 cells occupied
    level 3: 1 / 512 cells occupied
    level 4: 1 / 4096 cells occupied
  Field[1] 'model_field' levels:4 dims:3
    bounds X:[-1.0000,1.0000] Y:[-1.0000,1.0000] Z:[-1.0000,1.0000]
    level 0: 1 / 1 cells occupied
    level 1: 8 / 8 cells occupied
    level 2: 64 / 64 cells occupied
    level 3: 512 / 512 cells occupied
    level 4: 1352 / 4096 cells occupied

  Screen Fields: 262657 total | 8013 with occupied cells
  Root SF [2] levels:5 dims:2 bounds X:[0,800] Y:[0,600]
    level 0: 0 / 1
    level 1: 0 / 4
    level 2: 0 / 16
    level 3: 0 / 64
    level 4: 0 / 256
    level 5: 0 / 1024

[F2: enable fetch timing]

---
=== HOLLOWS ENGINE ===
FPS: 57 | Pixel: 16.5ms | Input: 0.000ms | Texture: 0.512ms
Camera: [0.00, -0.17, 3.78]

--- DATA (valid / total) ---
  Bool               2 / 2
  Int                6 / 6
  I64                2 / 2
  F32                5 / 5
  F64                2 / 2
  CString            6 / 6
  Vec3               1 / 1
  Vertex             24 / 24
  Vertex_Cache       24 / 24
  Debug_Stats        1 / 1
  FrameData          1 / 1
  Strings_Builder    1 / 1
  DataPoint          26 / 26
  Field              262659 / 262659
  Model              1 / 1
  Face_List          1 / 1
  TOTAL              262762 / 262762

--- FETCHES (edit / copy / set) ---
  Bool               80 / 0 / 0
  Int                481 / 0 / 0
  I64                160 / 0 / 0
  F32                80 / 0 / 0
  F64                80 / 0 / 0
  Vec3               241 / 0 / 0
  Debug_Stats        400 / 0 / 0

--- FIELD OCCUPANCY ---
  Field[0] 'field' levels:4 dims:3
    bounds X:[-8.0000,8.0000] Y:[-8.0000,8.0000] Z:[-8.0000,8.0000]
    level 0: 1 / 1 cells occupied
    level 1: 1 / 8 cells occupied
    level 2: 1 / 64 cells occupied
    level 3: 1 / 512 cells occupied
    level 4: 1 / 4096 cells occupied
  Field[1] 'model_field' levels:4 dims:3
    bounds X:[-1.0000,1.0000] Y:[-1.0000,1.0000] Z:[-1.0000,1.0000]
    level 0: 1 / 1 cells occupied
    level 1: 8 / 8 cells occupied
    level 2: 64 / 64 cells occupied
    level 3: 512 / 512 cells occupied
    level 4: 1352 / 4096 cells occupied

  Screen Fields: 262657 total | 8013 with occupied cells
  Root SF [2] levels:5 dims:2 bounds X:[0,800] Y:[0,600]
    level 0: 0 / 1
    level 1: 0 / 4
    level 2: 0 / 16
    level 3: 0 / 64
    level 4: 0 / 256
    level 5: 0 / 1024

[F2: enable fetch timing]

---
=== HOLLOWS ENGINE ===
FPS: 58 | Pixel: 16.4ms | Input: 0.000ms | Texture: 0.519ms
Camera: [0.00, -0.17, 3.78]

--- DATA (valid / total) ---
  Bool               2 / 2
  Int                6 / 6
  I64                2 / 2
  F32                5 / 5
  F64                2 / 2
  CString            6 / 6
  Vec3               1 / 1
  Vertex             24 / 24
  Vertex_Cache       24 / 24
  Debug_Stats        1 / 1
  FrameData          1 / 1
  Strings_Builder    1 / 1
  DataPoint          26 / 26
  Field              262659 / 262659
  Model              1 / 1
  Face_List          1 / 1
  TOTAL              262762 / 262762

--- FETCHES (edit / copy / set) ---
  Bool               92 / 0 / 0
  Int                553 / 0 / 0
  I64                184 / 0 / 0
  F32                92 / 0 / 0
  F64                92 / 0 / 0
  Vec3               277 / 0 / 0
  Debug_Stats        460 / 0 / 0

--- FIELD OCCUPANCY ---
  Field[0] 'field' levels:4 dims:3
    bounds X:[-8.0000,8.0000] Y:[-8.0000,8.0000] Z:[-8.0000,8.0000]
    level 0: 1 / 1 cells occupied
    level 1: 1 / 8 cells occupied
    level 2: 1 / 64 cells occupied
    level 3: 1 / 512 cells occupied
    level 4: 1 / 4096 cells occupied
  Field[1] 'model_field' levels:4 dims:3
    bounds X:[-1.0000,1.0000] Y:[-1.0000,1.0000] Z:[-1.0000,1.0000]
    level 0: 1 / 1 cells occupied
    level 1: 8 / 8 cells occupied
    level 2: 64 / 64 cells occupied
    level 3: 512 / 512 cells occupied
    level 4: 1352 / 4096 cells occupied

  Screen Fields: 262657 total | 8013 with occupied cells
  Root SF [2] levels:5 dims:2 bounds X:[0,800] Y:[0,600]
    level 0: 0 / 1
    level 1: 0 / 4
    level 2: 0 / 16
    level 3: 0 / 64
    level 4: 0 / 256
    level 5: 0 / 1024

[F2: enable fetch timing]

---
=== HOLLOWS ENGINE ===
FPS: 58 | Pixel: 16.6ms | Input: 0.000ms | Texture: 0.517ms
Camera: [0.00, -0.17, 3.78]

--- DATA (valid / total) ---
  Bool               2 / 2
  Int                6 / 6
  I64                2 / 2
  F32                5 / 5
  F64                2 / 2
  CString            6 / 6
  Vec3               1 / 1
  Vertex             24 / 24
  Vertex_Cache       24 / 24
  Debug_Stats        1 / 1
  FrameData          1 / 1
  Strings_Builder    1 / 1
  DataPoint          26 / 26
  Field              262659 / 262659
  Model              1 / 1
  Face_List          1 / 1
  TOTAL              262762 / 262762

--- FETCHES (edit / copy / set) ---
  Bool               94 / 0 / 0
  Int                565 / 0 / 0
  I64                188 / 0 / 0
  F32                94 / 0 / 0
  F64                94 / 0 / 0
  Vec3               283 / 0 / 0
  Debug_Stats        470 / 0 / 0

--- FIELD OCCUPANCY ---
  Field[0] 'field' levels:4 dims:3
    bounds X:[-8.0000,8.0000] Y:[-8.0000,8.0000] Z:[-8.0000,8.0000]
    level 0: 1 / 1 cells occupied
    level 1: 1 / 8 cells occupied
    level 2: 1 / 64 cells occupied
    level 3: 1 / 512 cells occupied
    level 4: 1 / 4096 cells occupied
  Field[1] 'model_field' levels:4 dims:3
    bounds X:[-1.0000,1.0000] Y:[-1.0000,1.0000] Z:[-1.0000,1.0000]
    level 0: 1 / 1 cells occupied
    level 1: 8 / 8 cells occupied
    level 2: 64 / 64 cells occupied
    level 3: 512 / 512 cells occupied
    level 4: 1352 / 4096 cells occupied

  Screen Fields: 262657 total | 8013 with occupied cells
  Root SF [2] levels:5 dims:2 bounds X:[0,800] Y:[0,600]
    level 0: 0 / 1
    level 1: 0 / 4
    level 2: 0 / 16
    level 3: 0 / 64
    level 4: 0 / 256
    level 5: 0 / 1024

[F2: enable fetch timing]

---
=== HOLLOWS ENGINE ===
FPS: 57 | Pixel: 16.5ms | Input: 0.000ms | Texture: 0.502ms
Camera: [0.00, -0.17, 3.78]

--- DATA (valid / total) ---
  Bool               2 / 2
  Int                6 / 6
  I64                2 / 2
  F32                5 / 5
  F64                2 / 2
  CString            6 / 6
  Vec3               1 / 1
  Vertex             24 / 24
  Vertex_Cache       24 / 24
  Debug_Stats        1 / 1
  FrameData          1 / 1
  Strings_Builder    1 / 1
  DataPoint          26 / 26
  Field              262659 / 262659
  Model              1 / 1
  Face_List          1 / 1
  TOTAL              262762 / 262762

--- FETCHES (edit / copy / set) ---
  Bool               93 / 0 / 0
  Int                559 / 0 / 0
  I64                186 / 0 / 0
  F32                93 / 0 / 0
  F64                93 / 0 / 0
  Vec3               280 / 0 / 0
  Debug_Stats        465 / 0 / 0

--- FIELD OCCUPANCY ---
  Field[0] 'field' levels:4 dims:3
    bounds X:[-8.0000,8.0000] Y:[-8.0000,8.0000] Z:[-8.0000,8.0000]
    level 0: 1 / 1 cells occupied
    level 1: 1 / 8 cells occupied
    level 2: 1 / 64 cells occupied
    level 3: 1 / 512 cells occupied
    level 4: 1 / 4096 cells occupied
  Field[1] 'model_field' levels:4 dims:3
    bounds X:[-1.0000,1.0000] Y:[-1.0000,1.0000] Z:[-1.0000,1.0000]
    level 0: 1 / 1 cells occupied
    level 1: 8 / 8 cells occupied
    level 2: 64 / 64 cells occupied
    level 3: 512 / 512 cells occupied
    level 4: 1352 / 4096 cells occupied

  Screen Fields: 262657 total | 8013 with occupied cells
  Root SF [2] levels:5 dims:2 bounds X:[0,800] Y:[0,600]
    level 0: 0 / 1
    level 1: 0 / 4
    level 2: 0 / 16
    level 3: 0 / 64
    level 4: 0 / 256
    level 5: 0 / 1024

[F2: enable fetch timing]

---
=== HOLLOWS ENGINE ===
FPS: 56 | Pixel: 17.2ms | Input: 0.000ms | Texture: 0.519ms
Camera: [0.00, -0.17, 3.78]

--- DATA (valid / total) ---
  Bool               2 / 2
  Int                6 / 6
  I64                2 / 2
  F32                5 / 5
  F64                2 / 2
  CString            6 / 6
  Vec3               1 / 1
  Vertex             24 / 24
  Vertex_Cache       24 / 24
  Debug_Stats        1 / 1
  FrameData          1 / 1
  Strings_Builder    1 / 1
  DataPoint          26 / 26
  Field              262659 / 262659
  Model              1 / 1
  Face_List          1 / 1
  TOTAL              262762 / 262762

--- FETCHES (edit / copy / set) ---
  Bool               92 / 0 / 0
  Int                553 / 0 / 0
  I64                184 / 0 / 0
  F32                92 / 0 / 0
  F64                92 / 0 / 0
  Vec3               277 / 0 / 0
  Debug_Stats        460 / 0 / 0

--- FIELD OCCUPANCY ---
  Field[0] 'field' levels:4 dims:3
    bounds X:[-8.0000,8.0000] Y:[-8.0000,8.0000] Z:[-8.0000,8.0000]
    level 0: 1 / 1 cells occupied
    level 1: 1 / 8 cells occupied
    level 2: 1 / 64 cells occupied
    level 3: 1 / 512 cells occupied
    level 4: 1 / 4096 cells occupied
  Field[1] 'model_field' levels:4 dims:3
    bounds X:[-1.0000,1.0000] Y:[-1.0000,1.0000] Z:[-1.0000,1.0000]
    level 0: 1 / 1 cells occupied
    level 1: 8 / 8 cells occupied
    level 2: 64 / 64 cells occupied
    level 3: 512 / 512 cells occupied
    level 4: 1352 / 4096 cells occupied

  Screen Fields: 262657 total | 8013 with occupied cells
  Root SF [2] levels:5 dims:2 bounds X:[0,800] Y:[0,600]
    level 0: 0 / 1
    level 1: 0 / 4
    level 2: 0 / 16
    level 3: 0 / 64
    level 4: 0 / 256
    level 5: 0 / 1024

[F2: enable fetch timing]

---
=== HOLLOWS ENGINE ===
FPS: 56 | Pixel: 17.1ms | Input: 0.000ms | Texture: 0.516ms
Camera: [0.00, -0.17, 3.78]

--- DATA (valid / total) ---
  Bool               2 / 2
  Int                6 / 6
  I64                2 / 2
  F32                5 / 5
  F64                2 / 2
  CString            6 / 6
  Vec3               1 / 1
  Vertex             24 / 24
  Vertex_Cache       24 / 24
  Debug_Stats        1 / 1
  FrameData          1 / 1
  Strings_Builder    1 / 1
  DataPoint          26 / 26
  Field              262659 / 262659
  Model              1 / 1
  Face_List          1 / 1
  TOTAL              262762 / 262762

--- FETCHES (edit / copy / set) ---
  Bool               81 / 0 / 0
  Int                487 / 0 / 0
  I64                162 / 0 / 0
  F32                81 / 0 / 0
  F64                81 / 0 / 0
  Vec3               244 / 0 / 0
  Debug_Stats        405 / 0 / 0

--- FIELD OCCUPANCY ---
  Field[0] 'field' levels:4 dims:3
    bounds X:[-8.0000,8.0000] Y:[-8.0000,8.0000] Z:[-8.0000,8.0000]
    level 0: 1 / 1 cells occupied
    level 1: 1 / 8 cells occupied
    level 2: 1 / 64 cells occupied
    level 3: 1 / 512 cells occupied
    level 4: 1 / 4096 cells occupied
  Field[1] 'model_field' levels:4 dims:3
    bounds X:[-1.0000,1.0000] Y:[-1.0000,1.0000] Z:[-1.0000,1.0000]
    level 0: 1 / 1 cells occupied
    level 1: 8 / 8 cells occupied
    level 2: 64 / 64 cells occupied
    level 3: 512 / 512 cells occupied
    level 4: 1352 / 4096 cells occupied

  Screen Fields: 262657 total | 8013 with occupied cells
  Root SF [2] levels:5 dims:2 bounds X:[0,800] Y:[0,600]
    level 0: 0 / 1
    level 1: 0 / 4
    level 2: 0 / 16
    level 3: 0 / 64
    level 4: 0 / 256
    level 5: 0 / 1024

[F2: enable fetch timing]

---
=== HOLLOWS ENGINE ===
FPS: 54 | Pixel: 25.3ms | Input: 0.000ms | Texture: 0.564ms
Camera: [0.00, -0.17, 3.78]

--- DATA (valid / total) ---
  Bool               2 / 2
  Int                6 / 6
  I64                2 / 2
  F32                5 / 5
  F64                2 / 2
  CString            6 / 6
  Vec3               1 / 1
  Vertex             24 / 24
  Vertex_Cache       24 / 24
  Debug_Stats        1 / 1
  FrameData          1 / 1
  Strings_Builder    1 / 1
  DataPoint          26 / 26
  Field              262659 / 262659
  Model              1 / 1
  Face_List          1 / 1
  TOTAL              262762 / 262762

--- FETCHES (edit / copy / set) ---
  Bool               88 / 0 / 0
  Int                529 / 0 / 0
  I64                176 / 0 / 0
  F32                88 / 0 / 0
  F64                88 / 0 / 0
  Vec3               265 / 0 / 0
  Debug_Stats        440 / 0 / 0

--- FIELD OCCUPANCY ---
  Field[0] 'field' levels:4 dims:3
    bounds X:[-8.0000,8.0000] Y:[-8.0000,8.0000] Z:[-8.0000,8.0000]
    level 0: 1 / 1 cells occupied
    level 1: 1 / 8 cells occupied
    level 2: 1 / 64 cells occupied
    level 3: 1 / 512 cells occupied
    level 4: 1 / 4096 cells occupied
  Field[1] 'model_field' levels:4 dims:3
    bounds X:[-1.0000,1.0000] Y:[-1.0000,1.0000] Z:[-1.0000,1.0000]
    level 0: 1 / 1 cells occupied
    level 1: 8 / 8 cells occupied
    level 2: 64 / 64 cells occupied
    level 3: 512 / 512 cells occupied
    level 4: 1352 / 4096 cells occupied

  Screen Fields: 262657 total | 8013 with occupied cells
  Root SF [2] levels:5 dims:2 bounds X:[0,800] Y:[0,600]
    level 0: 0 / 1
    level 1: 0 / 4
    level 2: 0 / 16
    level 3: 0 / 64
    level 4: 0 / 256
    level 5: 0 / 1024

[F2: enable fetch timing]

---
=== HOLLOWS ENGINE ===
FPS: 38 | Pixel: 25.6ms | Input: 0.000ms | Texture: 0.559ms
Camera: [0.00, -0.17, 3.78]

--- DATA (valid / total) ---
  Bool               2 / 2
  Int                6 / 6
  I64                2 / 2
  F32                5 / 5
  F64                2 / 2
  CString            6 / 6
  Vec3               1 / 1
  Vertex             24 / 24
  Vertex_Cache       24 / 24
  Debug_Stats        1 / 1
  FrameData          1 / 1
  Strings_Builder    1 / 1
  DataPoint          26 / 26
  Field              262659 / 262659
  Model              1 / 1
  Face_List          1 / 1
  TOTAL              262762 / 262762

--- FETCHES (edit / copy / set) ---
  Bool               84 / 0 / 0
  Int                505 / 0 / 0
  I64                168 / 0 / 0
  F32                84 / 0 / 0
  F64                84 / 0 / 0
  Vec3               253 / 0 / 0
  Debug_Stats        420 / 0 / 0

--- FIELD OCCUPANCY ---
  Field[0] 'field' levels:4 dims:3
    bounds X:[-8.0000,8.0000] Y:[-8.0000,8.0000] Z:[-8.0000,8.0000]
    level 0: 1 / 1 cells occupied
    level 1: 1 / 8 cells occupied
    level 2: 1 / 64 cells occupied
    level 3: 1 / 512 cells occupied
    level 4: 1 / 4096 cells occupied
  Field[1] 'model_field' levels:4 dims:3
    bounds X:[-1.0000,1.0000] Y:[-1.0000,1.0000] Z:[-1.0000,1.0000]
    level 0: 1 / 1 cells occupied
    level 1: 8 / 8 cells occupied
    level 2: 64 / 64 cells occupied
    level 3: 512 / 512 cells occupied
    level 4: 1352 / 4096 cells occupied

  Screen Fields: 262657 total | 8013 with occupied cells
  Root SF [2] levels:5 dims:2 bounds X:[0,800] Y:[0,600]
    level 0: 0 / 1
    level 1: 0 / 4
    level 2: 0 / 16
    level 3: 0 / 64
    level 4: 0 / 256
    level 5: 0 / 1024

[F2: enable fetch timing]

---
=== HOLLOWS ENGINE ===
FPS: 58 | Pixel: 16.4ms | Input: 0.000ms | Texture: 0.499ms
Camera: [0.00, -0.17, 3.78]

--- DATA (valid / total) ---
  Bool               2 / 2
  Int                6 / 6
  I64                2 / 2
  F32                5 / 5
  F64                2 / 2
  CString            6 / 6
  Vec3               1 / 1
  Vertex             24 / 24
  Vertex_Cache       24 / 24
  Debug_Stats        1 / 1
  FrameData          1 / 1
  Strings_Builder    1 / 1
  DataPoint          26 / 26
  Field              262659 / 262659
  Model              1 / 1
  Face_List          1 / 1
  TOTAL              262762 / 262762

--- FETCHES (edit / copy / set) ---
  Bool               88 / 0 / 0
  Int                529 / 0 / 0
  I64                176 / 0 / 0
  F32                88 / 0 / 0
  F64                88 / 0 / 0
  Vec3               265 / 0 / 0
  Debug_Stats        440 / 0 / 0

--- FIELD OCCUPANCY ---
  Field[0] 'field' levels:4 dims:3
    bounds X:[-8.0000,8.0000] Y:[-8.0000,8.0000] Z:[-8.0000,8.0000]
    level 0: 1 / 1 cells occupied
    level 1: 1 / 8 cells occupied
    level 2: 1 / 64 cells occupied
    level 3: 1 / 512 cells occupied
    level 4: 1 / 4096 cells occupied
  Field[1] 'model_field' levels:4 dims:3
    bounds X:[-1.0000,1.0000] Y:[-1.0000,1.0000] Z:[-1.0000,1.0000]
    level 0: 1 / 1 cells occupied
    level 1: 8 / 8 cells occupied
    level 2: 64 / 64 cells occupied
    level 3: 512 / 512 cells occupied
    level 4: 1352 / 4096 cells occupied

  Screen Fields: 262657 total | 8013 with occupied cells
  Root SF [2] levels:5 dims:2 bounds X:[0,800] Y:[0,600]
    level 0: 0 / 1
    level 1: 0 / 4
    level 2: 0 / 16
    level 3: 0 / 64
    level 4: 0 / 256
    level 5: 0 / 1024

[F2: enable fetch timing]

---
=== HOLLOWS ENGINE ===
FPS: 57 | Pixel: 16.4ms | Input: 0.000ms | Texture: 0.504ms
Camera: [0.00, -0.17, 3.78]

--- DATA (valid / total) ---
  Bool               2 / 2
  Int                6 / 6
  I64                2 / 2
  F32                5 / 5
  F64                2 / 2
  CString            6 / 6
  Vec3               1 / 1
  Vertex             24 / 24
  Vertex_Cache       24 / 24
  Debug_Stats        1 / 1
  FrameData          1 / 1
  Strings_Builder    1 / 1
  DataPoint          26 / 26
  Field              262659 / 262659
  Model              1 / 1
  Face_List          1 / 1
  TOTAL              262762 / 262762

--- FETCHES (edit / copy / set) ---
  Bool               86 / 0 / 0
  Int                517 / 0 / 0
  I64                172 / 0 / 0
  F32                86 / 0 / 0
  F64                86 / 0 / 0
  Vec3               259 / 0 / 0
  Debug_Stats        430 / 0 / 0

--- FIELD OCCUPANCY ---
  Field[0] 'field' levels:4 dims:3
    bounds X:[-8.0000,8.0000] Y:[-8.0000,8.0000] Z:[-8.0000,8.0000]
    level 0: 1 / 1 cells occupied
    level 1: 1 / 8 cells occupied
    level 2: 1 / 64 cells occupied
    level 3: 1 / 512 cells occupied
    level 4: 1 / 4096 cells occupied
  Field[1] 'model_field' levels:4 dims:3
    bounds X:[-1.0000,1.0000] Y:[-1.0000,1.0000] Z:[-1.0000,1.0000]
    level 0: 1 / 1 cells occupied
    level 1: 8 / 8 cells occupied
    level 2: 64 / 64 cells occupied
    level 3: 512 / 512 cells occupied
    level 4: 1352 / 4096 cells occupied

  Screen Fields: 262657 total | 8013 with occupied cells
  Root SF [2] levels:5 dims:2 bounds X:[0,800] Y:[0,600]
    level 0: 0 / 1
    level 1: 0 / 4
    level 2: 0 / 16
    level 3: 0 / 64
    level 4: 0 / 256
    level 5: 0 / 1024

[F2: enable fetch timing]

---
