=== HOLLOWS ENGINE ===
FPS: 0 | Pixel: 0.0ms | Input: 0.001ms | Texture: 0.000ms
Camera: [0.00, 0.00, 6.00]

--- DATA (valid / total) ---
  Bool               1 / 1
  Int                5 / 5
  I64                2 / 2
  F32                5 / 5
  F64                2 / 2
  CString            6 / 6
  Vec3               1 / 1
  Vertex             140 / 140
  Model              1 / 1
  Texture            1 / 1
  Bounds             6 / 6
  Debug_Stats        1 / 1
  FrameData          1 / 1
  Strings_Builder    1 / 1
  DataPoint          1 / 1
  Field              2 / 2
  Metadata           176 / 176
  TOTAL              352 / 352

--- FETCHES (edit / copy / set) ---
  Int                10 / 0 / 0
  I64                2 / 0 / 0
  F32                1 / 0 / 0
  F64                1 / 0 / 0
  CString            5 / 0 / 0
  Vec3               4 / 0 / 0
  Model              2 / 0 / 0
  Texture            2 / 0 / 0
  Debug_Stats        3 / 0 / 0
  Strings_Builder    1 / 0 / 0
  DataPoint          2 / 0 / 0
  Field              4 / 0 / 0

--- FIELD OCCUPANCY ---
  Field[0] 'world_field_meta' levels:4 dims:3
    bounds X:[-8.0000,8.0000] Y:[-8.0000,8.0000] Z:[-8.0000,8.0000]
    level 0: 1 / 1 cells occupied
    level 1: 2 / 8 cells occupied
    level 2: 4 / 64 cells occupied
    level 3: 6 / 512 cells occupied
    level 4: 6 / 4096 cells occupied
  Field[1] 'model_field' levels:4 dims:3
    bounds X:[-1.0000,1.0000] Y:[-1.0000,1.0000] Z:[-1.0000,1.0000]
    level 0: 1 / 1 cells occupied
    level 1: 6 / 8 cells occupied
    level 2: 28 / 64 cells occupied
    level 3: 96 / 512 cells occupied
    level 4: 140 / 4096 cells occupied

[F2: enable fetch timing]

---
=== HOLLOWS ENGINE ===
FPS: 52 | Pixel: 18.3ms | Input: 0.000ms | Texture: 0.441ms
Camera: [0.00, 0.00, 6.00]

--- DATA (valid / total) ---
  Bool               1 / 1
  Int                5 / 5
  I64                2 / 2
  F32                5 / 5
  F64                2 / 2
  CString            6 / 6
  Vec3               1 / 1
  Vertex             140 / 140
  Model              1 / 1
  Texture            1 / 1
  Bounds             6 / 6
  Debug_Stats        1 / 1
  FrameData          1 / 1
  Strings_Builder    1 / 1
  DataPoint          1 / 1
  Field              2 / 2
  Metadata           176 / 176
  TOTAL              352 / 352

--- FETCHES (edit / copy / set) ---
  Int                99 / 0 / 0
  I64                196 / 0 / 0
  F32                98 / 0 / 0
  F64                98 / 0 / 0
  Vec3               197 / 0 / 0
  Texture            98 / 0 / 0
  Debug_Stats        490 / 0 / 0
  DataPoint          98 / 0 / 0
  Field              98 / 0 / 0

--- FIELD OCCUPANCY ---
  Field[0] 'world_field_meta' levels:4 dims:3
    bounds X:[-8.0000,8.0000] Y:[-8.0000,8.0000] Z:[-8.0000,8.0000]
    level 0: 1 / 1 cells occupied
    level 1: 2 / 8 cells occupied
    level 2: 4 / 64 cells occupied
    level 3: 6 / 512 cells occupied
    level 4: 6 / 4096 cells occupied
  Field[1] 'model_field' levels:4 dims:3
    bounds X:[-1.0000,1.0000] Y:[-1.0000,1.0000] Z:[-1.0000,1.0000]
    level 0: 1 / 1 cells occupied
    level 1: 6 / 8 cells occupied
    level 2: 28 / 64 cells occupied
    level 3: 96 / 512 cells occupied
    level 4: 140 / 4096 cells occupied

[F2: enable fetch timing]

---
=== HOLLOWS ENGINE ===
FPS: 52 | Pixel: 18.3ms | Input: 0.000ms | Texture: 0.435ms
Camera: [0.00, 0.00, 6.00]

--- DATA (valid / total) ---
  Bool               1 / 1
  Int                5 / 5
  I64                2 / 2
  F32                5 / 5
  F64                2 / 2
  CString            6 / 6
  Vec3               1 / 1
  Vertex             140 / 140
  Model              1 / 1
  Texture            1 / 1
  Bounds             6 / 6
  Debug_Stats        1 / 1
  FrameData          1 / 1
  Strings_Builder    1 / 1
  DataPoint          1 / 1
  Field              2 / 2
  Metadata           176 / 176
  TOTAL              352 / 352

--- FETCHES (edit / copy / set) ---
  Int                163 / 0 / 0
  I64                212 / 0 / 0
  F32                106 / 0 / 0
  F64                106 / 0 / 0
  Vec3               213 / 0 / 0
  Texture            106 / 0 / 0
  Debug_Stats        530 / 0 / 0
  DataPoint          106 / 0 / 0
  Field              106 / 0 / 0

--- FIELD OCCUPANCY ---
  Field[0] 'world_field_meta' levels:4 dims:3
    bounds X:[-8.0000,8.0000] Y:[-8.0000,8.0000] Z:[-8.0000,8.0000]
    level 0: 1 / 1 cells occupied
    level 1: 2 / 8 cells occupied
    level 2: 4 / 64 cells occupied
    level 3: 6 / 512 cells occupied
    level 4: 6 / 4096 cells occupied
  Field[1] 'model_field' levels:4 dims:3
    bounds X:[-1.0000,1.0000] Y:[-1.0000,1.0000] Z:[-1.0000,1.0000]
    level 0: 1 / 1 cells occupied
    level 1: 6 / 8 cells occupied
    level 2: 28 / 64 cells occupied
    level 3: 96 / 512 cells occupied
    level 4: 140 / 4096 cells occupied

[F2: enable fetch timing]

---
=== HOLLOWS ENGINE ===
FPS: 52 | Pixel: 18.3ms | Input: 0.000ms | Texture: 0.442ms
Camera: [0.00, 0.00, 6.00]

--- DATA (valid / total) ---
  Bool               1 / 1
  Int                5 / 5
  I64                2 / 2
  F32                5 / 5
  F64                2 / 2
  CString            6 / 6
  Vec3               1 / 1
  Vertex             140 / 140
  Model              1 / 1
  Texture            1 / 1
  Bounds             6 / 6
  Debug_Stats        1 / 1
  FrameData          1 / 1
  Strings_Builder    1 / 1
  DataPoint          1 / 1
  Field              2 / 2
  Metadata           176 / 176
  TOTAL              352 / 352

--- FETCHES (edit / copy / set) ---
  Int                196 / 0 / 0
  I64                212 / 0 / 0
  F32                106 / 0 / 0
  F64                106 / 0 / 0
  Vec3               213 / 0 / 0
  Texture            106 / 0 / 0
  Debug_Stats        530 / 0 / 0
  DataPoint          106 / 0 / 0
  Field              106 / 0 / 0

--- FIELD OCCUPANCY ---
  Field[0] 'world_field_meta' levels:4 dims:3
    bounds X:[-8.0000,8.0000] Y:[-8.0000,8.0000] Z:[-8.0000,8.0000]
    level 0: 1 / 1 cells occupied
    level 1: 2 / 8 cells occupied
    level 2: 4 / 64 cells occupied
    level 3: 6 / 512 cells occupied
    level 4: 6 / 4096 cells occupied
  Field[1] 'model_field' levels:4 dims:3
    bounds X:[-1.0000,1.0000] Y:[-1.0000,1.0000] Z:[-1.0000,1.0000]
    level 0: 1 / 1 cells occupied
    level 1: 6 / 8 cells occupied
    level 2: 28 / 64 cells occupied
    level 3: 96 / 512 cells occupied
    level 4: 140 / 4096 cells occupied

[F2: enable fetch timing]

---
=== HOLLOWS ENGINE ===
FPS: 52 | Pixel: 18.3ms | Input: 0.000ms | Texture: 0.441ms
Camera: [0.00, 0.00, 6.00]

--- DATA (valid / total) ---
  Bool               1 / 1
  Int                5 / 5
  I64                2 / 2
  F32                5 / 5
  F64                2 / 2
  CString            6 / 6
  Vec3               1 / 1
  Vertex             140 / 140
  Model              1 / 1
  Texture            1 / 1
  Bounds             6 / 6
  Debug_Stats        1 / 1
  FrameData          1 / 1
  Strings_Builder    1 / 1
  DataPoint          1 / 1
  Field              2 / 2
  Metadata           176 / 176
  TOTAL              352 / 352

--- FETCHES (edit / copy / set) ---
  Int                180 / 0 / 0
  I64                196 / 0 / 0
  F32                98 / 0 / 0
  F64                98 / 0 / 0
  CString            2 / 0 / 0
  Vec3               198 / 0 / 0
  Texture            98 / 0 / 0
  Debug_Stats        491 / 0 / 0
  DataPoint          98 / 0 / 0
  Field              98 / 0 / 0

--- FIELD OCCUPANCY ---
  Field[0] 'world_field_meta' levels:4 dims:3
    bounds X:[-8.0000,8.0000] Y:[-8.0000,8.0000] Z:[-8.0000,8.0000]
    level 0: 1 / 1 cells occupied
    level 1: 2 / 8 cells occupied
    level 2: 4 / 64 cells occupied
    level 3: 6 / 512 cells occupied
    level 4: 6 / 4096 cells occupied
  Field[1] 'model_field' levels:4 dims:3
    bounds X:[-1.0000,1.0000] Y:[-1.0000,1.0000] Z:[-1.0000,1.0000]
    level 0: 1 / 1 cells occupied
    level 1: 6 / 8 cells occupied
    level 2: 28 / 64 cells occupied
    level 3: 96 / 512 cells occupied
    level 4: 140 / 4096 cells occupied

[F2: enable fetch timing]

---
=== HOLLOWS ENGINE ===
FPS: 52 | Pixel: 18.4ms | Input: 0.000ms | Texture: 0.436ms
Camera: [0.00, 0.00, 6.00]

--- DATA (valid / total) ---
  Bool               1 / 1
  Int                5 / 5
  I64                2 / 2
  F32                5 / 5
  F64                2 / 2
  CString            6 / 6
  Vec3               1 / 1
  Vertex             140 / 140
  Model              1 / 1
  Texture            1 / 1
  Bounds             6 / 6
  Debug_Stats        1 / 1
  FrameData          1 / 1
  Strings_Builder    1 / 1
  DataPoint          1 / 1
  Field              2 / 2
  Metadata           176 / 176
  TOTAL              352 / 352

--- FETCHES (edit / copy / set) ---
  Int                107 / 0 / 0
  I64                212 / 0 / 0
  F32                106 / 0 / 0
  F64                106 / 0 / 0
  Vec3               213 / 0 / 0
  Texture            106 / 0 / 0
  Debug_Stats        530 / 0 / 0
  DataPoint          106 / 0 / 0
  Field              106 / 0 / 0

--- FIELD OCCUPANCY ---
  Field[0] 'world_field_meta' levels:4 dims:3
    bounds X:[-8.0000,8.0000] Y:[-8.0000,8.0000] Z:[-8.0000,8.0000]
    level 0: 1 / 1 cells occupied
    level 1: 2 / 8 cells occupied
    level 2: 4 / 64 cells occupied
    level 3: 6 / 512 cells occupied
    level 4: 6 / 4096 cells occupied
  Field[1] 'model_field' levels:4 dims:3
    bounds X:[-1.0000,1.0000] Y:[-1.0000,1.0000] Z:[-1.0000,1.0000]
    level 0: 1 / 1 cells occupied
    level 1: 6 / 8 cells occupied
    level 2: 28 / 64 cells occupied
    level 3: 96 / 512 cells occupied
    level 4: 140 / 4096 cells occupied

[F2: enable fetch timing]

---
=== HOLLOWS ENGINE ===
FPS: 52 | Pixel: 18.3ms | Input: 0.000ms | Texture: 0.444ms
Camera: [0.00, 0.00, 6.00]

--- DATA (valid / total) ---
  Bool               1 / 1
  Int                5 / 5
  I64                2 / 2
  F32                5 / 5
  F64                2 / 2
  CString            6 / 6
  Vec3               1 / 1
  Vertex             140 / 140
  Model              1 / 1
  Texture            1 / 1
  Bounds             6 / 6
  Debug_Stats        1 / 1
  FrameData          1 / 1
  Strings_Builder    1 / 1
  DataPoint          1 / 1
  Field              2 / 2
  Metadata           176 / 176
  TOTAL              352 / 352

--- FETCHES (edit / copy / set) ---
  Int                107 / 0 / 0
  I64                212 / 0 / 0
  F32                106 / 0 / 0
  F64                106 / 0 / 0
  Vec3               213 / 0 / 0
  Texture            106 / 0 / 0
  Debug_Stats        530 / 0 / 0
  DataPoint          106 / 0 / 0
  Field              106 / 0 / 0

--- FIELD OCCUPANCY ---
  Field[0] 'world_field_meta' levels:4 dims:3
    bounds X:[-8.0000,8.0000] Y:[-8.0000,8.0000] Z:[-8.0000,8.0000]
    level 0: 1 / 1 cells occupied
    level 1: 2 / 8 cells occupied
    level 2: 4 / 64 cells occupied
    level 3: 6 / 512 cells occupied
    level 4: 6 / 4096 cells occupied
  Field[1] 'model_field' levels:4 dims:3
    bounds X:[-1.0000,1.0000] Y:[-1.0000,1.0000] Z:[-1.0000,1.0000]
    level 0: 1 / 1 cells occupied
    level 1: 6 / 8 cells occupied
    level 2: 28 / 64 cells occupied
    level 3: 96 / 512 cells occupied
    level 4: 140 / 4096 cells occupied

[F2: enable fetch timing]

---
=== HOLLOWS ENGINE ===
FPS: 52 | Pixel: 18.3ms | Input: 0.000ms | Texture: 0.454ms
Camera: [0.00, 0.00, 6.00]

--- DATA (valid / total) ---
  Bool               1 / 1
  Int                5 / 5
  I64                2 / 2
  F32                5 / 5
  F64                2 / 2
  CString            6 / 6
  Vec3               1 / 1
  Vertex             140 / 140
  Model              1 / 1
  Texture            1 / 1
  Bounds             6 / 6
  Debug_Stats        1 / 1
  FrameData          1 / 1
  Strings_Builder    1 / 1
  DataPoint          1 / 1
  Field              2 / 2
  Metadata           176 / 176
  TOTAL              352 / 352

--- FETCHES (edit / copy / set) ---
  Int                107 / 0 / 0
  I64                212 / 0 / 0
  F32                106 / 0 / 0
  F64                106 / 0 / 0
  Vec3               213 / 0 / 0
  Texture            106 / 0 / 0
  Debug_Stats        530 / 0 / 0
  DataPoint          106 / 0 / 0
  Field              106 / 0 / 0

--- FIELD OCCUPANCY ---
  Field[0] 'world_field_meta' levels:4 dims:3
    bounds X:[-8.0000,8.0000] Y:[-8.0000,8.0000] Z:[-8.0000,8.0000]
    level 0: 1 / 1 cells occupied
    level 1: 2 / 8 cells occupied
    level 2: 4 / 64 cells occupied
    level 3: 6 / 512 cells occupied
    level 4: 6 / 4096 cells occupied
  Field[1] 'model_field' levels:4 dims:3
    bounds X:[-1.0000,1.0000] Y:[-1.0000,1.0000] Z:[-1.0000,1.0000]
    level 0: 1 / 1 cells occupied
    level 1: 6 / 8 cells occupied
    level 2: 28 / 64 cells occupied
    level 3: 96 / 512 cells occupied
    level 4: 140 / 4096 cells occupied

[F2: enable fetch timing]

---
=== HOLLOWS ENGINE ===
FPS: 52 | Pixel: 18.4ms | Input: 0.000ms | Texture: 0.444ms
Camera: [0.00, 0.00, 6.00]

--- DATA (valid / total) ---
  Bool               1 / 1
  Int                5 / 5
  I64                2 / 2
  F32                5 / 5
  F64                2 / 2
  CString            6 / 6
  Vec3               1 / 1
  Vertex             140 / 140
  Model              1 / 1
  Texture            1 / 1
  Bounds             6 / 6
  Debug_Stats        1 / 1
  FrameData          1 / 1
  Strings_Builder    1 / 1
  DataPoint          1 / 1
  Field              2 / 2
  Metadata           176 / 176
  TOTAL              352 / 352

--- FETCHES (edit / copy / set) ---
  Int                107 / 0 / 0
  I64                212 / 0 / 0
  F32                106 / 0 / 0
  F64                106 / 0 / 0
  Vec3               213 / 0 / 0
  Texture            106 / 0 / 0
  Debug_Stats        530 / 0 / 0
  DataPoint          106 / 0 / 0
  Field              106 / 0 / 0

--- FIELD OCCUPANCY ---
  Field[0] 'world_field_meta' levels:4 dims:3
    bounds X:[-8.0000,8.0000] Y:[-8.0000,8.0000] Z:[-8.0000,8.0000]
    level 0: 1 / 1 cells occupied
    level 1: 2 / 8 cells occupied
    level 2: 4 / 64 cells occupied
    level 3: 6 / 512 cells occupied
    level 4: 6 / 4096 cells occupied
  Field[1] 'model_field' levels:4 dims:3
    bounds X:[-1.0000,1.0000] Y:[-1.0000,1.0000] Z:[-1.0000,1.0000]
    level 0: 1 / 1 cells occupied
    level 1: 6 / 8 cells occupied
    level 2: 28 / 64 cells occupied
    level 3: 96 / 512 cells occupied
    level 4: 140 / 4096 cells occupied

[F2: enable fetch timing]

---
=== HOLLOWS ENGINE ===
FPS: 52 | Pixel: 18.3ms | Input: 0.000ms | Texture: 0.452ms
Camera: [0.00, 0.00, 6.00]

--- DATA (valid / total) ---
  Bool               1 / 1
  Int                5 / 5
  I64                2 / 2
  F32                5 / 5
  F64                2 / 2
  CString            6 / 6
  Vec3               1 / 1
  Vertex             140 / 140
  Model              1 / 1
  Texture            1 / 1
  Bounds             6 / 6
  Debug_Stats        1 / 1
  FrameData          1 / 1
  Strings_Builder    1 / 1
  DataPoint          1 / 1
  Field              2 / 2
  Metadata           176 / 176
  TOTAL              352 / 352

--- FETCHES (edit / copy / set) ---
  Int                107 / 0 / 0
  I64                212 / 0 / 0
  F32                106 / 0 / 0
  F64                106 / 0 / 0
  Vec3               213 / 0 / 0
  Texture            106 / 0 / 0
  Debug_Stats        530 / 0 / 0
  DataPoint          106 / 0 / 0
  Field              106 / 0 / 0

--- FIELD OCCUPANCY ---
  Field[0] 'world_field_meta' levels:4 dims:3
    bounds X:[-8.0000,8.0000] Y:[-8.0000,8.0000] Z:[-8.0000,8.0000]
    level 0: 1 / 1 cells occupied
    level 1: 2 / 8 cells occupied
    level 2: 4 / 64 cells occupied
    level 3: 6 / 512 cells occupied
    level 4: 6 / 4096 cells occupied
  Field[1] 'model_field' levels:4 dims:3
    bounds X:[-1.0000,1.0000] Y:[-1.0000,1.0000] Z:[-1.0000,1.0000]
    level 0: 1 / 1 cells occupied
    level 1: 6 / 8 cells occupied
    level 2: 28 / 64 cells occupied
    level 3: 96 / 512 cells occupied
    level 4: 140 / 4096 cells occupied

[F2: enable fetch timing]

---
=== HOLLOWS ENGINE ===
FPS: 52 | Pixel: 18.3ms | Input: 0.000ms | Texture: 0.445ms
Camera: [0.00, 0.00, 6.00]

--- DATA (valid / total) ---
  Bool               1 / 1
  Int                5 / 5
  I64                2 / 2
  F32                5 / 5
  F64                2 / 2
  CString            6 / 6
  Vec3               1 / 1
  Vertex             140 / 140
  Model              1 / 1
  Texture            1 / 1
  Bounds             6 / 6
  Debug_Stats        1 / 1
  FrameData          1 / 1
  Strings_Builder    1 / 1
  DataPoint          1 / 1
  Field              2 / 2
  Metadata           176 / 176
  TOTAL              352 / 352

--- FETCHES (edit / copy / set) ---
  Int                107 / 0 / 0
  I64                212 / 0 / 0
  F32                106 / 0 / 0
  F64                106 / 0 / 0
  Vec3               213 / 0 / 0
  Texture            106 / 0 / 0
  Debug_Stats        530 / 0 / 0
  DataPoint          106 / 0 / 0
  Field              106 / 0 / 0

--- FIELD OCCUPANCY ---
  Field[0] 'world_field_meta' levels:4 dims:3
    bounds X:[-8.0000,8.0000] Y:[-8.0000,8.0000] Z:[-8.0000,8.0000]
    level 0: 1 / 1 cells occupied
    level 1: 2 / 8 cells occupied
    level 2: 4 / 64 cells occupied
    level 3: 6 / 512 cells occupied
    level 4: 6 / 4096 cells occupied
  Field[1] 'model_field' levels:4 dims:3
    bounds X:[-1.0000,1.0000] Y:[-1.0000,1.0000] Z:[-1.0000,1.0000]
    level 0: 1 / 1 cells occupied
    level 1: 6 / 8 cells occupied
    level 2: 28 / 64 cells occupied
    level 3: 96 / 512 cells occupied
    level 4: 140 / 4096 cells occupied

[F2: enable fetch timing]

---
=== HOLLOWS ENGINE ===
FPS: 52 | Pixel: 18.3ms | Input: 0.000ms | Texture: 0.445ms
Camera: [0.00, 0.00, 6.00]

--- DATA (valid / total) ---
  Bool               1 / 1
  Int                5 / 5
  I64                2 / 2
  F32                5 / 5
  F64                2 / 2
  CString            6 / 6
  Vec3               1 / 1
  Vertex             140 / 140
  Model              1 / 1
  Texture            1 / 1
  Bounds             6 / 6
  Debug_Stats        1 / 1
  FrameData          1 / 1
  Strings_Builder    1 / 1
  DataPoint          1 / 1
  Field              2 / 2
  Metadata           176 / 176
  TOTAL              352 / 352

--- FETCHES (edit / copy / set) ---
  Int                107 / 0 / 0
  I64                212 / 0 / 0
  F32                106 / 0 / 0
  F64                106 / 0 / 0
  Vec3               213 / 0 / 0
  Texture            106 / 0 / 0
  Debug_Stats        530 / 0 / 0
  DataPoint          106 / 0 / 0
  Field              106 / 0 / 0

--- FIELD OCCUPANCY ---
  Field[0] 'world_field_meta' levels:4 dims:3
    bounds X:[-8.0000,8.0000] Y:[-8.0000,8.0000] Z:[-8.0000,8.0000]
    level 0: 1 / 1 cells occupied
    level 1: 2 / 8 cells occupied
    level 2: 4 / 64 cells occupied
    level 3: 6 / 512 cells occupied
    level 4: 6 / 4096 cells occupied
  Field[1] 'model_field' levels:4 dims:3
    bounds X:[-1.0000,1.0000] Y:[-1.0000,1.0000] Z:[-1.0000,1.0000]
    level 0: 1 / 1 cells occupied
    level 1: 6 / 8 cells occupied
    level 2: 28 / 64 cells occupied
    level 3: 96 / 512 cells occupied
    level 4: 140 / 4096 cells occupied

[F2: enable fetch timing]

---
=== HOLLOWS ENGINE ===
FPS: 52 | Pixel: 18.3ms | Input: 0.000ms | Texture: 0.438ms
Camera: [0.00, 0.00, 6.00]

--- DATA (valid / total) ---
  Bool               1 / 1
  Int                5 / 5
  I64                2 / 2
  F32                5 / 5
  F64                2 / 2
  CString            6 / 6
  Vec3               1 / 1
  Vertex             140 / 140
  Model              1 / 1
  Texture            1 / 1
  Bounds             6 / 6
  Debug_Stats        1 / 1
  FrameData          1 / 1
  Strings_Builder    1 / 1
  DataPoint          1 / 1
  Field              2 / 2
  Metadata           176 / 176
  TOTAL              352 / 352

--- FETCHES (edit / copy / set) ---
  Int                107 / 0 / 0
  I64                212 / 0 / 0
  F32                106 / 0 / 0
  F64                106 / 0 / 0
  Vec3               213 / 0 / 0
  Texture            106 / 0 / 0
  Debug_Stats        530 / 0 / 0
  DataPoint          106 / 0 / 0
  Field              106 / 0 / 0

--- FIELD OCCUPANCY ---
  Field[0] 'world_field_meta' levels:4 dims:3
    bounds X:[-8.0000,8.0000] Y:[-8.0000,8.0000] Z:[-8.0000,8.0000]
    level 0: 1 / 1 cells occupied
    level 1: 2 / 8 cells occupied
    level 2: 4 / 64 cells occupied
    level 3: 6 / 512 cells occupied
    level 4: 6 / 4096 cells occupied
  Field[1] 'model_field' levels:4 dims:3
    bounds X:[-1.0000,1.0000] Y:[-1.0000,1.0000] Z:[-1.0000,1.0000]
    level 0: 1 / 1 cells occupied
    level 1: 6 / 8 cells occupied
    level 2: 28 / 64 cells occupied
    level 3: 96 / 512 cells occupied
    level 4: 140 / 4096 cells occupied

[F2: enable fetch timing]

---
=== HOLLOWS ENGINE ===
FPS: 52 | Pixel: 18.3ms | Input: 0.000ms | Texture: 0.445ms
Camera: [0.00, 0.00, 6.00]

--- DATA (valid / total) ---
  Bool               1 / 1
  Int                5 / 5
  I64                2 / 2
  F32                5 / 5
  F64                2 / 2
  CString            6 / 6
  Vec3               1 / 1
  Vertex             140 / 140
  Model              1 / 1
  Texture            1 / 1
  Bounds             6 / 6
  Debug_Stats        1 / 1
  FrameData          1 / 1
  Strings_Builder    1 / 1
  DataPoint          1 / 1
  Field              2 / 2
  Metadata           176 / 176
  TOTAL              352 / 352

--- FETCHES (edit / copy / set) ---
  Int                107 / 0 / 0
  I64                212 / 0 / 0
  F32                106 / 0 / 0
  F64                106 / 0 / 0
  Vec3               213 / 0 / 0
  Texture            106 / 0 / 0
  Debug_Stats        530 / 0 / 0
  DataPoint          106 / 0 / 0
  Field              106 / 0 / 0

--- FIELD OCCUPANCY ---
  Field[0] 'world_field_meta' levels:4 dims:3
    bounds X:[-8.0000,8.0000] Y:[-8.0000,8.0000] Z:[-8.0000,8.0000]
    level 0: 1 / 1 cells occupied
    level 1: 2 / 8 cells occupied
    level 2: 4 / 64 cells occupied
    level 3: 6 / 512 cells occupied
    level 4: 6 / 4096 cells occupied
  Field[1] 'model_field' levels:4 dims:3
    bounds X:[-1.0000,1.0000] Y:[-1.0000,1.0000] Z:[-1.0000,1.0000]
    level 0: 1 / 1 cells occupied
    level 1: 6 / 8 cells occupied
    level 2: 28 / 64 cells occupied
    level 3: 96 / 512 cells occupied
    level 4: 140 / 4096 cells occupied

[F2: enable fetch timing]

---
=== HOLLOWS ENGINE ===
FPS: 52 | Pixel: 18.3ms | Input: 0.000ms | Texture: 0.442ms
Camera: [0.00, 0.00, 6.00]

--- DATA (valid / total) ---
  Bool               1 / 1
  Int                5 / 5
  I64                2 / 2
  F32                5 / 5
  F64                2 / 2
  CString            6 / 6
  Vec3               1 / 1
  Vertex             140 / 140
  Model              1 / 1
  Texture            1 / 1
  Bounds             6 / 6
  Debug_Stats        1 / 1
  FrameData          1 / 1
  Strings_Builder    1 / 1
  DataPoint          1 / 1
  Field              2 / 2
  Metadata           176 / 176
  TOTAL              352 / 352

--- FETCHES (edit / copy / set) ---
  Int                107 / 0 / 0
  I64                212 / 0 / 0
  F32                106 / 0 / 0
  F64                106 / 0 / 0
  Vec3               213 / 0 / 0
  Texture            106 / 0 / 0
  Debug_Stats        530 / 0 / 0
  DataPoint          106 / 0 / 0
  Field              106 / 0 / 0

--- FIELD OCCUPANCY ---
  Field[0] 'world_field_meta' levels:4 dims:3
    bounds X:[-8.0000,8.0000] Y:[-8.0000,8.0000] Z:[-8.0000,8.0000]
    level 0: 1 / 1 cells occupied
    level 1: 2 / 8 cells occupied
    level 2: 4 / 64 cells occupied
    level 3: 6 / 512 cells occupied
    level 4: 6 / 4096 cells occupied
  Field[1] 'model_field' levels:4 dims:3
    bounds X:[-1.0000,1.0000] Y:[-1.0000,1.0000] Z:[-1.0000,1.0000]
    level 0: 1 / 1 cells occupied
    level 1: 6 / 8 cells occupied
    level 2: 28 / 64 cells occupied
    level 3: 96 / 512 cells occupied
    level 4: 140 / 4096 cells occupied

[F2: enable fetch timing]

---
=== HOLLOWS ENGINE ===
FPS: 52 | Pixel: 18.3ms | Input: 0.000ms | Texture: 0.436ms
Camera: [0.00, 0.00, 6.00]

--- DATA (valid / total) ---
  Bool               1 / 1
  Int                5 / 5
  I64                2 / 2
  F32                5 / 5
  F64                2 / 2
  CString            6 / 6
  Vec3               1 / 1
  Vertex             140 / 140
  Model              1 / 1
  Texture            1 / 1
  Bounds             6 / 6
  Debug_Stats        1 / 1
  FrameData          1 / 1
  Strings_Builder    1 / 1
  DataPoint          1 / 1
  Field              2 / 2
  Metadata           176 / 176
  TOTAL              352 / 352

--- FETCHES (edit / copy / set) ---
  Int                107 / 0 / 0
  I64                212 / 0 / 0
  F32                106 / 0 / 0
  F64                106 / 0 / 0
  Vec3               213 / 0 / 0
  Texture            106 / 0 / 0
  Debug_Stats        530 / 0 / 0
  DataPoint          106 / 0 / 0
  Field              106 / 0 / 0

--- FIELD OCCUPANCY ---
  Field[0] 'world_field_meta' levels:4 dims:3
    bounds X:[-8.0000,8.0000] Y:[-8.0000,8.0000] Z:[-8.0000,8.0000]
    level 0: 1 / 1 cells occupied
    level 1: 2 / 8 cells occupied
    level 2: 4 / 64 cells occupied
    level 3: 6 / 512 cells occupied
    level 4: 6 / 4096 cells occupied
  Field[1] 'model_field' levels:4 dims:3
    bounds X:[-1.0000,1.0000] Y:[-1.0000,1.0000] Z:[-1.0000,1.0000]
    level 0: 1 / 1 cells occupied
    level 1: 6 / 8 cells occupied
    level 2: 28 / 64 cells occupied
    level 3: 96 / 512 cells occupied
    level 4: 140 / 4096 cells occupied

[F2: enable fetch timing]

---
=== HOLLOWS ENGINE ===
FPS: 52 | Pixel: 18.3ms | Input: 0.000ms | Texture: 0.438ms
Camera: [0.00, 0.00, 6.00]

--- DATA (valid / total) ---
  Bool               1 / 1
  Int                5 / 5
  I64                2 / 2
  F32                5 / 5
  F64                2 / 2
  CString            6 / 6
  Vec3               1 / 1
  Vertex             140 / 140
  Model              1 / 1
  Texture            1 / 1
  Bounds             6 / 6
  Debug_Stats        1 / 1
  FrameData          1 / 1
  Strings_Builder    1 / 1
  DataPoint          1 / 1
  Field              2 / 2
  Metadata           176 / 176
  TOTAL              352 / 352

--- FETCHES (edit / copy / set) ---
  Int                107 / 0 / 0
  I64                212 / 0 / 0
  F32                106 / 0 / 0
  F64                106 / 0 / 0
  Vec3               213 / 0 / 0
  Texture            106 / 0 / 0
  Debug_Stats        530 / 0 / 0
  DataPoint          106 / 0 / 0
  Field              106 / 0 / 0

--- FIELD OCCUPANCY ---
  Field[0] 'world_field_meta' levels:4 dims:3
    bounds X:[-8.0000,8.0000] Y:[-8.0000,8.0000] Z:[-8.0000,8.0000]
    level 0: 1 / 1 cells occupied
    level 1: 2 / 8 cells occupied
    level 2: 4 / 64 cells occupied
    level 3: 6 / 512 cells occupied
    level 4: 6 / 4096 cells occupied
  Field[1] 'model_field' levels:4 dims:3
    bounds X:[-1.0000,1.0000] Y:[-1.0000,1.0000] Z:[-1.0000,1.0000]
    level 0: 1 / 1 cells occupied
    level 1: 6 / 8 cells occupied
    level 2: 28 / 64 cells occupied
    level 3: 96 / 512 cells occupied
    level 4: 140 / 4096 cells occupied

[F2: enable fetch timing]

---
=== HOLLOWS ENGINE ===
FPS: 52 | Pixel: 18.3ms | Input: 0.000ms | Texture: 0.448ms
Camera: [0.00, 0.00, 6.00]

--- DATA (valid / total) ---
  Bool               1 / 1
  Int                5 / 5
  I64                2 / 2
  F32                5 / 5
  F64                2 / 2
  CString            6 / 6
  Vec3               1 / 1
  Vertex             140 / 140
  Model              1 / 1
  Texture            1 / 1
  Bounds             6 / 6
  Debug_Stats        1 / 1
  FrameData          1 / 1
  Strings_Builder    1 / 1
  DataPoint          1 / 1
  Field              2 / 2
  Metadata           176 / 176
  TOTAL              352 / 352

--- FETCHES (edit / copy / set) ---
  Int                107 / 0 / 0
  I64                212 / 0 / 0
  F32                106 / 0 / 0
  F64                106 / 0 / 0
  Vec3               213 / 0 / 0
  Texture            106 / 0 / 0
  Debug_Stats        530 / 0 / 0
  DataPoint          106 / 0 / 0
  Field              106 / 0 / 0

--- FIELD OCCUPANCY ---
  Field[0] 'world_field_meta' levels:4 dims:3
    bounds X:[-8.0000,8.0000] Y:[-8.0000,8.0000] Z:[-8.0000,8.0000]
    level 0: 1 / 1 cells occupied
    level 1: 2 / 8 cells occupied
    level 2: 4 / 64 cells occupied
    level 3: 6 / 512 cells occupied
    level 4: 6 / 4096 cells occupied
  Field[1] 'model_field' levels:4 dims:3
    bounds X:[-1.0000,1.0000] Y:[-1.0000,1.0000] Z:[-1.0000,1.0000]
    level 0: 1 / 1 cells occupied
    level 1: 6 / 8 cells occupied
    level 2: 28 / 64 cells occupied
    level 3: 96 / 512 cells occupied
    level 4: 140 / 4096 cells occupied

[F2: enable fetch timing]

---
=== HOLLOWS ENGINE ===
FPS: 52 | Pixel: 18.3ms | Input: 0.000ms | Texture: 0.436ms
Camera: [0.00, 0.00, 6.00]

--- DATA (valid / total) ---
  Bool               1 / 1
  Int                5 / 5
  I64                2 / 2
  F32                5 / 5
  F64                2 / 2
  CString            6 / 6
  Vec3               1 / 1
  Vertex             140 / 140
  Model              1 / 1
  Texture            1 / 1
  Bounds             6 / 6
  Debug_Stats        1 / 1
  FrameData          1 / 1
  Strings_Builder    1 / 1
  DataPoint          1 / 1
  Field              2 / 2
  Metadata           176 / 176
  TOTAL              352 / 352

--- FETCHES (edit / copy / set) ---
  Int                107 / 0 / 0
  I64                212 / 0 / 0
  F32                106 / 0 / 0
  F64                106 / 0 / 0
  Vec3               213 / 0 / 0
  Texture            106 / 0 / 0
  Debug_Stats        530 / 0 / 0
  DataPoint          106 / 0 / 0
  Field              106 / 0 / 0

--- FIELD OCCUPANCY ---
  Field[0] 'world_field_meta' levels:4 dims:3
    bounds X:[-8.0000,8.0000] Y:[-8.0000,8.0000] Z:[-8.0000,8.0000]
    level 0: 1 / 1 cells occupied
    level 1: 2 / 8 cells occupied
    level 2: 4 / 64 cells occupied
    level 3: 6 / 512 cells occupied
    level 4: 6 / 4096 cells occupied
  Field[1] 'model_field' levels:4 dims:3
    bounds X:[-1.0000,1.0000] Y:[-1.0000,1.0000] Z:[-1.0000,1.0000]
    level 0: 1 / 1 cells occupied
    level 1: 6 / 8 cells occupied
    level 2: 28 / 64 cells occupied
    level 3: 96 / 512 cells occupied
    level 4: 140 / 4096 cells occupied

[F2: enable fetch timing]

---
=== HOLLOWS ENGINE ===
FPS: 52 | Pixel: 18.3ms | Input: 0.000ms | Texture: 0.442ms
Camera: [0.00, 0.00, 6.00]

--- DATA (valid / total) ---
  Bool               1 / 1
  Int                5 / 5
  I64                2 / 2
  F32                5 / 5
  F64                2 / 2
  CString            6 / 6
  Vec3               1 / 1
  Vertex             140 / 140
  Model              1 / 1
  Texture            1 / 1
  Bounds             6 / 6
  Debug_Stats        1 / 1
  FrameData          1 / 1
  Strings_Builder    1 / 1
  DataPoint          1 / 1
  Field              2 / 2
  Metadata           176 / 176
  TOTAL              352 / 352

--- FETCHES (edit / copy / set) ---
  Int                107 / 0 / 0
  I64                212 / 0 / 0
  F32                106 / 0 / 0
  F64                106 / 0 / 0
  Vec3               213 / 0 / 0
  Texture            106 / 0 / 0
  Debug_Stats        530 / 0 / 0
  DataPoint          106 / 0 / 0
  Field              106 / 0 / 0

--- FIELD OCCUPANCY ---
  Field[0] 'world_field_meta' levels:4 dims:3
    bounds X:[-8.0000,8.0000] Y:[-8.0000,8.0000] Z:[-8.0000,8.0000]
    level 0: 1 / 1 cells occupied
    level 1: 2 / 8 cells occupied
    level 2: 4 / 64 cells occupied
    level 3: 6 / 512 cells occupied
    level 4: 6 / 4096 cells occupied
  Field[1] 'model_field' levels:4 dims:3
    bounds X:[-1.0000,1.0000] Y:[-1.0000,1.0000] Z:[-1.0000,1.0000]
    level 0: 1 / 1 cells occupied
    level 1: 6 / 8 cells occupied
    level 2: 28 / 64 cells occupied
    level 3: 96 / 512 cells occupied
    level 4: 140 / 4096 cells occupied

[F2: enable fetch timing]

---
=== HOLLOWS ENGINE ===
FPS: 52 | Pixel: 18.3ms | Input: 0.000ms | Texture: 0.440ms
Camera: [0.00, 0.00, 6.00]

--- DATA (valid / total) ---
  Bool               1 / 1
  Int                5 / 5
  I64                2 / 2
  F32                5 / 5
  F64                2 / 2
  CString            6 / 6
  Vec3               1 / 1
  Vertex             140 / 140
  Model              1 / 1
  Texture            1 / 1
  Bounds             6 / 6
  Debug_Stats        1 / 1
  FrameData          1 / 1
  Strings_Builder    1 / 1
  DataPoint          1 / 1
  Field              2 / 2
  Metadata           176 / 176
  TOTAL              352 / 352

--- FETCHES (edit / copy / set) ---
  Int                107 / 0 / 0
  I64                212 / 0 / 0
  F32                106 / 0 / 0
  F64                106 / 0 / 0
  Vec3               213 / 0 / 0
  Texture            106 / 0 / 0
  Debug_Stats        530 / 0 / 0
  DataPoint          106 / 0 / 0
  Field              106 / 0 / 0

--- FIELD OCCUPANCY ---
  Field[0] 'world_field_meta' levels:4 dims:3
    bounds X:[-8.0000,8.0000] Y:[-8.0000,8.0000] Z:[-8.0000,8.0000]
    level 0: 1 / 1 cells occupied
    level 1: 2 / 8 cells occupied
    level 2: 4 / 64 cells occupied
    level 3: 6 / 512 cells occupied
    level 4: 6 / 4096 cells occupied
  Field[1] 'model_field' levels:4 dims:3
    bounds X:[-1.0000,1.0000] Y:[-1.0000,1.0000] Z:[-1.0000,1.0000]
    level 0: 1 / 1 cells occupied
    level 1: 6 / 8 cells occupied
    level 2: 28 / 64 cells occupied
    level 3: 96 / 512 cells occupied
    level 4: 140 / 4096 cells occupied

[F2: enable fetch timing]

---
=== HOLLOWS ENGINE ===
FPS: 52 | Pixel: 18.3ms | Input: 0.000ms | Texture: 0.439ms
Camera: [0.00, 0.00, 6.00]

--- DATA (valid / total) ---
  Bool               1 / 1
  Int                5 / 5
  I64                2 / 2
  F32                5 / 5
  F64                2 / 2
  CString            6 / 6
  Vec3               1 / 1
  Vertex             140 / 140
  Model              1 / 1
  Texture            1 / 1
  Bounds             6 / 6
  Debug_Stats        1 / 1
  FrameData          1 / 1
  Strings_Builder    1 / 1
  DataPoint          1 / 1
  Field              2 / 2
  Metadata           176 / 176
  TOTAL              352 / 352

--- FETCHES (edit / copy / set) ---
  Int                107 / 0 / 0
  I64                212 / 0 / 0
  F32                106 / 0 / 0
  F64                106 / 0 / 0
  Vec3               213 / 0 / 0
  Texture            106 / 0 / 0
  Debug_Stats        530 / 0 / 0
  DataPoint          106 / 0 / 0
  Field              106 / 0 / 0

--- FIELD OCCUPANCY ---
  Field[0] 'world_field_meta' levels:4 dims:3
    bounds X:[-8.0000,8.0000] Y:[-8.0000,8.0000] Z:[-8.0000,8.0000]
    level 0: 1 / 1 cells occupied
    level 1: 2 / 8 cells occupied
    level 2: 4 / 64 cells occupied
    level 3: 6 / 512 cells occupied
    level 4: 6 / 4096 cells occupied
  Field[1] 'model_field' levels:4 dims:3
    bounds X:[-1.0000,1.0000] Y:[-1.0000,1.0000] Z:[-1.0000,1.0000]
    level 0: 1 / 1 cells occupied
    level 1: 6 / 8 cells occupied
    level 2: 28 / 64 cells occupied
    level 3: 96 / 512 cells occupied
    level 4: 140 / 4096 cells occupied

[F2: enable fetch timing]

---
=== HOLLOWS ENGINE ===
FPS: 52 | Pixel: 18.3ms | Input: 0.000ms | Texture: 0.435ms
Camera: [0.00, 0.00, 6.00]

--- DATA (valid / total) ---
  Bool               1 / 1
  Int                5 / 5
  I64                2 / 2
  F32                5 / 5
  F64                2 / 2
  CString            6 / 6
  Vec3               1 / 1
  Vertex             140 / 140
  Model              1 / 1
  Texture            1 / 1
  Bounds             6 / 6
  Debug_Stats        1 / 1
  FrameData          1 / 1
  Strings_Builder    1 / 1
  DataPoint          1 / 1
  Field              2 / 2
  Metadata           176 / 176
  TOTAL              352 / 352

--- FETCHES (edit / copy / set) ---
  Int                107 / 0 / 0
  I64                212 / 0 / 0
  F32                106 / 0 / 0
  F64                106 / 0 / 0
  Vec3               213 / 0 / 0
  Texture            106 / 0 / 0
  Debug_Stats        530 / 0 / 0
  DataPoint          106 / 0 / 0
  Field              106 / 0 / 0

--- FIELD OCCUPANCY ---
  Field[0] 'world_field_meta' levels:4 dims:3
    bounds X:[-8.0000,8.0000] Y:[-8.0000,8.0000] Z:[-8.0000,8.0000]
    level 0: 1 / 1 cells occupied
    level 1: 2 / 8 cells occupied
    level 2: 4 / 64 cells occupied
    level 3: 6 / 512 cells occupied
    level 4: 6 / 4096 cells occupied
  Field[1] 'model_field' levels:4 dims:3
    bounds X:[-1.0000,1.0000] Y:[-1.0000,1.0000] Z:[-1.0000,1.0000]
    level 0: 1 / 1 cells occupied
    level 1: 6 / 8 cells occupied
    level 2: 28 / 64 cells occupied
    level 3: 96 / 512 cells occupied
    level 4: 140 / 4096 cells occupied

[F2: enable fetch timing]

---
=== HOLLOWS ENGINE ===
FPS: 52 | Pixel: 18.4ms | Input: 0.000ms | Texture: 0.444ms
Camera: [0.00, 0.00, 6.00]

--- DATA (valid / total) ---
  Bool               1 / 1
  Int                5 / 5
  I64                2 / 2
  F32                5 / 5
  F64                2 / 2
  CString            6 / 6
  Vec3               1 / 1
  Vertex             140 / 140
  Model              1 / 1
  Texture            1 / 1
  Bounds             6 / 6
  Debug_Stats        1 / 1
  FrameData          1 / 1
  Strings_Builder    1 / 1
  DataPoint          1 / 1
  Field              2 / 2
  Metadata           176 / 176
  TOTAL              352 / 352

--- FETCHES (edit / copy / set) ---
  Int                107 / 0 / 0
  I64                212 / 0 / 0
  F32                106 / 0 / 0
  F64                106 / 0 / 0
  Vec3               213 / 0 / 0
  Texture            106 / 0 / 0
  Debug_Stats        530 / 0 / 0
  DataPoint          106 / 0 / 0
  Field              106 / 0 / 0

--- FIELD OCCUPANCY ---
  Field[0] 'world_field_meta' levels:4 dims:3
    bounds X:[-8.0000,8.0000] Y:[-8.0000,8.0000] Z:[-8.0000,8.0000]
    level 0: 1 / 1 cells occupied
    level 1: 2 / 8 cells occupied
    level 2: 4 / 64 cells occupied
    level 3: 6 / 512 cells occupied
    level 4: 6 / 4096 cells occupied
  Field[1] 'model_field' levels:4 dims:3
    bounds X:[-1.0000,1.0000] Y:[-1.0000,1.0000] Z:[-1.0000,1.0000]
    level 0: 1 / 1 cells occupied
    level 1: 6 / 8 cells occupied
    level 2: 28 / 64 cells occupied
    level 3: 96 / 512 cells occupied
    level 4: 140 / 4096 cells occupied

[F2: enable fetch timing]

---
=== HOLLOWS ENGINE ===
FPS: 52 | Pixel: 18.3ms | Input: 0.000ms | Texture: 0.436ms
Camera: [0.00, 0.00, 6.00]

--- DATA (valid / total) ---
  Bool               1 / 1
  Int                5 / 5
  I64                2 / 2
  F32                5 / 5
  F64                2 / 2
  CString            6 / 6
  Vec3               1 / 1
  Vertex             140 / 140
  Model              1 / 1
  Texture            1 / 1
  Bounds             6 / 6
  Debug_Stats        1 / 1
  FrameData          1 / 1
  Strings_Builder    1 / 1
  DataPoint          1 / 1
  Field              2 / 2
  Metadata           176 / 176
  TOTAL              352 / 352

--- FETCHES (edit / copy / set) ---
  Int                107 / 0 / 0
  I64                212 / 0 / 0
  F32                106 / 0 / 0
  F64                106 / 0 / 0
  Vec3               213 / 0 / 0
  Texture            106 / 0 / 0
  Debug_Stats        530 / 0 / 0
  DataPoint          106 / 0 / 0
  Field              106 / 0 / 0

--- FIELD OCCUPANCY ---
  Field[0] 'world_field_meta' levels:4 dims:3
    bounds X:[-8.0000,8.0000] Y:[-8.0000,8.0000] Z:[-8.0000,8.0000]
    level 0: 1 / 1 cells occupied
    level 1: 2 / 8 cells occupied
    level 2: 4 / 64 cells occupied
    level 3: 6 / 512 cells occupied
    level 4: 6 / 4096 cells occupied
  Field[1] 'model_field' levels:4 dims:3
    bounds X:[-1.0000,1.0000] Y:[-1.0000,1.0000] Z:[-1.0000,1.0000]
    level 0: 1 / 1 cells occupied
    level 1: 6 / 8 cells occupied
    level 2: 28 / 64 cells occupied
    level 3: 96 / 512 cells occupied
    level 4: 140 / 4096 cells occupied

[F2: enable fetch timing]

---
=== HOLLOWS ENGINE ===
FPS: 53 | Pixel: 18.3ms | Input: 0.000ms | Texture: 0.433ms
Camera: [0.00, 0.00, 6.00]

--- DATA (valid / total) ---
  Bool               1 / 1
  Int                5 / 5
  I64                2 / 2
  F32                5 / 5
  F64                2 / 2
  CString            6 / 6
  Vec3               1 / 1
  Vertex             140 / 140
  Model              1 / 1
  Texture            1 / 1
  Bounds             6 / 6
  Debug_Stats        1 / 1
  FrameData          1 / 1
  Strings_Builder    1 / 1
  DataPoint          1 / 1
  Field              2 / 2
  Metadata           176 / 176
  TOTAL              352 / 352

--- FETCHES (edit / copy / set) ---
  Int                107 / 0 / 0
  I64                212 / 0 / 0
  F32                106 / 0 / 0
  F64                106 / 0 / 0
  Vec3               213 / 0 / 0
  Texture            106 / 0 / 0
  Debug_Stats        530 / 0 / 0
  DataPoint          106 / 0 / 0
  Field              106 / 0 / 0

--- FIELD OCCUPANCY ---
  Field[0] 'world_field_meta' levels:4 dims:3
    bounds X:[-8.0000,8.0000] Y:[-8.0000,8.0000] Z:[-8.0000,8.0000]
    level 0: 1 / 1 cells occupied
    level 1: 2 / 8 cells occupied
    level 2: 4 / 64 cells occupied
    level 3: 6 / 512 cells occupied
    level 4: 6 / 4096 cells occupied
  Field[1] 'model_field' levels:4 dims:3
    bounds X:[-1.0000,1.0000] Y:[-1.0000,1.0000] Z:[-1.0000,1.0000]
    level 0: 1 / 1 cells occupied
    level 1: 6 / 8 cells occupied
    level 2: 28 / 64 cells occupied
    level 3: 96 / 512 cells occupied
    level 4: 140 / 4096 cells occupied

[F2: enable fetch timing]

---
=== HOLLOWS ENGINE ===
FPS: 52 | Pixel: 18.3ms | Input: 0.000ms | Texture: 0.439ms
Camera: [0.00, 0.00, 6.00]

--- DATA (valid / total) ---
  Bool               1 / 1
  Int                5 / 5
  I64                2 / 2
  F32                5 / 5
  F64                2 / 2
  CString            6 / 6
  Vec3               1 / 1
  Vertex             140 / 140
  Model              1 / 1
  Texture            1 / 1
  Bounds             6 / 6
  Debug_Stats        1 / 1
  FrameData          1 / 1
  Strings_Builder    1 / 1
  DataPoint          1 / 1
  Field              2 / 2
  Metadata           176 / 176
  TOTAL              352 / 352

--- FETCHES (edit / copy / set) ---
  Int                107 / 0 / 0
  I64                212 / 0 / 0
  F32                106 / 0 / 0
  F64                106 / 0 / 0
  Vec3               213 / 0 / 0
  Texture            106 / 0 / 0
  Debug_Stats        530 / 0 / 0
  DataPoint          106 / 0 / 0
  Field              106 / 0 / 0

--- FIELD OCCUPANCY ---
  Field[0] 'world_field_meta' levels:4 dims:3
    bounds X:[-8.0000,8.0000] Y:[-8.0000,8.0000] Z:[-8.0000,8.0000]
    level 0: 1 / 1 cells occupied
    level 1: 2 / 8 cells occupied
    level 2: 4 / 64 cells occupied
    level 3: 6 / 512 cells occupied
    level 4: 6 / 4096 cells occupied
  Field[1] 'model_field' levels:4 dims:3
    bounds X:[-1.0000,1.0000] Y:[-1.0000,1.0000] Z:[-1.0000,1.0000]
    level 0: 1 / 1 cells occupied
    level 1: 6 / 8 cells occupied
    level 2: 28 / 64 cells occupied
    level 3: 96 / 512 cells occupied
    level 4: 140 / 4096 cells occupied

[F2: enable fetch timing]

---
=== HOLLOWS ENGINE ===
FPS: 52 | Pixel: 18.3ms | Input: 0.000ms | Texture: 0.441ms
Camera: [0.00, 0.00, 6.00]

--- DATA (valid / total) ---
  Bool               1 / 1
  Int                5 / 5
  I64                2 / 2
  F32                5 / 5
  F64                2 / 2
  CString            6 / 6
  Vec3               1 / 1
  Vertex             140 / 140
  Model              1 / 1
  Texture            1 / 1
  Bounds             6 / 6
  Debug_Stats        1 / 1
  FrameData          1 / 1
  Strings_Builder    1 / 1
  DataPoint          1 / 1
  Field              2 / 2
  Metadata           176 / 176
  TOTAL              352 / 352

--- FETCHES (edit / copy / set) ---
  Int                107 / 0 / 0
  I64                212 / 0 / 0
  F32                106 / 0 / 0
  F64                106 / 0 / 0
  Vec3               213 / 0 / 0
  Texture            106 / 0 / 0
  Debug_Stats        530 / 0 / 0
  DataPoint          106 / 0 / 0
  Field              106 / 0 / 0

--- FIELD OCCUPANCY ---
  Field[0] 'world_field_meta' levels:4 dims:3
    bounds X:[-8.0000,8.0000] Y:[-8.0000,8.0000] Z:[-8.0000,8.0000]
    level 0: 1 / 1 cells occupied
    level 1: 2 / 8 cells occupied
    level 2: 4 / 64 cells occupied
    level 3: 6 / 512 cells occupied
    level 4: 6 / 4096 cells occupied
  Field[1] 'model_field' levels:4 dims:3
    bounds X:[-1.0000,1.0000] Y:[-1.0000,1.0000] Z:[-1.0000,1.0000]
    level 0: 1 / 1 cells occupied
    level 1: 6 / 8 cells occupied
    level 2: 28 / 64 cells occupied
    level 3: 96 / 512 cells occupied
    level 4: 140 / 4096 cells occupied

[F2: enable fetch timing]

---
=== HOLLOWS ENGINE ===
FPS: 52 | Pixel: 18.3ms | Input: 0.000ms | Texture: 0.444ms
Camera: [0.00, 0.00, 6.00]

--- DATA (valid / total) ---
  Bool               1 / 1
  Int                5 / 5
  I64                2 / 2
  F32                5 / 5
  F64                2 / 2
  CString            6 / 6
  Vec3               1 / 1
  Vertex             140 / 140
  Model              1 / 1
  Texture            1 / 1
  Bounds             6 / 6
  Debug_Stats        1 / 1
  FrameData          1 / 1
  Strings_Builder    1 / 1
  DataPoint          1 / 1
  Field              2 / 2
  Metadata           176 / 176
  TOTAL              352 / 352

--- FETCHES (edit / copy / set) ---
  Int                107 / 0 / 0
  I64                212 / 0 / 0
  F32                106 / 0 / 0
  F64                106 / 0 / 0
  Vec3               213 / 0 / 0
  Texture            106 / 0 / 0
  Debug_Stats        530 / 0 / 0
  DataPoint          106 / 0 / 0
  Field              106 / 0 / 0

--- FIELD OCCUPANCY ---
  Field[0] 'world_field_meta' levels:4 dims:3
    bounds X:[-8.0000,8.0000] Y:[-8.0000,8.0000] Z:[-8.0000,8.0000]
    level 0: 1 / 1 cells occupied
    level 1: 2 / 8 cells occupied
    level 2: 4 / 64 cells occupied
    level 3: 6 / 512 cells occupied
    level 4: 6 / 4096 cells occupied
  Field[1] 'model_field' levels:4 dims:3
    bounds X:[-1.0000,1.0000] Y:[-1.0000,1.0000] Z:[-1.0000,1.0000]
    level 0: 1 / 1 cells occupied
    level 1: 6 / 8 cells occupied
    level 2: 28 / 64 cells occupied
    level 3: 96 / 512 cells occupied
    level 4: 140 / 4096 cells occupied

[F2: enable fetch timing]

---
=== HOLLOWS ENGINE ===
FPS: 52 | Pixel: 18.3ms | Input: 0.000ms | Texture: 0.439ms
Camera: [0.00, 0.00, 6.00]

--- DATA (valid / total) ---
  Bool               1 / 1
  Int                5 / 5
  I64                2 / 2
  F32                5 / 5
  F64                2 / 2
  CString            6 / 6
  Vec3               1 / 1
  Vertex             140 / 140
  Model              1 / 1
  Texture            1 / 1
  Bounds             6 / 6
  Debug_Stats        1 / 1
  FrameData          1 / 1
  Strings_Builder    1 / 1
  DataPoint          1 / 1
  Field              2 / 2
  Metadata           176 / 176
  TOTAL              352 / 352

--- FETCHES (edit / copy / set) ---
  Int                107 / 0 / 0
  I64                212 / 0 / 0
  F32                106 / 0 / 0
  F64                106 / 0 / 0
  Vec3               213 / 0 / 0
  Texture            106 / 0 / 0
  Debug_Stats        530 / 0 / 0
  DataPoint          106 / 0 / 0
  Field              106 / 0 / 0

--- FIELD OCCUPANCY ---
  Field[0] 'world_field_meta' levels:4 dims:3
    bounds X:[-8.0000,8.0000] Y:[-8.0000,8.0000] Z:[-8.0000,8.0000]
    level 0: 1 / 1 cells occupied
    level 1: 2 / 8 cells occupied
    level 2: 4 / 64 cells occupied
    level 3: 6 / 512 cells occupied
    level 4: 6 / 4096 cells occupied
  Field[1] 'model_field' levels:4 dims:3
    bounds X:[-1.0000,1.0000] Y:[-1.0000,1.0000] Z:[-1.0000,1.0000]
    level 0: 1 / 1 cells occupied
    level 1: 6 / 8 cells occupied
    level 2: 28 / 64 cells occupied
    level 3: 96 / 512 cells occupied
    level 4: 140 / 4096 cells occupied

[F2: enable fetch timing]

---
=== HOLLOWS ENGINE ===
FPS: 52 | Pixel: 18.3ms | Input: 0.000ms | Texture: 0.434ms
Camera: [0.00, 0.00, 6.00]

--- DATA (valid / total) ---
  Bool               1 / 1
  Int                5 / 5
  I64                2 / 2
  F32                5 / 5
  F64                2 / 2
  CString            6 / 6
  Vec3               1 / 1
  Vertex             140 / 140
  Model              1 / 1
  Texture            1 / 1
  Bounds             6 / 6
  Debug_Stats        1 / 1
  FrameData          1 / 1
  Strings_Builder    1 / 1
  DataPoint          1 / 1
  Field              2 / 2
  Metadata           176 / 176
  TOTAL              352 / 352

--- FETCHES (edit / copy / set) ---
  Int                107 / 0 / 0
  I64                212 / 0 / 0
  F32                106 / 0 / 0
  F64                106 / 0 / 0
  Vec3               213 / 0 / 0
  Texture            106 / 0 / 0
  Debug_Stats        530 / 0 / 0
  DataPoint          106 / 0 / 0
  Field              106 / 0 / 0

--- FIELD OCCUPANCY ---
  Field[0] 'world_field_meta' levels:4 dims:3
    bounds X:[-8.0000,8.0000] Y:[-8.0000,8.0000] Z:[-8.0000,8.0000]
    level 0: 1 / 1 cells occupied
    level 1: 2 / 8 cells occupied
    level 2: 4 / 64 cells occupied
    level 3: 6 / 512 cells occupied
    level 4: 6 / 4096 cells occupied
  Field[1] 'model_field' levels:4 dims:3
    bounds X:[-1.0000,1.0000] Y:[-1.0000,1.0000] Z:[-1.0000,1.0000]
    level 0: 1 / 1 cells occupied
    level 1: 6 / 8 cells occupied
    level 2: 28 / 64 cells occupied
    level 3: 96 / 512 cells occupied
    level 4: 140 / 4096 cells occupied

[F2: enable fetch timing]

---
=== HOLLOWS ENGINE ===
FPS: 52 | Pixel: 18.3ms | Input: 0.000ms | Texture: 0.437ms
Camera: [0.00, 0.00, 6.00]

--- DATA (valid / total) ---
  Bool               1 / 1
  Int                5 / 5
  I64                2 / 2
  F32                5 / 5
  F64                2 / 2
  CString            6 / 6
  Vec3               1 / 1
  Vertex             140 / 140
  Model              1 / 1
  Texture            1 / 1
  Bounds             6 / 6
  Debug_Stats        1 / 1
  FrameData          1 / 1
  Strings_Builder    1 / 1
  DataPoint          1 / 1
  Field              2 / 2
  Metadata           176 / 176
  TOTAL              352 / 352

--- FETCHES (edit / copy / set) ---
  Int                107 / 0 / 0
  I64                212 / 0 / 0
  F32                106 / 0 / 0
  F64                106 / 0 / 0
  Vec3               213 / 0 / 0
  Texture            106 / 0 / 0
  Debug_Stats        530 / 0 / 0
  DataPoint          106 / 0 / 0
  Field              106 / 0 / 0

--- FIELD OCCUPANCY ---
  Field[0] 'world_field_meta' levels:4 dims:3
    bounds X:[-8.0000,8.0000] Y:[-8.0000,8.0000] Z:[-8.0000,8.0000]
    level 0: 1 / 1 cells occupied
    level 1: 2 / 8 cells occupied
    level 2: 4 / 64 cells occupied
    level 3: 6 / 512 cells occupied
    level 4: 6 / 4096 cells occupied
  Field[1] 'model_field' levels:4 dims:3
    bounds X:[-1.0000,1.0000] Y:[-1.0000,1.0000] Z:[-1.0000,1.0000]
    level 0: 1 / 1 cells occupied
    level 1: 6 / 8 cells occupied
    level 2: 28 / 64 cells occupied
    level 3: 96 / 512 cells occupied
    level 4: 140 / 4096 cells occupied

[F2: enable fetch timing]

---
=== HOLLOWS ENGINE ===
FPS: 52 | Pixel: 18.3ms | Input: 0.000ms | Texture: 0.438ms
Camera: [0.00, 0.00, 6.00]

--- DATA (valid / total) ---
  Bool               1 / 1
  Int                5 / 5
  I64                2 / 2
  F32                5 / 5
  F64                2 / 2
  CString            6 / 6
  Vec3               1 / 1
  Vertex             140 / 140
  Model              1 / 1
  Texture            1 / 1
  Bounds             6 / 6
  Debug_Stats        1 / 1
  FrameData          1 / 1
  Strings_Builder    1 / 1
  DataPoint          1 / 1
  Field              2 / 2
  Metadata           176 / 176
  TOTAL              352 / 352

--- FETCHES (edit / copy / set) ---
  Int                107 / 0 / 0
  I64                212 / 0 / 0
  F32                106 / 0 / 0
  F64                106 / 0 / 0
  Vec3               213 / 0 / 0
  Texture            106 / 0 / 0
  Debug_Stats        530 / 0 / 0
  DataPoint          106 / 0 / 0
  Field              106 / 0 / 0

--- FIELD OCCUPANCY ---
  Field[0] 'world_field_meta' levels:4 dims:3
    bounds X:[-8.0000,8.0000] Y:[-8.0000,8.0000] Z:[-8.0000,8.0000]
    level 0: 1 / 1 cells occupied
    level 1: 2 / 8 cells occupied
    level 2: 4 / 64 cells occupied
    level 3: 6 / 512 cells occupied
    level 4: 6 / 4096 cells occupied
  Field[1] 'model_field' levels:4 dims:3
    bounds X:[-1.0000,1.0000] Y:[-1.0000,1.0000] Z:[-1.0000,1.0000]
    level 0: 1 / 1 cells occupied
    level 1: 6 / 8 cells occupied
    level 2: 28 / 64 cells occupied
    level 3: 96 / 512 cells occupied
    level 4: 140 / 4096 cells occupied

[F2: enable fetch timing]

---
=== HOLLOWS ENGINE ===
FPS: 52 | Pixel: 18.3ms | Input: 0.000ms | Texture: 0.438ms
Camera: [0.00, 0.00, 6.00]

--- DATA (valid / total) ---
  Bool               1 / 1
  Int                5 / 5
  I64                2 / 2
  F32                5 / 5
  F64                2 / 2
  CString            6 / 6
  Vec3               1 / 1
  Vertex             140 / 140
  Model              1 / 1
  Texture            1 / 1
  Bounds             6 / 6
  Debug_Stats        1 / 1
  FrameData          1 / 1
  Strings_Builder    1 / 1
  DataPoint          1 / 1
  Field              2 / 2
  Metadata           176 / 176
  TOTAL              352 / 352

--- FETCHES (edit / copy / set) ---
  Int                107 / 0 / 0
  I64                212 / 0 / 0
  F32                106 / 0 / 0
  F64                106 / 0 / 0
  Vec3               213 / 0 / 0
  Texture            106 / 0 / 0
  Debug_Stats        530 / 0 / 0
  DataPoint          106 / 0 / 0
  Field              106 / 0 / 0

--- FIELD OCCUPANCY ---
  Field[0] 'world_field_meta' levels:4 dims:3
    bounds X:[-8.0000,8.0000] Y:[-8.0000,8.0000] Z:[-8.0000,8.0000]
    level 0: 1 / 1 cells occupied
    level 1: 2 / 8 cells occupied
    level 2: 4 / 64 cells occupied
    level 3: 6 / 512 cells occupied
    level 4: 6 / 4096 cells occupied
  Field[1] 'model_field' levels:4 dims:3
    bounds X:[-1.0000,1.0000] Y:[-1.0000,1.0000] Z:[-1.0000,1.0000]
    level 0: 1 / 1 cells occupied
    level 1: 6 / 8 cells occupied
    level 2: 28 / 64 cells occupied
    level 3: 96 / 512 cells occupied
    level 4: 140 / 4096 cells occupied

[F2: enable fetch timing]

---
=== HOLLOWS ENGINE ===
FPS: 52 | Pixel: 18.3ms | Input: 0.000ms | Texture: 0.441ms
Camera: [0.00, 0.00, 6.00]

--- DATA (valid / total) ---
  Bool               1 / 1
  Int                5 / 5
  I64                2 / 2
  F32                5 / 5
  F64                2 / 2
  CString            6 / 6
  Vec3               1 / 1
  Vertex             140 / 140
  Model              1 / 1
  Texture            1 / 1
  Bounds             6 / 6
  Debug_Stats        1 / 1
  FrameData          1 / 1
  Strings_Builder    1 / 1
  DataPoint          1 / 1
  Field              2 / 2
  Metadata           176 / 176
  TOTAL              352 / 352

--- FETCHES (edit / copy / set) ---
  Int                107 / 0 / 0
  I64                212 / 0 / 0
  F32                106 / 0 / 0
  F64                106 / 0 / 0
  Vec3               213 / 0 / 0
  Texture            106 / 0 / 0
  Debug_Stats        530 / 0 / 0
  DataPoint          106 / 0 / 0
  Field              106 / 0 / 0

--- FIELD OCCUPANCY ---
  Field[0] 'world_field_meta' levels:4 dims:3
    bounds X:[-8.0000,8.0000] Y:[-8.0000,8.0000] Z:[-8.0000,8.0000]
    level 0: 1 / 1 cells occupied
    level 1: 2 / 8 cells occupied
    level 2: 4 / 64 cells occupied
    level 3: 6 / 512 cells occupied
    level 4: 6 / 4096 cells occupied
  Field[1] 'model_field' levels:4 dims:3
    bounds X:[-1.0000,1.0000] Y:[-1.0000,1.0000] Z:[-1.0000,1.0000]
    level 0: 1 / 1 cells occupied
    level 1: 6 / 8 cells occupied
    level 2: 28 / 64 cells occupied
    level 3: 96 / 512 cells occupied
    level 4: 140 / 4096 cells occupied

[F2: enable fetch timing]

---
=== HOLLOWS ENGINE ===
FPS: 52 | Pixel: 18.3ms | Input: 0.000ms | Texture: 0.453ms
Camera: [0.00, 0.00, 6.00]

--- DATA (valid / total) ---
  Bool               1 / 1
  Int                5 / 5
  I64                2 / 2
  F32                5 / 5
  F64                2 / 2
  CString            6 / 6
  Vec3               1 / 1
  Vertex             140 / 140
  Model              1 / 1
  Texture            1 / 1
  Bounds             6 / 6
  Debug_Stats        1 / 1
  FrameData          1 / 1
  Strings_Builder    1 / 1
  DataPoint          1 / 1
  Field              2 / 2
  Metadata           176 / 176
  TOTAL              352 / 352

--- FETCHES (edit / copy / set) ---
  Int                107 / 0 / 0
  I64                212 / 0 / 0
  F32                106 / 0 / 0
  F64                106 / 0 / 0
  Vec3               213 / 0 / 0
  Texture            106 / 0 / 0
  Debug_Stats        530 / 0 / 0
  DataPoint          106 / 0 / 0
  Field              106 / 0 / 0

--- FIELD OCCUPANCY ---
  Field[0] 'world_field_meta' levels:4 dims:3
    bounds X:[-8.0000,8.0000] Y:[-8.0000,8.0000] Z:[-8.0000,8.0000]
    level 0: 1 / 1 cells occupied
    level 1: 2 / 8 cells occupied
    level 2: 4 / 64 cells occupied
    level 3: 6 / 512 cells occupied
    level 4: 6 / 4096 cells occupied
  Field[1] 'model_field' levels:4 dims:3
    bounds X:[-1.0000,1.0000] Y:[-1.0000,1.0000] Z:[-1.0000,1.0000]
    level 0: 1 / 1 cells occupied
    level 1: 6 / 8 cells occupied
    level 2: 28 / 64 cells occupied
    level 3: 96 / 512 cells occupied
    level 4: 140 / 4096 cells occupied

[F2: enable fetch timing]

---
=== HOLLOWS ENGINE ===
FPS: 52 | Pixel: 18.3ms | Input: 0.000ms | Texture: 0.444ms
Camera: [0.00, 0.00, 6.00]

--- DATA (valid / total) ---
  Bool               1 / 1
  Int                5 / 5
  I64                2 / 2
  F32                5 / 5
  F64                2 / 2
  CString            6 / 6
  Vec3               1 / 1
  Vertex             140 / 140
  Model              1 / 1
  Texture            1 / 1
  Bounds             6 / 6
  Debug_Stats        1 / 1
  FrameData          1 / 1
  Strings_Builder    1 / 1
  DataPoint          1 / 1
  Field              2 / 2
  Metadata           176 / 176
  TOTAL              352 / 352

--- FETCHES (edit / copy / set) ---
  Int                108 / 0 / 0
  I64                214 / 0 / 0
  F32                107 / 0 / 0
  F64                107 / 0 / 0
  Vec3               215 / 0 / 0
  Texture            107 / 0 / 0
  Debug_Stats        535 / 0 / 0
  DataPoint          107 / 0 / 0
  Field              107 / 0 / 0

--- FIELD OCCUPANCY ---
  Field[0] 'world_field_meta' levels:4 dims:3
    bounds X:[-8.0000,8.0000] Y:[-8.0000,8.0000] Z:[-8.0000,8.0000]
    level 0: 1 / 1 cells occupied
    level 1: 2 / 8 cells occupied
    level 2: 4 / 64 cells occupied
    level 3: 6 / 512 cells occupied
    level 4: 6 / 4096 cells occupied
  Field[1] 'model_field' levels:4 dims:3
    bounds X:[-1.0000,1.0000] Y:[-1.0000,1.0000] Z:[-1.0000,1.0000]
    level 0: 1 / 1 cells occupied
    level 1: 6 / 8 cells occupied
    level 2: 28 / 64 cells occupied
    level 3: 96 / 512 cells occupied
    level 4: 140 / 4096 cells occupied

[F2: enable fetch timing]

---
=== HOLLOWS ENGINE ===
FPS: 52 | Pixel: 18.3ms | Input: 0.000ms | Texture: 0.440ms
Camera: [0.00, 0.00, 6.00]

--- DATA (valid / total) ---
  Bool               1 / 1
  Int                5 / 5
  I64                2 / 2
  F32                5 / 5
  F64                2 / 2
  CString            6 / 6
  Vec3               1 / 1
  Vertex             140 / 140
  Model              1 / 1
  Texture            1 / 1
  Bounds             6 / 6
  Debug_Stats        1 / 1
  FrameData          1 / 1
  Strings_Builder    1 / 1
  DataPoint          1 / 1
  Field              2 / 2
  Metadata           176 / 176
  TOTAL              352 / 352

--- FETCHES (edit / copy / set) ---
  Int                107 / 0 / 0
  I64                212 / 0 / 0
  F32                106 / 0 / 0
  F64                106 / 0 / 0
  Vec3               213 / 0 / 0
  Texture            106 / 0 / 0
  Debug_Stats        530 / 0 / 0
  DataPoint          106 / 0 / 0
  Field              106 / 0 / 0

--- FIELD OCCUPANCY ---
  Field[0] 'world_field_meta' levels:4 dims:3
    bounds X:[-8.0000,8.0000] Y:[-8.0000,8.0000] Z:[-8.0000,8.0000]
    level 0: 1 / 1 cells occupied
    level 1: 2 / 8 cells occupied
    level 2: 4 / 64 cells occupied
    level 3: 6 / 512 cells occupied
    level 4: 6 / 4096 cells occupied
  Field[1] 'model_field' levels:4 dims:3
    bounds X:[-1.0000,1.0000] Y:[-1.0000,1.0000] Z:[-1.0000,1.0000]
    level 0: 1 / 1 cells occupied
    level 1: 6 / 8 cells occupied
    level 2: 28 / 64 cells occupied
    level 3: 96 / 512 cells occupied
    level 4: 140 / 4096 cells occupied

[F2: enable fetch timing]

---
=== HOLLOWS ENGINE ===
FPS: 52 | Pixel: 18.3ms | Input: 0.000ms | Texture: 0.441ms
Camera: [0.00, 0.00, 6.00]

--- DATA (valid / total) ---
  Bool               1 / 1
  Int                5 / 5
  I64                2 / 2
  F32                5 / 5
  F64                2 / 2
  CString            6 / 6
  Vec3               1 / 1
  Vertex             140 / 140
  Model              1 / 1
  Texture            1 / 1
  Bounds             6 / 6
  Debug_Stats        1 / 1
  FrameData          1 / 1
  Strings_Builder    1 / 1
  DataPoint          1 / 1
  Field              2 / 2
  Metadata           176 / 176
  TOTAL              352 / 352

--- FETCHES (edit / copy / set) ---
  Int                107 / 0 / 0
  I64                212 / 0 / 0
  F32                106 / 0 / 0
  F64                106 / 0 / 0
  Vec3               213 / 0 / 0
  Texture            106 / 0 / 0
  Debug_Stats        530 / 0 / 0
  DataPoint          106 / 0 / 0
  Field              106 / 0 / 0

--- FIELD OCCUPANCY ---
  Field[0] 'world_field_meta' levels:4 dims:3
    bounds X:[-8.0000,8.0000] Y:[-8.0000,8.0000] Z:[-8.0000,8.0000]
    level 0: 1 / 1 cells occupied
    level 1: 2 / 8 cells occupied
    level 2: 4 / 64 cells occupied
    level 3: 6 / 512 cells occupied
    level 4: 6 / 4096 cells occupied
  Field[1] 'model_field' levels:4 dims:3
    bounds X:[-1.0000,1.0000] Y:[-1.0000,1.0000] Z:[-1.0000,1.0000]
    level 0: 1 / 1 cells occupied
    level 1: 6 / 8 cells occupied
    level 2: 28 / 64 cells occupied
    level 3: 96 / 512 cells occupied
    level 4: 140 / 4096 cells occupied

[F2: enable fetch timing]

---
=== HOLLOWS ENGINE ===
FPS: 53 | Pixel: 18.3ms | Input: 0.000ms | Texture: 0.435ms
Camera: [0.00, 0.00, 6.00]

--- DATA (valid / total) ---
  Bool               1 / 1
  Int                5 / 5
  I64                2 / 2
  F32                5 / 5
  F64                2 / 2
  CString            6 / 6
  Vec3               1 / 1
  Vertex             140 / 140
  Model              1 / 1
  Texture            1 / 1
  Bounds             6 / 6
  Debug_Stats        1 / 1
  FrameData          1 / 1
  Strings_Builder    1 / 1
  DataPoint          1 / 1
  Field              2 / 2
  Metadata           176 / 176
  TOTAL              352 / 352

--- FETCHES (edit / copy / set) ---
  Int                107 / 0 / 0
  I64                212 / 0 / 0
  F32                106 / 0 / 0
  F64                106 / 0 / 0
  Vec3               213 / 0 / 0
  Texture            106 / 0 / 0
  Debug_Stats        530 / 0 / 0
  DataPoint          106 / 0 / 0
  Field              106 / 0 / 0

--- FIELD OCCUPANCY ---
  Field[0] 'world_field_meta' levels:4 dims:3
    bounds X:[-8.0000,8.0000] Y:[-8.0000,8.0000] Z:[-8.0000,8.0000]
    level 0: 1 / 1 cells occupied
    level 1: 2 / 8 cells occupied
    level 2: 4 / 64 cells occupied
    level 3: 6 / 512 cells occupied
    level 4: 6 / 4096 cells occupied
  Field[1] 'model_field' levels:4 dims:3
    bounds X:[-1.0000,1.0000] Y:[-1.0000,1.0000] Z:[-1.0000,1.0000]
    level 0: 1 / 1 cells occupied
    level 1: 6 / 8 cells occupied
    level 2: 28 / 64 cells occupied
    level 3: 96 / 512 cells occupied
    level 4: 140 / 4096 cells occupied

[F2: enable fetch timing]

---
=== HOLLOWS ENGINE ===
FPS: 52 | Pixel: 18.3ms | Input: 0.000ms | Texture: 0.440ms
Camera: [0.00, 0.00, 6.00]

--- DATA (valid / total) ---
  Bool               1 / 1
  Int                5 / 5
  I64                2 / 2
  F32                5 / 5
  F64                2 / 2
  CString            6 / 6
  Vec3               1 / 1
  Vertex             140 / 140
  Model              1 / 1
  Texture            1 / 1
  Bounds             6 / 6
  Debug_Stats        1 / 1
  FrameData          1 / 1
  Strings_Builder    1 / 1
  DataPoint          1 / 1
  Field              2 / 2
  Metadata           176 / 176
  TOTAL              352 / 352

--- FETCHES (edit / copy / set) ---
  Int                119 / 0 / 0
  I64                212 / 0 / 0
  F32                106 / 0 / 0
  F64                106 / 0 / 0
  Vec3               213 / 0 / 0
  Texture            106 / 0 / 0
  Debug_Stats        530 / 0 / 0
  DataPoint          106 / 0 / 0
  Field              106 / 0 / 0

--- FIELD OCCUPANCY ---
  Field[0] 'world_field_meta' levels:4 dims:3
    bounds X:[-8.0000,8.0000] Y:[-8.0000,8.0000] Z:[-8.0000,8.0000]
    level 0: 1 / 1 cells occupied
    level 1: 2 / 8 cells occupied
    level 2: 4 / 64 cells occupied
    level 3: 6 / 512 cells occupied
    level 4: 6 / 4096 cells occupied
  Field[1] 'model_field' levels:4 dims:3
    bounds X:[-1.0000,1.0000] Y:[-1.0000,1.0000] Z:[-1.0000,1.0000]
    level 0: 1 / 1 cells occupied
    level 1: 6 / 8 cells occupied
    level 2: 28 / 64 cells occupied
    level 3: 96 / 512 cells occupied
    level 4: 140 / 4096 cells occupied

[F2: enable fetch timing]

---
=== HOLLOWS ENGINE ===
FPS: 52 | Pixel: 18.3ms | Input: 0.000ms | Texture: 0.440ms
Camera: [0.00, 0.00, 6.00]

--- DATA (valid / total) ---
  Bool               1 / 1
  Int                5 / 5
  I64                2 / 2
  F32                5 / 5
  F64                2 / 2
  CString            6 / 6
  Vec3               1 / 1
  Vertex             140 / 140
  Model              1 / 1
  Texture            1 / 1
  Bounds             6 / 6
  Debug_Stats        1 / 1
  FrameData          1 / 1
  Strings_Builder    1 / 1
  DataPoint          1 / 1
  Field              2 / 2
  Metadata           176 / 176
  TOTAL              352 / 352

--- FETCHES (edit / copy / set) ---
  Int                213 / 0 / 0
  I64                212 / 0 / 0
  F32                106 / 0 / 0
  F64                106 / 0 / 0
  Vec3               213 / 0 / 0
  Texture            106 / 0 / 0
  Debug_Stats        530 / 0 / 0
  DataPoint          106 / 0 / 0
  Field              106 / 0 / 0

--- FIELD OCCUPANCY ---
  Field[0] 'world_field_meta' levels:4 dims:3
    bounds X:[-8.0000,8.0000] Y:[-8.0000,8.0000] Z:[-8.0000,8.0000]
    level 0: 1 / 1 cells occupied
    level 1: 2 / 8 cells occupied
    level 2: 4 / 64 cells occupied
    level 3: 6 / 512 cells occupied
    level 4: 6 / 4096 cells occupied
  Field[1] 'model_field' levels:4 dims:3
    bounds X:[-1.0000,1.0000] Y:[-1.0000,1.0000] Z:[-1.0000,1.0000]
    level 0: 1 / 1 cells occupied
    level 1: 6 / 8 cells occupied
    level 2: 28 / 64 cells occupied
    level 3: 96 / 512 cells occupied
    level 4: 140 / 4096 cells occupied

[F2: enable fetch timing]

---
=== HOLLOWS ENGINE ===
FPS: 52 | Pixel: 18.3ms | Input: 0.000ms | Texture: 0.444ms
Camera: [0.00, 0.00, 6.00]

--- DATA (valid / total) ---
  Bool               1 / 1
  Int                5 / 5
  I64                2 / 2
  F32                5 / 5
  F64                2 / 2
  CString            6 / 6
  Vec3               1 / 1
  Vertex             140 / 140
  Model              1 / 1
  Texture            1 / 1
  Bounds             6 / 6
  Debug_Stats        1 / 1
  FrameData          1 / 1
  Strings_Builder    1 / 1
  DataPoint          1 / 1
  Field              2 / 2
  Metadata           176 / 176
  TOTAL              352 / 352

--- FETCHES (edit / copy / set) ---
  Int                213 / 0 / 0
  I64                212 / 0 / 0
  F32                106 / 0 / 0
  F64                106 / 0 / 0
  Vec3               213 / 0 / 0
  Texture            106 / 0 / 0
  Debug_Stats        530 / 0 / 0
  DataPoint          106 / 0 / 0
  Field              106 / 0 / 0

--- FIELD OCCUPANCY ---
  Field[0] 'world_field_meta' levels:4 dims:3
    bounds X:[-8.0000,8.0000] Y:[-8.0000,8.0000] Z:[-8.0000,8.0000]
    level 0: 1 / 1 cells occupied
    level 1: 2 / 8 cells occupied
    level 2: 4 / 64 cells occupied
    level 3: 6 / 512 cells occupied
    level 4: 6 / 4096 cells occupied
  Field[1] 'model_field' levels:4 dims:3
    bounds X:[-1.0000,1.0000] Y:[-1.0000,1.0000] Z:[-1.0000,1.0000]
    level 0: 1 / 1 cells occupied
    level 1: 6 / 8 cells occupied
    level 2: 28 / 64 cells occupied
    level 3: 96 / 512 cells occupied
    level 4: 140 / 4096 cells occupied

[F2: enable fetch timing]

---
=== HOLLOWS ENGINE ===
FPS: 0 | Pixel: 18.4ms | Input: 0.001ms | Texture: 0.453ms
Camera: [0.00, 0.00, 6.00]

--- DATA (valid / total) ---
  Bool               1 / 1
  Int                5 / 5
  I64                2 / 2
  F32                5 / 5
  F64                2 / 2
  CString            6 / 6
  Vec3               1 / 1
  Vertex             140 / 140
  Model              1 / 1
  Texture            1 / 1
  Bounds             6 / 6
  Debug_Stats        1 / 1
  FrameData          1 / 1
  Strings_Builder    1 / 1
  DataPoint          1 / 1
  Field              2 / 2
  Metadata           176 / 176
  TOTAL              352 / 352

--- FETCHES (edit / copy / set) ---
  Int                147 / 0 / 0
  I64                146 / 0 / 0
  F32                73 / 0 / 0
  F64                73 / 0 / 0
  Vec3               147 / 0 / 0
  Texture            73 / 0 / 0
  Debug_Stats        365 / 0 / 0
  DataPoint          73 / 0 / 0
  Field              73 / 0 / 0

--- FIELD OCCUPANCY ---
  Field[0] 'world_field_meta' levels:4 dims:3
    bounds X:[-8.0000,8.0000] Y:[-8.0000,8.0000] Z:[-8.0000,8.0000]
    level 0: 1 / 1 cells occupied
    level 1: 2 / 8 cells occupied
    level 2: 4 / 64 cells occupied
    level 3: 6 / 512 cells occupied
    level 4: 6 / 4096 cells occupied
  Field[1] 'model_field' levels:4 dims:3
    bounds X:[-1.0000,1.0000] Y:[-1.0000,1.0000] Z:[-1.0000,1.0000]
    level 0: 1 / 1 cells occupied
    level 1: 6 / 8 cells occupied
    level 2: 28 / 64 cells occupied
    level 3: 96 / 512 cells occupied
    level 4: 140 / 4096 cells occupied

[F2: enable fetch timing]

---
=== HOLLOWS ENGINE ===
FPS: 60 | Pixel: 16.1ms | Input: 0.000ms | Texture: 0.394ms
Camera: [0.00, 0.00, 6.00]

--- DATA (valid / total) ---
  Bool               1 / 1
  Int                5 / 5
  I64                2 / 2
  F32                5 / 5
  F64                2 / 2
  CString            6 / 6
  Vec3               1 / 1
  Vertex             140 / 140
  Model              1 / 1
  Texture            1 / 1
  Bounds             6 / 6
  Debug_Stats        1 / 1
  FrameData          1 / 1
  Strings_Builder    1 / 1
  DataPoint          1 / 1
  Field              2 / 2
  Metadata           176 / 176
  TOTAL              352 / 352

--- FETCHES (edit / copy / set) ---
  Int                227 / 0 / 0
  I64                226 / 0 / 0
  F32                113 / 0 / 0
  F64                113 / 0 / 0
  Vec3               227 / 0 / 0
  Texture            113 / 0 / 0
  Debug_Stats        565 / 0 / 0
  DataPoint          113 / 0 / 0
  Field              113 / 0 / 0

--- FIELD OCCUPANCY ---
  Field[0] 'world_field_meta' levels:4 dims:3
    bounds X:[-8.0000,8.0000] Y:[-8.0000,8.0000] Z:[-8.0000,8.0000]
    level 0: 1 / 1 cells occupied
    level 1: 2 / 8 cells occupied
    level 2: 4 / 64 cells occupied
    level 3: 6 / 512 cells occupied
    level 4: 6 / 4096 cells occupied
  Field[1] 'model_field' levels:4 dims:3
    bounds X:[-1.0000,1.0000] Y:[-1.0000,1.0000] Z:[-1.0000,1.0000]
    level 0: 1 / 1 cells occupied
    level 1: 6 / 8 cells occupied
    level 2: 28 / 64 cells occupied
    level 3: 96 / 512 cells occupied
    level 4: 140 / 4096 cells occupied

[F2: enable fetch timing]

---
=== HOLLOWS ENGINE ===
FPS: 52 | Pixel: 18.3ms | Input: 0.000ms | Texture: 0.442ms
Camera: [0.00, 0.00, 6.00]

--- DATA (valid / total) ---
  Bool               1 / 1
  Int                5 / 5
  I64                2 / 2
  F32                5 / 5
  F64                2 / 2
  CString            6 / 6
  Vec3               1 / 1
  Vertex             140 / 140
  Model              1 / 1
  Texture            1 / 1
  Bounds             6 / 6
  Debug_Stats        1 / 1
  FrameData          1 / 1
  Strings_Builder    1 / 1
  DataPoint          1 / 1
  Field              2 / 2
  Metadata           176 / 176
  TOTAL              352 / 352

--- FETCHES (edit / copy / set) ---
  Int                227 / 0 / 0
  I64                226 / 0 / 0
  F32                113 / 0 / 0
  F64                113 / 0 / 0
  Vec3               227 / 0 / 0
  Texture            113 / 0 / 0
  Debug_Stats        565 / 0 / 0
  DataPoint          113 / 0 / 0
  Field              113 / 0 / 0

--- FIELD OCCUPANCY ---
  Field[0] 'world_field_meta' levels:4 dims:3
    bounds X:[-8.0000,8.0000] Y:[-8.0000,8.0000] Z:[-8.0000,8.0000]
    level 0: 1 / 1 cells occupied
    level 1: 2 / 8 cells occupied
    level 2: 4 / 64 cells occupied
    level 3: 6 / 512 cells occupied
    level 4: 6 / 4096 cells occupied
  Field[1] 'model_field' levels:4 dims:3
    bounds X:[-1.0000,1.0000] Y:[-1.0000,1.0000] Z:[-1.0000,1.0000]
    level 0: 1 / 1 cells occupied
    level 1: 6 / 8 cells occupied
    level 2: 28 / 64 cells occupied
    level 3: 96 / 512 cells occupied
    level 4: 140 / 4096 cells occupied

[F2: enable fetch timing]

---
=== HOLLOWS ENGINE ===
FPS: 54 | Pixel: 18.5ms | Input: 0.000ms | Texture: 0.429ms
Camera: [0.00, 0.00, 6.00]

--- DATA (valid / total) ---
  Bool               1 / 1
  Int                5 / 5
  I64                2 / 2
  F32                5 / 5
  F64                2 / 2
  CString            6 / 6
  Vec3               1 / 1
  Vertex             140 / 140
  Model              1 / 1
  Texture            1 / 1
  Bounds             6 / 6
  Debug_Stats        1 / 1
  FrameData          1 / 1
  Strings_Builder    1 / 1
  DataPoint          1 / 1
  Field              2 / 2
  Metadata           176 / 176
  TOTAL              352 / 352

--- FETCHES (edit / copy / set) ---
  Int                221 / 0 / 0
  I64                220 / 0 / 0
  F32                110 / 0 / 0
  F64                110 / 0 / 0
  Vec3               221 / 0 / 0
  Texture            110 / 0 / 0
  Debug_Stats        550 / 0 / 0
  DataPoint          110 / 0 / 0
  Field              110 / 0 / 0

--- FIELD OCCUPANCY ---
  Field[0] 'world_field_meta' levels:4 dims:3
    bounds X:[-8.0000,8.0000] Y:[-8.0000,8.0000] Z:[-8.0000,8.0000]
    level 0: 1 / 1 cells occupied
    level 1: 2 / 8 cells occupied
    level 2: 4 / 64 cells occupied
    level 3: 6 / 512 cells occupied
    level 4: 6 / 4096 cells occupied
  Field[1] 'model_field' levels:4 dims:3
    bounds X:[-1.0000,1.0000] Y:[-1.0000,1.0000] Z:[-1.0000,1.0000]
    level 0: 1 / 1 cells occupied
    level 1: 6 / 8 cells occupied
    level 2: 28 / 64 cells occupied
    level 3: 96 / 512 cells occupied
    level 4: 140 / 4096 cells occupied

[F2: enable fetch timing]

---
=== HOLLOWS ENGINE ===
FPS: 88 | Pixel: 14.1ms | Input: 0.000ms | Texture: 0.278ms
Camera: [0.00, 0.00, 6.00]

--- DATA (valid / total) ---
  Bool               1 / 1
  Int                5 / 5
  I64                2 / 2
  F32                5 / 5
  F64                2 / 2
  CString            6 / 6
  Vec3               1 / 1
  Vertex             140 / 140
  Model              1 / 1
  Texture            1 / 1
  Bounds             6 / 6
  Debug_Stats        1 / 1
  FrameData          1 / 1
  Strings_Builder    1 / 1
  DataPoint          1 / 1
  Field              2 / 2
  Metadata           176 / 176
  TOTAL              352 / 352

--- FETCHES (edit / copy / set) ---
  Int                247 / 0 / 0
  I64                246 / 0 / 0
  F32                123 / 0 / 0
  F64                123 / 0 / 0
  Vec3               247 / 0 / 0
  Texture            123 / 0 / 0
  Debug_Stats        615 / 0 / 0
  DataPoint          123 / 0 / 0
  Field              123 / 0 / 0

--- FIELD OCCUPANCY ---
  Field[0] 'world_field_meta' levels:4 dims:3
    bounds X:[-8.0000,8.0000] Y:[-8.0000,8.0000] Z:[-8.0000,8.0000]
    level 0: 1 / 1 cells occupied
    level 1: 2 / 8 cells occupied
    level 2: 4 / 64 cells occupied
    level 3: 6 / 512 cells occupied
    level 4: 6 / 4096 cells occupied
  Field[1] 'model_field' levels:4 dims:3
    bounds X:[-1.0000,1.0000] Y:[-1.0000,1.0000] Z:[-1.0000,1.0000]
    level 0: 1 / 1 cells occupied
    level 1: 6 / 8 cells occupied
    level 2: 28 / 64 cells occupied
    level 3: 96 / 512 cells occupied
    level 4: 140 / 4096 cells occupied

[F2: enable fetch timing]

---
=== HOLLOWS ENGINE ===
FPS: 90 | Pixel: 10.7ms | Input: 0.000ms | Texture: 0.264ms
Camera: [0.00, 0.00, 6.00]

--- DATA (valid / total) ---
  Bool               1 / 1
  Int                5 / 5
  I64                2 / 2
  F32                5 / 5
  F64                2 / 2
  CString            6 / 6
  Vec3               1 / 1
  Vertex             140 / 140
  Model              1 / 1
  Texture            1 / 1
  Bounds             6 / 6
  Debug_Stats        1 / 1
  FrameData          1 / 1
  Strings_Builder    1 / 1
  DataPoint          1 / 1
  Field              2 / 2
  Metadata           176 / 176
  TOTAL              352 / 352

--- FETCHES (edit / copy / set) ---
  Int                365 / 0 / 0
  I64                364 / 0 / 0
  F32                182 / 0 / 0
  F64                182 / 0 / 0
  Vec3               365 / 0 / 0
  Texture            182 / 0 / 0
  Debug_Stats        910 / 0 / 0
  DataPoint          182 / 0 / 0
  Field              182 / 0 / 0

--- FIELD OCCUPANCY ---
  Field[0] 'world_field_meta' levels:4 dims:3
    bounds X:[-8.0000,8.0000] Y:[-8.0000,8.0000] Z:[-8.0000,8.0000]
    level 0: 1 / 1 cells occupied
    level 1: 2 / 8 cells occupied
    level 2: 4 / 64 cells occupied
    level 3: 6 / 512 cells occupied
    level 4: 6 / 4096 cells occupied
  Field[1] 'model_field' levels:4 dims:3
    bounds X:[-1.0000,1.0000] Y:[-1.0000,1.0000] Z:[-1.0000,1.0000]
    level 0: 1 / 1 cells occupied
    level 1: 6 / 8 cells occupied
    level 2: 28 / 64 cells occupied
    level 3: 96 / 512 cells occupied
    level 4: 140 / 4096 cells occupied

[F2: enable fetch timing]

---
=== HOLLOWS ENGINE ===
FPS: 91 | Pixel: 10.7ms | Input: 0.000ms | Texture: 0.257ms
Camera: [0.00, 0.00, 6.00]

--- DATA (valid / total) ---
  Bool               1 / 1
  Int                5 / 5
  I64                2 / 2
  F32                5 / 5
  F64                2 / 2
  CString            6 / 6
  Vec3               1 / 1
  Vertex             140 / 140
  Model              1 / 1
  Texture            1 / 1
  Bounds             6 / 6
  Debug_Stats        1 / 1
  FrameData          1 / 1
  Strings_Builder    1 / 1
  DataPoint          1 / 1
  Field              2 / 2
  Metadata           176 / 176
  TOTAL              352 / 352

--- FETCHES (edit / copy / set) ---
  Int                359 / 0 / 0
  I64                358 / 0 / 0
  F32                179 / 0 / 0
  F64                179 / 0 / 0
  Vec3               359 / 0 / 0
  Texture            179 / 0 / 0
  Debug_Stats        895 / 0 / 0
  DataPoint          179 / 0 / 0
  Field              179 / 0 / 0

--- FIELD OCCUPANCY ---
  Field[0] 'world_field_meta' levels:4 dims:3
    bounds X:[-8.0000,8.0000] Y:[-8.0000,8.0000] Z:[-8.0000,8.0000]
    level 0: 1 / 1 cells occupied
    level 1: 2 / 8 cells occupied
    level 2: 4 / 64 cells occupied
    level 3: 6 / 512 cells occupied
    level 4: 6 / 4096 cells occupied
  Field[1] 'model_field' levels:4 dims:3
    bounds X:[-1.0000,1.0000] Y:[-1.0000,1.0000] Z:[-1.0000,1.0000]
    level 0: 1 / 1 cells occupied
    level 1: 6 / 8 cells occupied
    level 2: 28 / 64 cells occupied
    level 3: 96 / 512 cells occupied
    level 4: 140 / 4096 cells occupied

[F2: enable fetch timing]

---
=== HOLLOWS ENGINE ===
FPS: 91 | Pixel: 10.7ms | Input: 0.000ms | Texture: 0.255ms
Camera: [0.00, 0.00, 6.00]

--- DATA (valid / total) ---
  Bool               1 / 1
  Int                5 / 5
  I64                2 / 2
  F32                5 / 5
  F64                2 / 2
  CString            6 / 6
  Vec3               1 / 1
  Vertex             140 / 140
  Model              1 / 1
  Texture            1 / 1
  Bounds             6 / 6
  Debug_Stats        1 / 1
  FrameData          1 / 1
  Strings_Builder    1 / 1
  DataPoint          1 / 1
  Field              2 / 2
  Metadata           176 / 176
  TOTAL              352 / 352

--- FETCHES (edit / copy / set) ---
  Int                367 / 0 / 0
  I64                366 / 0 / 0
  F32                183 / 0 / 0
  F64                183 / 0 / 0
  Vec3               367 / 0 / 0
  Texture            183 / 0 / 0
  Debug_Stats        915 / 0 / 0
  DataPoint          183 / 0 / 0
  Field              183 / 0 / 0

--- FIELD OCCUPANCY ---
  Field[0] 'world_field_meta' levels:4 dims:3
    bounds X:[-8.0000,8.0000] Y:[-8.0000,8.0000] Z:[-8.0000,8.0000]
    level 0: 1 / 1 cells occupied
    level 1: 2 / 8 cells occupied
    level 2: 4 / 64 cells occupied
    level 3: 6 / 512 cells occupied
    level 4: 6 / 4096 cells occupied
  Field[1] 'model_field' levels:4 dims:3
    bounds X:[-1.0000,1.0000] Y:[-1.0000,1.0000] Z:[-1.0000,1.0000]
    level 0: 1 / 1 cells occupied
    level 1: 6 / 8 cells occupied
    level 2: 28 / 64 cells occupied
    level 3: 96 / 512 cells occupied
    level 4: 140 / 4096 cells occupied

[F2: enable fetch timing]

---
=== HOLLOWS ENGINE ===
FPS: 91 | Pixel: 10.6ms | Input: 0.000ms | Texture: 0.257ms
Camera: [0.00, 0.00, 6.00]

--- DATA (valid / total) ---
  Bool               1 / 1
  Int                5 / 5
  I64                2 / 2
  F32                5 / 5
  F64                2 / 2
  CString            6 / 6
  Vec3               1 / 1
  Vertex             140 / 140
  Model              1 / 1
  Texture            1 / 1
  Bounds             6 / 6
  Debug_Stats        1 / 1
  FrameData          1 / 1
  Strings_Builder    1 / 1
  DataPoint          1 / 1
  Field              2 / 2
  Metadata           176 / 176
  TOTAL              352 / 352

--- FETCHES (edit / copy / set) ---
  Int                363 / 0 / 0
  I64                362 / 0 / 0
  F32                181 / 0 / 0
  F64                181 / 0 / 0
  Vec3               363 / 0 / 0
  Texture            181 / 0 / 0
  Debug_Stats        905 / 0 / 0
  DataPoint          181 / 0 / 0
  Field              181 / 0 / 0

--- FIELD OCCUPANCY ---
  Field[0] 'world_field_meta' levels:4 dims:3
    bounds X:[-8.0000,8.0000] Y:[-8.0000,8.0000] Z:[-8.0000,8.0000]
    level 0: 1 / 1 cells occupied
    level 1: 2 / 8 cells occupied
    level 2: 4 / 64 cells occupied
    level 3: 6 / 512 cells occupied
    level 4: 6 / 4096 cells occupied
  Field[1] 'model_field' levels:4 dims:3
    bounds X:[-1.0000,1.0000] Y:[-1.0000,1.0000] Z:[-1.0000,1.0000]
    level 0: 1 / 1 cells occupied
    level 1: 6 / 8 cells occupied
    level 2: 28 / 64 cells occupied
    level 3: 96 / 512 cells occupied
    level 4: 140 / 4096 cells occupied

[F2: enable fetch timing]

---
=== HOLLOWS ENGINE ===
FPS: 90 | Pixel: 10.7ms | Input: 0.000ms | Texture: 0.260ms
Camera: [0.00, 0.00, 6.00]

--- DATA (valid / total) ---
  Bool               1 / 1
  Int                5 / 5
  I64                2 / 2
  F32                5 / 5
  F64                2 / 2
  CString            6 / 6
  Vec3               1 / 1
  Vertex             140 / 140
  Model              1 / 1
  Texture            1 / 1
  Bounds             6 / 6
  Debug_Stats        1 / 1
  FrameData          1 / 1
  Strings_Builder    1 / 1
  DataPoint          1 / 1
  Field              2 / 2
  Metadata           176 / 176
  TOTAL              352 / 352

--- FETCHES (edit / copy / set) ---
  Int                361 / 0 / 0
  I64                360 / 0 / 0
  F32                180 / 0 / 0
  F64                180 / 0 / 0
  Vec3               361 / 0 / 0
  Texture            180 / 0 / 0
  Debug_Stats        900 / 0 / 0
  DataPoint          180 / 0 / 0
  Field              180 / 0 / 0

--- FIELD OCCUPANCY ---
  Field[0] 'world_field_meta' levels:4 dims:3
    bounds X:[-8.0000,8.0000] Y:[-8.0000,8.0000] Z:[-8.0000,8.0000]
    level 0: 1 / 1 cells occupied
    level 1: 2 / 8 cells occupied
    level 2: 4 / 64 cells occupied
    level 3: 6 / 512 cells occupied
    level 4: 6 / 4096 cells occupied
  Field[1] 'model_field' levels:4 dims:3
    bounds X:[-1.0000,1.0000] Y:[-1.0000,1.0000] Z:[-1.0000,1.0000]
    level 0: 1 / 1 cells occupied
    level 1: 6 / 8 cells occupied
    level 2: 28 / 64 cells occupied
    level 3: 96 / 512 cells occupied
    level 4: 140 / 4096 cells occupied

[F2: enable fetch timing]

---
=== HOLLOWS ENGINE ===
FPS: 90 | Pixel: 10.7ms | Input: 0.000ms | Texture: 0.263ms
Camera: [0.00, 0.00, 6.00]

--- DATA (valid / total) ---
  Bool               1 / 1
  Int                5 / 5
  I64                2 / 2
  F32                5 / 5
  F64                2 / 2
  CString            6 / 6
  Vec3               1 / 1
  Vertex             140 / 140
  Model              1 / 1
  Texture            1 / 1
  Bounds             6 / 6
  Debug_Stats        1 / 1
  FrameData          1 / 1
  Strings_Builder    1 / 1
  DataPoint          1 / 1
  Field              2 / 2
  Metadata           176 / 176
  TOTAL              352 / 352

--- FETCHES (edit / copy / set) ---
  Int                365 / 0 / 0
  I64                364 / 0 / 0
  F32                182 / 0 / 0
  F64                182 / 0 / 0
  Vec3               365 / 0 / 0
  Texture            182 / 0 / 0
  Debug_Stats        910 / 0 / 0
  DataPoint          182 / 0 / 0
  Field              182 / 0 / 0

--- FIELD OCCUPANCY ---
  Field[0] 'world_field_meta' levels:4 dims:3
    bounds X:[-8.0000,8.0000] Y:[-8.0000,8.0000] Z:[-8.0000,8.0000]
    level 0: 1 / 1 cells occupied
    level 1: 2 / 8 cells occupied
    level 2: 4 / 64 cells occupied
    level 3: 6 / 512 cells occupied
    level 4: 6 / 4096 cells occupied
  Field[1] 'model_field' levels:4 dims:3
    bounds X:[-1.0000,1.0000] Y:[-1.0000,1.0000] Z:[-1.0000,1.0000]
    level 0: 1 / 1 cells occupied
    level 1: 6 / 8 cells occupied
    level 2: 28 / 64 cells occupied
    level 3: 96 / 512 cells occupied
    level 4: 140 / 4096 cells occupied

[F2: enable fetch timing]

---
=== HOLLOWS ENGINE ===
FPS: 91 | Pixel: 10.6ms | Input: 0.000ms | Texture: 0.253ms
Camera: [0.00, 0.00, 6.00]

--- DATA (valid / total) ---
  Bool               1 / 1
  Int                5 / 5
  I64                2 / 2
  F32                5 / 5
  F64                2 / 2
  CString            6 / 6
  Vec3               1 / 1
  Vertex             140 / 140
  Model              1 / 1
  Texture            1 / 1
  Bounds             6 / 6
  Debug_Stats        1 / 1
  FrameData          1 / 1
  Strings_Builder    1 / 1
  DataPoint          1 / 1
  Field              2 / 2
  Metadata           176 / 176
  TOTAL              352 / 352

--- FETCHES (edit / copy / set) ---
  Int                363 / 0 / 0
  I64                362 / 0 / 0
  F32                181 / 0 / 0
  F64                181 / 0 / 0
  Vec3               363 / 0 / 0
  Texture            181 / 0 / 0
  Debug_Stats        905 / 0 / 0
  DataPoint          181 / 0 / 0
  Field              181 / 0 / 0

--- FIELD OCCUPANCY ---
  Field[0] 'world_field_meta' levels:4 dims:3
    bounds X:[-8.0000,8.0000] Y:[-8.0000,8.0000] Z:[-8.0000,8.0000]
    level 0: 1 / 1 cells occupied
    level 1: 2 / 8 cells occupied
    level 2: 4 / 64 cells occupied
    level 3: 6 / 512 cells occupied
    level 4: 6 / 4096 cells occupied
  Field[1] 'model_field' levels:4 dims:3
    bounds X:[-1.0000,1.0000] Y:[-1.0000,1.0000] Z:[-1.0000,1.0000]
    level 0: 1 / 1 cells occupied
    level 1: 6 / 8 cells occupied
    level 2: 28 / 64 cells occupied
    level 3: 96 / 512 cells occupied
    level 4: 140 / 4096 cells occupied

[F2: enable fetch timing]

---
=== HOLLOWS ENGINE ===
FPS: 91 | Pixel: 10.6ms | Input: 0.000ms | Texture: 0.258ms
Camera: [0.00, 0.00, 6.00]

--- DATA (valid / total) ---
  Bool               1 / 1
  Int                5 / 5
  I64                2 / 2
  F32                5 / 5
  F64                2 / 2
  CString            6 / 6
  Vec3               1 / 1
  Vertex             140 / 140
  Model              1 / 1
  Texture            1 / 1
  Bounds             6 / 6
  Debug_Stats        1 / 1
  FrameData          1 / 1
  Strings_Builder    1 / 1
  DataPoint          1 / 1
  Field              2 / 2
  Metadata           176 / 176
  TOTAL              352 / 352

--- FETCHES (edit / copy / set) ---
  Int                209 / 0 / 0
  I64                364 / 0 / 0
  F32                182 / 0 / 0
  F64                182 / 0 / 0
  Vec3               365 / 0 / 0
  Texture            182 / 0 / 0
  Debug_Stats        910 / 0 / 0
  DataPoint          182 / 0 / 0
  Field              182 / 0 / 0

--- FIELD OCCUPANCY ---
  Field[0] 'world_field_meta' levels:4 dims:3
    bounds X:[-8.0000,8.0000] Y:[-8.0000,8.0000] Z:[-8.0000,8.0000]
    level 0: 1 / 1 cells occupied
    level 1: 2 / 8 cells occupied
    level 2: 4 / 64 cells occupied
    level 3: 6 / 512 cells occupied
    level 4: 6 / 4096 cells occupied
  Field[1] 'model_field' levels:4 dims:3
    bounds X:[-1.0000,1.0000] Y:[-1.0000,1.0000] Z:[-1.0000,1.0000]
    level 0: 1 / 1 cells occupied
    level 1: 6 / 8 cells occupied
    level 2: 28 / 64 cells occupied
    level 3: 96 / 512 cells occupied
    level 4: 140 / 4096 cells occupied

[F2: enable fetch timing]

---
=== HOLLOWS ENGINE ===
FPS: 91 | Pixel: 10.6ms | Input: 0.000ms | Texture: 0.258ms
Camera: [0.00, 0.00, 6.00]

--- DATA (valid / total) ---
  Bool               1 / 1
  Int                5 / 5
  I64                2 / 2
  F32                5 / 5
  F64                2 / 2
  CString            6 / 6
  Vec3               1 / 1
  Vertex             140 / 140
  Model              1 / 1
  Texture            1 / 1
  Bounds             6 / 6
  Debug_Stats        1 / 1
  FrameData          1 / 1
  Strings_Builder    1 / 1
  DataPoint          1 / 1
  Field              2 / 2
  Metadata           176 / 176
  TOTAL              352 / 352

--- FETCHES (edit / copy / set) ---
  Int                183 / 0 / 0
  I64                364 / 0 / 0
  F32                182 / 0 / 0
  F64                182 / 0 / 0
  Vec3               365 / 0 / 0
  Texture            182 / 0 / 0
  Debug_Stats        910 / 0 / 0
  DataPoint          182 / 0 / 0
  Field              182 / 0 / 0

--- FIELD OCCUPANCY ---
  Field[0] 'world_field_meta' levels:4 dims:3
    bounds X:[-8.0000,8.0000] Y:[-8.0000,8.0000] Z:[-8.0000,8.0000]
    level 0: 1 / 1 cells occupied
    level 1: 2 / 8 cells occupied
    level 2: 4 / 64 cells occupied
    level 3: 6 / 512 cells occupied
    level 4: 6 / 4096 cells occupied
  Field[1] 'model_field' levels:4 dims:3
    bounds X:[-1.0000,1.0000] Y:[-1.0000,1.0000] Z:[-1.0000,1.0000]
    level 0: 1 / 1 cells occupied
    level 1: 6 / 8 cells occupied
    level 2: 28 / 64 cells occupied
    level 3: 96 / 512 cells occupied
    level 4: 140 / 4096 cells occupied

[F2: enable fetch timing]

---
=== HOLLOWS ENGINE ===
FPS: 90 | Pixel: 10.6ms | Input: 0.000ms | Texture: 0.263ms
Camera: [0.00, 0.00, 6.00]

--- DATA (valid / total) ---
  Bool               1 / 1
  Int                5 / 5
  I64                2 / 2
  F32                5 / 5
  F64                2 / 2
  CString            6 / 6
  Vec3               1 / 1
  Vertex             140 / 140
  Model              1 / 1
  Texture            1 / 1
  Bounds             6 / 6
  Debug_Stats        1 / 1
  FrameData          1 / 1
  Strings_Builder    1 / 1
  DataPoint          1 / 1
  Field              2 / 2
  Metadata           176 / 176
  TOTAL              352 / 352

--- FETCHES (edit / copy / set) ---
  Int                237 / 0 / 0
  I64                366 / 0 / 0
  F32                183 / 0 / 0
  F64                183 / 0 / 0
  Vec3               367 / 0 / 0
  Texture            183 / 0 / 0
  Debug_Stats        915 / 0 / 0
  DataPoint          183 / 0 / 0
  Field              183 / 0 / 0

--- FIELD OCCUPANCY ---
  Field[0] 'world_field_meta' levels:4 dims:3
    bounds X:[-8.0000,8.0000] Y:[-8.0000,8.0000] Z:[-8.0000,8.0000]
    level 0: 1 / 1 cells occupied
    level 1: 2 / 8 cells occupied
    level 2: 4 / 64 cells occupied
    level 3: 6 / 512 cells occupied
    level 4: 6 / 4096 cells occupied
  Field[1] 'model_field' levels:4 dims:3
    bounds X:[-1.0000,1.0000] Y:[-1.0000,1.0000] Z:[-1.0000,1.0000]
    level 0: 1 / 1 cells occupied
    level 1: 6 / 8 cells occupied
    level 2: 28 / 64 cells occupied
    level 3: 96 / 512 cells occupied
    level 4: 140 / 4096 cells occupied

[F2: enable fetch timing]

---
=== HOLLOWS ENGINE ===
FPS: 90 | Pixel: 10.6ms | Input: 0.000ms | Texture: 0.259ms
Camera: [0.00, 0.00, 6.00]

--- DATA (valid / total) ---
  Bool               1 / 1
  Int                5 / 5
  I64                2 / 2
  F32                5 / 5
  F64                2 / 2
  CString            6 / 6
  Vec3               1 / 1
  Vertex             140 / 140
  Model              1 / 1
  Texture            1 / 1
  Bounds             6 / 6
  Debug_Stats        1 / 1
  FrameData          1 / 1
  Strings_Builder    1 / 1
  DataPoint          1 / 1
  Field              2 / 2
  Metadata           176 / 176
  TOTAL              352 / 352

--- FETCHES (edit / copy / set) ---
  Int                312 / 0 / 0
  I64                364 / 0 / 0
  F32                182 / 0 / 0
  F64                182 / 0 / 0
  Vec3               365 / 0 / 0
  Texture            182 / 0 / 0
  Debug_Stats        910 / 0 / 0
  DataPoint          182 / 0 / 0
  Field              182 / 0 / 0

--- FIELD OCCUPANCY ---
  Field[0] 'world_field_meta' levels:4 dims:3
    bounds X:[-8.0000,8.0000] Y:[-8.0000,8.0000] Z:[-8.0000,8.0000]
    level 0: 1 / 1 cells occupied
    level 1: 2 / 8 cells occupied
    level 2: 4 / 64 cells occupied
    level 3: 6 / 512 cells occupied
    level 4: 6 / 4096 cells occupied
  Field[1] 'model_field' levels:4 dims:3
    bounds X:[-1.0000,1.0000] Y:[-1.0000,1.0000] Z:[-1.0000,1.0000]
    level 0: 1 / 1 cells occupied
    level 1: 6 / 8 cells occupied
    level 2: 28 / 64 cells occupied
    level 3: 96 / 512 cells occupied
    level 4: 140 / 4096 cells occupied

[F2: enable fetch timing]

---
=== HOLLOWS ENGINE ===
FPS: 90 | Pixel: 10.6ms | Input: 0.000ms | Texture: 0.264ms
Camera: [0.00, 0.00, 6.00]

--- DATA (valid / total) ---
  Bool               1 / 1
  Int                5 / 5
  I64                2 / 2
  F32                5 / 5
  F64                2 / 2
  CString            6 / 6
  Vec3               1 / 1
  Vertex             140 / 140
  Model              1 / 1
  Texture            1 / 1
  Bounds             6 / 6
  Debug_Stats        1 / 1
  FrameData          1 / 1
  Strings_Builder    1 / 1
  DataPoint          1 / 1
  Field              2 / 2
  Metadata           176 / 176
  TOTAL              352 / 352

--- FETCHES (edit / copy / set) ---
  Int                367 / 0 / 0
  I64                366 / 0 / 0
  F32                183 / 0 / 0
  F64                183 / 0 / 0
  Vec3               367 / 0 / 0
  Texture            183 / 0 / 0
  Debug_Stats        915 / 0 / 0
  DataPoint          183 / 0 / 0
  Field              183 / 0 / 0

--- FIELD OCCUPANCY ---
  Field[0] 'world_field_meta' levels:4 dims:3
    bounds X:[-8.0000,8.0000] Y:[-8.0000,8.0000] Z:[-8.0000,8.0000]
    level 0: 1 / 1 cells occupied
    level 1: 2 / 8 cells occupied
    level 2: 4 / 64 cells occupied
    level 3: 6 / 512 cells occupied
    level 4: 6 / 4096 cells occupied
  Field[1] 'model_field' levels:4 dims:3
    bounds X:[-1.0000,1.0000] Y:[-1.0000,1.0000] Z:[-1.0000,1.0000]
    level 0: 1 / 1 cells occupied
    level 1: 6 / 8 cells occupied
    level 2: 28 / 64 cells occupied
    level 3: 96 / 512 cells occupied
    level 4: 140 / 4096 cells occupied

[F2: enable fetch timing]

---
=== HOLLOWS ENGINE ===
FPS: 91 | Pixel: 10.6ms | Input: 0.001ms | Texture: 0.256ms
Camera: [0.00, 0.00, 6.00]

--- DATA (valid / total) ---
  Bool               1 / 1
  Int                5 / 5
  I64                2 / 2
  F32                5 / 5
  F64                2 / 2
  CString            6 / 6
  Vec3               1 / 1
  Vertex             140 / 140
  Model              1 / 1
  Texture            1 / 1
  Bounds             6 / 6
  Debug_Stats        1 / 1
  FrameData          1 / 1
  Strings_Builder    1 / 1
  DataPoint          1 / 1
  Field              2 / 2
  Metadata           176 / 176
  TOTAL              352 / 352

--- FETCHES (edit / copy / set) ---
  Int                354 / 0 / 0
  I64                348 / 0 / 0
  F32                174 / 0 / 0
  F64                174 / 0 / 0
  CString            2 / 0 / 0
  Vec3               350 / 0 / 0
  Texture            174 / 0 / 0
  Debug_Stats        872 / 0 / 0
  DataPoint          174 / 0 / 0
  Field              174 / 0 / 0

--- FIELD OCCUPANCY ---
  Field[0] 'world_field_meta' levels:4 dims:3
    bounds X:[-8.0000,8.0000] Y:[-8.0000,8.0000] Z:[-8.0000,8.0000]
    level 0: 1 / 1 cells occupied
    level 1: 2 / 8 cells occupied
    level 2: 4 / 64 cells occupied
    level 3: 6 / 512 cells occupied
    level 4: 6 / 4096 cells occupied
  Field[1] 'model_field' levels:4 dims:3
    bounds X:[-1.0000,1.0000] Y:[-1.0000,1.0000] Z:[-1.0000,1.0000]
    level 0: 1 / 1 cells occupied
    level 1: 6 / 8 cells occupied
    level 2: 28 / 64 cells occupied
    level 3: 96 / 512 cells occupied
    level 4: 140 / 4096 cells occupied

--- FETCH TIMES ns (edit / copy / set) ---
  Int                6664 / 0 / 0
  I64                8582 / 0 / 0
  F32                3794 / 0 / 0
  F64                3265 / 0 / 0
  Vec3               6786 / 0 / 0
  Texture            3286 / 0 / 0
  Debug_Stats        16044 / 0 / 0
  DataPoint          4026 / 0 / 0
  Field              4548 / 0 / 0

---
=== HOLLOWS ENGINE ===
FPS: 91 | Pixel: 10.6ms | Input: 0.000ms | Texture: 0.259ms
Camera: [0.00, 0.00, 6.00]

--- DATA (valid / total) ---
  Bool               1 / 1
  Int                5 / 5
  I64                2 / 2
  F32                5 / 5
  F64                2 / 2
  CString            6 / 6
  Vec3               1 / 1
  Vertex             140 / 140
  Model              1 / 1
  Texture            1 / 1
  Bounds             6 / 6
  Debug_Stats        1 / 1
  FrameData          1 / 1
  Strings_Builder    1 / 1
  DataPoint          1 / 1
  Field              2 / 2
  Metadata           176 / 176
  TOTAL              352 / 352

--- FETCHES (edit / copy / set) ---
  Int                352 / 0 / 0
  I64                346 / 0 / 0
  F32                173 / 0 / 0
  F64                173 / 0 / 0
  CString            2 / 0 / 0
  Vec3               348 / 0 / 0
  Texture            173 / 0 / 0
  Debug_Stats        867 / 0 / 0
  DataPoint          173 / 0 / 0
  Field              173 / 0 / 0

--- FIELD OCCUPANCY ---
  Field[0] 'world_field_meta' levels:4 dims:3
    bounds X:[-8.0000,8.0000] Y:[-8.0000,8.0000] Z:[-8.0000,8.0000]
    level 0: 1 / 1 cells occupied
    level 1: 2 / 8 cells occupied
    level 2: 4 / 64 cells occupied
    level 3: 6 / 512 cells occupied
    level 4: 6 / 4096 cells occupied
  Field[1] 'model_field' levels:4 dims:3
    bounds X:[-1.0000,1.0000] Y:[-1.0000,1.0000] Z:[-1.0000,1.0000]
    level 0: 1 / 1 cells occupied
    level 1: 6 / 8 cells occupied
    level 2: 28 / 64 cells occupied
    level 3: 96 / 512 cells occupied
    level 4: 140 / 4096 cells occupied

[F2: enable fetch timing]

---
=== HOLLOWS ENGINE ===
FPS: 86 | Pixel: 10.8ms | Input: 0.000ms | Texture: 0.273ms
Camera: [0.00, 0.00, 6.00]

--- DATA (valid / total) ---
  Bool               1 / 1
  Int                5 / 5
  I64                2 / 2
  F32                5 / 5
  F64                2 / 2
  CString            6 / 6
  Vec3               1 / 1
  Vertex             140 / 140
  Model              1 / 1
  Texture            1 / 1
  Bounds             6 / 6
  Debug_Stats        1 / 1
  FrameData          1 / 1
  Strings_Builder    1 / 1
  DataPoint          1 / 1
  Field              2 / 2
  Metadata           176 / 176
  TOTAL              352 / 352

--- FETCHES (edit / copy / set) ---
  Int                350 / 0 / 0
  I64                344 / 0 / 0
  F32                172 / 0 / 0
  F64                172 / 0 / 0
  CString            2 / 0 / 0
  Vec3               346 / 0 / 0
  Texture            172 / 0 / 0
  Debug_Stats        861 / 0 / 0
  DataPoint          172 / 0 / 0
  Field              172 / 0 / 0

--- FIELD OCCUPANCY ---
  Field[0] 'world_field_meta' levels:4 dims:3
    bounds X:[-8.0000,8.0000] Y:[-8.0000,8.0000] Z:[-8.0000,8.0000]
    level 0: 1 / 1 cells occupied
    level 1: 2 / 8 cells occupied
    level 2: 4 / 64 cells occupied
    level 3: 6 / 512 cells occupied
    level 4: 6 / 4096 cells occupied
  Field[1] 'model_field' levels:4 dims:3
    bounds X:[-1.0000,1.0000] Y:[-1.0000,1.0000] Z:[-1.0000,1.0000]
    level 0: 1 / 1 cells occupied
    level 1: 6 / 8 cells occupied
    level 2: 28 / 64 cells occupied
    level 3: 96 / 512 cells occupied
    level 4: 140 / 4096 cells occupied

[F2: enable fetch timing]

---
=== HOLLOWS ENGINE ===
FPS: 52 | Pixel: 18.4ms | Input: 0.000ms | Texture: 0.455ms
Camera: [0.00, 0.00, 6.00]

--- DATA (valid / total) ---
  Bool               1 / 1
  Int                5 / 5
  I64                2 / 2
  F32                5 / 5
  F64                2 / 2
  CString            6 / 6
  Vec3               1 / 1
  Vertex             140 / 140
  Model              1 / 1
  Texture            1 / 1
  Bounds             6 / 6
  Debug_Stats        1 / 1
  FrameData          1 / 1
  Strings_Builder    1 / 1
  DataPoint          1 / 1
  Field              2 / 2
  Metadata           176 / 176
  TOTAL              352 / 352

--- FETCHES (edit / copy / set) ---
  Int                195 / 0 / 0
  I64                230 / 0 / 0
  F32                115 / 0 / 0
  F64                115 / 0 / 0
  Vec3               231 / 0 / 0
  Texture            115 / 0 / 0
  Debug_Stats        575 / 0 / 0
  DataPoint          115 / 0 / 0
  Field              115 / 0 / 0

--- FIELD OCCUPANCY ---
  Field[0] 'world_field_meta' levels:4 dims:3
    bounds X:[-8.0000,8.0000] Y:[-8.0000,8.0000] Z:[-8.0000,8.0000]
    level 0: 1 / 1 cells occupied
    level 1: 2 / 8 cells occupied
    level 2: 4 / 64 cells occupied
    level 3: 6 / 512 cells occupied
    level 4: 6 / 4096 cells occupied
  Field[1] 'model_field' levels:4 dims:3
    bounds X:[-1.0000,1.0000] Y:[-1.0000,1.0000] Z:[-1.0000,1.0000]
    level 0: 1 / 1 cells occupied
    level 1: 6 / 8 cells occupied
    level 2: 28 / 64 cells occupied
    level 3: 96 / 512 cells occupied
    level 4: 140 / 4096 cells occupied

[F2: enable fetch timing]

---
=== HOLLOWS ENGINE ===
FPS: 91 | Pixel: 10.6ms | Input: 0.000ms | Texture: 0.253ms
Camera: [0.00, 0.00, 6.00]

--- DATA (valid / total) ---
  Bool               1 / 1
  Int                5 / 5
  I64                2 / 2
  F32                5 / 5
  F64                2 / 2
  CString            6 / 6
  Vec3               1 / 1
  Vertex             140 / 140
  Model              1 / 1
  Texture            1 / 1
  Bounds             6 / 6
  Debug_Stats        1 / 1
  FrameData          1 / 1
  Strings_Builder    1 / 1
  DataPoint          1 / 1
  Field              2 / 2
  Metadata           176 / 176
  TOTAL              352 / 352

--- FETCHES (edit / copy / set) ---
  Int                278 / 0 / 0
  I64                330 / 0 / 0
  F32                165 / 0 / 0
  F64                165 / 0 / 0
  Vec3               331 / 0 / 0
  Texture            165 / 0 / 0
  Debug_Stats        825 / 0 / 0
  DataPoint          165 / 0 / 0
  Field              165 / 0 / 0

--- FIELD OCCUPANCY ---
  Field[0] 'world_field_meta' levels:4 dims:3
    bounds X:[-8.0000,8.0000] Y:[-8.0000,8.0000] Z:[-8.0000,8.0000]
    level 0: 1 / 1 cells occupied
    level 1: 2 / 8 cells occupied
    level 2: 4 / 64 cells occupied
    level 3: 6 / 512 cells occupied
    level 4: 6 / 4096 cells occupied
  Field[1] 'model_field' levels:4 dims:3
    bounds X:[-1.0000,1.0000] Y:[-1.0000,1.0000] Z:[-1.0000,1.0000]
    level 0: 1 / 1 cells occupied
    level 1: 6 / 8 cells occupied
    level 2: 28 / 64 cells occupied
    level 3: 96 / 512 cells occupied
    level 4: 140 / 4096 cells occupied

[F2: enable fetch timing]

---
