=== HOLLOWS ENGINE ===
FPS: 0 | Pixel: 0.0ms | Input: 0.000ms | Texture: 0.000ms
Camera: [0.00, 0.00, 6.00]

--- DATA (valid / total) ---
  Bool               1 / 1
  Int                5 / 5
  I64                2 / 2
  F32                5 / 5
  F64                2 / 2
  CString            6 / 6
  Vec3               1 / 1
  Vertex             140 / 140
  Model              1 / 1
  Texture            1 / 1
  Bounds             6 / 6
  Debug_Stats        1 / 1
  FrameData          1 / 1
  Strings_Builder    1 / 1
  DataPoint          1 / 1
  Field              2 / 2
  Metadata           176 / 176
  TOTAL              352 / 352

--- FETCHES (edit / copy / set) ---
  Int                10 / 0 / 0
  I64                2 / 0 / 0
  F32                1 / 0 / 0
  F64                1 / 0 / 0
  CString            5 / 0 / 0
  Vec3               4 / 0 / 0
  Model              2 / 0 / 0
  Texture            2 / 0 / 0
  Debug_Stats        3 / 0 / 0
  Strings_Builder    1 / 0 / 0
  DataPoint          2 / 0 / 0
  Field              4 / 0 / 0

--- FIELD OCCUPANCY ---
  Field[0] 'world_field_meta' levels:4 dims:3
    bounds X:[-8.0000,8.0000] Y:[-8.0000,8.0000] Z:[-8.0000,8.0000]
    level 0: 1 / 1 cells occupied
    level 1: 2 / 8 cells occupied
    level 2: 4 / 64 cells occupied
    level 3: 6 / 512 cells occupied
    level 4: 6 / 4096 cells occupied
  Field[1] 'model_field' levels:4 dims:3
    bounds X:[-1.0000,1.0000] Y:[-1.0000,1.0000] Z:[-1.0000,1.0000]
    level 0: 1 / 1 cells occupied
    level 1: 6 / 8 cells occupied
    level 2: 28 / 64 cells occupied
    level 3: 96 / 512 cells occupied
    level 4: 140 / 4096 cells occupied

[F2: enable fetch timing]

---
=== HOLLOWS ENGINE ===
FPS: 141 | Pixel: 5.9ms | Input: 0.000ms | Texture: 1.133ms
Camera: [0.00, 0.00, 6.00]

--- DATA (valid / total) ---
  Bool               1 / 1
  Int                5 / 5
  I64                2 / 2
  F32                5 / 5
  F64                2 / 2
  CString            6 / 6
  Vec3               1 / 1
  Vertex             140 / 140
  Model              1 / 1
  Texture            1 / 1
  Bounds             6 / 6
  Debug_Stats        1 / 1
  FrameData          1 / 1
  Strings_Builder    1 / 1
  DataPoint          1 / 1
  Field              2 / 2
  Metadata           176 / 176
  TOTAL              352 / 352

--- FETCHES (edit / copy / set) ---
  Int                284 / 0 / 0
  I64                566 / 0 / 0
  F32                283 / 0 / 0
  F64                283 / 0 / 0
  Vec3               567 / 0 / 0
  Texture            283 / 0 / 0
  Debug_Stats        1415 / 0 / 0
  DataPoint          283 / 0 / 0
  Field              283 / 0 / 0

--- FIELD OCCUPANCY ---
  Field[0] 'world_field_meta' levels:4 dims:3
    bounds X:[-8.0000,8.0000] Y:[-8.0000,8.0000] Z:[-8.0000,8.0000]
    level 0: 1 / 1 cells occupied
    level 1: 2 / 8 cells occupied
    level 2: 4 / 64 cells occupied
    level 3: 6 / 512 cells occupied
    level 4: 6 / 4096 cells occupied
  Field[1] 'model_field' levels:4 dims:3
    bounds X:[-1.0000,1.0000] Y:[-1.0000,1.0000] Z:[-1.0000,1.0000]
    level 0: 1 / 1 cells occupied
    level 1: 6 / 8 cells occupied
    level 2: 28 / 64 cells occupied
    level 3: 96 / 512 cells occupied
    level 4: 140 / 4096 cells occupied

[F2: enable fetch timing]

---
=== HOLLOWS ENGINE ===
FPS: 128 | Pixel: 6.5ms | Input: 0.000ms | Texture: 1.144ms
Camera: [0.00, 0.00, 6.00]

--- DATA (valid / total) ---
  Bool               1 / 1
  Int                5 / 5
  I64                2 / 2
  F32                5 / 5
  F64                2 / 2
  CString            6 / 6
  Vec3               1 / 1
  Vertex             140 / 140
  Model              1 / 1
  Texture            1 / 1
  Bounds             6 / 6
  Debug_Stats        1 / 1
  FrameData          1 / 1
  Strings_Builder    1 / 1
  DataPoint          1 / 1
  Field              2 / 2
  Metadata           176 / 176
  TOTAL              352 / 352

--- FETCHES (edit / copy / set) ---
  Int                269 / 0 / 0
  I64                536 / 0 / 0
  F32                268 / 0 / 0
  F64                268 / 0 / 0
  Vec3               537 / 0 / 0
  Texture            268 / 0 / 0
  Debug_Stats        1340 / 0 / 0
  DataPoint          268 / 0 / 0
  Field              268 / 0 / 0

--- FIELD OCCUPANCY ---
  Field[0] 'world_field_meta' levels:4 dims:3
    bounds X:[-8.0000,8.0000] Y:[-8.0000,8.0000] Z:[-8.0000,8.0000]
    level 0: 1 / 1 cells occupied
    level 1: 2 / 8 cells occupied
    level 2: 4 / 64 cells occupied
    level 3: 6 / 512 cells occupied
    level 4: 6 / 4096 cells occupied
  Field[1] 'model_field' levels:4 dims:3
    bounds X:[-1.0000,1.0000] Y:[-1.0000,1.0000] Z:[-1.0000,1.0000]
    level 0: 1 / 1 cells occupied
    level 1: 6 / 8 cells occupied
    level 2: 28 / 64 cells occupied
    level 3: 96 / 512 cells occupied
    level 4: 140 / 4096 cells occupied

[F2: enable fetch timing]

---
=== HOLLOWS ENGINE ===
FPS: 116 | Pixel: 7.3ms | Input: 0.000ms | Texture: 1.136ms
Camera: [0.00, 0.00, 6.00]

--- DATA (valid / total) ---
  Bool               1 / 1
  Int                5 / 5
  I64                2 / 2
  F32                5 / 5
  F64                2 / 2
  CString            6 / 6
  Vec3               1 / 1
  Vertex             140 / 140
  Model              1 / 1
  Texture            1 / 1
  Bounds             6 / 6
  Debug_Stats        1 / 1
  FrameData          1 / 1
  Strings_Builder    1 / 1
  DataPoint          1 / 1
  Field              2 / 2
  Metadata           176 / 176
  TOTAL              352 / 352

--- FETCHES (edit / copy / set) ---
  Int                246 / 0 / 0
  I64                490 / 0 / 0
  F32                245 / 0 / 0
  F64                245 / 0 / 0
  Vec3               491 / 0 / 0
  Texture            245 / 0 / 0
  Debug_Stats        1225 / 0 / 0
  DataPoint          245 / 0 / 0
  Field              245 / 0 / 0

--- FIELD OCCUPANCY ---
  Field[0] 'world_field_meta' levels:4 dims:3
    bounds X:[-8.0000,8.0000] Y:[-8.0000,8.0000] Z:[-8.0000,8.0000]
    level 0: 1 / 1 cells occupied
    level 1: 2 / 8 cells occupied
    level 2: 4 / 64 cells occupied
    level 3: 6 / 512 cells occupied
    level 4: 6 / 4096 cells occupied
  Field[1] 'model_field' levels:4 dims:3
    bounds X:[-1.0000,1.0000] Y:[-1.0000,1.0000] Z:[-1.0000,1.0000]
    level 0: 1 / 1 cells occupied
    level 1: 6 / 8 cells occupied
    level 2: 28 / 64 cells occupied
    level 3: 96 / 512 cells occupied
    level 4: 140 / 4096 cells occupied

[F2: enable fetch timing]

---
=== HOLLOWS ENGINE ===
FPS: 113 | Pixel: 7.6ms | Input: 0.000ms | Texture: 1.137ms
Camera: [0.00, 0.00, 6.00]

--- DATA (valid / total) ---
  Bool               1 / 1
  Int                5 / 5
  I64                2 / 2
  F32                5 / 5
  F64                2 / 2
  CString            6 / 6
  Vec3               1 / 1
  Vertex             140 / 140
  Model              1 / 1
  Texture            1 / 1
  Bounds             6 / 6
  Debug_Stats        1 / 1
  FrameData          1 / 1
  Strings_Builder    1 / 1
  DataPoint          1 / 1
  Field              2 / 2
  Metadata           176 / 176
  TOTAL              352 / 352

--- FETCHES (edit / copy / set) ---
  Int                204 / 0 / 0
  I64                396 / 0 / 0
  F32                198 / 0 / 0
  F64                198 / 0 / 0
  CString            2 / 0 / 0
  Vec3               398 / 0 / 0
  Texture            198 / 0 / 0
  Debug_Stats        991 / 0 / 0
  DataPoint          198 / 0 / 0
  Field              198 / 0 / 0

--- FIELD OCCUPANCY ---
  Field[0] 'world_field_meta' levels:4 dims:3
    bounds X:[-8.0000,8.0000] Y:[-8.0000,8.0000] Z:[-8.0000,8.0000]
    level 0: 1 / 1 cells occupied
    level 1: 2 / 8 cells occupied
    level 2: 4 / 64 cells occupied
    level 3: 6 / 512 cells occupied
    level 4: 6 / 4096 cells occupied
  Field[1] 'model_field' levels:4 dims:3
    bounds X:[-1.0000,1.0000] Y:[-1.0000,1.0000] Z:[-1.0000,1.0000]
    level 0: 1 / 1 cells occupied
    level 1: 6 / 8 cells occupied
    level 2: 28 / 64 cells occupied
    level 3: 96 / 512 cells occupied
    level 4: 140 / 4096 cells occupied

[F2: enable fetch timing]

---
=== HOLLOWS ENGINE ===
FPS: 118 | Pixel: 7.1ms | Input: 0.000ms | Texture: 1.145ms
Camera: [0.00, 0.00, 6.00]

--- DATA (valid / total) ---
  Bool               1 / 1
  Int                5 / 5
  I64                2 / 2
  F32                5 / 5
  F64                2 / 2
  CString            6 / 6
  Vec3               1 / 1
  Vertex             140 / 140
  Model              1 / 1
  Texture            1 / 1
  Bounds             6 / 6
  Debug_Stats        1 / 1
  FrameData          1 / 1
  Strings_Builder    1 / 1
  DataPoint          1 / 1
  Field              2 / 2
  Metadata           176 / 176
  TOTAL              352 / 352

--- FETCHES (edit / copy / set) ---
  Int                396 / 0 / 0
  I64                466 / 0 / 0
  F32                233 / 0 / 0
  F64                233 / 0 / 0
  Vec3               467 / 0 / 0
  Texture            233 / 0 / 0
  Debug_Stats        1165 / 0 / 0
  DataPoint          233 / 0 / 0
  Field              233 / 0 / 0

--- FIELD OCCUPANCY ---
  Field[0] 'world_field_meta' levels:4 dims:3
    bounds X:[-8.0000,8.0000] Y:[-8.0000,8.0000] Z:[-8.0000,8.0000]
    level 0: 1 / 1 cells occupied
    level 1: 2 / 8 cells occupied
    level 2: 4 / 64 cells occupied
    level 3: 6 / 512 cells occupied
    level 4: 6 / 4096 cells occupied
  Field[1] 'model_field' levels:4 dims:3
    bounds X:[-1.0000,1.0000] Y:[-1.0000,1.0000] Z:[-1.0000,1.0000]
    level 0: 1 / 1 cells occupied
    level 1: 6 / 8 cells occupied
    level 2: 28 / 64 cells occupied
    level 3: 96 / 512 cells occupied
    level 4: 140 / 4096 cells occupied

[F2: enable fetch timing]

---
=== HOLLOWS ENGINE ===
FPS: 129 | Pixel: 6.4ms | Input: 0.001ms | Texture: 1.147ms
Camera: [0.00, 0.00, 6.00]

--- DATA (valid / total) ---
  Bool               1 / 1
  Int                5 / 5
  I64                2 / 2
  F32                5 / 5
  F64                2 / 2
  CString            6 / 6
  Vec3               1 / 1
  Vertex             140 / 140
  Model              1 / 1
  Texture            1 / 1
  Bounds             6 / 6
  Debug_Stats        1 / 1
  FrameData          1 / 1
  Strings_Builder    1 / 1
  DataPoint          1 / 1
  Field              2 / 2
  Metadata           176 / 176
  TOTAL              352 / 352

--- FETCHES (edit / copy / set) ---
  Int                383 / 0 / 0
  I64                372 / 0 / 0
  F32                186 / 0 / 0
  F64                186 / 0 / 0
  CString            4 / 0 / 0
  Vec3               375 / 0 / 0
  Texture            186 / 0 / 0
  Debug_Stats        933 / 0 / 0
  DataPoint          186 / 0 / 0
  Field              186 / 0 / 0

--- FIELD OCCUPANCY ---
  Field[0] 'world_field_meta' levels:4 dims:3
    bounds X:[-8.0000,8.0000] Y:[-8.0000,8.0000] Z:[-8.0000,8.0000]
    level 0: 1 / 1 cells occupied
    level 1: 2 / 8 cells occupied
    level 2: 4 / 64 cells occupied
    level 3: 6 / 512 cells occupied
    level 4: 6 / 4096 cells occupied
  Field[1] 'model_field' levels:4 dims:3
    bounds X:[-1.0000,1.0000] Y:[-1.0000,1.0000] Z:[-1.0000,1.0000]
    level 0: 1 / 1 cells occupied
    level 1: 6 / 8 cells occupied
    level 2: 28 / 64 cells occupied
    level 3: 96 / 512 cells occupied
    level 4: 140 / 4096 cells occupied

--- FETCH TIMES ns (edit / copy / set) ---
  Int                25487 / 0 / 0
  I64                26528 / 0 / 0
  F32                21266 / 0 / 0
  F64                16616 / 0 / 0
  CString            344 / 0 / 0
  Vec3               28989 / 0 / 0
  Texture            15712 / 0 / 0
  Debug_Stats        56219 / 0 / 0
  DataPoint          31225 / 0 / 0
  Field              16853 / 0 / 0

---
=== HOLLOWS ENGINE ===
FPS: 140 | Pixel: 5.9ms | Input: 0.000ms | Texture: 1.123ms
Camera: [0.00, 0.00, 6.00]

--- DATA (valid / total) ---
  Bool               1 / 1
  Int                5 / 5
  I64                2 / 2
  F32                5 / 5
  F64                2 / 2
  CString            6 / 6
  Vec3               1 / 1
  Vertex             140 / 140
  Model              1 / 1
  Texture            1 / 1
  Bounds             6 / 6
  Debug_Stats        1 / 1
  FrameData          1 / 1
  Strings_Builder    1 / 1
  DataPoint          1 / 1
  Field              2 / 2
  Metadata           176 / 176
  TOTAL              352 / 352

--- FETCHES (edit / copy / set) ---
  Int                469 / 0 / 0
  I64                466 / 0 / 0
  F32                233 / 0 / 0
  F64                233 / 0 / 0
  CString            2 / 0 / 0
  Vec3               468 / 0 / 0
  Texture            233 / 0 / 0
  Debug_Stats        1167 / 0 / 0
  DataPoint          233 / 0 / 0
  Field              233 / 0 / 0

--- FIELD OCCUPANCY ---
  Field[0] 'world_field_meta' levels:4 dims:3
    bounds X:[-8.0000,8.0000] Y:[-8.0000,8.0000] Z:[-8.0000,8.0000]
    level 0: 1 / 1 cells occupied
    level 1: 2 / 8 cells occupied
    level 2: 4 / 64 cells occupied
    level 3: 6 / 512 cells occupied
    level 4: 6 / 4096 cells occupied
  Field[1] 'model_field' levels:4 dims:3
    bounds X:[-1.0000,1.0000] Y:[-1.0000,1.0000] Z:[-1.0000,1.0000]
    level 0: 1 / 1 cells occupied
    level 1: 6 / 8 cells occupied
    level 2: 28 / 64 cells occupied
    level 3: 96 / 512 cells occupied
    level 4: 140 / 4096 cells occupied

[F2: enable fetch timing]

---
=== HOLLOWS ENGINE ===
FPS: 144 | Pixel: 5.7ms | Input: 0.000ms | Texture: 1.134ms
Camera: [0.00, 0.00, 6.00]

--- DATA (valid / total) ---
  Bool               1 / 1
  Int                5 / 5
  I64                2 / 2
  F32                5 / 5
  F64                2 / 2
  CString            6 / 6
  Vec3               1 / 1
  Vertex             140 / 140
  Model              1 / 1
  Texture            1 / 1
  Bounds             6 / 6
  Debug_Stats        1 / 1
  FrameData          1 / 1
  Strings_Builder    1 / 1
  DataPoint          1 / 1
  Field              2 / 2
  Metadata           176 / 176
  TOTAL              352 / 352

--- FETCHES (edit / copy / set) ---
  Int                575 / 0 / 0
  I64                574 / 0 / 0
  F32                287 / 0 / 0
  F64                287 / 0 / 0
  Vec3               575 / 0 / 0
  Texture            287 / 0 / 0
  Debug_Stats        1435 / 0 / 0
  DataPoint          287 / 0 / 0
  Field              287 / 0 / 0

--- FIELD OCCUPANCY ---
  Field[0] 'world_field_meta' levels:4 dims:3
    bounds X:[-8.0000,8.0000] Y:[-8.0000,8.0000] Z:[-8.0000,8.0000]
    level 0: 1 / 1 cells occupied
    level 1: 2 / 8 cells occupied
    level 2: 4 / 64 cells occupied
    level 3: 6 / 512 cells occupied
    level 4: 6 / 4096 cells occupied
  Field[1] 'model_field' levels:4 dims:3
    bounds X:[-1.0000,1.0000] Y:[-1.0000,1.0000] Z:[-1.0000,1.0000]
    level 0: 1 / 1 cells occupied
    level 1: 6 / 8 cells occupied
    level 2: 28 / 64 cells occupied
    level 3: 96 / 512 cells occupied
    level 4: 140 / 4096 cells occupied

[F2: enable fetch timing]

---
=== HOLLOWS ENGINE ===
FPS: 149 | Pixel: 5.5ms | Input: 0.000ms | Texture: 1.115ms
Camera: [0.00, 0.00, 6.00]

--- DATA (valid / total) ---
  Bool               1 / 1
  Int                5 / 5
  I64                2 / 2
  F32                5 / 5
  F64                2 / 2
  CString            6 / 6
  Vec3               1 / 1
  Vertex             140 / 140
  Model              1 / 1
  Texture            1 / 1
  Bounds             6 / 6
  Debug_Stats        1 / 1
  FrameData          1 / 1
  Strings_Builder    1 / 1
  DataPoint          1 / 1
  Field              2 / 2
  Metadata           176 / 176
  TOTAL              352 / 352

--- FETCHES (edit / copy / set) ---
  Int                599 / 0 / 0
  I64                598 / 0 / 0
  F32                299 / 0 / 0
  F64                299 / 0 / 0
  Vec3               599 / 0 / 0
  Texture            299 / 0 / 0
  Debug_Stats        1495 / 0 / 0
  DataPoint          299 / 0 / 0
  Field              299 / 0 / 0

--- FIELD OCCUPANCY ---
  Field[0] 'world_field_meta' levels:4 dims:3
    bounds X:[-8.0000,8.0000] Y:[-8.0000,8.0000] Z:[-8.0000,8.0000]
    level 0: 1 / 1 cells occupied
    level 1: 2 / 8 cells occupied
    level 2: 4 / 64 cells occupied
    level 3: 6 / 512 cells occupied
    level 4: 6 / 4096 cells occupied
  Field[1] 'model_field' levels:4 dims:3
    bounds X:[-1.0000,1.0000] Y:[-1.0000,1.0000] Z:[-1.0000,1.0000]
    level 0: 1 / 1 cells occupied
    level 1: 6 / 8 cells occupied
    level 2: 28 / 64 cells occupied
    level 3: 96 / 512 cells occupied
    level 4: 140 / 4096 cells occupied

[F2: enable fetch timing]

---
=== HOLLOWS ENGINE ===
FPS: 147 | Pixel: 5.6ms | Input: 0.000ms | Texture: 1.105ms
Camera: [0.00, 0.00, 6.00]

--- DATA (valid / total) ---
  Bool               1 / 1
  Int                5 / 5
  I64                2 / 2
  F32                5 / 5
  F64                2 / 2
  CString            6 / 6
  Vec3               1 / 1
  Vertex             140 / 140
  Model              1 / 1
  Texture            1 / 1
  Bounds             6 / 6
  Debug_Stats        1 / 1
  FrameData          1 / 1
  Strings_Builder    1 / 1
  DataPoint          1 / 1
  Field              2 / 2
  Metadata           176 / 176
  TOTAL              352 / 352

--- FETCHES (edit / copy / set) ---
  Int                532 / 0 / 0
  I64                526 / 0 / 0
  F32                263 / 0 / 0
  F64                263 / 0 / 0
  CString            2 / 0 / 0
  Vec3               528 / 0 / 0
  Texture            263 / 0 / 0
  Debug_Stats        1316 / 0 / 0
  DataPoint          263 / 0 / 0
  Field              263 / 0 / 0

--- FIELD OCCUPANCY ---
  Field[0] 'world_field_meta' levels:4 dims:3
    bounds X:[-8.0000,8.0000] Y:[-8.0000,8.0000] Z:[-8.0000,8.0000]
    level 0: 1 / 1 cells occupied
    level 1: 2 / 8 cells occupied
    level 2: 4 / 64 cells occupied
    level 3: 6 / 512 cells occupied
    level 4: 6 / 4096 cells occupied
  Field[1] 'model_field' levels:4 dims:3
    bounds X:[-1.0000,1.0000] Y:[-1.0000,1.0000] Z:[-1.0000,1.0000]
    level 0: 1 / 1 cells occupied
    level 1: 6 / 8 cells occupied
    level 2: 28 / 64 cells occupied
    level 3: 96 / 512 cells occupied
    level 4: 140 / 4096 cells occupied

[F2: enable fetch timing]

---
=== HOLLOWS ENGINE ===
FPS: 127 | Pixel: 6.6ms | Input: 0.000ms | Texture: 1.157ms
Camera: [0.00, 0.00, 6.00]

--- DATA (valid / total) ---
  Bool               1 / 1
  Int                5 / 5
  I64                2 / 2
  F32                5 / 5
  F64                2 / 2
  CString            6 / 6
  Vec3               1 / 1
  Vertex             140 / 140
  Model              1 / 1
  Texture            1 / 1
  Bounds             6 / 6
  Debug_Stats        1 / 1
  FrameData          1 / 1
  Strings_Builder    1 / 1
  DataPoint          1 / 1
  Field              2 / 2
  Metadata           176 / 176
  TOTAL              352 / 352

--- FETCHES (edit / copy / set) ---
  Int                492 / 0 / 0
  I64                486 / 0 / 0
  F32                243 / 0 / 0
  F64                243 / 0 / 0
  CString            2 / 0 / 0
  Vec3               488 / 0 / 0
  Texture            243 / 0 / 0
  Debug_Stats        1216 / 0 / 0
  DataPoint          243 / 0 / 0
  Field              243 / 0 / 0

--- FIELD OCCUPANCY ---
  Field[0] 'world_field_meta' levels:4 dims:3
    bounds X:[-8.0000,8.0000] Y:[-8.0000,8.0000] Z:[-8.0000,8.0000]
    level 0: 1 / 1 cells occupied
    level 1: 2 / 8 cells occupied
    level 2: 4 / 64 cells occupied
    level 3: 6 / 512 cells occupied
    level 4: 6 / 4096 cells occupied
  Field[1] 'model_field' levels:4 dims:3
    bounds X:[-1.0000,1.0000] Y:[-1.0000,1.0000] Z:[-1.0000,1.0000]
    level 0: 1 / 1 cells occupied
    level 1: 6 / 8 cells occupied
    level 2: 28 / 64 cells occupied
    level 3: 96 / 512 cells occupied
    level 4: 140 / 4096 cells occupied

[F2: enable fetch timing]

---
=== HOLLOWS ENGINE ===
FPS: 120 | Pixel: 7.1ms | Input: 0.000ms | Texture: 1.132ms
Camera: [0.00, 0.00, 6.00]

--- DATA (valid / total) ---
  Bool               1 / 1
  Int                5 / 5
  I64                2 / 2
  F32                5 / 5
  F64                2 / 2
  CString            6 / 6
  Vec3               1 / 1
  Vertex             140 / 140
  Model              1 / 1
  Texture            1 / 1
  Bounds             6 / 6
  Debug_Stats        1 / 1
  FrameData          1 / 1
  Strings_Builder    1 / 1
  DataPoint          1 / 1
  Field              2 / 2
  Metadata           176 / 176
  TOTAL              352 / 352

--- FETCHES (edit / copy / set) ---
  Int                375 / 0 / 0
  I64                364 / 0 / 0
  F32                182 / 0 / 0
  F64                182 / 0 / 0
  CString            4 / 0 / 0
  Vec3               367 / 0 / 0
  Texture            182 / 0 / 0
  Debug_Stats        912 / 0 / 0
  DataPoint          182 / 0 / 0
  Field              182 / 0 / 0

--- FIELD OCCUPANCY ---
  Field[0] 'world_field_meta' levels:4 dims:3
    bounds X:[-8.0000,8.0000] Y:[-8.0000,8.0000] Z:[-8.0000,8.0000]
    level 0: 1 / 1 cells occupied
    level 1: 2 / 8 cells occupied
    level 2: 4 / 64 cells occupied
    level 3: 6 / 512 cells occupied
    level 4: 6 / 4096 cells occupied
  Field[1] 'model_field' levels:4 dims:3
    bounds X:[-1.0000,1.0000] Y:[-1.0000,1.0000] Z:[-1.0000,1.0000]
    level 0: 1 / 1 cells occupied
    level 1: 6 / 8 cells occupied
    level 2: 28 / 64 cells occupied
    level 3: 96 / 512 cells occupied
    level 4: 140 / 4096 cells occupied

[F2: enable fetch timing]

---
=== HOLLOWS ENGINE ===
FPS: 127 | Pixel: 6.6ms | Input: 0.000ms | Texture: 1.151ms
Camera: [0.00, 0.00, 6.00]

--- DATA (valid / total) ---
  Bool               1 / 1
  Int                5 / 5
  I64                2 / 2
  F32                5 / 5
  F64                2 / 2
  CString            6 / 6
  Vec3               1 / 1
  Vertex             140 / 140
  Model              1 / 1
  Texture            1 / 1
  Bounds             6 / 6
  Debug_Stats        1 / 1
  FrameData          1 / 1
  Strings_Builder    1 / 1
  DataPoint          1 / 1
  Field              2 / 2
  Metadata           176 / 176
  TOTAL              352 / 352

--- FETCHES (edit / copy / set) ---
  Int                440 / 0 / 0
  I64                434 / 0 / 0
  F32                217 / 0 / 0
  F64                217 / 0 / 0
  CString            2 / 0 / 0
  Vec3               436 / 0 / 0
  Texture            217 / 0 / 0
  Debug_Stats        1086 / 0 / 0
  DataPoint          217 / 0 / 0
  Field              217 / 0 / 0

--- FIELD OCCUPANCY ---
  Field[0] 'world_field_meta' levels:4 dims:3
    bounds X:[-8.0000,8.0000] Y:[-8.0000,8.0000] Z:[-8.0000,8.0000]
    level 0: 1 / 1 cells occupied
    level 1: 2 / 8 cells occupied
    level 2: 4 / 64 cells occupied
    level 3: 6 / 512 cells occupied
    level 4: 6 / 4096 cells occupied
  Field[1] 'model_field' levels:4 dims:3
    bounds X:[-1.0000,1.0000] Y:[-1.0000,1.0000] Z:[-1.0000,1.0000]
    level 0: 1 / 1 cells occupied
    level 1: 6 / 8 cells occupied
    level 2: 28 / 64 cells occupied
    level 3: 96 / 512 cells occupied
    level 4: 140 / 4096 cells occupied

[F2: enable fetch timing]

---
=== HOLLOWS ENGINE ===
FPS: 143 | Pixel: 5.5ms | Input: 0.000ms | Texture: 1.400ms
Camera: [0.00, 0.00, 6.00]

--- DATA (valid / total) ---
  Bool               1 / 1
  Int                5 / 5
  I64                2 / 2
  F32                5 / 5
  F64                2 / 2
  CString            6 / 6
  Vec3               1 / 1
  Vertex             140 / 140
  Model              1 / 1
  Texture            1 / 1
  Bounds             6 / 6
  Debug_Stats        1 / 1
  FrameData          1 / 1
  Strings_Builder    1 / 1
  DataPoint          1 / 1
  Field              2 / 2
  Metadata           176 / 176
  TOTAL              352 / 352

--- FETCHES (edit / copy / set) ---
  Int                413 / 0 / 0
  I64                402 / 0 / 0
  F32                201 / 0 / 0
  F64                201 / 0 / 0
  CString            4 / 0 / 0
  Vec3               405 / 0 / 0
  Texture            201 / 0 / 0
  Debug_Stats        1007 / 0 / 0
  DataPoint          201 / 0 / 0
  Field              201 / 0 / 0

--- FIELD OCCUPANCY ---
  Field[0] 'world_field_meta' levels:4 dims:3
    bounds X:[-8.0000,8.0000] Y:[-8.0000,8.0000] Z:[-8.0000,8.0000]
    level 0: 1 / 1 cells occupied
    level 1: 2 / 8 cells occupied
    level 2: 4 / 64 cells occupied
    level 3: 6 / 512 cells occupied
    level 4: 6 / 4096 cells occupied
  Field[1] 'model_field' levels:4 dims:3
    bounds X:[-1.0000,1.0000] Y:[-1.0000,1.0000] Z:[-1.0000,1.0000]
    level 0: 1 / 1 cells occupied
    level 1: 6 / 8 cells occupied
    level 2: 28 / 64 cells occupied
    level 3: 96 / 512 cells occupied
    level 4: 140 / 4096 cells occupied

[F2: enable fetch timing]

---
=== HOLLOWS ENGINE ===
FPS: 145 | Pixel: 5.4ms | Input: 0.000ms | Texture: 1.348ms
Camera: [0.00, 0.00, 6.00]

--- DATA (valid / total) ---
  Bool               1 / 1
  Int                5 / 5
  I64                2 / 2
  F32                5 / 5
  F64                2 / 2
  CString            6 / 6
  Vec3               1 / 1
  Vertex             140 / 140
  Model              1 / 1
  Texture            1 / 1
  Bounds             6 / 6
  Debug_Stats        1 / 1
  FrameData          1 / 1
  Strings_Builder    1 / 1
  DataPoint          1 / 1
  Field              2 / 2
  Metadata           176 / 176
  TOTAL              352 / 352

--- FETCHES (edit / copy / set) ---
  Int                510 / 0 / 0
  I64                508 / 0 / 0
  F32                254 / 0 / 0
  F64                254 / 0 / 0
  CString            2 / 0 / 0
  Vec3               510 / 0 / 0
  Texture            254 / 0 / 0
  Debug_Stats        1271 / 0 / 0
  DataPoint          254 / 0 / 0
  Field              254 / 0 / 0

--- FIELD OCCUPANCY ---
  Field[0] 'world_field_meta' levels:4 dims:3
    bounds X:[-8.0000,8.0000] Y:[-8.0000,8.0000] Z:[-8.0000,8.0000]
    level 0: 1 / 1 cells occupied
    level 1: 2 / 8 cells occupied
    level 2: 4 / 64 cells occupied
    level 3: 6 / 512 cells occupied
    level 4: 6 / 4096 cells occupied
  Field[1] 'model_field' levels:4 dims:3
    bounds X:[-1.0000,1.0000] Y:[-1.0000,1.0000] Z:[-1.0000,1.0000]
    level 0: 1 / 1 cells occupied
    level 1: 6 / 8 cells occupied
    level 2: 28 / 64 cells occupied
    level 3: 96 / 512 cells occupied
    level 4: 140 / 4096 cells occupied

[F2: enable fetch timing]

---
=== HOLLOWS ENGINE ===
FPS: 145 | Pixel: 5.6ms | Input: 0.000ms | Texture: 1.134ms
Camera: [0.00, 0.00, 6.00]

--- DATA (valid / total) ---
  Bool               1 / 1
  Int                5 / 5
  I64                2 / 2
  F32                5 / 5
  F64                2 / 2
  CString            6 / 6
  Vec3               1 / 1
  Vertex             140 / 140
  Model              1 / 1
  Texture            1 / 1
  Bounds             6 / 6
  Debug_Stats        1 / 1
  FrameData          1 / 1
  Strings_Builder    1 / 1
  DataPoint          1 / 1
  Field              2 / 2
  Metadata           176 / 176
  TOTAL              352 / 352

--- FETCHES (edit / copy / set) ---
  Int                367 / 0 / 0
  I64                516 / 0 / 0
  F32                258 / 0 / 0
  F64                258 / 0 / 0
  CString            2 / 0 / 0
  Vec3               518 / 0 / 0
  Texture            258 / 0 / 0
  Debug_Stats        1291 / 0 / 0
  DataPoint          258 / 0 / 0
  Field              258 / 0 / 0

--- FIELD OCCUPANCY ---
  Field[0] 'world_field_meta' levels:4 dims:3
    bounds X:[-8.0000,8.0000] Y:[-8.0000,8.0000] Z:[-8.0000,8.0000]
    level 0: 1 / 1 cells occupied
    level 1: 2 / 8 cells occupied
    level 2: 4 / 64 cells occupied
    level 3: 6 / 512 cells occupied
    level 4: 6 / 4096 cells occupied
  Field[1] 'model_field' levels:4 dims:3
    bounds X:[-1.0000,1.0000] Y:[-1.0000,1.0000] Z:[-1.0000,1.0000]
    level 0: 1 / 1 cells occupied
    level 1: 6 / 8 cells occupied
    level 2: 28 / 64 cells occupied
    level 3: 96 / 512 cells occupied
    level 4: 140 / 4096 cells occupied

[F2: enable fetch timing]

---
=== HOLLOWS ENGINE ===
FPS: 145 | Pixel: 5.7ms | Input: 0.000ms | Texture: 1.121ms
Camera: [0.00, 0.00, 6.00]

--- DATA (valid / total) ---
  Bool               1 / 1
  Int                5 / 5
  I64                2 / 2
  F32                5 / 5
  F64                2 / 2
  CString            6 / 6
  Vec3               1 / 1
  Vertex             140 / 140
  Model              1 / 1
  Texture            1 / 1
  Bounds             6 / 6
  Debug_Stats        1 / 1
  FrameData          1 / 1
  Strings_Builder    1 / 1
  DataPoint          1 / 1
  Field              2 / 2
  Metadata           176 / 176
  TOTAL              352 / 352

--- FETCHES (edit / copy / set) ---
  Int                296 / 0 / 0
  I64                590 / 0 / 0
  F32                295 / 0 / 0
  F64                295 / 0 / 0
  Vec3               591 / 0 / 0
  Texture            295 / 0 / 0
  Debug_Stats        1475 / 0 / 0
  DataPoint          295 / 0 / 0
  Field              295 / 0 / 0

--- FIELD OCCUPANCY ---
  Field[0] 'world_field_meta' levels:4 dims:3
    bounds X:[-8.0000,8.0000] Y:[-8.0000,8.0000] Z:[-8.0000,8.0000]
    level 0: 1 / 1 cells occupied
    level 1: 2 / 8 cells occupied
    level 2: 4 / 64 cells occupied
    level 3: 6 / 512 cells occupied
    level 4: 6 / 4096 cells occupied
  Field[1] 'model_field' levels:4 dims:3
    bounds X:[-1.0000,1.0000] Y:[-1.0000,1.0000] Z:[-1.0000,1.0000]
    level 0: 1 / 1 cells occupied
    level 1: 6 / 8 cells occupied
    level 2: 28 / 64 cells occupied
    level 3: 96 / 512 cells occupied
    level 4: 140 / 4096 cells occupied

[F2: enable fetch timing]

---
=== HOLLOWS ENGINE ===
FPS: 133 | Pixel: 6.2ms | Input: 0.000ms | Texture: 1.146ms
Camera: [0.00, 0.00, 6.00]

--- DATA (valid / total) ---
  Bool               1 / 1
  Int                5 / 5
  I64                2 / 2
  F32                5 / 5
  F64                2 / 2
  CString            6 / 6
  Vec3               1 / 1
  Vertex             140 / 140
  Model              1 / 1
  Texture            1 / 1
  Bounds             6 / 6
  Debug_Stats        1 / 1
  FrameData          1 / 1
  Strings_Builder    1 / 1
  DataPoint          1 / 1
  Field              2 / 2
  Metadata           176 / 176
  TOTAL              352 / 352

--- FETCHES (edit / copy / set) ---
  Int                283 / 0 / 0
  I64                486 / 0 / 0
  F32                243 / 0 / 0
  F64                243 / 0 / 0
  CString            2 / 0 / 0
  Vec3               488 / 0 / 0
  Texture            243 / 0 / 0
  Debug_Stats        1216 / 0 / 0
  DataPoint          243 / 0 / 0
  Field              243 / 0 / 0

--- FIELD OCCUPANCY ---
  Field[0] 'world_field_meta' levels:4 dims:3
    bounds X:[-8.0000,8.0000] Y:[-8.0000,8.0000] Z:[-8.0000,8.0000]
    level 0: 1 / 1 cells occupied
    level 1: 2 / 8 cells occupied
    level 2: 4 / 64 cells occupied
    level 3: 6 / 512 cells occupied
    level 4: 6 / 4096 cells occupied
  Field[1] 'model_field' levels:4 dims:3
    bounds X:[-1.0000,1.0000] Y:[-1.0000,1.0000] Z:[-1.0000,1.0000]
    level 0: 1 / 1 cells occupied
    level 1: 6 / 8 cells occupied
    level 2: 28 / 64 cells occupied
    level 3: 96 / 512 cells occupied
    level 4: 140 / 4096 cells occupied

[F2: enable fetch timing]

---
=== HOLLOWS ENGINE ===
FPS: 122 | Pixel: 6.9ms | Input: 0.000ms | Texture: 1.119ms
Camera: [0.00, 0.00, 6.00]

--- DATA (valid / total) ---
  Bool               1 / 1
  Int                5 / 5
  I64                2 / 2
  F32                5 / 5
  F64                2 / 2
  CString            6 / 6
  Vec3               1 / 1
  Vertex             140 / 140
  Model              1 / 1
  Texture            1 / 1
  Bounds             6 / 6
  Debug_Stats        1 / 1
  FrameData          1 / 1
  Strings_Builder    1 / 1
  DataPoint          1 / 1
  Field              2 / 2
  Metadata           176 / 176
  TOTAL              352 / 352

--- FETCHES (edit / copy / set) ---
  Int                278 / 0 / 0
  I64                448 / 0 / 0
  F32                224 / 0 / 0
  F64                224 / 0 / 0
  CString            2 / 0 / 0
  Vec3               450 / 0 / 0
  Texture            224 / 0 / 0
  Debug_Stats        1121 / 0 / 0
  DataPoint          224 / 0 / 0
  Field              224 / 0 / 0

--- FIELD OCCUPANCY ---
  Field[0] 'world_field_meta' levels:4 dims:3
    bounds X:[-8.0000,8.0000] Y:[-8.0000,8.0000] Z:[-8.0000,8.0000]
    level 0: 1 / 1 cells occupied
    level 1: 2 / 8 cells occupied
    level 2: 4 / 64 cells occupied
    level 3: 6 / 512 cells occupied
    level 4: 6 / 4096 cells occupied
  Field[1] 'model_field' levels:4 dims:3
    bounds X:[-1.0000,1.0000] Y:[-1.0000,1.0000] Z:[-1.0000,1.0000]
    level 0: 1 / 1 cells occupied
    level 1: 6 / 8 cells occupied
    level 2: 28 / 64 cells occupied
    level 3: 96 / 512 cells occupied
    level 4: 140 / 4096 cells occupied

[F2: enable fetch timing]

---
=== HOLLOWS ENGINE ===
FPS: 112 | Pixel: 7.6ms | Input: 0.000ms | Texture: 1.145ms
Camera: [0.00, 0.00, 6.00]

--- DATA (valid / total) ---
  Bool               1 / 1
  Int                5 / 5
  I64                2 / 2
  F32                5 / 5
  F64                2 / 2
  CString            6 / 6
  Vec3               1 / 1
  Vertex             140 / 140
  Model              1 / 1
  Texture            1 / 1
  Bounds             6 / 6
  Debug_Stats        1 / 1
  FrameData          1 / 1
  Strings_Builder    1 / 1
  DataPoint          1 / 1
  Field              2 / 2
  Metadata           176 / 176
  TOTAL              352 / 352

--- FETCHES (edit / copy / set) ---
  Int                257 / 0 / 0
  I64                408 / 0 / 0
  F32                204 / 0 / 0
  F64                204 / 0 / 0
  CString            2 / 0 / 0
  Vec3               410 / 0 / 0
  Texture            204 / 0 / 0
  Debug_Stats        1021 / 0 / 0
  DataPoint          204 / 0 / 0
  Field              204 / 0 / 0

--- FIELD OCCUPANCY ---
  Field[0] 'world_field_meta' levels:4 dims:3
    bounds X:[-8.0000,8.0000] Y:[-8.0000,8.0000] Z:[-8.0000,8.0000]
    level 0: 1 / 1 cells occupied
    level 1: 2 / 8 cells occupied
    level 2: 4 / 64 cells occupied
    level 3: 6 / 512 cells occupied
    level 4: 6 / 4096 cells occupied
  Field[1] 'model_field' levels:4 dims:3
    bounds X:[-1.0000,1.0000] Y:[-1.0000,1.0000] Z:[-1.0000,1.0000]
    level 0: 1 / 1 cells occupied
    level 1: 6 / 8 cells occupied
    level 2: 28 / 64 cells occupied
    level 3: 96 / 512 cells occupied
    level 4: 140 / 4096 cells occupied

[F2: enable fetch timing]

---
=== HOLLOWS ENGINE ===
FPS: 116 | Pixel: 7.4ms | Input: 0.000ms | Texture: 1.126ms
Camera: [0.00, 0.00, 6.00]

--- DATA (valid / total) ---
  Bool               1 / 1
  Int                5 / 5
  I64                2 / 2
  F32                5 / 5
  F64                2 / 2
  CString            6 / 6
  Vec3               1 / 1
  Vertex             140 / 140
  Model              1 / 1
  Texture            1 / 1
  Bounds             6 / 6
  Debug_Stats        1 / 1
  FrameData          1 / 1
  Strings_Builder    1 / 1
  DataPoint          1 / 1
  Field              2 / 2
  Metadata           176 / 176
  TOTAL              352 / 352

--- FETCHES (edit / copy / set) ---
  Int                235 / 0 / 0
  I64                456 / 0 / 0
  F32                228 / 0 / 0
  F64                228 / 0 / 0
  Vec3               457 / 0 / 0
  Texture            228 / 0 / 0
  Debug_Stats        1140 / 0 / 0
  DataPoint          228 / 0 / 0
  Field              228 / 0 / 0

--- FIELD OCCUPANCY ---
  Field[0] 'world_field_meta' levels:4 dims:3
    bounds X:[-8.0000,8.0000] Y:[-8.0000,8.0000] Z:[-8.0000,8.0000]
    level 0: 1 / 1 cells occupied
    level 1: 2 / 8 cells occupied
    level 2: 4 / 64 cells occupied
    level 3: 6 / 512 cells occupied
    level 4: 6 / 4096 cells occupied
  Field[1] 'model_field' levels:4 dims:3
    bounds X:[-1.0000,1.0000] Y:[-1.0000,1.0000] Z:[-1.0000,1.0000]
    level 0: 1 / 1 cells occupied
    level 1: 6 / 8 cells occupied
    level 2: 28 / 64 cells occupied
    level 3: 96 / 512 cells occupied
    level 4: 140 / 4096 cells occupied

[F2: enable fetch timing]

---
=== HOLLOWS ENGINE ===
FPS: 125 | Pixel: 6.8ms | Input: 0.000ms | Texture: 1.137ms
Camera: [0.00, 0.00, 6.00]

--- DATA (valid / total) ---
  Bool               1 / 1
  Int                5 / 5
  I64                2 / 2
  F32                5 / 5
  F64                2 / 2
  CString            6 / 6
  Vec3               1 / 1
  Vertex             140 / 140
  Model              1 / 1
  Texture            1 / 1
  Bounds             6 / 6
  Debug_Stats        1 / 1
  FrameData          1 / 1
  Strings_Builder    1 / 1
  DataPoint          1 / 1
  Field              2 / 2
  Metadata           176 / 176
  TOTAL              352 / 352

--- FETCHES (edit / copy / set) ---
  Int                241 / 0 / 0
  I64                480 / 0 / 0
  F32                240 / 0 / 0
  F64                240 / 0 / 0
  Vec3               481 / 0 / 0
  Texture            240 / 0 / 0
  Debug_Stats        1200 / 0 / 0
  DataPoint          240 / 0 / 0
  Field              240 / 0 / 0

--- FIELD OCCUPANCY ---
  Field[0] 'world_field_meta' levels:4 dims:3
    bounds X:[-8.0000,8.0000] Y:[-8.0000,8.0000] Z:[-8.0000,8.0000]
    level 0: 1 / 1 cells occupied
    level 1: 2 / 8 cells occupied
    level 2: 4 / 64 cells occupied
    level 3: 6 / 512 cells occupied
    level 4: 6 / 4096 cells occupied
  Field[1] 'model_field' levels:4 dims:3
    bounds X:[-1.0000,1.0000] Y:[-1.0000,1.0000] Z:[-1.0000,1.0000]
    level 0: 1 / 1 cells occupied
    level 1: 6 / 8 cells occupied
    level 2: 28 / 64 cells occupied
    level 3: 96 / 512 cells occupied
    level 4: 140 / 4096 cells occupied

[F2: enable fetch timing]

---
=== HOLLOWS ENGINE ===
FPS: 138 | Pixel: 6.0ms | Input: 0.000ms | Texture: 1.132ms
Camera: [0.00, 0.00, 6.00]

--- DATA (valid / total) ---
  Bool               1 / 1
  Int                5 / 5
  I64                2 / 2
  F32                5 / 5
  F64                2 / 2
  CString            6 / 6
  Vec3               1 / 1
  Vertex             140 / 140
  Model              1 / 1
  Texture            1 / 1
  Bounds             6 / 6
  Debug_Stats        1 / 1
  FrameData          1 / 1
  Strings_Builder    1 / 1
  DataPoint          1 / 1
  Field              2 / 2
  Metadata           176 / 176
  TOTAL              352 / 352

--- FETCHES (edit / copy / set) ---
  Int                271 / 0 / 0
  I64                464 / 0 / 0
  F32                232 / 0 / 0
  F64                232 / 0 / 0
  CString            2 / 0 / 0
  Vec3               466 / 0 / 0
  Texture            232 / 0 / 0
  Debug_Stats        1161 / 0 / 0
  DataPoint          232 / 0 / 0
  Field              232 / 0 / 0

--- FIELD OCCUPANCY ---
  Field[0] 'world_field_meta' levels:4 dims:3
    bounds X:[-8.0000,8.0000] Y:[-8.0000,8.0000] Z:[-8.0000,8.0000]
    level 0: 1 / 1 cells occupied
    level 1: 2 / 8 cells occupied
    level 2: 4 / 64 cells occupied
    level 3: 6 / 512 cells occupied
    level 4: 6 / 4096 cells occupied
  Field[1] 'model_field' levels:4 dims:3
    bounds X:[-1.0000,1.0000] Y:[-1.0000,1.0000] Z:[-1.0000,1.0000]
    level 0: 1 / 1 cells occupied
    level 1: 6 / 8 cells occupied
    level 2: 28 / 64 cells occupied
    level 3: 96 / 512 cells occupied
    level 4: 140 / 4096 cells occupied

[F2: enable fetch timing]

---
=== HOLLOWS ENGINE ===
FPS: 143 | Pixel: 5.7ms | Input: 0.000ms | Texture: 1.139ms
Camera: [0.00, 0.00, 6.00]

--- DATA (valid / total) ---
  Bool               1 / 1
  Int                5 / 5
  I64                2 / 2
  F32                5 / 5
  F64                2 / 2
  CString            6 / 6
  Vec3               1 / 1
  Vertex             140 / 140
  Model              1 / 1
  Texture            1 / 1
  Bounds             6 / 6
  Debug_Stats        1 / 1
  FrameData          1 / 1
  Strings_Builder    1 / 1
  DataPoint          1 / 1
  Field              2 / 2
  Metadata           176 / 176
  TOTAL              352 / 352

--- FETCHES (edit / copy / set) ---
  Int                286 / 0 / 0
  I64                570 / 0 / 0
  F32                285 / 0 / 0
  F64                285 / 0 / 0
  Vec3               571 / 0 / 0
  Texture            285 / 0 / 0
  Debug_Stats        1425 / 0 / 0
  DataPoint          285 / 0 / 0
  Field              285 / 0 / 0

--- FIELD OCCUPANCY ---
  Field[0] 'world_field_meta' levels:4 dims:3
    bounds X:[-8.0000,8.0000] Y:[-8.0000,8.0000] Z:[-8.0000,8.0000]
    level 0: 1 / 1 cells occupied
    level 1: 2 / 8 cells occupied
    level 2: 4 / 64 cells occupied
    level 3: 6 / 512 cells occupied
    level 4: 6 / 4096 cells occupied
  Field[1] 'model_field' levels:4 dims:3
    bounds X:[-1.0000,1.0000] Y:[-1.0000,1.0000] Z:[-1.0000,1.0000]
    level 0: 1 / 1 cells occupied
    level 1: 6 / 8 cells occupied
    level 2: 28 / 64 cells occupied
    level 3: 96 / 512 cells occupied
    level 4: 140 / 4096 cells occupied

[F2: enable fetch timing]

---
=== HOLLOWS ENGINE ===
FPS: 148 | Pixel: 5.5ms | Input: 0.000ms | Texture: 1.139ms
Camera: [0.00, 0.00, 6.00]

--- DATA (valid / total) ---
  Bool               1 / 1
  Int                5 / 5
  I64                2 / 2
  F32                5 / 5
  F64                2 / 2
  CString            6 / 6
  Vec3               1 / 1
  Vertex             140 / 140
  Model              1 / 1
  Texture            1 / 1
  Bounds             6 / 6
  Debug_Stats        1 / 1
  FrameData          1 / 1
  Strings_Builder    1 / 1
  DataPoint          1 / 1
  Field              2 / 2
  Metadata           176 / 176
  TOTAL              352 / 352

--- FETCHES (edit / copy / set) ---
  Int                298 / 0 / 0
  I64                594 / 0 / 0
  F32                297 / 0 / 0
  F64                297 / 0 / 0
  Vec3               595 / 0 / 0
  Texture            297 / 0 / 0
  Debug_Stats        1485 / 0 / 0
  DataPoint          297 / 0 / 0
  Field              297 / 0 / 0

--- FIELD OCCUPANCY ---
  Field[0] 'world_field_meta' levels:4 dims:3
    bounds X:[-8.0000,8.0000] Y:[-8.0000,8.0000] Z:[-8.0000,8.0000]
    level 0: 1 / 1 cells occupied
    level 1: 2 / 8 cells occupied
    level 2: 4 / 64 cells occupied
    level 3: 6 / 512 cells occupied
    level 4: 6 / 4096 cells occupied
  Field[1] 'model_field' levels:4 dims:3
    bounds X:[-1.0000,1.0000] Y:[-1.0000,1.0000] Z:[-1.0000,1.0000]
    level 0: 1 / 1 cells occupied
    level 1: 6 / 8 cells occupied
    level 2: 28 / 64 cells occupied
    level 3: 96 / 512 cells occupied
    level 4: 140 / 4096 cells occupied

[F2: enable fetch timing]

---
=== HOLLOWS ENGINE ===
FPS: 150 | Pixel: 5.5ms | Input: 0.000ms | Texture: 1.116ms
Camera: [0.00, 0.00, 6.00]

--- DATA (valid / total) ---
  Bool               1 / 1
  Int                5 / 5
  I64                2 / 2
  F32                5 / 5
  F64                2 / 2
  CString            6 / 6
  Vec3               1 / 1
  Vertex             140 / 140
  Model              1 / 1
  Texture            1 / 1
  Bounds             6 / 6
  Debug_Stats        1 / 1
  FrameData          1 / 1
  Strings_Builder    1 / 1
  DataPoint          1 / 1
  Field              2 / 2
  Metadata           176 / 176
  TOTAL              352 / 352

--- FETCHES (edit / copy / set) ---
  Int                308 / 0 / 0
  I64                528 / 0 / 0
  F32                264 / 0 / 0
  F64                264 / 0 / 0
  CString            2 / 0 / 0
  Vec3               530 / 0 / 0
  Texture            264 / 0 / 0
  Debug_Stats        1321 / 0 / 0
  DataPoint          264 / 0 / 0
  Field              264 / 0 / 0

--- FIELD OCCUPANCY ---
  Field[0] 'world_field_meta' levels:4 dims:3
    bounds X:[-8.0000,8.0000] Y:[-8.0000,8.0000] Z:[-8.0000,8.0000]
    level 0: 1 / 1 cells occupied
    level 1: 2 / 8 cells occupied
    level 2: 4 / 64 cells occupied
    level 3: 6 / 512 cells occupied
    level 4: 6 / 4096 cells occupied
  Field[1] 'model_field' levels:4 dims:3
    bounds X:[-1.0000,1.0000] Y:[-1.0000,1.0000] Z:[-1.0000,1.0000]
    level 0: 1 / 1 cells occupied
    level 1: 6 / 8 cells occupied
    level 2: 28 / 64 cells occupied
    level 3: 96 / 512 cells occupied
    level 4: 140 / 4096 cells occupied

[F2: enable fetch timing]

---
=== HOLLOWS ENGINE ===
FPS: 132 | Pixel: 6.3ms | Input: 0.000ms | Texture: 1.126ms
Camera: [0.00, 0.00, 6.00]

--- DATA (valid / total) ---
  Bool               1 / 1
  Int                5 / 5
  I64                2 / 2
  F32                5 / 5
  F64                2 / 2
  CString            6 / 6
  Vec3               1 / 1
  Vertex             140 / 140
  Model              1 / 1
  Texture            1 / 1
  Bounds             6 / 6
  Debug_Stats        1 / 1
  FrameData          1 / 1
  Strings_Builder    1 / 1
  DataPoint          1 / 1
  Field              2 / 2
  Metadata           176 / 176
  TOTAL              352 / 352

--- FETCHES (edit / copy / set) ---
  Int                397 / 0 / 0
  I64                496 / 0 / 0
  F32                248 / 0 / 0
  F64                248 / 0 / 0
  CString            2 / 0 / 0
  Vec3               498 / 0 / 0
  Texture            248 / 0 / 0
  Debug_Stats        1241 / 0 / 0
  DataPoint          248 / 0 / 0
  Field              248 / 0 / 0

--- FIELD OCCUPANCY ---
  Field[0] 'world_field_meta' levels:4 dims:3
    bounds X:[-8.0000,8.0000] Y:[-8.0000,8.0000] Z:[-8.0000,8.0000]
    level 0: 1 / 1 cells occupied
    level 1: 2 / 8 cells occupied
    level 2: 4 / 64 cells occupied
    level 3: 6 / 512 cells occupied
    level 4: 6 / 4096 cells occupied
  Field[1] 'model_field' levels:4 dims:3
    bounds X:[-1.0000,1.0000] Y:[-1.0000,1.0000] Z:[-1.0000,1.0000]
    level 0: 1 / 1 cells occupied
    level 1: 6 / 8 cells occupied
    level 2: 28 / 64 cells occupied
    level 3: 96 / 512 cells occupied
    level 4: 140 / 4096 cells occupied

[F2: enable fetch timing]

---
=== HOLLOWS ENGINE ===
FPS: 119 | Pixel: 7.2ms | Input: 0.000ms | Texture: 1.123ms
Camera: [0.00, 0.00, 6.00]

--- DATA (valid / total) ---
  Bool               1 / 1
  Int                5 / 5
  I64                2 / 2
  F32                5 / 5
  F64                2 / 2
  CString            6 / 6
  Vec3               1 / 1
  Vertex             140 / 140
  Model              1 / 1
  Texture            1 / 1
  Bounds             6 / 6
  Debug_Stats        1 / 1
  FrameData          1 / 1
  Strings_Builder    1 / 1
  DataPoint          1 / 1
  Field              2 / 2
  Metadata           176 / 176
  TOTAL              352 / 352

--- FETCHES (edit / copy / set) ---
  Int                274 / 0 / 0
  I64                434 / 0 / 0
  F32                217 / 0 / 0
  F64                217 / 0 / 0
  CString            2 / 0 / 0
  Vec3               436 / 0 / 0
  Texture            217 / 0 / 0
  Debug_Stats        1086 / 0 / 0
  DataPoint          217 / 0 / 0
  Field              217 / 0 / 0

--- FIELD OCCUPANCY ---
  Field[0] 'world_field_meta' levels:4 dims:3
    bounds X:[-8.0000,8.0000] Y:[-8.0000,8.0000] Z:[-8.0000,8.0000]
    level 0: 1 / 1 cells occupied
    level 1: 2 / 8 cells occupied
    level 2: 4 / 64 cells occupied
    level 3: 6 / 512 cells occupied
    level 4: 6 / 4096 cells occupied
  Field[1] 'model_field' levels:4 dims:3
    bounds X:[-1.0000,1.0000] Y:[-1.0000,1.0000] Z:[-1.0000,1.0000]
    level 0: 1 / 1 cells occupied
    level 1: 6 / 8 cells occupied
    level 2: 28 / 64 cells occupied
    level 3: 96 / 512 cells occupied
    level 4: 140 / 4096 cells occupied

[F2: enable fetch timing]

---
=== HOLLOWS ENGINE ===
FPS: 129 | Pixel: 6.5ms | Input: 0.000ms | Texture: 1.122ms
Camera: [0.00, 0.00, 6.00]

--- DATA (valid / total) ---
  Bool               1 / 1
  Int                5 / 5
  I64                2 / 2
  F32                5 / 5
  F64                2 / 2
  CString            6 / 6
  Vec3               1 / 1
  Vertex             140 / 140
  Model              1 / 1
  Texture            1 / 1
  Bounds             6 / 6
  Debug_Stats        1 / 1
  FrameData          1 / 1
  Strings_Builder    1 / 1
  DataPoint          1 / 1
  Field              2 / 2
  Metadata           176 / 176
  TOTAL              352 / 352

--- FETCHES (edit / copy / set) ---
  Int                249 / 0 / 0
  I64                496 / 0 / 0
  F32                248 / 0 / 0
  F64                248 / 0 / 0
  Vec3               497 / 0 / 0
  Texture            248 / 0 / 0
  Debug_Stats        1240 / 0 / 0
  DataPoint          248 / 0 / 0
  Field              248 / 0 / 0

--- FIELD OCCUPANCY ---
  Field[0] 'world_field_meta' levels:4 dims:3
    bounds X:[-8.0000,8.0000] Y:[-8.0000,8.0000] Z:[-8.0000,8.0000]
    level 0: 1 / 1 cells occupied
    level 1: 2 / 8 cells occupied
    level 2: 4 / 64 cells occupied
    level 3: 6 / 512 cells occupied
    level 4: 6 / 4096 cells occupied
  Field[1] 'model_field' levels:4 dims:3
    bounds X:[-1.0000,1.0000] Y:[-1.0000,1.0000] Z:[-1.0000,1.0000]
    level 0: 1 / 1 cells occupied
    level 1: 6 / 8 cells occupied
    level 2: 28 / 64 cells occupied
    level 3: 96 / 512 cells occupied
    level 4: 140 / 4096 cells occupied

[F2: enable fetch timing]

---
=== HOLLOWS ENGINE ===
FPS: 147 | Pixel: 5.5ms | Input: 0.000ms | Texture: 1.145ms
Camera: [0.00, 0.00, 6.00]

--- DATA (valid / total) ---
  Bool               1 / 1
  Int                5 / 5
  I64                2 / 2
  F32                5 / 5
  F64                2 / 2
  CString            6 / 6
  Vec3               1 / 1
  Vertex             140 / 140
  Model              1 / 1
  Texture            1 / 1
  Bounds             6 / 6
  Debug_Stats        1 / 1
  FrameData          1 / 1
  Strings_Builder    1 / 1
  DataPoint          1 / 1
  Field              2 / 2
  Metadata           176 / 176
  TOTAL              352 / 352

--- FETCHES (edit / copy / set) ---
  Int                283 / 0 / 0
  I64                564 / 0 / 0
  F32                282 / 0 / 0
  F64                282 / 0 / 0
  Vec3               565 / 0 / 0
  Texture            282 / 0 / 0
  Debug_Stats        1410 / 0 / 0
  DataPoint          282 / 0 / 0
  Field              282 / 0 / 0

--- FIELD OCCUPANCY ---
  Field[0] 'world_field_meta' levels:4 dims:3
    bounds X:[-8.0000,8.0000] Y:[-8.0000,8.0000] Z:[-8.0000,8.0000]
    level 0: 1 / 1 cells occupied
    level 1: 2 / 8 cells occupied
    level 2: 4 / 64 cells occupied
    level 3: 6 / 512 cells occupied
    level 4: 6 / 4096 cells occupied
  Field[1] 'model_field' levels:4 dims:3
    bounds X:[-1.0000,1.0000] Y:[-1.0000,1.0000] Z:[-1.0000,1.0000]
    level 0: 1 / 1 cells occupied
    level 1: 6 / 8 cells occupied
    level 2: 28 / 64 cells occupied
    level 3: 96 / 512 cells occupied
    level 4: 140 / 4096 cells occupied

[F2: enable fetch timing]

---
=== HOLLOWS ENGINE ===
FPS: 149 | Pixel: 5.5ms | Input: 0.000ms | Texture: 1.112ms
Camera: [0.00, 0.00, 6.00]

--- DATA (valid / total) ---
  Bool               1 / 1
  Int                5 / 5
  I64                2 / 2
  F32                5 / 5
  F64                2 / 2
  CString            6 / 6
  Vec3               1 / 1
  Vertex             140 / 140
  Model              1 / 1
  Texture            1 / 1
  Bounds             6 / 6
  Debug_Stats        1 / 1
  FrameData          1 / 1
  Strings_Builder    1 / 1
  DataPoint          1 / 1
  Field              2 / 2
  Metadata           176 / 176
  TOTAL              352 / 352

--- FETCHES (edit / copy / set) ---
  Int                302 / 0 / 0
  I64                602 / 0 / 0
  F32                301 / 0 / 0
  F64                301 / 0 / 0
  Vec3               603 / 0 / 0
  Texture            301 / 0 / 0
  Debug_Stats        1505 / 0 / 0
  DataPoint          301 / 0 / 0
  Field              301 / 0 / 0

--- FIELD OCCUPANCY ---
  Field[0] 'world_field_meta' levels:4 dims:3
    bounds X:[-8.0000,8.0000] Y:[-8.0000,8.0000] Z:[-8.0000,8.0000]
    level 0: 1 / 1 cells occupied
    level 1: 2 / 8 cells occupied
    level 2: 4 / 64 cells occupied
    level 3: 6 / 512 cells occupied
    level 4: 6 / 4096 cells occupied
  Field[1] 'model_field' levels:4 dims:3
    bounds X:[-1.0000,1.0000] Y:[-1.0000,1.0000] Z:[-1.0000,1.0000]
    level 0: 1 / 1 cells occupied
    level 1: 6 / 8 cells occupied
    level 2: 28 / 64 cells occupied
    level 3: 96 / 512 cells occupied
    level 4: 140 / 4096 cells occupied

[F2: enable fetch timing]

---
=== HOLLOWS ENGINE ===
FPS: 150 | Pixel: 5.4ms | Input: 0.000ms | Texture: 1.118ms
Camera: [0.00, 0.00, 6.00]

--- DATA (valid / total) ---
  Bool               1 / 1
  Int                5 / 5
  I64                2 / 2
  F32                5 / 5
  F64                2 / 2
  CString            6 / 6
  Vec3               1 / 1
  Vertex             140 / 140
  Model              1 / 1
  Texture            1 / 1
  Bounds             6 / 6
  Debug_Stats        1 / 1
  FrameData          1 / 1
  Strings_Builder    1 / 1
  DataPoint          1 / 1
  Field              2 / 2
  Metadata           176 / 176
  TOTAL              352 / 352

--- FETCHES (edit / copy / set) ---
  Int                297 / 0 / 0
  I64                592 / 0 / 0
  F32                296 / 0 / 0
  F64                296 / 0 / 0
  Vec3               593 / 0 / 0
  Texture            296 / 0 / 0
  Debug_Stats        1480 / 0 / 0
  DataPoint          296 / 0 / 0
  Field              296 / 0 / 0

--- FIELD OCCUPANCY ---
  Field[0] 'world_field_meta' levels:4 dims:3
    bounds X:[-8.0000,8.0000] Y:[-8.0000,8.0000] Z:[-8.0000,8.0000]
    level 0: 1 / 1 cells occupied
    level 1: 2 / 8 cells occupied
    level 2: 4 / 64 cells occupied
    level 3: 6 / 512 cells occupied
    level 4: 6 / 4096 cells occupied
  Field[1] 'model_field' levels:4 dims:3
    bounds X:[-1.0000,1.0000] Y:[-1.0000,1.0000] Z:[-1.0000,1.0000]
    level 0: 1 / 1 cells occupied
    level 1: 6 / 8 cells occupied
    level 2: 28 / 64 cells occupied
    level 3: 96 / 512 cells occupied
    level 4: 140 / 4096 cells occupied

[F2: enable fetch timing]

---
=== HOLLOWS ENGINE ===
FPS: 137 | Pixel: 6.1ms | Input: 0.000ms | Texture: 1.124ms
Camera: [0.00, 0.00, 6.00]

--- DATA (valid / total) ---
  Bool               1 / 1
  Int                5 / 5
  I64                2 / 2
  F32                5 / 5
  F64                2 / 2
  CString            6 / 6
  Vec3               1 / 1
  Vertex             140 / 140
  Model              1 / 1
  Texture            1 / 1
  Bounds             6 / 6
  Debug_Stats        1 / 1
  FrameData          1 / 1
  Strings_Builder    1 / 1
  DataPoint          1 / 1
  Field              2 / 2
  Metadata           176 / 176
  TOTAL              352 / 352

--- FETCHES (edit / copy / set) ---
  Int                287 / 0 / 0
  I64                572 / 0 / 0
  F32                286 / 0 / 0
  F64                286 / 0 / 0
  Vec3               573 / 0 / 0
  Texture            286 / 0 / 0
  Debug_Stats        1430 / 0 / 0
  DataPoint          286 / 0 / 0
  Field              286 / 0 / 0

--- FIELD OCCUPANCY ---
  Field[0] 'world_field_meta' levels:4 dims:3
    bounds X:[-8.0000,8.0000] Y:[-8.0000,8.0000] Z:[-8.0000,8.0000]
    level 0: 1 / 1 cells occupied
    level 1: 2 / 8 cells occupied
    level 2: 4 / 64 cells occupied
    level 3: 6 / 512 cells occupied
    level 4: 6 / 4096 cells occupied
  Field[1] 'model_field' levels:4 dims:3
    bounds X:[-1.0000,1.0000] Y:[-1.0000,1.0000] Z:[-1.0000,1.0000]
    level 0: 1 / 1 cells occupied
    level 1: 6 / 8 cells occupied
    level 2: 28 / 64 cells occupied
    level 3: 96 / 512 cells occupied
    level 4: 140 / 4096 cells occupied

[F2: enable fetch timing]

---
=== HOLLOWS ENGINE ===
FPS: 125 | Pixel: 6.8ms | Input: 0.000ms | Texture: 1.120ms
Camera: [0.00, 0.00, 6.00]

--- DATA (valid / total) ---
  Bool               1 / 1
  Int                5 / 5
  I64                2 / 2
  F32                5 / 5
  F64                2 / 2
  CString            6 / 6
  Vec3               1 / 1
  Vertex             140 / 140
  Model              1 / 1
  Texture            1 / 1
  Bounds             6 / 6
  Debug_Stats        1 / 1
  FrameData          1 / 1
  Strings_Builder    1 / 1
  DataPoint          1 / 1
  Field              2 / 2
  Metadata           176 / 176
  TOTAL              352 / 352

--- FETCHES (edit / copy / set) ---
  Int                263 / 0 / 0
  I64                524 / 0 / 0
  F32                262 / 0 / 0
  F64                262 / 0 / 0
  Vec3               525 / 0 / 0
  Texture            262 / 0 / 0
  Debug_Stats        1310 / 0 / 0
  DataPoint          262 / 0 / 0
  Field              262 / 0 / 0

--- FIELD OCCUPANCY ---
  Field[0] 'world_field_meta' levels:4 dims:3
    bounds X:[-8.0000,8.0000] Y:[-8.0000,8.0000] Z:[-8.0000,8.0000]
    level 0: 1 / 1 cells occupied
    level 1: 2 / 8 cells occupied
    level 2: 4 / 64 cells occupied
    level 3: 6 / 512 cells occupied
    level 4: 6 / 4096 cells occupied
  Field[1] 'model_field' levels:4 dims:3
    bounds X:[-1.0000,1.0000] Y:[-1.0000,1.0000] Z:[-1.0000,1.0000]
    level 0: 1 / 1 cells occupied
    level 1: 6 / 8 cells occupied
    level 2: 28 / 64 cells occupied
    level 3: 96 / 512 cells occupied
    level 4: 140 / 4096 cells occupied

[F2: enable fetch timing]

---
=== HOLLOWS ENGINE ===
FPS: 112 | Pixel: 7.6ms | Input: 0.000ms | Texture: 1.136ms
Camera: [0.00, 0.00, 6.00]

--- DATA (valid / total) ---
  Bool               1 / 1
  Int                5 / 5
  I64                2 / 2
  F32                5 / 5
  F64                2 / 2
  CString            6 / 6
  Vec3               1 / 1
  Vertex             140 / 140
  Model              1 / 1
  Texture            1 / 1
  Bounds             6 / 6
  Debug_Stats        1 / 1
  FrameData          1 / 1
  Strings_Builder    1 / 1
  DataPoint          1 / 1
  Field              2 / 2
  Metadata           176 / 176
  TOTAL              352 / 352

--- FETCHES (edit / copy / set) ---
  Int                237 / 0 / 0
  I64                472 / 0 / 0
  F32                236 / 0 / 0
  F64                236 / 0 / 0
  Vec3               473 / 0 / 0
  Texture            236 / 0 / 0
  Debug_Stats        1180 / 0 / 0
  DataPoint          236 / 0 / 0
  Field              236 / 0 / 0

--- FIELD OCCUPANCY ---
  Field[0] 'world_field_meta' levels:4 dims:3
    bounds X:[-8.0000,8.0000] Y:[-8.0000,8.0000] Z:[-8.0000,8.0000]
    level 0: 1 / 1 cells occupied
    level 1: 2 / 8 cells occupied
    level 2: 4 / 64 cells occupied
    level 3: 6 / 512 cells occupied
    level 4: 6 / 4096 cells occupied
  Field[1] 'model_field' levels:4 dims:3
    bounds X:[-1.0000,1.0000] Y:[-1.0000,1.0000] Z:[-1.0000,1.0000]
    level 0: 1 / 1 cells occupied
    level 1: 6 / 8 cells occupied
    level 2: 28 / 64 cells occupied
    level 3: 96 / 512 cells occupied
    level 4: 140 / 4096 cells occupied

[F2: enable fetch timing]

---
=== HOLLOWS ENGINE ===
FPS: 115 | Pixel: 7.4ms | Input: 0.001ms | Texture: 1.164ms
Camera: [0.00, 0.00, 6.00]

--- DATA (valid / total) ---
  Bool               1 / 1
  Int                5 / 5
  I64                2 / 2
  F32                5 / 5
  F64                2 / 2
  CString            6 / 6
  Vec3               1 / 1
  Vertex             140 / 140
  Model              1 / 1
  Texture            1 / 1
  Bounds             6 / 6
  Debug_Stats        1 / 1
  FrameData          1 / 1
  Strings_Builder    1 / 1
  DataPoint          1 / 1
  Field              2 / 2
  Metadata           176 / 176
  TOTAL              352 / 352

--- FETCHES (edit / copy / set) ---
  Int                230 / 0 / 0
  I64                458 / 0 / 0
  F32                229 / 0 / 0
  F64                229 / 0 / 0
  Vec3               459 / 0 / 0
  Texture            229 / 0 / 0
  Debug_Stats        1145 / 0 / 0
  DataPoint          229 / 0 / 0
  Field              229 / 0 / 0

--- FIELD OCCUPANCY ---
  Field[0] 'world_field_meta' levels:4 dims:3
    bounds X:[-8.0000,8.0000] Y:[-8.0000,8.0000] Z:[-8.0000,8.0000]
    level 0: 1 / 1 cells occupied
    level 1: 2 / 8 cells occupied
    level 2: 4 / 64 cells occupied
    level 3: 6 / 512 cells occupied
    level 4: 6 / 4096 cells occupied
  Field[1] 'model_field' levels:4 dims:3
    bounds X:[-1.0000,1.0000] Y:[-1.0000,1.0000] Z:[-1.0000,1.0000]
    level 0: 1 / 1 cells occupied
    level 1: 6 / 8 cells occupied
    level 2: 28 / 64 cells occupied
    level 3: 96 / 512 cells occupied
    level 4: 140 / 4096 cells occupied

[F2: enable fetch timing]

---
=== HOLLOWS ENGINE ===
FPS: 124 | Pixel: 6.8ms | Input: 0.000ms | Texture: 1.164ms
Camera: [0.00, 0.00, 6.00]

--- DATA (valid / total) ---
  Bool               1 / 1
  Int                5 / 5
  I64                2 / 2
  F32                5 / 5
  F64                2 / 2
  CString            6 / 6
  Vec3               1 / 1
  Vertex             140 / 140
  Model              1 / 1
  Texture            1 / 1
  Bounds             6 / 6
  Debug_Stats        1 / 1
  FrameData          1 / 1
  Strings_Builder    1 / 1
  DataPoint          1 / 1
  Field              2 / 2
  Metadata           176 / 176
  TOTAL              352 / 352

--- FETCHES (edit / copy / set) ---
  Int                240 / 0 / 0
  I64                478 / 0 / 0
  F32                239 / 0 / 0
  F64                239 / 0 / 0
  Vec3               479 / 0 / 0
  Texture            239 / 0 / 0
  Debug_Stats        1195 / 0 / 0
  DataPoint          239 / 0 / 0
  Field              239 / 0 / 0

--- FIELD OCCUPANCY ---
  Field[0] 'world_field_meta' levels:4 dims:3
    bounds X:[-8.0000,8.0000] Y:[-8.0000,8.0000] Z:[-8.0000,8.0000]
    level 0: 1 / 1 cells occupied
    level 1: 2 / 8 cells occupied
    level 2: 4 / 64 cells occupied
    level 3: 6 / 512 cells occupied
    level 4: 6 / 4096 cells occupied
  Field[1] 'model_field' levels:4 dims:3
    bounds X:[-1.0000,1.0000] Y:[-1.0000,1.0000] Z:[-1.0000,1.0000]
    level 0: 1 / 1 cells occupied
    level 1: 6 / 8 cells occupied
    level 2: 28 / 64 cells occupied
    level 3: 96 / 512 cells occupied
    level 4: 140 / 4096 cells occupied

[F2: enable fetch timing]

---
=== HOLLOWS ENGINE ===
FPS: 139 | Pixel: 5.9ms | Input: 0.001ms | Texture: 1.145ms
Camera: [0.00, 0.00, 6.00]

--- DATA (valid / total) ---
  Bool               1 / 1
  Int                5 / 5
  I64                2 / 2
  F32                5 / 5
  F64                2 / 2
  CString            6 / 6
  Vec3               1 / 1
  Vertex             140 / 140
  Model              1 / 1
  Texture            1 / 1
  Bounds             6 / 6
  Debug_Stats        1 / 1
  FrameData          1 / 1
  Strings_Builder    1 / 1
  DataPoint          1 / 1
  Field              2 / 2
  Metadata           176 / 176
  TOTAL              352 / 352

--- FETCHES (edit / copy / set) ---
  Int                267 / 0 / 0
  I64                532 / 0 / 0
  F32                266 / 0 / 0
  F64                266 / 0 / 0
  Vec3               533 / 0 / 0
  Texture            266 / 0 / 0
  Debug_Stats        1330 / 0 / 0
  DataPoint          266 / 0 / 0
  Field              266 / 0 / 0

--- FIELD OCCUPANCY ---
  Field[0] 'world_field_meta' levels:4 dims:3
    bounds X:[-8.0000,8.0000] Y:[-8.0000,8.0000] Z:[-8.0000,8.0000]
    level 0: 1 / 1 cells occupied
    level 1: 2 / 8 cells occupied
    level 2: 4 / 64 cells occupied
    level 3: 6 / 512 cells occupied
    level 4: 6 / 4096 cells occupied
  Field[1] 'model_field' levels:4 dims:3
    bounds X:[-1.0000,1.0000] Y:[-1.0000,1.0000] Z:[-1.0000,1.0000]
    level 0: 1 / 1 cells occupied
    level 1: 6 / 8 cells occupied
    level 2: 28 / 64 cells occupied
    level 3: 96 / 512 cells occupied
    level 4: 140 / 4096 cells occupied

[F2: enable fetch timing]

---
=== HOLLOWS ENGINE ===
FPS: 143 | Pixel: 5.7ms | Input: 0.000ms | Texture: 1.147ms
Camera: [0.00, 0.00, 6.00]

--- DATA (valid / total) ---
  Bool               1 / 1
  Int                5 / 5
  I64                2 / 2
  F32                5 / 5
  F64                2 / 2
  CString            6 / 6
  Vec3               1 / 1
  Vertex             140 / 140
  Model              1 / 1
  Texture            1 / 1
  Bounds             6 / 6
  Debug_Stats        1 / 1
  FrameData          1 / 1
  Strings_Builder    1 / 1
  DataPoint          1 / 1
  Field              2 / 2
  Metadata           176 / 176
  TOTAL              352 / 352

--- FETCHES (edit / copy / set) ---
  Int                283 / 0 / 0
  I64                564 / 0 / 0
  F32                282 / 0 / 0
  F64                282 / 0 / 0
  Vec3               565 / 0 / 0
  Texture            282 / 0 / 0
  Debug_Stats        1410 / 0 / 0
  DataPoint          282 / 0 / 0
  Field              282 / 0 / 0

--- FIELD OCCUPANCY ---
  Field[0] 'world_field_meta' levels:4 dims:3
    bounds X:[-8.0000,8.0000] Y:[-8.0000,8.0000] Z:[-8.0000,8.0000]
    level 0: 1 / 1 cells occupied
    level 1: 2 / 8 cells occupied
    level 2: 4 / 64 cells occupied
    level 3: 6 / 512 cells occupied
    level 4: 6 / 4096 cells occupied
  Field[1] 'model_field' levels:4 dims:3
    bounds X:[-1.0000,1.0000] Y:[-1.0000,1.0000] Z:[-1.0000,1.0000]
    level 0: 1 / 1 cells occupied
    level 1: 6 / 8 cells occupied
    level 2: 28 / 64 cells occupied
    level 3: 96 / 512 cells occupied
    level 4: 140 / 4096 cells occupied

[F2: enable fetch timing]

---
=== HOLLOWS ENGINE ===
FPS: 143 | Pixel: 6.6ms | Input: 0.000ms | Texture: 1.395ms
Camera: [0.00, 0.00, 6.00]

--- DATA (valid / total) ---
  Bool               1 / 1
  Int                5 / 5
  I64                2 / 2
  F32                5 / 5
  F64                2 / 2
  CString            6 / 6
  Vec3               1 / 1
  Vertex             140 / 140
  Model              1 / 1
  Texture            1 / 1
  Bounds             6 / 6
  Debug_Stats        1 / 1
  FrameData          1 / 1
  Strings_Builder    1 / 1
  DataPoint          1 / 1
  Field              2 / 2
  Metadata           176 / 176
  TOTAL              352 / 352

--- FETCHES (edit / copy / set) ---
  Int                299 / 0 / 0
  I64                596 / 0 / 0
  F32                298 / 0 / 0
  F64                298 / 0 / 0
  Vec3               597 / 0 / 0
  Texture            298 / 0 / 0
  Debug_Stats        1490 / 0 / 0
  DataPoint          298 / 0 / 0
  Field              298 / 0 / 0

--- FIELD OCCUPANCY ---
  Field[0] 'world_field_meta' levels:4 dims:3
    bounds X:[-8.0000,8.0000] Y:[-8.0000,8.0000] Z:[-8.0000,8.0000]
    level 0: 1 / 1 cells occupied
    level 1: 2 / 8 cells occupied
    level 2: 4 / 64 cells occupied
    level 3: 6 / 512 cells occupied
    level 4: 6 / 4096 cells occupied
  Field[1] 'model_field' levels:4 dims:3
    bounds X:[-1.0000,1.0000] Y:[-1.0000,1.0000] Z:[-1.0000,1.0000]
    level 0: 1 / 1 cells occupied
    level 1: 6 / 8 cells occupied
    level 2: 28 / 64 cells occupied
    level 3: 96 / 512 cells occupied
    level 4: 140 / 4096 cells occupied

[F2: enable fetch timing]

---
=== HOLLOWS ENGINE ===
FPS: 146 | Pixel: 5.6ms | Input: 0.000ms | Texture: 1.135ms
Camera: [0.00, 0.00, 6.00]

--- DATA (valid / total) ---
  Bool               1 / 1
  Int                5 / 5
  I64                2 / 2
  F32                5 / 5
  F64                2 / 2
  CString            6 / 6
  Vec3               1 / 1
  Vertex             140 / 140
  Model              1 / 1
  Texture            1 / 1
  Bounds             6 / 6
  Debug_Stats        1 / 1
  FrameData          1 / 1
  Strings_Builder    1 / 1
  DataPoint          1 / 1
  Field              2 / 2
  Metadata           176 / 176
  TOTAL              352 / 352

--- FETCHES (edit / copy / set) ---
  Int                296 / 0 / 0
  I64                590 / 0 / 0
  F32                295 / 0 / 0
  F64                295 / 0 / 0
  Vec3               591 / 0 / 0
  Texture            295 / 0 / 0
  Debug_Stats        1475 / 0 / 0
  DataPoint          295 / 0 / 0
  Field              295 / 0 / 0

--- FIELD OCCUPANCY ---
  Field[0] 'world_field_meta' levels:4 dims:3
    bounds X:[-8.0000,8.0000] Y:[-8.0000,8.0000] Z:[-8.0000,8.0000]
    level 0: 1 / 1 cells occupied
    level 1: 2 / 8 cells occupied
    level 2: 4 / 64 cells occupied
    level 3: 6 / 512 cells occupied
    level 4: 6 / 4096 cells occupied
  Field[1] 'model_field' levels:4 dims:3
    bounds X:[-1.0000,1.0000] Y:[-1.0000,1.0000] Z:[-1.0000,1.0000]
    level 0: 1 / 1 cells occupied
    level 1: 6 / 8 cells occupied
    level 2: 28 / 64 cells occupied
    level 3: 96 / 512 cells occupied
    level 4: 140 / 4096 cells occupied

[F2: enable fetch timing]

---
=== HOLLOWS ENGINE ===
FPS: 125 | Pixel: 6.7ms | Input: 0.000ms | Texture: 1.171ms
Camera: [0.00, 0.00, 6.00]

--- DATA (valid / total) ---
  Bool               1 / 1
  Int                5 / 5
  I64                2 / 2
  F32                5 / 5
  F64                2 / 2
  CString            6 / 6
  Vec3               1 / 1
  Vertex             140 / 140
  Model              1 / 1
  Texture            1 / 1
  Bounds             6 / 6
  Debug_Stats        1 / 1
  FrameData          1 / 1
  Strings_Builder    1 / 1
  DataPoint          1 / 1
  Field              2 / 2
  Metadata           176 / 176
  TOTAL              352 / 352

--- FETCHES (edit / copy / set) ---
  Int                274 / 0 / 0
  I64                546 / 0 / 0
  F32                273 / 0 / 0
  F64                273 / 0 / 0
  Vec3               547 / 0 / 0
  Texture            273 / 0 / 0
  Debug_Stats        1365 / 0 / 0
  DataPoint          273 / 0 / 0
  Field              273 / 0 / 0

--- FIELD OCCUPANCY ---
  Field[0] 'world_field_meta' levels:4 dims:3
    bounds X:[-8.0000,8.0000] Y:[-8.0000,8.0000] Z:[-8.0000,8.0000]
    level 0: 1 / 1 cells occupied
    level 1: 2 / 8 cells occupied
    level 2: 4 / 64 cells occupied
    level 3: 6 / 512 cells occupied
    level 4: 6 / 4096 cells occupied
  Field[1] 'model_field' levels:4 dims:3
    bounds X:[-1.0000,1.0000] Y:[-1.0000,1.0000] Z:[-1.0000,1.0000]
    level 0: 1 / 1 cells occupied
    level 1: 6 / 8 cells occupied
    level 2: 28 / 64 cells occupied
    level 3: 96 / 512 cells occupied
    level 4: 140 / 4096 cells occupied

[F2: enable fetch timing]

---
=== HOLLOWS ENGINE ===
FPS: 122 | Pixel: 6.9ms | Input: 0.000ms | Texture: 1.142ms
Camera: [0.00, 0.00, 6.00]

--- DATA (valid / total) ---
  Bool               1 / 1
  Int                5 / 5
  I64                2 / 2
  F32                5 / 5
  F64                2 / 2
  CString            6 / 6
  Vec3               1 / 1
  Vertex             140 / 140
  Model              1 / 1
  Texture            1 / 1
  Bounds             6 / 6
  Debug_Stats        1 / 1
  FrameData          1 / 1
  Strings_Builder    1 / 1
  DataPoint          1 / 1
  Field              2 / 2
  Metadata           176 / 176
  TOTAL              352 / 352

--- FETCHES (edit / copy / set) ---
  Int                243 / 0 / 0
  I64                484 / 0 / 0
  F32                242 / 0 / 0
  F64                242 / 0 / 0
  Vec3               485 / 0 / 0
  Texture            242 / 0 / 0
  Debug_Stats        1210 / 0 / 0
  DataPoint          242 / 0 / 0
  Field              242 / 0 / 0

--- FIELD OCCUPANCY ---
  Field[0] 'world_field_meta' levels:4 dims:3
    bounds X:[-8.0000,8.0000] Y:[-8.0000,8.0000] Z:[-8.0000,8.0000]
    level 0: 1 / 1 cells occupied
    level 1: 2 / 8 cells occupied
    level 2: 4 / 64 cells occupied
    level 3: 6 / 512 cells occupied
    level 4: 6 / 4096 cells occupied
  Field[1] 'model_field' levels:4 dims:3
    bounds X:[-1.0000,1.0000] Y:[-1.0000,1.0000] Z:[-1.0000,1.0000]
    level 0: 1 / 1 cells occupied
    level 1: 6 / 8 cells occupied
    level 2: 28 / 64 cells occupied
    level 3: 96 / 512 cells occupied
    level 4: 140 / 4096 cells occupied

[F2: enable fetch timing]

---
=== HOLLOWS ENGINE ===
FPS: 135 | Pixel: 6.2ms | Input: 0.000ms | Texture: 1.156ms
Camera: [0.00, 0.00, 6.00]

--- DATA (valid / total) ---
  Bool               1 / 1
  Int                5 / 5
  I64                2 / 2
  F32                5 / 5
  F64                2 / 2
  CString            6 / 6
  Vec3               1 / 1
  Vertex             140 / 140
  Model              1 / 1
  Texture            1 / 1
  Bounds             6 / 6
  Debug_Stats        1 / 1
  FrameData          1 / 1
  Strings_Builder    1 / 1
  DataPoint          1 / 1
  Field              2 / 2
  Metadata           176 / 176
  TOTAL              352 / 352

--- FETCHES (edit / copy / set) ---
  Int                254 / 0 / 0
  I64                506 / 0 / 0
  F32                253 / 0 / 0
  F64                253 / 0 / 0
  Vec3               507 / 0 / 0
  Texture            253 / 0 / 0
  Debug_Stats        1265 / 0 / 0
  DataPoint          253 / 0 / 0
  Field              253 / 0 / 0

--- FIELD OCCUPANCY ---
  Field[0] 'world_field_meta' levels:4 dims:3
    bounds X:[-8.0000,8.0000] Y:[-8.0000,8.0000] Z:[-8.0000,8.0000]
    level 0: 1 / 1 cells occupied
    level 1: 2 / 8 cells occupied
    level 2: 4 / 64 cells occupied
    level 3: 6 / 512 cells occupied
    level 4: 6 / 4096 cells occupied
  Field[1] 'model_field' levels:4 dims:3
    bounds X:[-1.0000,1.0000] Y:[-1.0000,1.0000] Z:[-1.0000,1.0000]
    level 0: 1 / 1 cells occupied
    level 1: 6 / 8 cells occupied
    level 2: 28 / 64 cells occupied
    level 3: 96 / 512 cells occupied
    level 4: 140 / 4096 cells occupied

[F2: enable fetch timing]

---
=== HOLLOWS ENGINE ===
FPS: 150 | Pixel: 5.6ms | Input: 0.000ms | Texture: 1.156ms
Camera: [0.00, 0.00, 6.00]

--- DATA (valid / total) ---
  Bool               1 / 1
  Int                5 / 5
  I64                2 / 2
  F32                5 / 5
  F64                2 / 2
  CString            6 / 6
  Vec3               1 / 1
  Vertex             140 / 140
  Model              1 / 1
  Texture            1 / 1
  Bounds             6 / 6
  Debug_Stats        1 / 1
  FrameData          1 / 1
  Strings_Builder    1 / 1
  DataPoint          1 / 1
  Field              2 / 2
  Metadata           176 / 176
  TOTAL              352 / 352

--- FETCHES (edit / copy / set) ---
  Int                292 / 0 / 0
  I64                582 / 0 / 0
  F32                291 / 0 / 0
  F64                291 / 0 / 0
  Vec3               583 / 0 / 0
  Texture            291 / 0 / 0
  Debug_Stats        1455 / 0 / 0
  DataPoint          291 / 0 / 0
  Field              291 / 0 / 0

--- FIELD OCCUPANCY ---
  Field[0] 'world_field_meta' levels:4 dims:3
    bounds X:[-8.0000,8.0000] Y:[-8.0000,8.0000] Z:[-8.0000,8.0000]
    level 0: 1 / 1 cells occupied
    level 1: 2 / 8 cells occupied
    level 2: 4 / 64 cells occupied
    level 3: 6 / 512 cells occupied
    level 4: 6 / 4096 cells occupied
  Field[1] 'model_field' levels:4 dims:3
    bounds X:[-1.0000,1.0000] Y:[-1.0000,1.0000] Z:[-1.0000,1.0000]
    level 0: 1 / 1 cells occupied
    level 1: 6 / 8 cells occupied
    level 2: 28 / 64 cells occupied
    level 3: 96 / 512 cells occupied
    level 4: 140 / 4096 cells occupied

[F2: enable fetch timing]

---
=== HOLLOWS ENGINE ===
FPS: 141 | Pixel: 5.6ms | Input: 0.000ms | Texture: 1.157ms
Camera: [0.00, 0.00, 6.00]

--- DATA (valid / total) ---
  Bool               1 / 1
  Int                5 / 5
  I64                2 / 2
  F32                5 / 5
  F64                2 / 2
  CString            6 / 6
  Vec3               1 / 1
  Vertex             140 / 140
  Model              1 / 1
  Texture            1 / 1
  Bounds             6 / 6
  Debug_Stats        1 / 1
  FrameData          1 / 1
  Strings_Builder    1 / 1
  DataPoint          1 / 1
  Field              2 / 2
  Metadata           176 / 176
  TOTAL              352 / 352

--- FETCHES (edit / copy / set) ---
  Int                293 / 0 / 0
  I64                584 / 0 / 0
  F32                292 / 0 / 0
  F64                292 / 0 / 0
  Vec3               585 / 0 / 0
  Texture            292 / 0 / 0
  Debug_Stats        1460 / 0 / 0
  DataPoint          292 / 0 / 0
  Field              292 / 0 / 0

--- FIELD OCCUPANCY ---
  Field[0] 'world_field_meta' levels:4 dims:3
    bounds X:[-8.0000,8.0000] Y:[-8.0000,8.0000] Z:[-8.0000,8.0000]
    level 0: 1 / 1 cells occupied
    level 1: 2 / 8 cells occupied
    level 2: 4 / 64 cells occupied
    level 3: 6 / 512 cells occupied
    level 4: 6 / 4096 cells occupied
  Field[1] 'model_field' levels:4 dims:3
    bounds X:[-1.0000,1.0000] Y:[-1.0000,1.0000] Z:[-1.0000,1.0000]
    level 0: 1 / 1 cells occupied
    level 1: 6 / 8 cells occupied
    level 2: 28 / 64 cells occupied
    level 3: 96 / 512 cells occupied
    level 4: 140 / 4096 cells occupied

[F2: enable fetch timing]

---
=== HOLLOWS ENGINE ===
FPS: 143 | Pixel: 5.7ms | Input: 0.000ms | Texture: 1.155ms
Camera: [0.00, 0.00, 6.00]

--- DATA (valid / total) ---
  Bool               1 / 1
  Int                5 / 5
  I64                2 / 2
  F32                5 / 5
  F64                2 / 2
  CString            6 / 6
  Vec3               1 / 1
  Vertex             140 / 140
  Model              1 / 1
  Texture            1 / 1
  Bounds             6 / 6
  Debug_Stats        1 / 1
  FrameData          1 / 1
  Strings_Builder    1 / 1
  DataPoint          1 / 1
  Field              2 / 2
  Metadata           176 / 176
  TOTAL              352 / 352

--- FETCHES (edit / copy / set) ---
  Int                291 / 0 / 0
  I64                580 / 0 / 0
  F32                290 / 0 / 0
  F64                290 / 0 / 0
  Vec3               581 / 0 / 0
  Texture            290 / 0 / 0
  Debug_Stats        1450 / 0 / 0
  DataPoint          290 / 0 / 0
  Field              290 / 0 / 0

--- FIELD OCCUPANCY ---
  Field[0] 'world_field_meta' levels:4 dims:3
    bounds X:[-8.0000,8.0000] Y:[-8.0000,8.0000] Z:[-8.0000,8.0000]
    level 0: 1 / 1 cells occupied
    level 1: 2 / 8 cells occupied
    level 2: 4 / 64 cells occupied
    level 3: 6 / 512 cells occupied
    level 4: 6 / 4096 cells occupied
  Field[1] 'model_field' levels:4 dims:3
    bounds X:[-1.0000,1.0000] Y:[-1.0000,1.0000] Z:[-1.0000,1.0000]
    level 0: 1 / 1 cells occupied
    level 1: 6 / 8 cells occupied
    level 2: 28 / 64 cells occupied
    level 3: 96 / 512 cells occupied
    level 4: 140 / 4096 cells occupied

[F2: enable fetch timing]

---
=== HOLLOWS ENGINE ===
FPS: 139 | Pixel: 5.9ms | Input: 0.000ms | Texture: 1.150ms
Camera: [0.00, 0.00, 6.00]

--- DATA (valid / total) ---
  Bool               1 / 1
  Int                5 / 5
  I64                2 / 2
  F32                5 / 5
  F64                2 / 2
  CString            6 / 6
  Vec3               1 / 1
  Vertex             140 / 140
  Model              1 / 1
  Texture            1 / 1
  Bounds             6 / 6
  Debug_Stats        1 / 1
  FrameData          1 / 1
  Strings_Builder    1 / 1
  DataPoint          1 / 1
  Field              2 / 2
  Metadata           176 / 176
  TOTAL              352 / 352

--- FETCHES (edit / copy / set) ---
  Int                269 / 0 / 0
  I64                536 / 0 / 0
  F32                268 / 0 / 0
  F64                268 / 0 / 0
  Vec3               537 / 0 / 0
  Texture            268 / 0 / 0
  Debug_Stats        1340 / 0 / 0
  DataPoint          268 / 0 / 0
  Field              268 / 0 / 0

--- FIELD OCCUPANCY ---
  Field[0] 'world_field_meta' levels:4 dims:3
    bounds X:[-8.0000,8.0000] Y:[-8.0000,8.0000] Z:[-8.0000,8.0000]
    level 0: 1 / 1 cells occupied
    level 1: 2 / 8 cells occupied
    level 2: 4 / 64 cells occupied
    level 3: 6 / 512 cells occupied
    level 4: 6 / 4096 cells occupied
  Field[1] 'model_field' levels:4 dims:3
    bounds X:[-1.0000,1.0000] Y:[-1.0000,1.0000] Z:[-1.0000,1.0000]
    level 0: 1 / 1 cells occupied
    level 1: 6 / 8 cells occupied
    level 2: 28 / 64 cells occupied
    level 3: 96 / 512 cells occupied
    level 4: 140 / 4096 cells occupied

[F2: enable fetch timing]

---
=== HOLLOWS ENGINE ===
FPS: 119 | Pixel: 7.2ms | Input: 0.000ms | Texture: 1.203ms
Camera: [0.00, 0.00, 6.00]

--- DATA (valid / total) ---
  Bool               1 / 1
  Int                5 / 5
  I64                2 / 2
  F32                5 / 5
  F64                2 / 2
  CString            6 / 6
  Vec3               1 / 1
  Vertex             140 / 140
  Model              1 / 1
  Texture            1 / 1
  Bounds             6 / 6
  Debug_Stats        1 / 1
  FrameData          1 / 1
  Strings_Builder    1 / 1
  DataPoint          1 / 1
  Field              2 / 2
  Metadata           176 / 176
  TOTAL              352 / 352

--- FETCHES (edit / copy / set) ---
  Int                249 / 0 / 0
  I64                496 / 0 / 0
  F32                248 / 0 / 0
  F64                248 / 0 / 0
  Vec3               497 / 0 / 0
  Texture            248 / 0 / 0
  Debug_Stats        1240 / 0 / 0
  DataPoint          248 / 0 / 0
  Field              248 / 0 / 0

--- FIELD OCCUPANCY ---
  Field[0] 'world_field_meta' levels:4 dims:3
    bounds X:[-8.0000,8.0000] Y:[-8.0000,8.0000] Z:[-8.0000,8.0000]
    level 0: 1 / 1 cells occupied
    level 1: 2 / 8 cells occupied
    level 2: 4 / 64 cells occupied
    level 3: 6 / 512 cells occupied
    level 4: 6 / 4096 cells occupied
  Field[1] 'model_field' levels:4 dims:3
    bounds X:[-1.0000,1.0000] Y:[-1.0000,1.0000] Z:[-1.0000,1.0000]
    level 0: 1 / 1 cells occupied
    level 1: 6 / 8 cells occupied
    level 2: 28 / 64 cells occupied
    level 3: 96 / 512 cells occupied
    level 4: 140 / 4096 cells occupied

[F2: enable fetch timing]

---
=== HOLLOWS ENGINE ===
FPS: 111 | Pixel: 7.9ms | Input: 0.000ms | Texture: 1.187ms
Camera: [0.00, 0.00, 6.00]

--- DATA (valid / total) ---
  Bool               1 / 1
  Int                5 / 5
  I64                2 / 2
  F32                5 / 5
  F64                2 / 2
  CString            6 / 6
  Vec3               1 / 1
  Vertex             140 / 140
  Model              1 / 1
  Texture            1 / 1
  Bounds             6 / 6
  Debug_Stats        1 / 1
  FrameData          1 / 1
  Strings_Builder    1 / 1
  DataPoint          1 / 1
  Field              2 / 2
  Metadata           176 / 176
  TOTAL              352 / 352

--- FETCHES (edit / copy / set) ---
  Int                223 / 0 / 0
  I64                444 / 0 / 0
  F32                222 / 0 / 0
  F64                222 / 0 / 0
  Vec3               445 / 0 / 0
  Texture            222 / 0 / 0
  Debug_Stats        1110 / 0 / 0
  DataPoint          222 / 0 / 0
  Field              222 / 0 / 0

--- FIELD OCCUPANCY ---
  Field[0] 'world_field_meta' levels:4 dims:3
    bounds X:[-8.0000,8.0000] Y:[-8.0000,8.0000] Z:[-8.0000,8.0000]
    level 0: 1 / 1 cells occupied
    level 1: 2 / 8 cells occupied
    level 2: 4 / 64 cells occupied
    level 3: 6 / 512 cells occupied
    level 4: 6 / 4096 cells occupied
  Field[1] 'model_field' levels:4 dims:3
    bounds X:[-1.0000,1.0000] Y:[-1.0000,1.0000] Z:[-1.0000,1.0000]
    level 0: 1 / 1 cells occupied
    level 1: 6 / 8 cells occupied
    level 2: 28 / 64 cells occupied
    level 3: 96 / 512 cells occupied
    level 4: 140 / 4096 cells occupied

[F2: enable fetch timing]

---
=== HOLLOWS ENGINE ===
FPS: 112 | Pixel: 7.3ms | Input: 0.001ms | Texture: 1.217ms
Camera: [0.00, 0.00, 6.00]

--- DATA (valid / total) ---
  Bool               1 / 1
  Int                5 / 5
  I64                2 / 2
  F32                5 / 5
  F64                2 / 2
  CString            6 / 6
  Vec3               1 / 1
  Vertex             140 / 140
  Model              1 / 1
  Texture            1 / 1
  Bounds             6 / 6
  Debug_Stats        1 / 1
  FrameData          1 / 1
  Strings_Builder    1 / 1
  DataPoint          1 / 1
  Field              2 / 2
  Metadata           176 / 176
  TOTAL              352 / 352

--- FETCHES (edit / copy / set) ---
  Int                228 / 0 / 0
  I64                454 / 0 / 0
  F32                227 / 0 / 0
  F64                227 / 0 / 0
  Vec3               455 / 0 / 0
  Texture            227 / 0 / 0
  Debug_Stats        1135 / 0 / 0
  DataPoint          227 / 0 / 0
  Field              227 / 0 / 0

--- FIELD OCCUPANCY ---
  Field[0] 'world_field_meta' levels:4 dims:3
    bounds X:[-8.0000,8.0000] Y:[-8.0000,8.0000] Z:[-8.0000,8.0000]
    level 0: 1 / 1 cells occupied
    level 1: 2 / 8 cells occupied
    level 2: 4 / 64 cells occupied
    level 3: 6 / 512 cells occupied
    level 4: 6 / 4096 cells occupied
  Field[1] 'model_field' levels:4 dims:3
    bounds X:[-1.0000,1.0000] Y:[-1.0000,1.0000] Z:[-1.0000,1.0000]
    level 0: 1 / 1 cells occupied
    level 1: 6 / 8 cells occupied
    level 2: 28 / 64 cells occupied
    level 3: 96 / 512 cells occupied
    level 4: 140 / 4096 cells occupied

[F2: enable fetch timing]

---
=== HOLLOWS ENGINE ===
FPS: 128 | Pixel: 6.6ms | Input: 0.001ms | Texture: 1.192ms
Camera: [0.00, 0.00, 6.00]

--- DATA (valid / total) ---
  Bool               1 / 1
  Int                5 / 5
  I64                2 / 2
  F32                5 / 5
  F64                2 / 2
  CString            6 / 6
  Vec3               1 / 1
  Vertex             140 / 140
  Model              1 / 1
  Texture            1 / 1
  Bounds             6 / 6
  Debug_Stats        1 / 1
  FrameData          1 / 1
  Strings_Builder    1 / 1
  DataPoint          1 / 1
  Field              2 / 2
  Metadata           176 / 176
  TOTAL              352 / 352

--- FETCHES (edit / copy / set) ---
  Int                243 / 0 / 0
  I64                484 / 0 / 0
  F32                242 / 0 / 0
  F64                242 / 0 / 0
  Vec3               485 / 0 / 0
  Texture            242 / 0 / 0
  Debug_Stats        1210 / 0 / 0
  DataPoint          242 / 0 / 0
  Field              242 / 0 / 0

--- FIELD OCCUPANCY ---
  Field[0] 'world_field_meta' levels:4 dims:3
    bounds X:[-8.0000,8.0000] Y:[-8.0000,8.0000] Z:[-8.0000,8.0000]
    level 0: 1 / 1 cells occupied
    level 1: 2 / 8 cells occupied
    level 2: 4 / 64 cells occupied
    level 3: 6 / 512 cells occupied
    level 4: 6 / 4096 cells occupied
  Field[1] 'model_field' levels:4 dims:3
    bounds X:[-1.0000,1.0000] Y:[-1.0000,1.0000] Z:[-1.0000,1.0000]
    level 0: 1 / 1 cells occupied
    level 1: 6 / 8 cells occupied
    level 2: 28 / 64 cells occupied
    level 3: 96 / 512 cells occupied
    level 4: 140 / 4096 cells occupied

[F2: enable fetch timing]

---
=== HOLLOWS ENGINE ===
FPS: 141 | Pixel: 5.8ms | Input: 0.001ms | Texture: 1.156ms
Camera: [0.00, 0.00, 6.00]

--- DATA (valid / total) ---
  Bool               1 / 1
  Int                5 / 5
  I64                2 / 2
  F32                5 / 5
  F64                2 / 2
  CString            6 / 6
  Vec3               1 / 1
  Vertex             140 / 140
  Model              1 / 1
  Texture            1 / 1
  Bounds             6 / 6
  Debug_Stats        1 / 1
  FrameData          1 / 1
  Strings_Builder    1 / 1
  DataPoint          1 / 1
  Field              2 / 2
  Metadata           176 / 176
  TOTAL              352 / 352

--- FETCHES (edit / copy / set) ---
  Int                268 / 0 / 0
  I64                534 / 0 / 0
  F32                267 / 0 / 0
  F64                267 / 0 / 0
  Vec3               535 / 0 / 0
  Texture            267 / 0 / 0
  Debug_Stats        1335 / 0 / 0
  DataPoint          267 / 0 / 0
  Field              267 / 0 / 0

--- FIELD OCCUPANCY ---
  Field[0] 'world_field_meta' levels:4 dims:3
    bounds X:[-8.0000,8.0000] Y:[-8.0000,8.0000] Z:[-8.0000,8.0000]
    level 0: 1 / 1 cells occupied
    level 1: 2 / 8 cells occupied
    level 2: 4 / 64 cells occupied
    level 3: 6 / 512 cells occupied
    level 4: 6 / 4096 cells occupied
  Field[1] 'model_field' levels:4 dims:3
    bounds X:[-1.0000,1.0000] Y:[-1.0000,1.0000] Z:[-1.0000,1.0000]
    level 0: 1 / 1 cells occupied
    level 1: 6 / 8 cells occupied
    level 2: 28 / 64 cells occupied
    level 3: 96 / 512 cells occupied
    level 4: 140 / 4096 cells occupied

[F2: enable fetch timing]

---
=== HOLLOWS ENGINE ===
FPS: 145 | Pixel: 5.6ms | Input: 0.001ms | Texture: 1.171ms
Camera: [0.00, 0.00, 6.00]

--- DATA (valid / total) ---
  Bool               1 / 1
  Int                5 / 5
  I64                2 / 2
  F32                5 / 5
  F64                2 / 2
  CString            6 / 6
  Vec3               1 / 1
  Vertex             140 / 140
  Model              1 / 1
  Texture            1 / 1
  Bounds             6 / 6
  Debug_Stats        1 / 1
  FrameData          1 / 1
  Strings_Builder    1 / 1
  DataPoint          1 / 1
  Field              2 / 2
  Metadata           176 / 176
  TOTAL              352 / 352

--- FETCHES (edit / copy / set) ---
  Int                282 / 0 / 0
  I64                562 / 0 / 0
  F32                281 / 0 / 0
  F64                281 / 0 / 0
  Vec3               563 / 0 / 0
  Texture            281 / 0 / 0
  Debug_Stats        1405 / 0 / 0
  DataPoint          281 / 0 / 0
  Field              281 / 0 / 0

--- FIELD OCCUPANCY ---
  Field[0] 'world_field_meta' levels:4 dims:3
    bounds X:[-8.0000,8.0000] Y:[-8.0000,8.0000] Z:[-8.0000,8.0000]
    level 0: 1 / 1 cells occupied
    level 1: 2 / 8 cells occupied
    level 2: 4 / 64 cells occupied
    level 3: 6 / 512 cells occupied
    level 4: 6 / 4096 cells occupied
  Field[1] 'model_field' levels:4 dims:3
    bounds X:[-1.0000,1.0000] Y:[-1.0000,1.0000] Z:[-1.0000,1.0000]
    level 0: 1 / 1 cells occupied
    level 1: 6 / 8 cells occupied
    level 2: 28 / 64 cells occupied
    level 3: 96 / 512 cells occupied
    level 4: 140 / 4096 cells occupied

[F2: enable fetch timing]

---
=== HOLLOWS ENGINE ===
FPS: 147 | Pixel: 5.7ms | Input: 0.000ms | Texture: 1.195ms
Camera: [0.00, 0.00, 6.00]

--- DATA (valid / total) ---
  Bool               1 / 1
  Int                5 / 5
  I64                2 / 2
  F32                5 / 5
  F64                2 / 2
  CString            6 / 6
  Vec3               1 / 1
  Vertex             140 / 140
  Model              1 / 1
  Texture            1 / 1
  Bounds             6 / 6
  Debug_Stats        1 / 1
  FrameData          1 / 1
  Strings_Builder    1 / 1
  DataPoint          1 / 1
  Field              2 / 2
  Metadata           176 / 176
  TOTAL              352 / 352

--- FETCHES (edit / copy / set) ---
  Int                296 / 0 / 0
  I64                590 / 0 / 0
  F32                295 / 0 / 0
  F64                295 / 0 / 0
  Vec3               591 / 0 / 0
  Texture            295 / 0 / 0
  Debug_Stats        1475 / 0 / 0
  DataPoint          295 / 0 / 0
  Field              295 / 0 / 0

--- FIELD OCCUPANCY ---
  Field[0] 'world_field_meta' levels:4 dims:3
    bounds X:[-8.0000,8.0000] Y:[-8.0000,8.0000] Z:[-8.0000,8.0000]
    level 0: 1 / 1 cells occupied
    level 1: 2 / 8 cells occupied
    level 2: 4 / 64 cells occupied
    level 3: 6 / 512 cells occupied
    level 4: 6 / 4096 cells occupied
  Field[1] 'model_field' levels:4 dims:3
    bounds X:[-1.0000,1.0000] Y:[-1.0000,1.0000] Z:[-1.0000,1.0000]
    level 0: 1 / 1 cells occupied
    level 1: 6 / 8 cells occupied
    level 2: 28 / 64 cells occupied
    level 3: 96 / 512 cells occupied
    level 4: 140 / 4096 cells occupied

[F2: enable fetch timing]

---
=== HOLLOWS ENGINE ===
FPS: 145 | Pixel: 5.8ms | Input: 0.000ms | Texture: 1.144ms
Camera: [0.00, 0.00, 6.00]

--- DATA (valid / total) ---
  Bool               1 / 1
  Int                5 / 5
  I64                2 / 2
  F32                5 / 5
  F64                2 / 2
  CString            6 / 6
  Vec3               1 / 1
  Vertex             140 / 140
  Model              1 / 1
  Texture            1 / 1
  Bounds             6 / 6
  Debug_Stats        1 / 1
  FrameData          1 / 1
  Strings_Builder    1 / 1
  DataPoint          1 / 1
  Field              2 / 2
  Metadata           176 / 176
  TOTAL              352 / 352

--- FETCHES (edit / copy / set) ---
  Int                296 / 0 / 0
  I64                590 / 0 / 0
  F32                295 / 0 / 0
  F64                295 / 0 / 0
  Vec3               591 / 0 / 0
  Texture            295 / 0 / 0
  Debug_Stats        1475 / 0 / 0
  DataPoint          295 / 0 / 0
  Field              295 / 0 / 0

--- FIELD OCCUPANCY ---
  Field[0] 'world_field_meta' levels:4 dims:3
    bounds X:[-8.0000,8.0000] Y:[-8.0000,8.0000] Z:[-8.0000,8.0000]
    level 0: 1 / 1 cells occupied
    level 1: 2 / 8 cells occupied
    level 2: 4 / 64 cells occupied
    level 3: 6 / 512 cells occupied
    level 4: 6 / 4096 cells occupied
  Field[1] 'model_field' levels:4 dims:3
    bounds X:[-1.0000,1.0000] Y:[-1.0000,1.0000] Z:[-1.0000,1.0000]
    level 0: 1 / 1 cells occupied
    level 1: 6 / 8 cells occupied
    level 2: 28 / 64 cells occupied
    level 3: 96 / 512 cells occupied
    level 4: 140 / 4096 cells occupied

[F2: enable fetch timing]

---
=== HOLLOWS ENGINE ===
FPS: 121 | Pixel: 7.0ms | Input: 0.000ms | Texture: 1.172ms
Camera: [0.00, 0.00, 6.00]

--- DATA (valid / total) ---
  Bool               1 / 1
  Int                5 / 5
  I64                2 / 2
  F32                5 / 5
  F64                2 / 2
  CString            6 / 6
  Vec3               1 / 1
  Vertex             140 / 140
  Model              1 / 1
  Texture            1 / 1
  Bounds             6 / 6
  Debug_Stats        1 / 1
  FrameData          1 / 1
  Strings_Builder    1 / 1
  DataPoint          1 / 1
  Field              2 / 2
  Metadata           176 / 176
  TOTAL              352 / 352

--- FETCHES (edit / copy / set) ---
  Int                263 / 0 / 0
  I64                524 / 0 / 0
  F32                262 / 0 / 0
  F64                262 / 0 / 0
  Vec3               525 / 0 / 0
  Texture            262 / 0 / 0
  Debug_Stats        1310 / 0 / 0
  DataPoint          262 / 0 / 0
  Field              262 / 0 / 0

--- FIELD OCCUPANCY ---
  Field[0] 'world_field_meta' levels:4 dims:3
    bounds X:[-8.0000,8.0000] Y:[-8.0000,8.0000] Z:[-8.0000,8.0000]
    level 0: 1 / 1 cells occupied
    level 1: 2 / 8 cells occupied
    level 2: 4 / 64 cells occupied
    level 3: 6 / 512 cells occupied
    level 4: 6 / 4096 cells occupied
  Field[1] 'model_field' levels:4 dims:3
    bounds X:[-1.0000,1.0000] Y:[-1.0000,1.0000] Z:[-1.0000,1.0000]
    level 0: 1 / 1 cells occupied
    level 1: 6 / 8 cells occupied
    level 2: 28 / 64 cells occupied
    level 3: 96 / 512 cells occupied
    level 4: 140 / 4096 cells occupied

[F2: enable fetch timing]

---
=== HOLLOWS ENGINE ===
FPS: 122 | Pixel: 6.7ms | Input: 0.000ms | Texture: 1.165ms
Camera: [0.00, 0.00, 6.00]

--- DATA (valid / total) ---
  Bool               1 / 1
  Int                5 / 5
  I64                2 / 2
  F32                5 / 5
  F64                2 / 2
  CString            6 / 6
  Vec3               1 / 1
  Vertex             140 / 140
  Model              1 / 1
  Texture            1 / 1
  Bounds             6 / 6
  Debug_Stats        1 / 1
  FrameData          1 / 1
  Strings_Builder    1 / 1
  DataPoint          1 / 1
  Field              2 / 2
  Metadata           176 / 176
  TOTAL              352 / 352

--- FETCHES (edit / copy / set) ---
  Int                238 / 0 / 0
  I64                474 / 0 / 0
  F32                237 / 0 / 0
  F64                237 / 0 / 0
  Vec3               475 / 0 / 0
  Texture            237 / 0 / 0
  Debug_Stats        1185 / 0 / 0
  DataPoint          237 / 0 / 0
  Field              237 / 0 / 0

--- FIELD OCCUPANCY ---
  Field[0] 'world_field_meta' levels:4 dims:3
    bounds X:[-8.0000,8.0000] Y:[-8.0000,8.0000] Z:[-8.0000,8.0000]
    level 0: 1 / 1 cells occupied
    level 1: 2 / 8 cells occupied
    level 2: 4 / 64 cells occupied
    level 3: 6 / 512 cells occupied
    level 4: 6 / 4096 cells occupied
  Field[1] 'model_field' levels:4 dims:3
    bounds X:[-1.0000,1.0000] Y:[-1.0000,1.0000] Z:[-1.0000,1.0000]
    level 0: 1 / 1 cells occupied
    level 1: 6 / 8 cells occupied
    level 2: 28 / 64 cells occupied
    level 3: 96 / 512 cells occupied
    level 4: 140 / 4096 cells occupied

[F2: enable fetch timing]

---
=== HOLLOWS ENGINE ===
FPS: 142 | Pixel: 5.9ms | Input: 0.000ms | Texture: 1.171ms
Camera: [0.00, 0.00, 6.00]

--- DATA (valid / total) ---
  Bool               1 / 1
  Int                5 / 5
  I64                2 / 2
  F32                5 / 5
  F64                2 / 2
  CString            6 / 6
  Vec3               1 / 1
  Vertex             140 / 140
  Model              1 / 1
  Texture            1 / 1
  Bounds             6 / 6
  Debug_Stats        1 / 1
  FrameData          1 / 1
  Strings_Builder    1 / 1
  DataPoint          1 / 1
  Field              2 / 2
  Metadata           176 / 176
  TOTAL              352 / 352

--- FETCHES (edit / copy / set) ---
  Int                261 / 0 / 0
  I64                520 / 0 / 0
  F32                260 / 0 / 0
  F64                260 / 0 / 0
  Vec3               521 / 0 / 0
  Texture            260 / 0 / 0
  Debug_Stats        1300 / 0 / 0
  DataPoint          260 / 0 / 0
  Field              260 / 0 / 0

--- FIELD OCCUPANCY ---
  Field[0] 'world_field_meta' levels:4 dims:3
    bounds X:[-8.0000,8.0000] Y:[-8.0000,8.0000] Z:[-8.0000,8.0000]
    level 0: 1 / 1 cells occupied
    level 1: 2 / 8 cells occupied
    level 2: 4 / 64 cells occupied
    level 3: 6 / 512 cells occupied
    level 4: 6 / 4096 cells occupied
  Field[1] 'model_field' levels:4 dims:3
    bounds X:[-1.0000,1.0000] Y:[-1.0000,1.0000] Z:[-1.0000,1.0000]
    level 0: 1 / 1 cells occupied
    level 1: 6 / 8 cells occupied
    level 2: 28 / 64 cells occupied
    level 3: 96 / 512 cells occupied
    level 4: 140 / 4096 cells occupied

[F2: enable fetch timing]

---
=== HOLLOWS ENGINE ===
FPS: 149 | Pixel: 5.4ms | Input: 0.000ms | Texture: 1.161ms
Camera: [0.00, 0.00, 6.00]

--- DATA (valid / total) ---
  Bool               1 / 1
  Int                5 / 5
  I64                2 / 2
  F32                5 / 5
  F64                2 / 2
  CString            6 / 6
  Vec3               1 / 1
  Vertex             140 / 140
  Model              1 / 1
  Texture            1 / 1
  Bounds             6 / 6
  Debug_Stats        1 / 1
  FrameData          1 / 1
  Strings_Builder    1 / 1
  DataPoint          1 / 1
  Field              2 / 2
  Metadata           176 / 176
  TOTAL              352 / 352

--- FETCHES (edit / copy / set) ---
  Int                296 / 0 / 0
  I64                590 / 0 / 0
  F32                295 / 0 / 0
  F64                295 / 0 / 0
  Vec3               591 / 0 / 0
  Texture            295 / 0 / 0
  Debug_Stats        1475 / 0 / 0
  DataPoint          295 / 0 / 0
  Field              295 / 0 / 0

--- FIELD OCCUPANCY ---
  Field[0] 'world_field_meta' levels:4 dims:3
    bounds X:[-8.0000,8.0000] Y:[-8.0000,8.0000] Z:[-8.0000,8.0000]
    level 0: 1 / 1 cells occupied
    level 1: 2 / 8 cells occupied
    level 2: 4 / 64 cells occupied
    level 3: 6 / 512 cells occupied
    level 4: 6 / 4096 cells occupied
  Field[1] 'model_field' levels:4 dims:3
    bounds X:[-1.0000,1.0000] Y:[-1.0000,1.0000] Z:[-1.0000,1.0000]
    level 0: 1 / 1 cells occupied
    level 1: 6 / 8 cells occupied
    level 2: 28 / 64 cells occupied
    level 3: 96 / 512 cells occupied
    level 4: 140 / 4096 cells occupied

[F2: enable fetch timing]

---
=== HOLLOWS ENGINE ===
FPS: 144 | Pixel: 5.6ms | Input: 0.000ms | Texture: 1.171ms
Camera: [0.00, 0.00, 6.00]

--- DATA (valid / total) ---
  Bool               1 / 1
  Int                5 / 5
  I64                2 / 2
  F32                5 / 5
  F64                2 / 2
  CString            6 / 6
  Vec3               1 / 1
  Vertex             140 / 140
  Model              1 / 1
  Texture            1 / 1
  Bounds             6 / 6
  Debug_Stats        1 / 1
  FrameData          1 / 1
  Strings_Builder    1 / 1
  DataPoint          1 / 1
  Field              2 / 2
  Metadata           176 / 176
  TOTAL              352 / 352

--- FETCHES (edit / copy / set) ---
  Int                293 / 0 / 0
  I64                584 / 0 / 0
  F32                292 / 0 / 0
  F64                292 / 0 / 0
  Vec3               585 / 0 / 0
  Texture            292 / 0 / 0
  Debug_Stats        1460 / 0 / 0
  DataPoint          292 / 0 / 0
  Field              292 / 0 / 0

--- FIELD OCCUPANCY ---
  Field[0] 'world_field_meta' levels:4 dims:3
    bounds X:[-8.0000,8.0000] Y:[-8.0000,8.0000] Z:[-8.0000,8.0000]
    level 0: 1 / 1 cells occupied
    level 1: 2 / 8 cells occupied
    level 2: 4 / 64 cells occupied
    level 3: 6 / 512 cells occupied
    level 4: 6 / 4096 cells occupied
  Field[1] 'model_field' levels:4 dims:3
    bounds X:[-1.0000,1.0000] Y:[-1.0000,1.0000] Z:[-1.0000,1.0000]
    level 0: 1 / 1 cells occupied
    level 1: 6 / 8 cells occupied
    level 2: 28 / 64 cells occupied
    level 3: 96 / 512 cells occupied
    level 4: 140 / 4096 cells occupied

[F2: enable fetch timing]

---
=== HOLLOWS ENGINE ===
FPS: 138 | Pixel: 5.8ms | Input: 0.000ms | Texture: 1.164ms
Camera: [0.00, 0.00, 6.00]

--- DATA (valid / total) ---
  Bool               1 / 1
  Int                5 / 5
  I64                2 / 2
  F32                5 / 5
  F64                2 / 2
  CString            6 / 6
  Vec3               1 / 1
  Vertex             140 / 140
  Model              1 / 1
  Texture            1 / 1
  Bounds             6 / 6
  Debug_Stats        1 / 1
  FrameData          1 / 1
  Strings_Builder    1 / 1
  DataPoint          1 / 1
  Field              2 / 2
  Metadata           176 / 176
  TOTAL              352 / 352

--- FETCHES (edit / copy / set) ---
  Int                292 / 0 / 0
  I64                582 / 0 / 0
  F32                291 / 0 / 0
  F64                291 / 0 / 0
  Vec3               583 / 0 / 0
  Texture            291 / 0 / 0
  Debug_Stats        1455 / 0 / 0
  DataPoint          291 / 0 / 0
  Field              291 / 0 / 0

--- FIELD OCCUPANCY ---
  Field[0] 'world_field_meta' levels:4 dims:3
    bounds X:[-8.0000,8.0000] Y:[-8.0000,8.0000] Z:[-8.0000,8.0000]
    level 0: 1 / 1 cells occupied
    level 1: 2 / 8 cells occupied
    level 2: 4 / 64 cells occupied
    level 3: 6 / 512 cells occupied
    level 4: 6 / 4096 cells occupied
  Field[1] 'model_field' levels:4 dims:3
    bounds X:[-1.0000,1.0000] Y:[-1.0000,1.0000] Z:[-1.0000,1.0000]
    level 0: 1 / 1 cells occupied
    level 1: 6 / 8 cells occupied
    level 2: 28 / 64 cells occupied
    level 3: 96 / 512 cells occupied
    level 4: 140 / 4096 cells occupied

[F2: enable fetch timing]

---
=== HOLLOWS ENGINE ===
FPS: 129 | Pixel: 6.6ms | Input: 0.001ms | Texture: 1.174ms
Camera: [0.00, 0.00, 6.00]

--- DATA (valid / total) ---
  Bool               1 / 1
  Int                5 / 5
  I64                2 / 2
  F32                5 / 5
  F64                2 / 2
  CString            6 / 6
  Vec3               1 / 1
  Vertex             140 / 140
  Model              1 / 1
  Texture            1 / 1
  Bounds             6 / 6
  Debug_Stats        1 / 1
  FrameData          1 / 1
  Strings_Builder    1 / 1
  DataPoint          1 / 1
  Field              2 / 2
  Metadata           176 / 176
  TOTAL              352 / 352

--- FETCHES (edit / copy / set) ---
  Int                271 / 0 / 0
  I64                540 / 0 / 0
  F32                270 / 0 / 0
  F64                270 / 0 / 0
  Vec3               541 / 0 / 0
  Texture            270 / 0 / 0
  Debug_Stats        1350 / 0 / 0
  DataPoint          270 / 0 / 0
  Field              270 / 0 / 0

--- FIELD OCCUPANCY ---
  Field[0] 'world_field_meta' levels:4 dims:3
    bounds X:[-8.0000,8.0000] Y:[-8.0000,8.0000] Z:[-8.0000,8.0000]
    level 0: 1 / 1 cells occupied
    level 1: 2 / 8 cells occupied
    level 2: 4 / 64 cells occupied
    level 3: 6 / 512 cells occupied
    level 4: 6 / 4096 cells occupied
  Field[1] 'model_field' levels:4 dims:3
    bounds X:[-1.0000,1.0000] Y:[-1.0000,1.0000] Z:[-1.0000,1.0000]
    level 0: 1 / 1 cells occupied
    level 1: 6 / 8 cells occupied
    level 2: 28 / 64 cells occupied
    level 3: 96 / 512 cells occupied
    level 4: 140 / 4096 cells occupied

[F2: enable fetch timing]

---
=== HOLLOWS ENGINE ===
FPS: 115 | Pixel: 7.7ms | Input: 0.000ms | Texture: 1.226ms
Camera: [0.00, 0.00, 6.00]

--- DATA (valid / total) ---
  Bool               1 / 1
  Int                5 / 5
  I64                2 / 2
  F32                5 / 5
  F64                2 / 2
  CString            6 / 6
  Vec3               1 / 1
  Vertex             140 / 140
  Model              1 / 1
  Texture            1 / 1
  Bounds             6 / 6
  Debug_Stats        1 / 1
  FrameData          1 / 1
  Strings_Builder    1 / 1
  DataPoint          1 / 1
  Field              2 / 2
  Metadata           176 / 176
  TOTAL              352 / 352

--- FETCHES (edit / copy / set) ---
  Int                246 / 0 / 0
  I64                490 / 0 / 0
  F32                245 / 0 / 0
  F64                245 / 0 / 0
  Vec3               491 / 0 / 0
  Texture            245 / 0 / 0
  Debug_Stats        1225 / 0 / 0
  DataPoint          245 / 0 / 0
  Field              245 / 0 / 0

--- FIELD OCCUPANCY ---
  Field[0] 'world_field_meta' levels:4 dims:3
    bounds X:[-8.0000,8.0000] Y:[-8.0000,8.0000] Z:[-8.0000,8.0000]
    level 0: 1 / 1 cells occupied
    level 1: 2 / 8 cells occupied
    level 2: 4 / 64 cells occupied
    level 3: 6 / 512 cells occupied
    level 4: 6 / 4096 cells occupied
  Field[1] 'model_field' levels:4 dims:3
    bounds X:[-1.0000,1.0000] Y:[-1.0000,1.0000] Z:[-1.0000,1.0000]
    level 0: 1 / 1 cells occupied
    level 1: 6 / 8 cells occupied
    level 2: 28 / 64 cells occupied
    level 3: 96 / 512 cells occupied
    level 4: 140 / 4096 cells occupied

[F2: enable fetch timing]

---
=== HOLLOWS ENGINE ===
FPS: 111 | Pixel: 7.6ms | Input: 0.000ms | Texture: 1.161ms
Camera: [0.00, 0.00, 6.00]

--- DATA (valid / total) ---
  Bool               1 / 1
  Int                5 / 5
  I64                2 / 2
  F32                5 / 5
  F64                2 / 2
  CString            6 / 6
  Vec3               1 / 1
  Vertex             140 / 140
  Model              1 / 1
  Texture            1 / 1
  Bounds             6 / 6
  Debug_Stats        1 / 1
  FrameData          1 / 1
  Strings_Builder    1 / 1
  DataPoint          1 / 1
  Field              2 / 2
  Metadata           176 / 176
  TOTAL              352 / 352

--- FETCHES (edit / copy / set) ---
  Int                226 / 0 / 0
  I64                450 / 0 / 0
  F32                225 / 0 / 0
  F64                225 / 0 / 0
  Vec3               451 / 0 / 0
  Texture            225 / 0 / 0
  Debug_Stats        1125 / 0 / 0
  DataPoint          225 / 0 / 0
  Field              225 / 0 / 0

--- FIELD OCCUPANCY ---
  Field[0] 'world_field_meta' levels:4 dims:3
    bounds X:[-8.0000,8.0000] Y:[-8.0000,8.0000] Z:[-8.0000,8.0000]
    level 0: 1 / 1 cells occupied
    level 1: 2 / 8 cells occupied
    level 2: 4 / 64 cells occupied
    level 3: 6 / 512 cells occupied
    level 4: 6 / 4096 cells occupied
  Field[1] 'model_field' levels:4 dims:3
    bounds X:[-1.0000,1.0000] Y:[-1.0000,1.0000] Z:[-1.0000,1.0000]
    level 0: 1 / 1 cells occupied
    level 1: 6 / 8 cells occupied
    level 2: 28 / 64 cells occupied
    level 3: 96 / 512 cells occupied
    level 4: 140 / 4096 cells occupied

[F2: enable fetch timing]

---
=== HOLLOWS ENGINE ===
FPS: 118 | Pixel: 7.2ms | Input: 0.000ms | Texture: 1.151ms
Camera: [0.00, 0.00, 6.00]

--- DATA (valid / total) ---
  Bool               1 / 1
  Int                5 / 5
  I64                2 / 2
  F32                5 / 5
  F64                2 / 2
  CString            6 / 6
  Vec3               1 / 1
  Vertex             140 / 140
  Model              1 / 1
  Texture            1 / 1
  Bounds             6 / 6
  Debug_Stats        1 / 1
  FrameData          1 / 1
  Strings_Builder    1 / 1
  DataPoint          1 / 1
  Field              2 / 2
  Metadata           176 / 176
  TOTAL              352 / 352

--- FETCHES (edit / copy / set) ---
  Int                231 / 0 / 0
  I64                460 / 0 / 0
  F32                230 / 0 / 0
  F64                230 / 0 / 0
  Vec3               461 / 0 / 0
  Texture            230 / 0 / 0
  Debug_Stats        1150 / 0 / 0
  DataPoint          230 / 0 / 0
  Field              230 / 0 / 0

--- FIELD OCCUPANCY ---
  Field[0] 'world_field_meta' levels:4 dims:3
    bounds X:[-8.0000,8.0000] Y:[-8.0000,8.0000] Z:[-8.0000,8.0000]
    level 0: 1 / 1 cells occupied
    level 1: 2 / 8 cells occupied
    level 2: 4 / 64 cells occupied
    level 3: 6 / 512 cells occupied
    level 4: 6 / 4096 cells occupied
  Field[1] 'model_field' levels:4 dims:3
    bounds X:[-1.0000,1.0000] Y:[-1.0000,1.0000] Z:[-1.0000,1.0000]
    level 0: 1 / 1 cells occupied
    level 1: 6 / 8 cells occupied
    level 2: 28 / 64 cells occupied
    level 3: 96 / 512 cells occupied
    level 4: 140 / 4096 cells occupied

[F2: enable fetch timing]

---
=== HOLLOWS ENGINE ===
FPS: 129 | Pixel: 6.4ms | Input: 0.001ms | Texture: 1.193ms
Camera: [0.00, 0.00, 6.00]

--- DATA (valid / total) ---
  Bool               1 / 1
  Int                5 / 5
  I64                2 / 2
  F32                5 / 5
  F64                2 / 2
  CString            6 / 6
  Vec3               1 / 1
  Vertex             140 / 140
  Model              1 / 1
  Texture            1 / 1
  Bounds             6 / 6
  Debug_Stats        1 / 1
  FrameData          1 / 1
  Strings_Builder    1 / 1
  DataPoint          1 / 1
  Field              2 / 2
  Metadata           176 / 176
  TOTAL              352 / 352

--- FETCHES (edit / copy / set) ---
  Int                249 / 0 / 0
  I64                496 / 0 / 0
  F32                248 / 0 / 0
  F64                248 / 0 / 0
  Vec3               497 / 0 / 0
  Texture            248 / 0 / 0
  Debug_Stats        1240 / 0 / 0
  DataPoint          248 / 0 / 0
  Field              248 / 0 / 0

--- FIELD OCCUPANCY ---
  Field[0] 'world_field_meta' levels:4 dims:3
    bounds X:[-8.0000,8.0000] Y:[-8.0000,8.0000] Z:[-8.0000,8.0000]
    level 0: 1 / 1 cells occupied
    level 1: 2 / 8 cells occupied
    level 2: 4 / 64 cells occupied
    level 3: 6 / 512 cells occupied
    level 4: 6 / 4096 cells occupied
  Field[1] 'model_field' levels:4 dims:3
    bounds X:[-1.0000,1.0000] Y:[-1.0000,1.0000] Z:[-1.0000,1.0000]
    level 0: 1 / 1 cells occupied
    level 1: 6 / 8 cells occupied
    level 2: 28 / 64 cells occupied
    level 3: 96 / 512 cells occupied
    level 4: 140 / 4096 cells occupied

[F2: enable fetch timing]

---
=== HOLLOWS ENGINE ===
FPS: 143 | Pixel: 5.8ms | Input: 0.000ms | Texture: 1.137ms
Camera: [0.00, 0.00, 6.00]

--- DATA (valid / total) ---
  Bool               1 / 1
  Int                5 / 5
  I64                2 / 2
  F32                5 / 5
  F64                2 / 2
  CString            6 / 6
  Vec3               1 / 1
  Vertex             140 / 140
  Model              1 / 1
  Texture            1 / 1
  Bounds             6 / 6
  Debug_Stats        1 / 1
  FrameData          1 / 1
  Strings_Builder    1 / 1
  DataPoint          1 / 1
  Field              2 / 2
  Metadata           176 / 176
  TOTAL              352 / 352

--- FETCHES (edit / copy / set) ---
  Int                276 / 0 / 0
  I64                550 / 0 / 0
  F32                275 / 0 / 0
  F64                275 / 0 / 0
  Vec3               551 / 0 / 0
  Texture            275 / 0 / 0
  Debug_Stats        1375 / 0 / 0
  DataPoint          275 / 0 / 0
  Field              275 / 0 / 0

--- FIELD OCCUPANCY ---
  Field[0] 'world_field_meta' levels:4 dims:3
    bounds X:[-8.0000,8.0000] Y:[-8.0000,8.0000] Z:[-8.0000,8.0000]
    level 0: 1 / 1 cells occupied
    level 1: 2 / 8 cells occupied
    level 2: 4 / 64 cells occupied
    level 3: 6 / 512 cells occupied
    level 4: 6 / 4096 cells occupied
  Field[1] 'model_field' levels:4 dims:3
    bounds X:[-1.0000,1.0000] Y:[-1.0000,1.0000] Z:[-1.0000,1.0000]
    level 0: 1 / 1 cells occupied
    level 1: 6 / 8 cells occupied
    level 2: 28 / 64 cells occupied
    level 3: 96 / 512 cells occupied
    level 4: 140 / 4096 cells occupied

[F2: enable fetch timing]

---
=== HOLLOWS ENGINE ===
FPS: 151 | Pixel: 5.5ms | Input: 0.001ms | Texture: 1.159ms
Camera: [0.00, 0.00, 6.00]

--- DATA (valid / total) ---
  Bool               1 / 1
  Int                5 / 5
  I64                2 / 2
  F32                5 / 5
  F64                2 / 2
  CString            6 / 6
  Vec3               1 / 1
  Vertex             140 / 140
  Model              1 / 1
  Texture            1 / 1
  Bounds             6 / 6
  Debug_Stats        1 / 1
  FrameData          1 / 1
  Strings_Builder    1 / 1
  DataPoint          1 / 1
  Field              2 / 2
  Metadata           176 / 176
  TOTAL              352 / 352

--- FETCHES (edit / copy / set) ---
  Int                289 / 0 / 0
  I64                576 / 0 / 0
  F32                288 / 0 / 0
  F64                288 / 0 / 0
  Vec3               577 / 0 / 0
  Texture            288 / 0 / 0
  Debug_Stats        1440 / 0 / 0
  DataPoint          288 / 0 / 0
  Field              288 / 0 / 0

--- FIELD OCCUPANCY ---
  Field[0] 'world_field_meta' levels:4 dims:3
    bounds X:[-8.0000,8.0000] Y:[-8.0000,8.0000] Z:[-8.0000,8.0000]
    level 0: 1 / 1 cells occupied
    level 1: 2 / 8 cells occupied
    level 2: 4 / 64 cells occupied
    level 3: 6 / 512 cells occupied
    level 4: 6 / 4096 cells occupied
  Field[1] 'model_field' levels:4 dims:3
    bounds X:[-1.0000,1.0000] Y:[-1.0000,1.0000] Z:[-1.0000,1.0000]
    level 0: 1 / 1 cells occupied
    level 1: 6 / 8 cells occupied
    level 2: 28 / 64 cells occupied
    level 3: 96 / 512 cells occupied
    level 4: 140 / 4096 cells occupied

[F2: enable fetch timing]

---
=== HOLLOWS ENGINE ===
FPS: 152 | Pixel: 5.5ms | Input: 0.000ms | Texture: 1.156ms
Camera: [0.00, 0.00, 6.00]

--- DATA (valid / total) ---
  Bool               1 / 1
  Int                5 / 5
  I64                2 / 2
  F32                5 / 5
  F64                2 / 2
  CString            6 / 6
  Vec3               1 / 1
  Vertex             140 / 140
  Model              1 / 1
  Texture            1 / 1
  Bounds             6 / 6
  Debug_Stats        1 / 1
  FrameData          1 / 1
  Strings_Builder    1 / 1
  DataPoint          1 / 1
  Field              2 / 2
  Metadata           176 / 176
  TOTAL              352 / 352

--- FETCHES (edit / copy / set) ---
  Int                297 / 0 / 0
  I64                592 / 0 / 0
  F32                296 / 0 / 0
  F64                296 / 0 / 0
  Vec3               593 / 0 / 0
  Texture            296 / 0 / 0
  Debug_Stats        1480 / 0 / 0
  DataPoint          296 / 0 / 0
  Field              296 / 0 / 0

--- FIELD OCCUPANCY ---
  Field[0] 'world_field_meta' levels:4 dims:3
    bounds X:[-8.0000,8.0000] Y:[-8.0000,8.0000] Z:[-8.0000,8.0000]
    level 0: 1 / 1 cells occupied
    level 1: 2 / 8 cells occupied
    level 2: 4 / 64 cells occupied
    level 3: 6 / 512 cells occupied
    level 4: 6 / 4096 cells occupied
  Field[1] 'model_field' levels:4 dims:3
    bounds X:[-1.0000,1.0000] Y:[-1.0000,1.0000] Z:[-1.0000,1.0000]
    level 0: 1 / 1 cells occupied
    level 1: 6 / 8 cells occupied
    level 2: 28 / 64 cells occupied
    level 3: 96 / 512 cells occupied
    level 4: 140 / 4096 cells occupied

[F2: enable fetch timing]

---
=== HOLLOWS ENGINE ===
FPS: 140 | Pixel: 5.9ms | Input: 0.000ms | Texture: 1.151ms
Camera: [0.00, 0.00, 6.00]

--- DATA (valid / total) ---
  Bool               1 / 1
  Int                5 / 5
  I64                2 / 2
  F32                5 / 5
  F64                2 / 2
  CString            6 / 6
  Vec3               1 / 1
  Vertex             140 / 140
  Model              1 / 1
  Texture            1 / 1
  Bounds             6 / 6
  Debug_Stats        1 / 1
  FrameData          1 / 1
  Strings_Builder    1 / 1
  DataPoint          1 / 1
  Field              2 / 2
  Metadata           176 / 176
  TOTAL              352 / 352

--- FETCHES (edit / copy / set) ---
  Int                291 / 0 / 0
  I64                580 / 0 / 0
  F32                290 / 0 / 0
  F64                290 / 0 / 0
  Vec3               581 / 0 / 0
  Texture            290 / 0 / 0
  Debug_Stats        1450 / 0 / 0
  DataPoint          290 / 0 / 0
  Field              290 / 0 / 0

--- FIELD OCCUPANCY ---
  Field[0] 'world_field_meta' levels:4 dims:3
    bounds X:[-8.0000,8.0000] Y:[-8.0000,8.0000] Z:[-8.0000,8.0000]
    level 0: 1 / 1 cells occupied
    level 1: 2 / 8 cells occupied
    level 2: 4 / 64 cells occupied
    level 3: 6 / 512 cells occupied
    level 4: 6 / 4096 cells occupied
  Field[1] 'model_field' levels:4 dims:3
    bounds X:[-1.0000,1.0000] Y:[-1.0000,1.0000] Z:[-1.0000,1.0000]
    level 0: 1 / 1 cells occupied
    level 1: 6 / 8 cells occupied
    level 2: 28 / 64 cells occupied
    level 3: 96 / 512 cells occupied
    level 4: 140 / 4096 cells occupied

[F2: enable fetch timing]

---
=== HOLLOWS ENGINE ===
FPS: 117 | Pixel: 7.3ms | Input: 0.000ms | Texture: 1.187ms
Camera: [0.00, 0.00, 6.00]

--- DATA (valid / total) ---
  Bool               1 / 1
  Int                5 / 5
  I64                2 / 2
  F32                5 / 5
  F64                2 / 2
  CString            6 / 6
  Vec3               1 / 1
  Vertex             140 / 140
  Model              1 / 1
  Texture            1 / 1
  Bounds             6 / 6
  Debug_Stats        1 / 1
  FrameData          1 / 1
  Strings_Builder    1 / 1
  DataPoint          1 / 1
  Field              2 / 2
  Metadata           176 / 176
  TOTAL              352 / 352

--- FETCHES (edit / copy / set) ---
  Int                251 / 0 / 0
  I64                500 / 0 / 0
  F32                250 / 0 / 0
  F64                250 / 0 / 0
  Vec3               501 / 0 / 0
  Texture            250 / 0 / 0
  Debug_Stats        1250 / 0 / 0
  DataPoint          250 / 0 / 0
  Field              250 / 0 / 0

--- FIELD OCCUPANCY ---
  Field[0] 'world_field_meta' levels:4 dims:3
    bounds X:[-8.0000,8.0000] Y:[-8.0000,8.0000] Z:[-8.0000,8.0000]
    level 0: 1 / 1 cells occupied
    level 1: 2 / 8 cells occupied
    level 2: 4 / 64 cells occupied
    level 3: 6 / 512 cells occupied
    level 4: 6 / 4096 cells occupied
  Field[1] 'model_field' levels:4 dims:3
    bounds X:[-1.0000,1.0000] Y:[-1.0000,1.0000] Z:[-1.0000,1.0000]
    level 0: 1 / 1 cells occupied
    level 1: 6 / 8 cells occupied
    level 2: 28 / 64 cells occupied
    level 3: 96 / 512 cells occupied
    level 4: 140 / 4096 cells occupied

[F2: enable fetch timing]

---
=== HOLLOWS ENGINE ===
FPS: 125 | Pixel: 6.5ms | Input: 0.000ms | Texture: 1.162ms
Camera: [0.00, 0.00, 6.00]

--- DATA (valid / total) ---
  Bool               1 / 1
  Int                5 / 5
  I64                2 / 2
  F32                5 / 5
  F64                2 / 2
  CString            6 / 6
  Vec3               1 / 1
  Vertex             140 / 140
  Model              1 / 1
  Texture            1 / 1
  Bounds             6 / 6
  Debug_Stats        1 / 1
  FrameData          1 / 1
  Strings_Builder    1 / 1
  DataPoint          1 / 1
  Field              2 / 2
  Metadata           176 / 176
  TOTAL              352 / 352

--- FETCHES (edit / copy / set) ---
  Int                245 / 0 / 0
  I64                488 / 0 / 0
  F32                244 / 0 / 0
  F64                244 / 0 / 0
  Vec3               489 / 0 / 0
  Texture            244 / 0 / 0
  Debug_Stats        1220 / 0 / 0
  DataPoint          244 / 0 / 0
  Field              244 / 0 / 0

--- FIELD OCCUPANCY ---
  Field[0] 'world_field_meta' levels:4 dims:3
    bounds X:[-8.0000,8.0000] Y:[-8.0000,8.0000] Z:[-8.0000,8.0000]
    level 0: 1 / 1 cells occupied
    level 1: 2 / 8 cells occupied
    level 2: 4 / 64 cells occupied
    level 3: 6 / 512 cells occupied
    level 4: 6 / 4096 cells occupied
  Field[1] 'model_field' levels:4 dims:3
    bounds X:[-1.0000,1.0000] Y:[-1.0000,1.0000] Z:[-1.0000,1.0000]
    level 0: 1 / 1 cells occupied
    level 1: 6 / 8 cells occupied
    level 2: 28 / 64 cells occupied
    level 3: 96 / 512 cells occupied
    level 4: 140 / 4096 cells occupied

[F2: enable fetch timing]

---
=== HOLLOWS ENGINE ===
FPS: 150 | Pixel: 5.4ms | Input: 0.000ms | Texture: 1.192ms
Camera: [0.00, 0.00, 6.00]

--- DATA (valid / total) ---
  Bool               1 / 1
  Int                5 / 5
  I64                2 / 2
  F32                5 / 5
  F64                2 / 2
  CString            6 / 6
  Vec3               1 / 1
  Vertex             140 / 140
  Model              1 / 1
  Texture            1 / 1
  Bounds             6 / 6
  Debug_Stats        1 / 1
  FrameData          1 / 1
  Strings_Builder    1 / 1
  DataPoint          1 / 1
  Field              2 / 2
  Metadata           176 / 176
  TOTAL              352 / 352

--- FETCHES (edit / copy / set) ---
  Int                276 / 0 / 0
  I64                550 / 0 / 0
  F32                275 / 0 / 0
  F64                275 / 0 / 0
  Vec3               551 / 0 / 0
  Texture            275 / 0 / 0
  Debug_Stats        1375 / 0 / 0
  DataPoint          275 / 0 / 0
  Field              275 / 0 / 0

--- FIELD OCCUPANCY ---
  Field[0] 'world_field_meta' levels:4 dims:3
    bounds X:[-8.0000,8.0000] Y:[-8.0000,8.0000] Z:[-8.0000,8.0000]
    level 0: 1 / 1 cells occupied
    level 1: 2 / 8 cells occupied
    level 2: 4 / 64 cells occupied
    level 3: 6 / 512 cells occupied
    level 4: 6 / 4096 cells occupied
  Field[1] 'model_field' levels:4 dims:3
    bounds X:[-1.0000,1.0000] Y:[-1.0000,1.0000] Z:[-1.0000,1.0000]
    level 0: 1 / 1 cells occupied
    level 1: 6 / 8 cells occupied
    level 2: 28 / 64 cells occupied
    level 3: 96 / 512 cells occupied
    level 4: 140 / 4096 cells occupied

[F2: enable fetch timing]

---
=== HOLLOWS ENGINE ===
FPS: 148 | Pixel: 5.5ms | Input: 0.000ms | Texture: 1.130ms
Camera: [0.00, 0.00, 6.00]

--- DATA (valid / total) ---
  Bool               1 / 1
  Int                5 / 5
  I64                2 / 2
  F32                5 / 5
  F64                2 / 2
  CString            6 / 6
  Vec3               1 / 1
  Vertex             140 / 140
  Model              1 / 1
  Texture            1 / 1
  Bounds             6 / 6
  Debug_Stats        1 / 1
  FrameData          1 / 1
  Strings_Builder    1 / 1
  DataPoint          1 / 1
  Field              2 / 2
  Metadata           176 / 176
  TOTAL              352 / 352

--- FETCHES (edit / copy / set) ---
  Int                298 / 0 / 0
  I64                594 / 0 / 0
  F32                297 / 0 / 0
  F64                297 / 0 / 0
  Vec3               595 / 0 / 0
  Texture            297 / 0 / 0
  Debug_Stats        1485 / 0 / 0
  DataPoint          297 / 0 / 0
  Field              297 / 0 / 0

--- FIELD OCCUPANCY ---
  Field[0] 'world_field_meta' levels:4 dims:3
    bounds X:[-8.0000,8.0000] Y:[-8.0000,8.0000] Z:[-8.0000,8.0000]
    level 0: 1 / 1 cells occupied
    level 1: 2 / 8 cells occupied
    level 2: 4 / 64 cells occupied
    level 3: 6 / 512 cells occupied
    level 4: 6 / 4096 cells occupied
  Field[1] 'model_field' levels:4 dims:3
    bounds X:[-1.0000,1.0000] Y:[-1.0000,1.0000] Z:[-1.0000,1.0000]
    level 0: 1 / 1 cells occupied
    level 1: 6 / 8 cells occupied
    level 2: 28 / 64 cells occupied
    level 3: 96 / 512 cells occupied
    level 4: 140 / 4096 cells occupied

[F2: enable fetch timing]

---
=== HOLLOWS ENGINE ===
FPS: 150 | Pixel: 5.6ms | Input: 0.000ms | Texture: 1.166ms
Camera: [0.00, 0.00, 6.00]

--- DATA (valid / total) ---
  Bool               1 / 1
  Int                5 / 5
  I64                2 / 2
  F32                5 / 5
  F64                2 / 2
  CString            6 / 6
  Vec3               1 / 1
  Vertex             140 / 140
  Model              1 / 1
  Texture            1 / 1
  Bounds             6 / 6
  Debug_Stats        1 / 1
  FrameData          1 / 1
  Strings_Builder    1 / 1
  DataPoint          1 / 1
  Field              2 / 2
  Metadata           176 / 176
  TOTAL              352 / 352

--- FETCHES (edit / copy / set) ---
  Int                293 / 0 / 0
  I64                584 / 0 / 0
  F32                292 / 0 / 0
  F64                292 / 0 / 0
  Vec3               585 / 0 / 0
  Texture            292 / 0 / 0
  Debug_Stats        1460 / 0 / 0
  DataPoint          292 / 0 / 0
  Field              292 / 0 / 0

--- FIELD OCCUPANCY ---
  Field[0] 'world_field_meta' levels:4 dims:3
    bounds X:[-8.0000,8.0000] Y:[-8.0000,8.0000] Z:[-8.0000,8.0000]
    level 0: 1 / 1 cells occupied
    level 1: 2 / 8 cells occupied
    level 2: 4 / 64 cells occupied
    level 3: 6 / 512 cells occupied
    level 4: 6 / 4096 cells occupied
  Field[1] 'model_field' levels:4 dims:3
    bounds X:[-1.0000,1.0000] Y:[-1.0000,1.0000] Z:[-1.0000,1.0000]
    level 0: 1 / 1 cells occupied
    level 1: 6 / 8 cells occupied
    level 2: 28 / 64 cells occupied
    level 3: 96 / 512 cells occupied
    level 4: 140 / 4096 cells occupied

[F2: enable fetch timing]

---
=== HOLLOWS ENGINE ===
FPS: 138 | Pixel: 6.2ms | Input: 0.000ms | Texture: 1.146ms
Camera: [0.00, 0.00, 6.00]

--- DATA (valid / total) ---
  Bool               1 / 1
  Int                5 / 5
  I64                2 / 2
  F32                5 / 5
  F64                2 / 2
  CString            6 / 6
  Vec3               1 / 1
  Vertex             140 / 140
  Model              1 / 1
  Texture            1 / 1
  Bounds             6 / 6
  Debug_Stats        1 / 1
  FrameData          1 / 1
  Strings_Builder    1 / 1
  DataPoint          1 / 1
  Field              2 / 2
  Metadata           176 / 176
  TOTAL              352 / 352

--- FETCHES (edit / copy / set) ---
  Int                287 / 0 / 0
  I64                572 / 0 / 0
  F32                286 / 0 / 0
  F64                286 / 0 / 0
  Vec3               573 / 0 / 0
  Texture            286 / 0 / 0
  Debug_Stats        1430 / 0 / 0
  DataPoint          286 / 0 / 0
  Field              286 / 0 / 0

--- FIELD OCCUPANCY ---
  Field[0] 'world_field_meta' levels:4 dims:3
    bounds X:[-8.0000,8.0000] Y:[-8.0000,8.0000] Z:[-8.0000,8.0000]
    level 0: 1 / 1 cells occupied
    level 1: 2 / 8 cells occupied
    level 2: 4 / 64 cells occupied
    level 3: 6 / 512 cells occupied
    level 4: 6 / 4096 cells occupied
  Field[1] 'model_field' levels:4 dims:3
    bounds X:[-1.0000,1.0000] Y:[-1.0000,1.0000] Z:[-1.0000,1.0000]
    level 0: 1 / 1 cells occupied
    level 1: 6 / 8 cells occupied
    level 2: 28 / 64 cells occupied
    level 3: 96 / 512 cells occupied
    level 4: 140 / 4096 cells occupied

[F2: enable fetch timing]

---
=== HOLLOWS ENGINE ===
FPS: 121 | Pixel: 6.6ms | Input: 0.000ms | Texture: 1.165ms
Camera: [0.00, 0.00, 6.00]

--- DATA (valid / total) ---
  Bool               1 / 1
  Int                5 / 5
  I64                2 / 2
  F32                5 / 5
  F64                2 / 2
  CString            6 / 6
  Vec3               1 / 1
  Vertex             140 / 140
  Model              1 / 1
  Texture            1 / 1
  Bounds             6 / 6
  Debug_Stats        1 / 1
  FrameData          1 / 1
  Strings_Builder    1 / 1
  DataPoint          1 / 1
  Field              2 / 2
  Metadata           176 / 176
  TOTAL              352 / 352

--- FETCHES (edit / copy / set) ---
  Int                258 / 0 / 0
  I64                514 / 0 / 0
  F32                257 / 0 / 0
  F64                257 / 0 / 0
  Vec3               515 / 0 / 0
  Texture            257 / 0 / 0
  Debug_Stats        1285 / 0 / 0
  DataPoint          257 / 0 / 0
  Field              257 / 0 / 0

--- FIELD OCCUPANCY ---
  Field[0] 'world_field_meta' levels:4 dims:3
    bounds X:[-8.0000,8.0000] Y:[-8.0000,8.0000] Z:[-8.0000,8.0000]
    level 0: 1 / 1 cells occupied
    level 1: 2 / 8 cells occupied
    level 2: 4 / 64 cells occupied
    level 3: 6 / 512 cells occupied
    level 4: 6 / 4096 cells occupied
  Field[1] 'model_field' levels:4 dims:3
    bounds X:[-1.0000,1.0000] Y:[-1.0000,1.0000] Z:[-1.0000,1.0000]
    level 0: 1 / 1 cells occupied
    level 1: 6 / 8 cells occupied
    level 2: 28 / 64 cells occupied
    level 3: 96 / 512 cells occupied
    level 4: 140 / 4096 cells occupied

[F2: enable fetch timing]

---
=== HOLLOWS ENGINE ===
FPS: 111 | Pixel: 7.5ms | Input: 0.000ms | Texture: 1.163ms
Camera: [0.00, 0.00, 6.00]

--- DATA (valid / total) ---
  Bool               1 / 1
  Int                5 / 5
  I64                2 / 2
  F32                5 / 5
  F64                2 / 2
  CString            6 / 6
  Vec3               1 / 1
  Vertex             140 / 140
  Model              1 / 1
  Texture            1 / 1
  Bounds             6 / 6
  Debug_Stats        1 / 1
  FrameData          1 / 1
  Strings_Builder    1 / 1
  DataPoint          1 / 1
  Field              2 / 2
  Metadata           176 / 176
  TOTAL              352 / 352

--- FETCHES (edit / copy / set) ---
  Int                239 / 0 / 0
  I64                476 / 0 / 0
  F32                238 / 0 / 0
  F64                238 / 0 / 0
  Vec3               477 / 0 / 0
  Texture            238 / 0 / 0
  Debug_Stats        1190 / 0 / 0
  DataPoint          238 / 0 / 0
  Field              238 / 0 / 0

--- FIELD OCCUPANCY ---
  Field[0] 'world_field_meta' levels:4 dims:3
    bounds X:[-8.0000,8.0000] Y:[-8.0000,8.0000] Z:[-8.0000,8.0000]
    level 0: 1 / 1 cells occupied
    level 1: 2 / 8 cells occupied
    level 2: 4 / 64 cells occupied
    level 3: 6 / 512 cells occupied
    level 4: 6 / 4096 cells occupied
  Field[1] 'model_field' levels:4 dims:3
    bounds X:[-1.0000,1.0000] Y:[-1.0000,1.0000] Z:[-1.0000,1.0000]
    level 0: 1 / 1 cells occupied
    level 1: 6 / 8 cells occupied
    level 2: 28 / 64 cells occupied
    level 3: 96 / 512 cells occupied
    level 4: 140 / 4096 cells occupied

[F2: enable fetch timing]

---
=== HOLLOWS ENGINE ===
FPS: 115 | Pixel: 7.4ms | Input: 0.000ms | Texture: 1.169ms
Camera: [0.00, 0.00, 6.00]

--- DATA (valid / total) ---
  Bool               1 / 1
  Int                5 / 5
  I64                2 / 2
  F32                5 / 5
  F64                2 / 2
  CString            6 / 6
  Vec3               1 / 1
  Vertex             140 / 140
  Model              1 / 1
  Texture            1 / 1
  Bounds             6 / 6
  Debug_Stats        1 / 1
  FrameData          1 / 1
  Strings_Builder    1 / 1
  DataPoint          1 / 1
  Field              2 / 2
  Metadata           176 / 176
  TOTAL              352 / 352

--- FETCHES (edit / copy / set) ---
  Int                225 / 0 / 0
  I64                448 / 0 / 0
  F32                224 / 0 / 0
  F64                224 / 0 / 0
  Vec3               449 / 0 / 0
  Texture            224 / 0 / 0
  Debug_Stats        1120 / 0 / 0
  DataPoint          224 / 0 / 0
  Field              224 / 0 / 0

--- FIELD OCCUPANCY ---
  Field[0] 'world_field_meta' levels:4 dims:3
    bounds X:[-8.0000,8.0000] Y:[-8.0000,8.0000] Z:[-8.0000,8.0000]
    level 0: 1 / 1 cells occupied
    level 1: 2 / 8 cells occupied
    level 2: 4 / 64 cells occupied
    level 3: 6 / 512 cells occupied
    level 4: 6 / 4096 cells occupied
  Field[1] 'model_field' levels:4 dims:3
    bounds X:[-1.0000,1.0000] Y:[-1.0000,1.0000] Z:[-1.0000,1.0000]
    level 0: 1 / 1 cells occupied
    level 1: 6 / 8 cells occupied
    level 2: 28 / 64 cells occupied
    level 3: 96 / 512 cells occupied
    level 4: 140 / 4096 cells occupied

[F2: enable fetch timing]

---
=== HOLLOWS ENGINE ===
FPS: 122 | Pixel: 6.9ms | Input: 0.000ms | Texture: 1.141ms
Camera: [0.00, 0.00, 6.00]

--- DATA (valid / total) ---
  Bool               1 / 1
  Int                5 / 5
  I64                2 / 2
  F32                5 / 5
  F64                2 / 2
  CString            6 / 6
  Vec3               1 / 1
  Vertex             140 / 140
  Model              1 / 1
  Texture            1 / 1
  Bounds             6 / 6
  Debug_Stats        1 / 1
  FrameData          1 / 1
  Strings_Builder    1 / 1
  DataPoint          1 / 1
  Field              2 / 2
  Metadata           176 / 176
  TOTAL              352 / 352

--- FETCHES (edit / copy / set) ---
  Int                235 / 0 / 0
  I64                468 / 0 / 0
  F32                234 / 0 / 0
  F64                234 / 0 / 0
  Vec3               469 / 0 / 0
  Texture            234 / 0 / 0
  Debug_Stats        1170 / 0 / 0
  DataPoint          234 / 0 / 0
  Field              234 / 0 / 0

--- FIELD OCCUPANCY ---
  Field[0] 'world_field_meta' levels:4 dims:3
    bounds X:[-8.0000,8.0000] Y:[-8.0000,8.0000] Z:[-8.0000,8.0000]
    level 0: 1 / 1 cells occupied
    level 1: 2 / 8 cells occupied
    level 2: 4 / 64 cells occupied
    level 3: 6 / 512 cells occupied
    level 4: 6 / 4096 cells occupied
  Field[1] 'model_field' levels:4 dims:3
    bounds X:[-1.0000,1.0000] Y:[-1.0000,1.0000] Z:[-1.0000,1.0000]
    level 0: 1 / 1 cells occupied
    level 1: 6 / 8 cells occupied
    level 2: 28 / 64 cells occupied
    level 3: 96 / 512 cells occupied
    level 4: 140 / 4096 cells occupied

[F2: enable fetch timing]

---
=== HOLLOWS ENGINE ===
FPS: 135 | Pixel: 6.3ms | Input: 0.000ms | Texture: 1.169ms
Camera: [0.00, 0.00, 6.00]

--- DATA (valid / total) ---
  Bool               1 / 1
  Int                5 / 5
  I64                2 / 2
  F32                5 / 5
  F64                2 / 2
  CString            6 / 6
  Vec3               1 / 1
  Vertex             140 / 140
  Model              1 / 1
  Texture            1 / 1
  Bounds             6 / 6
  Debug_Stats        1 / 1
  FrameData          1 / 1
  Strings_Builder    1 / 1
  DataPoint          1 / 1
  Field              2 / 2
  Metadata           176 / 176
  TOTAL              352 / 352

--- FETCHES (edit / copy / set) ---
  Int                257 / 0 / 0
  I64                512 / 0 / 0
  F32                256 / 0 / 0
  F64                256 / 0 / 0
  Vec3               513 / 0 / 0
  Texture            256 / 0 / 0
  Debug_Stats        1280 / 0 / 0
  DataPoint          256 / 0 / 0
  Field              256 / 0 / 0

--- FIELD OCCUPANCY ---
  Field[0] 'world_field_meta' levels:4 dims:3
    bounds X:[-8.0000,8.0000] Y:[-8.0000,8.0000] Z:[-8.0000,8.0000]
    level 0: 1 / 1 cells occupied
    level 1: 2 / 8 cells occupied
    level 2: 4 / 64 cells occupied
    level 3: 6 / 512 cells occupied
    level 4: 6 / 4096 cells occupied
  Field[1] 'model_field' levels:4 dims:3
    bounds X:[-1.0000,1.0000] Y:[-1.0000,1.0000] Z:[-1.0000,1.0000]
    level 0: 1 / 1 cells occupied
    level 1: 6 / 8 cells occupied
    level 2: 28 / 64 cells occupied
    level 3: 96 / 512 cells occupied
    level 4: 140 / 4096 cells occupied

[F2: enable fetch timing]

---
=== HOLLOWS ENGINE ===
FPS: 142 | Pixel: 5.7ms | Input: 0.000ms | Texture: 1.154ms
Camera: [0.00, 0.00, 6.00]

--- DATA (valid / total) ---
  Bool               1 / 1
  Int                5 / 5
  I64                2 / 2
  F32                5 / 5
  F64                2 / 2
  CString            6 / 6
  Vec3               1 / 1
  Vertex             140 / 140
  Model              1 / 1
  Texture            1 / 1
  Bounds             6 / 6
  Debug_Stats        1 / 1
  FrameData          1 / 1
  Strings_Builder    1 / 1
  DataPoint          1 / 1
  Field              2 / 2
  Metadata           176 / 176
  TOTAL              352 / 352

--- FETCHES (edit / copy / set) ---
  Int                281 / 0 / 0
  I64                560 / 0 / 0
  F32                280 / 0 / 0
  F64                280 / 0 / 0
  Vec3               561 / 0 / 0
  Texture            280 / 0 / 0
  Debug_Stats        1400 / 0 / 0
  DataPoint          280 / 0 / 0
  Field              280 / 0 / 0

--- FIELD OCCUPANCY ---
  Field[0] 'world_field_meta' levels:4 dims:3
    bounds X:[-8.0000,8.0000] Y:[-8.0000,8.0000] Z:[-8.0000,8.0000]
    level 0: 1 / 1 cells occupied
    level 1: 2 / 8 cells occupied
    level 2: 4 / 64 cells occupied
    level 3: 6 / 512 cells occupied
    level 4: 6 / 4096 cells occupied
  Field[1] 'model_field' levels:4 dims:3
    bounds X:[-1.0000,1.0000] Y:[-1.0000,1.0000] Z:[-1.0000,1.0000]
    level 0: 1 / 1 cells occupied
    level 1: 6 / 8 cells occupied
    level 2: 28 / 64 cells occupied
    level 3: 96 / 512 cells occupied
    level 4: 140 / 4096 cells occupied

[F2: enable fetch timing]

---
=== HOLLOWS ENGINE ===
FPS: 148 | Pixel: 5.7ms | Input: 0.000ms | Texture: 1.169ms
Camera: [0.00, 0.00, 6.00]

--- DATA (valid / total) ---
  Bool               1 / 1
  Int                5 / 5
  I64                2 / 2
  F32                5 / 5
  F64                2 / 2
  CString            6 / 6
  Vec3               1 / 1
  Vertex             140 / 140
  Model              1 / 1
  Texture            1 / 1
  Bounds             6 / 6
  Debug_Stats        1 / 1
  FrameData          1 / 1
  Strings_Builder    1 / 1
  DataPoint          1 / 1
  Field              2 / 2
  Metadata           176 / 176
  TOTAL              352 / 352

--- FETCHES (edit / copy / set) ---
  Int                293 / 0 / 0
  I64                584 / 0 / 0
  F32                292 / 0 / 0
  F64                292 / 0 / 0
  Vec3               585 / 0 / 0
  Texture            292 / 0 / 0
  Debug_Stats        1460 / 0 / 0
  DataPoint          292 / 0 / 0
  Field              292 / 0 / 0

--- FIELD OCCUPANCY ---
  Field[0] 'world_field_meta' levels:4 dims:3
    bounds X:[-8.0000,8.0000] Y:[-8.0000,8.0000] Z:[-8.0000,8.0000]
    level 0: 1 / 1 cells occupied
    level 1: 2 / 8 cells occupied
    level 2: 4 / 64 cells occupied
    level 3: 6 / 512 cells occupied
    level 4: 6 / 4096 cells occupied
  Field[1] 'model_field' levels:4 dims:3
    bounds X:[-1.0000,1.0000] Y:[-1.0000,1.0000] Z:[-1.0000,1.0000]
    level 0: 1 / 1 cells occupied
    level 1: 6 / 8 cells occupied
    level 2: 28 / 64 cells occupied
    level 3: 96 / 512 cells occupied
    level 4: 140 / 4096 cells occupied

[F2: enable fetch timing]

---
=== HOLLOWS ENGINE ===
FPS: 149 | Pixel: 5.5ms | Input: 0.000ms | Texture: 1.138ms
Camera: [0.00, 0.00, 6.00]

--- DATA (valid / total) ---
  Bool               1 / 1
  Int                5 / 5
  I64                2 / 2
  F32                5 / 5
  F64                2 / 2
  CString            6 / 6
  Vec3               1 / 1
  Vertex             140 / 140
  Model              1 / 1
  Texture            1 / 1
  Bounds             6 / 6
  Debug_Stats        1 / 1
  FrameData          1 / 1
  Strings_Builder    1 / 1
  DataPoint          1 / 1
  Field              2 / 2
  Metadata           176 / 176
  TOTAL              352 / 352

--- FETCHES (edit / copy / set) ---
  Int                298 / 0 / 0
  I64                594 / 0 / 0
  F32                297 / 0 / 0
  F64                297 / 0 / 0
  Vec3               595 / 0 / 0
  Texture            297 / 0 / 0
  Debug_Stats        1485 / 0 / 0
  DataPoint          297 / 0 / 0
  Field              297 / 0 / 0

--- FIELD OCCUPANCY ---
  Field[0] 'world_field_meta' levels:4 dims:3
    bounds X:[-8.0000,8.0000] Y:[-8.0000,8.0000] Z:[-8.0000,8.0000]
    level 0: 1 / 1 cells occupied
    level 1: 2 / 8 cells occupied
    level 2: 4 / 64 cells occupied
    level 3: 6 / 512 cells occupied
    level 4: 6 / 4096 cells occupied
  Field[1] 'model_field' levels:4 dims:3
    bounds X:[-1.0000,1.0000] Y:[-1.0000,1.0000] Z:[-1.0000,1.0000]
    level 0: 1 / 1 cells occupied
    level 1: 6 / 8 cells occupied
    level 2: 28 / 64 cells occupied
    level 3: 96 / 512 cells occupied
    level 4: 140 / 4096 cells occupied

[F2: enable fetch timing]

---
=== HOLLOWS ENGINE ===
FPS: 129 | Pixel: 6.4ms | Input: 0.000ms | Texture: 1.196ms
Camera: [0.00, 0.00, 6.00]

--- DATA (valid / total) ---
  Bool               1 / 1
  Int                5 / 5
  I64                2 / 2
  F32                5 / 5
  F64                2 / 2
  CString            6 / 6
  Vec3               1 / 1
  Vertex             140 / 140
  Model              1 / 1
  Texture            1 / 1
  Bounds             6 / 6
  Debug_Stats        1 / 1
  FrameData          1 / 1
  Strings_Builder    1 / 1
  DataPoint          1 / 1
  Field              2 / 2
  Metadata           176 / 176
  TOTAL              352 / 352

--- FETCHES (edit / copy / set) ---
  Int                281 / 0 / 0
  I64                560 / 0 / 0
  F32                280 / 0 / 0
  F64                280 / 0 / 0
  Vec3               561 / 0 / 0
  Texture            280 / 0 / 0
  Debug_Stats        1400 / 0 / 0
  DataPoint          280 / 0 / 0
  Field              280 / 0 / 0

--- FIELD OCCUPANCY ---
  Field[0] 'world_field_meta' levels:4 dims:3
    bounds X:[-8.0000,8.0000] Y:[-8.0000,8.0000] Z:[-8.0000,8.0000]
    level 0: 1 / 1 cells occupied
    level 1: 2 / 8 cells occupied
    level 2: 4 / 64 cells occupied
    level 3: 6 / 512 cells occupied
    level 4: 6 / 4096 cells occupied
  Field[1] 'model_field' levels:4 dims:3
    bounds X:[-1.0000,1.0000] Y:[-1.0000,1.0000] Z:[-1.0000,1.0000]
    level 0: 1 / 1 cells occupied
    level 1: 6 / 8 cells occupied
    level 2: 28 / 64 cells occupied
    level 3: 96 / 512 cells occupied
    level 4: 140 / 4096 cells occupied

[F2: enable fetch timing]

---
=== HOLLOWS ENGINE ===
FPS: 117 | Pixel: 7.1ms | Input: 0.000ms | Texture: 1.154ms
Camera: [0.00, 0.00, 6.00]

--- DATA (valid / total) ---
  Bool               1 / 1
  Int                5 / 5
  I64                2 / 2
  F32                5 / 5
  F64                2 / 2
  CString            6 / 6
  Vec3               1 / 1
  Vertex             140 / 140
  Model              1 / 1
  Texture            1 / 1
  Bounds             6 / 6
  Debug_Stats        1 / 1
  FrameData          1 / 1
  Strings_Builder    1 / 1
  DataPoint          1 / 1
  Field              2 / 2
  Metadata           176 / 176
  TOTAL              352 / 352

--- FETCHES (edit / copy / set) ---
  Int                241 / 0 / 0
  I64                480 / 0 / 0
  F32                240 / 0 / 0
  F64                240 / 0 / 0
  Vec3               481 / 0 / 0
  Texture            240 / 0 / 0
  Debug_Stats        1200 / 0 / 0
  DataPoint          240 / 0 / 0
  Field              240 / 0 / 0

--- FIELD OCCUPANCY ---
  Field[0] 'world_field_meta' levels:4 dims:3
    bounds X:[-8.0000,8.0000] Y:[-8.0000,8.0000] Z:[-8.0000,8.0000]
    level 0: 1 / 1 cells occupied
    level 1: 2 / 8 cells occupied
    level 2: 4 / 64 cells occupied
    level 3: 6 / 512 cells occupied
    level 4: 6 / 4096 cells occupied
  Field[1] 'model_field' levels:4 dims:3
    bounds X:[-1.0000,1.0000] Y:[-1.0000,1.0000] Z:[-1.0000,1.0000]
    level 0: 1 / 1 cells occupied
    level 1: 6 / 8 cells occupied
    level 2: 28 / 64 cells occupied
    level 3: 96 / 512 cells occupied
    level 4: 140 / 4096 cells occupied

[F2: enable fetch timing]

---
=== HOLLOWS ENGINE ===
FPS: 127 | Pixel: 6.4ms | Input: 0.000ms | Texture: 1.188ms
Camera: [0.00, 0.00, 6.00]

--- DATA (valid / total) ---
  Bool               1 / 1
  Int                5 / 5
  I64                2 / 2
  F32                5 / 5
  F64                2 / 2
  CString            6 / 6
  Vec3               1 / 1
  Vertex             140 / 140
  Model              1 / 1
  Texture            1 / 1
  Bounds             6 / 6
  Debug_Stats        1 / 1
  FrameData          1 / 1
  Strings_Builder    1 / 1
  DataPoint          1 / 1
  Field              2 / 2
  Metadata           176 / 176
  TOTAL              352 / 352

--- FETCHES (edit / copy / set) ---
  Int                250 / 0 / 0
  I64                498 / 0 / 0
  F32                249 / 0 / 0
  F64                249 / 0 / 0
  Vec3               499 / 0 / 0
  Texture            249 / 0 / 0
  Debug_Stats        1245 / 0 / 0
  DataPoint          249 / 0 / 0
  Field              249 / 0 / 0

--- FIELD OCCUPANCY ---
  Field[0] 'world_field_meta' levels:4 dims:3
    bounds X:[-8.0000,8.0000] Y:[-8.0000,8.0000] Z:[-8.0000,8.0000]
    level 0: 1 / 1 cells occupied
    level 1: 2 / 8 cells occupied
    level 2: 4 / 64 cells occupied
    level 3: 6 / 512 cells occupied
    level 4: 6 / 4096 cells occupied
  Field[1] 'model_field' levels:4 dims:3
    bounds X:[-1.0000,1.0000] Y:[-1.0000,1.0000] Z:[-1.0000,1.0000]
    level 0: 1 / 1 cells occupied
    level 1: 6 / 8 cells occupied
    level 2: 28 / 64 cells occupied
    level 3: 96 / 512 cells occupied
    level 4: 140 / 4096 cells occupied

[F2: enable fetch timing]

---
=== HOLLOWS ENGINE ===
FPS: 144 | Pixel: 5.5ms | Input: 0.000ms | Texture: 1.166ms
Camera: [0.00, 0.00, 6.00]

--- DATA (valid / total) ---
  Bool               1 / 1
  Int                5 / 5
  I64                2 / 2
  F32                5 / 5
  F64                2 / 2
  CString            6 / 6
  Vec3               1 / 1
  Vertex             140 / 140
  Model              1 / 1
  Texture            1 / 1
  Bounds             6 / 6
  Debug_Stats        1 / 1
  FrameData          1 / 1
  Strings_Builder    1 / 1
  DataPoint          1 / 1
  Field              2 / 2
  Metadata           176 / 176
  TOTAL              352 / 352

--- FETCHES (edit / copy / set) ---
  Int                284 / 0 / 0
  I64                566 / 0 / 0
  F32                283 / 0 / 0
  F64                283 / 0 / 0
  Vec3               567 / 0 / 0
  Texture            283 / 0 / 0
  Debug_Stats        1415 / 0 / 0
  DataPoint          283 / 0 / 0
  Field              283 / 0 / 0

--- FIELD OCCUPANCY ---
  Field[0] 'world_field_meta' levels:4 dims:3
    bounds X:[-8.0000,8.0000] Y:[-8.0000,8.0000] Z:[-8.0000,8.0000]
    level 0: 1 / 1 cells occupied
    level 1: 2 / 8 cells occupied
    level 2: 4 / 64 cells occupied
    level 3: 6 / 512 cells occupied
    level 4: 6 / 4096 cells occupied
  Field[1] 'model_field' levels:4 dims:3
    bounds X:[-1.0000,1.0000] Y:[-1.0000,1.0000] Z:[-1.0000,1.0000]
    level 0: 1 / 1 cells occupied
    level 1: 6 / 8 cells occupied
    level 2: 28 / 64 cells occupied
    level 3: 96 / 512 cells occupied
    level 4: 140 / 4096 cells occupied

[F2: enable fetch timing]

---
=== HOLLOWS ENGINE ===
FPS: 147 | Pixel: 5.5ms | Input: 0.000ms | Texture: 1.136ms
Camera: [0.00, 0.00, 6.00]

--- DATA (valid / total) ---
  Bool               1 / 1
  Int                5 / 5
  I64                2 / 2
  F32                5 / 5
  F64                2 / 2
  CString            6 / 6
  Vec3               1 / 1
  Vertex             140 / 140
  Model              1 / 1
  Texture            1 / 1
  Bounds             6 / 6
  Debug_Stats        1 / 1
  FrameData          1 / 1
  Strings_Builder    1 / 1
  DataPoint          1 / 1
  Field              2 / 2
  Metadata           176 / 176
  TOTAL              352 / 352

--- FETCHES (edit / copy / set) ---
  Int                292 / 0 / 0
  I64                582 / 0 / 0
  F32                291 / 0 / 0
  F64                291 / 0 / 0
  Vec3               583 / 0 / 0
  Texture            291 / 0 / 0
  Debug_Stats        1455 / 0 / 0
  DataPoint          291 / 0 / 0
  Field              291 / 0 / 0

--- FIELD OCCUPANCY ---
  Field[0] 'world_field_meta' levels:4 dims:3
    bounds X:[-8.0000,8.0000] Y:[-8.0000,8.0000] Z:[-8.0000,8.0000]
    level 0: 1 / 1 cells occupied
    level 1: 2 / 8 cells occupied
    level 2: 4 / 64 cells occupied
    level 3: 6 / 512 cells occupied
    level 4: 6 / 4096 cells occupied
  Field[1] 'model_field' levels:4 dims:3
    bounds X:[-1.0000,1.0000] Y:[-1.0000,1.0000] Z:[-1.0000,1.0000]
    level 0: 1 / 1 cells occupied
    level 1: 6 / 8 cells occupied
    level 2: 28 / 64 cells occupied
    level 3: 96 / 512 cells occupied
    level 4: 140 / 4096 cells occupied

[F2: enable fetch timing]

---
=== HOLLOWS ENGINE ===
FPS: 146 | Pixel: 5.5ms | Input: 0.000ms | Texture: 1.115ms
Camera: [0.00, 0.00, 6.00]

--- DATA (valid / total) ---
  Bool               1 / 1
  Int                5 / 5
  I64                2 / 2
  F32                5 / 5
  F64                2 / 2
  CString            6 / 6
  Vec3               1 / 1
  Vertex             140 / 140
  Model              1 / 1
  Texture            1 / 1
  Bounds             6 / 6
  Debug_Stats        1 / 1
  FrameData          1 / 1
  Strings_Builder    1 / 1
  DataPoint          1 / 1
  Field              2 / 2
  Metadata           176 / 176
  TOTAL              352 / 352

--- FETCHES (edit / copy / set) ---
  Int                290 / 0 / 0
  I64                578 / 0 / 0
  F32                289 / 0 / 0
  F64                289 / 0 / 0
  Vec3               579 / 0 / 0
  Texture            289 / 0 / 0
  Debug_Stats        1445 / 0 / 0
  DataPoint          289 / 0 / 0
  Field              289 / 0 / 0

--- FIELD OCCUPANCY ---
  Field[0] 'world_field_meta' levels:4 dims:3
    bounds X:[-8.0000,8.0000] Y:[-8.0000,8.0000] Z:[-8.0000,8.0000]
    level 0: 1 / 1 cells occupied
    level 1: 2 / 8 cells occupied
    level 2: 4 / 64 cells occupied
    level 3: 6 / 512 cells occupied
    level 4: 6 / 4096 cells occupied
  Field[1] 'model_field' levels:4 dims:3
    bounds X:[-1.0000,1.0000] Y:[-1.0000,1.0000] Z:[-1.0000,1.0000]
    level 0: 1 / 1 cells occupied
    level 1: 6 / 8 cells occupied
    level 2: 28 / 64 cells occupied
    level 3: 96 / 512 cells occupied
    level 4: 140 / 4096 cells occupied

[F2: enable fetch timing]

---
=== HOLLOWS ENGINE ===
FPS: 131 | Pixel: 6.1ms | Input: 0.000ms | Texture: 1.203ms
Camera: [0.00, 0.00, 6.00]

--- DATA (valid / total) ---
  Bool               1 / 1
  Int                5 / 5
  I64                2 / 2
  F32                5 / 5
  F64                2 / 2
  CString            6 / 6
  Vec3               1 / 1
  Vertex             140 / 140
  Model              1 / 1
  Texture            1 / 1
  Bounds             6 / 6
  Debug_Stats        1 / 1
  FrameData          1 / 1
  Strings_Builder    1 / 1
  DataPoint          1 / 1
  Field              2 / 2
  Metadata           176 / 176
  TOTAL              352 / 352

--- FETCHES (edit / copy / set) ---
  Int                279 / 0 / 0
  I64                556 / 0 / 0
  F32                278 / 0 / 0
  F64                278 / 0 / 0
  Vec3               557 / 0 / 0
  Texture            278 / 0 / 0
  Debug_Stats        1390 / 0 / 0
  DataPoint          278 / 0 / 0
  Field              278 / 0 / 0

--- FIELD OCCUPANCY ---
  Field[0] 'world_field_meta' levels:4 dims:3
    bounds X:[-8.0000,8.0000] Y:[-8.0000,8.0000] Z:[-8.0000,8.0000]
    level 0: 1 / 1 cells occupied
    level 1: 2 / 8 cells occupied
    level 2: 4 / 64 cells occupied
    level 3: 6 / 512 cells occupied
    level 4: 6 / 4096 cells occupied
  Field[1] 'model_field' levels:4 dims:3
    bounds X:[-1.0000,1.0000] Y:[-1.0000,1.0000] Z:[-1.0000,1.0000]
    level 0: 1 / 1 cells occupied
    level 1: 6 / 8 cells occupied
    level 2: 28 / 64 cells occupied
    level 3: 96 / 512 cells occupied
    level 4: 140 / 4096 cells occupied

[F2: enable fetch timing]

---
=== HOLLOWS ENGINE ===
FPS: 123 | Pixel: 6.9ms | Input: 0.001ms | Texture: 1.160ms
Camera: [0.00, 0.00, 6.00]

--- DATA (valid / total) ---
  Bool               1 / 1
  Int                5 / 5
  I64                2 / 2
  F32                5 / 5
  F64                2 / 2
  CString            6 / 6
  Vec3               1 / 1
  Vertex             140 / 140
  Model              1 / 1
  Texture            1 / 1
  Bounds             6 / 6
  Debug_Stats        1 / 1
  FrameData          1 / 1
  Strings_Builder    1 / 1
  DataPoint          1 / 1
  Field              2 / 2
  Metadata           176 / 176
  TOTAL              352 / 352

--- FETCHES (edit / copy / set) ---
  Int                256 / 0 / 0
  I64                510 / 0 / 0
  F32                255 / 0 / 0
  F64                255 / 0 / 0
  Vec3               511 / 0 / 0
  Texture            255 / 0 / 0
  Debug_Stats        1275 / 0 / 0
  DataPoint          255 / 0 / 0
  Field              255 / 0 / 0

--- FIELD OCCUPANCY ---
  Field[0] 'world_field_meta' levels:4 dims:3
    bounds X:[-8.0000,8.0000] Y:[-8.0000,8.0000] Z:[-8.0000,8.0000]
    level 0: 1 / 1 cells occupied
    level 1: 2 / 8 cells occupied
    level 2: 4 / 64 cells occupied
    level 3: 6 / 512 cells occupied
    level 4: 6 / 4096 cells occupied
  Field[1] 'model_field' levels:4 dims:3
    bounds X:[-1.0000,1.0000] Y:[-1.0000,1.0000] Z:[-1.0000,1.0000]
    level 0: 1 / 1 cells occupied
    level 1: 6 / 8 cells occupied
    level 2: 28 / 64 cells occupied
    level 3: 96 / 512 cells occupied
    level 4: 140 / 4096 cells occupied

[F2: enable fetch timing]

---
=== HOLLOWS ENGINE ===
FPS: 112 | Pixel: 7.7ms | Input: 0.001ms | Texture: 1.155ms
Camera: [0.00, 0.00, 6.00]

--- DATA (valid / total) ---
  Bool               1 / 1
  Int                5 / 5
  I64                2 / 2
  F32                5 / 5
  F64                2 / 2
  CString            6 / 6
  Vec3               1 / 1
  Vertex             140 / 140
  Model              1 / 1
  Texture            1 / 1
  Bounds             6 / 6
  Debug_Stats        1 / 1
  FrameData          1 / 1
  Strings_Builder    1 / 1
  DataPoint          1 / 1
  Field              2 / 2
  Metadata           176 / 176
  TOTAL              352 / 352

--- FETCHES (edit / copy / set) ---
  Int                233 / 0 / 0
  I64                464 / 0 / 0
  F32                232 / 0 / 0
  F64                232 / 0 / 0
  Vec3               465 / 0 / 0
  Texture            232 / 0 / 0
  Debug_Stats        1160 / 0 / 0
  DataPoint          232 / 0 / 0
  Field              232 / 0 / 0

--- FIELD OCCUPANCY ---
  Field[0] 'world_field_meta' levels:4 dims:3
    bounds X:[-8.0000,8.0000] Y:[-8.0000,8.0000] Z:[-8.0000,8.0000]
    level 0: 1 / 1 cells occupied
    level 1: 2 / 8 cells occupied
    level 2: 4 / 64 cells occupied
    level 3: 6 / 512 cells occupied
    level 4: 6 / 4096 cells occupied
  Field[1] 'model_field' levels:4 dims:3
    bounds X:[-1.0000,1.0000] Y:[-1.0000,1.0000] Z:[-1.0000,1.0000]
    level 0: 1 / 1 cells occupied
    level 1: 6 / 8 cells occupied
    level 2: 28 / 64 cells occupied
    level 3: 96 / 512 cells occupied
    level 4: 140 / 4096 cells occupied

[F2: enable fetch timing]

---
=== HOLLOWS ENGINE ===
FPS: 115 | Pixel: 7.4ms | Input: 0.000ms | Texture: 1.110ms
Camera: [0.00, 0.00, 6.00]

--- DATA (valid / total) ---
  Bool               1 / 1
  Int                5 / 5
  I64                2 / 2
  F32                5 / 5
  F64                2 / 2
  CString            6 / 6
  Vec3               1 / 1
  Vertex             140 / 140
  Model              1 / 1
  Texture            1 / 1
  Bounds             6 / 6
  Debug_Stats        1 / 1
  FrameData          1 / 1
  Strings_Builder    1 / 1
  DataPoint          1 / 1
  Field              2 / 2
  Metadata           176 / 176
  TOTAL              352 / 352

--- FETCHES (edit / copy / set) ---
  Int                227 / 0 / 0
  I64                452 / 0 / 0
  F32                226 / 0 / 0
  F64                226 / 0 / 0
  Vec3               453 / 0 / 0
  Texture            226 / 0 / 0
  Debug_Stats        1130 / 0 / 0
  DataPoint          226 / 0 / 0
  Field              226 / 0 / 0

--- FIELD OCCUPANCY ---
  Field[0] 'world_field_meta' levels:4 dims:3
    bounds X:[-8.0000,8.0000] Y:[-8.0000,8.0000] Z:[-8.0000,8.0000]
    level 0: 1 / 1 cells occupied
    level 1: 2 / 8 cells occupied
    level 2: 4 / 64 cells occupied
    level 3: 6 / 512 cells occupied
    level 4: 6 / 4096 cells occupied
  Field[1] 'model_field' levels:4 dims:3
    bounds X:[-1.0000,1.0000] Y:[-1.0000,1.0000] Z:[-1.0000,1.0000]
    level 0: 1 / 1 cells occupied
    level 1: 6 / 8 cells occupied
    level 2: 28 / 64 cells occupied
    level 3: 96 / 512 cells occupied
    level 4: 140 / 4096 cells occupied

[F2: enable fetch timing]

---
=== HOLLOWS ENGINE ===
FPS: 121 | Pixel: 6.8ms | Input: 0.000ms | Texture: 1.141ms
Camera: [0.00, 0.00, 6.00]

--- DATA (valid / total) ---
  Bool               1 / 1
  Int                5 / 5
  I64                2 / 2
  F32                5 / 5
  F64                2 / 2
  CString            6 / 6
  Vec3               1 / 1
  Vertex             140 / 140
  Model              1 / 1
  Texture            1 / 1
  Bounds             6 / 6
  Debug_Stats        1 / 1
  FrameData          1 / 1
  Strings_Builder    1 / 1
  DataPoint          1 / 1
  Field              2 / 2
  Metadata           176 / 176
  TOTAL              352 / 352

--- FETCHES (edit / copy / set) ---
  Int                238 / 0 / 0
  I64                474 / 0 / 0
  F32                237 / 0 / 0
  F64                237 / 0 / 0
  Vec3               475 / 0 / 0
  Texture            237 / 0 / 0
  Debug_Stats        1185 / 0 / 0
  DataPoint          237 / 0 / 0
  Field              237 / 0 / 0

--- FIELD OCCUPANCY ---
  Field[0] 'world_field_meta' levels:4 dims:3
    bounds X:[-8.0000,8.0000] Y:[-8.0000,8.0000] Z:[-8.0000,8.0000]
    level 0: 1 / 1 cells occupied
    level 1: 2 / 8 cells occupied
    level 2: 4 / 64 cells occupied
    level 3: 6 / 512 cells occupied
    level 4: 6 / 4096 cells occupied
  Field[1] 'model_field' levels:4 dims:3
    bounds X:[-1.0000,1.0000] Y:[-1.0000,1.0000] Z:[-1.0000,1.0000]
    level 0: 1 / 1 cells occupied
    level 1: 6 / 8 cells occupied
    level 2: 28 / 64 cells occupied
    level 3: 96 / 512 cells occupied
    level 4: 140 / 4096 cells occupied

[F2: enable fetch timing]

---
=== HOLLOWS ENGINE ===
FPS: 138 | Pixel: 6.0ms | Input: 0.000ms | Texture: 1.173ms
Camera: [0.00, 0.00, 6.00]

--- DATA (valid / total) ---
  Bool               1 / 1
  Int                5 / 5
  I64                2 / 2
  F32                5 / 5
  F64                2 / 2
  CString            6 / 6
  Vec3               1 / 1
  Vertex             140 / 140
  Model              1 / 1
  Texture            1 / 1
  Bounds             6 / 6
  Debug_Stats        1 / 1
  FrameData          1 / 1
  Strings_Builder    1 / 1
  DataPoint          1 / 1
  Field              2 / 2
  Metadata           176 / 176
  TOTAL              352 / 352

--- FETCHES (edit / copy / set) ---
  Int                263 / 0 / 0
  I64                524 / 0 / 0
  F32                262 / 0 / 0
  F64                262 / 0 / 0
  Vec3               525 / 0 / 0
  Texture            262 / 0 / 0
  Debug_Stats        1310 / 0 / 0
  DataPoint          262 / 0 / 0
  Field              262 / 0 / 0

--- FIELD OCCUPANCY ---
  Field[0] 'world_field_meta' levels:4 dims:3
    bounds X:[-8.0000,8.0000] Y:[-8.0000,8.0000] Z:[-8.0000,8.0000]
    level 0: 1 / 1 cells occupied
    level 1: 2 / 8 cells occupied
    level 2: 4 / 64 cells occupied
    level 3: 6 / 512 cells occupied
    level 4: 6 / 4096 cells occupied
  Field[1] 'model_field' levels:4 dims:3
    bounds X:[-1.0000,1.0000] Y:[-1.0000,1.0000] Z:[-1.0000,1.0000]
    level 0: 1 / 1 cells occupied
    level 1: 6 / 8 cells occupied
    level 2: 28 / 64 cells occupied
    level 3: 96 / 512 cells occupied
    level 4: 140 / 4096 cells occupied

[F2: enable fetch timing]

---
=== HOLLOWS ENGINE ===
FPS: 143 | Pixel: 5.9ms | Input: 0.000ms | Texture: 1.148ms
Camera: [0.00, 0.00, 6.00]

--- DATA (valid / total) ---
  Bool               1 / 1
  Int                5 / 5
  I64                2 / 2
  F32                5 / 5
  F64                2 / 2
  CString            6 / 6
  Vec3               1 / 1
  Vertex             140 / 140
  Model              1 / 1
  Texture            1 / 1
  Bounds             6 / 6
  Debug_Stats        1 / 1
  FrameData          1 / 1
  Strings_Builder    1 / 1
  DataPoint          1 / 1
  Field              2 / 2
  Metadata           176 / 176
  TOTAL              352 / 352

--- FETCHES (edit / copy / set) ---
  Int                284 / 0 / 0
  I64                566 / 0 / 0
  F32                283 / 0 / 0
  F64                283 / 0 / 0
  Vec3               567 / 0 / 0
  Texture            283 / 0 / 0
  Debug_Stats        1415 / 0 / 0
  DataPoint          283 / 0 / 0
  Field              283 / 0 / 0

--- FIELD OCCUPANCY ---
  Field[0] 'world_field_meta' levels:4 dims:3
    bounds X:[-8.0000,8.0000] Y:[-8.0000,8.0000] Z:[-8.0000,8.0000]
    level 0: 1 / 1 cells occupied
    level 1: 2 / 8 cells occupied
    level 2: 4 / 64 cells occupied
    level 3: 6 / 512 cells occupied
    level 4: 6 / 4096 cells occupied
  Field[1] 'model_field' levels:4 dims:3
    bounds X:[-1.0000,1.0000] Y:[-1.0000,1.0000] Z:[-1.0000,1.0000]
    level 0: 1 / 1 cells occupied
    level 1: 6 / 8 cells occupied
    level 2: 28 / 64 cells occupied
    level 3: 96 / 512 cells occupied
    level 4: 140 / 4096 cells occupied

[F2: enable fetch timing]

---
=== HOLLOWS ENGINE ===
FPS: 146 | Pixel: 5.5ms | Input: 0.000ms | Texture: 1.126ms
Camera: [0.00, 0.00, 6.00]

--- DATA (valid / total) ---
  Bool               1 / 1
  Int                5 / 5
  I64                2 / 2
  F32                5 / 5
  F64                2 / 2
  CString            6 / 6
  Vec3               1 / 1
  Vertex             140 / 140
  Model              1 / 1
  Texture            1 / 1
  Bounds             6 / 6
  Debug_Stats        1 / 1
  FrameData          1 / 1
  Strings_Builder    1 / 1
  DataPoint          1 / 1
  Field              2 / 2
  Metadata           176 / 176
  TOTAL              352 / 352

--- FETCHES (edit / copy / set) ---
  Int                297 / 0 / 0
  I64                592 / 0 / 0
  F32                296 / 0 / 0
  F64                296 / 0 / 0
  Vec3               593 / 0 / 0
  Texture            296 / 0 / 0
  Debug_Stats        1480 / 0 / 0
  DataPoint          296 / 0 / 0
  Field              296 / 0 / 0

--- FIELD OCCUPANCY ---
  Field[0] 'world_field_meta' levels:4 dims:3
    bounds X:[-8.0000,8.0000] Y:[-8.0000,8.0000] Z:[-8.0000,8.0000]
    level 0: 1 / 1 cells occupied
    level 1: 2 / 8 cells occupied
    level 2: 4 / 64 cells occupied
    level 3: 6 / 512 cells occupied
    level 4: 6 / 4096 cells occupied
  Field[1] 'model_field' levels:4 dims:3
    bounds X:[-1.0000,1.0000] Y:[-1.0000,1.0000] Z:[-1.0000,1.0000]
    level 0: 1 / 1 cells occupied
    level 1: 6 / 8 cells occupied
    level 2: 28 / 64 cells occupied
    level 3: 96 / 512 cells occupied
    level 4: 140 / 4096 cells occupied

[F2: enable fetch timing]

---
=== HOLLOWS ENGINE ===
FPS: 112 | Pixel: 5.7ms | Input: 0.001ms | Texture: 2.192ms
Camera: [0.00, 0.00, 6.00]

--- DATA (valid / total) ---
  Bool               1 / 1
  Int                5 / 5
  I64                2 / 2
  F32                5 / 5
  F64                2 / 2
  CString            6 / 6
  Vec3               1 / 1
  Vertex             140 / 140
  Model              1 / 1
  Texture            1 / 1
  Bounds             6 / 6
  Debug_Stats        1 / 1
  FrameData          1 / 1
  Strings_Builder    1 / 1
  DataPoint          1 / 1
  Field              2 / 2
  Metadata           176 / 176
  TOTAL              352 / 352

--- FETCHES (edit / copy / set) ---
  Int                300 / 0 / 0
  I64                598 / 0 / 0
  F32                299 / 0 / 0
  F64                299 / 0 / 0
  Vec3               599 / 0 / 0
  Texture            299 / 0 / 0
  Debug_Stats        1495 / 0 / 0
  DataPoint          299 / 0 / 0
  Field              299 / 0 / 0

--- FIELD OCCUPANCY ---
  Field[0] 'world_field_meta' levels:4 dims:3
    bounds X:[-8.0000,8.0000] Y:[-8.0000,8.0000] Z:[-8.0000,8.0000]
    level 0: 1 / 1 cells occupied
    level 1: 2 / 8 cells occupied
    level 2: 4 / 64 cells occupied
    level 3: 6 / 512 cells occupied
    level 4: 6 / 4096 cells occupied
  Field[1] 'model_field' levels:4 dims:3
    bounds X:[-1.0000,1.0000] Y:[-1.0000,1.0000] Z:[-1.0000,1.0000]
    level 0: 1 / 1 cells occupied
    level 1: 6 / 8 cells occupied
    level 2: 28 / 64 cells occupied
    level 3: 96 / 512 cells occupied
    level 4: 140 / 4096 cells occupied

[F2: enable fetch timing]

---
=== HOLLOWS ENGINE ===
FPS: 125 | Pixel: 6.7ms | Input: 0.000ms | Texture: 1.155ms
Camera: [0.00, 0.00, 6.00]

--- DATA (valid / total) ---
  Bool               1 / 1
  Int                5 / 5
  I64                2 / 2
  F32                5 / 5
  F64                2 / 2
  CString            6 / 6
  Vec3               1 / 1
  Vertex             140 / 140
  Model              1 / 1
  Texture            1 / 1
  Bounds             6 / 6
  Debug_Stats        1 / 1
  FrameData          1 / 1
  Strings_Builder    1 / 1
  DataPoint          1 / 1
  Field              2 / 2
  Metadata           176 / 176
  TOTAL              352 / 352

--- FETCHES (edit / copy / set) ---
  Int                273 / 0 / 0
  I64                544 / 0 / 0
  F32                272 / 0 / 0
  F64                272 / 0 / 0
  Vec3               545 / 0 / 0
  Texture            272 / 0 / 0
  Debug_Stats        1360 / 0 / 0
  DataPoint          272 / 0 / 0
  Field              272 / 0 / 0

--- FIELD OCCUPANCY ---
  Field[0] 'world_field_meta' levels:4 dims:3
    bounds X:[-8.0000,8.0000] Y:[-8.0000,8.0000] Z:[-8.0000,8.0000]
    level 0: 1 / 1 cells occupied
    level 1: 2 / 8 cells occupied
    level 2: 4 / 64 cells occupied
    level 3: 6 / 512 cells occupied
    level 4: 6 / 4096 cells occupied
  Field[1] 'model_field' levels:4 dims:3
    bounds X:[-1.0000,1.0000] Y:[-1.0000,1.0000] Z:[-1.0000,1.0000]
    level 0: 1 / 1 cells occupied
    level 1: 6 / 8 cells occupied
    level 2: 28 / 64 cells occupied
    level 3: 96 / 512 cells occupied
    level 4: 140 / 4096 cells occupied

[F2: enable fetch timing]

---
=== HOLLOWS ENGINE ===
FPS: 122 | Pixel: 6.9ms | Input: 0.000ms | Texture: 1.156ms
Camera: [0.00, 0.00, 6.00]

--- DATA (valid / total) ---
  Bool               1 / 1
  Int                5 / 5
  I64                2 / 2
  F32                5 / 5
  F64                2 / 2
  CString            6 / 6
  Vec3               1 / 1
  Vertex             140 / 140
  Model              1 / 1
  Texture            1 / 1
  Bounds             6 / 6
  Debug_Stats        1 / 1
  FrameData          1 / 1
  Strings_Builder    1 / 1
  DataPoint          1 / 1
  Field              2 / 2
  Metadata           176 / 176
  TOTAL              352 / 352

--- FETCHES (edit / copy / set) ---
  Int                241 / 0 / 0
  I64                480 / 0 / 0
  F32                240 / 0 / 0
  F64                240 / 0 / 0
  Vec3               481 / 0 / 0
  Texture            240 / 0 / 0
  Debug_Stats        1200 / 0 / 0
  DataPoint          240 / 0 / 0
  Field              240 / 0 / 0

--- FIELD OCCUPANCY ---
  Field[0] 'world_field_meta' levels:4 dims:3
    bounds X:[-8.0000,8.0000] Y:[-8.0000,8.0000] Z:[-8.0000,8.0000]
    level 0: 1 / 1 cells occupied
    level 1: 2 / 8 cells occupied
    level 2: 4 / 64 cells occupied
    level 3: 6 / 512 cells occupied
    level 4: 6 / 4096 cells occupied
  Field[1] 'model_field' levels:4 dims:3
    bounds X:[-1.0000,1.0000] Y:[-1.0000,1.0000] Z:[-1.0000,1.0000]
    level 0: 1 / 1 cells occupied
    level 1: 6 / 8 cells occupied
    level 2: 28 / 64 cells occupied
    level 3: 96 / 512 cells occupied
    level 4: 140 / 4096 cells occupied

[F2: enable fetch timing]

---
=== HOLLOWS ENGINE ===
FPS: 104 | Pixel: 6.2ms | Input: 0.000ms | Texture: 1.283ms
Camera: [0.00, 0.00, 6.00]

--- DATA (valid / total) ---
  Bool               1 / 1
  Int                5 / 5
  I64                2 / 2
  F32                5 / 5
  F64                2 / 2
  CString            6 / 6
  Vec3               1 / 1
  Vertex             140 / 140
  Model              1 / 1
  Texture            1 / 1
  Bounds             6 / 6
  Debug_Stats        1 / 1
  FrameData          1 / 1
  Strings_Builder    1 / 1
  DataPoint          1 / 1
  Field              2 / 2
  Metadata           176 / 176
  TOTAL              352 / 352

--- FETCHES (edit / copy / set) ---
  Int                237 / 0 / 0
  I64                472 / 0 / 0
  F32                236 / 0 / 0
  F64                236 / 0 / 0
  Vec3               473 / 0 / 0
  Texture            236 / 0 / 0
  Debug_Stats        1180 / 0 / 0
  DataPoint          236 / 0 / 0
  Field              236 / 0 / 0

--- FIELD OCCUPANCY ---
  Field[0] 'world_field_meta' levels:4 dims:3
    bounds X:[-8.0000,8.0000] Y:[-8.0000,8.0000] Z:[-8.0000,8.0000]
    level 0: 1 / 1 cells occupied
    level 1: 2 / 8 cells occupied
    level 2: 4 / 64 cells occupied
    level 3: 6 / 512 cells occupied
    level 4: 6 / 4096 cells occupied
  Field[1] 'model_field' levels:4 dims:3
    bounds X:[-1.0000,1.0000] Y:[-1.0000,1.0000] Z:[-1.0000,1.0000]
    level 0: 1 / 1 cells occupied
    level 1: 6 / 8 cells occupied
    level 2: 28 / 64 cells occupied
    level 3: 96 / 512 cells occupied
    level 4: 140 / 4096 cells occupied

[F2: enable fetch timing]

---
=== HOLLOWS ENGINE ===
FPS: 133 | Pixel: 5.5ms | Input: 0.000ms | Texture: 1.511ms
Camera: [0.00, 0.00, 6.00]

--- DATA (valid / total) ---
  Bool               1 / 1
  Int                5 / 5
  I64                2 / 2
  F32                5 / 5
  F64                2 / 2
  CString            6 / 6
  Vec3               1 / 1
  Vertex             140 / 140
  Model              1 / 1
  Texture            1 / 1
  Bounds             6 / 6
  Debug_Stats        1 / 1
  FrameData          1 / 1
  Strings_Builder    1 / 1
  DataPoint          1 / 1
  Field              2 / 2
  Metadata           176 / 176
  TOTAL              352 / 352

--- FETCHES (edit / copy / set) ---
  Int                277 / 0 / 0
  I64                552 / 0 / 0
  F32                276 / 0 / 0
  F64                276 / 0 / 0
  Vec3               553 / 0 / 0
  Texture            276 / 0 / 0
  Debug_Stats        1380 / 0 / 0
  DataPoint          276 / 0 / 0
  Field              276 / 0 / 0

--- FIELD OCCUPANCY ---
  Field[0] 'world_field_meta' levels:4 dims:3
    bounds X:[-8.0000,8.0000] Y:[-8.0000,8.0000] Z:[-8.0000,8.0000]
    level 0: 1 / 1 cells occupied
    level 1: 2 / 8 cells occupied
    level 2: 4 / 64 cells occupied
    level 3: 6 / 512 cells occupied
    level 4: 6 / 4096 cells occupied
  Field[1] 'model_field' levels:4 dims:3
    bounds X:[-1.0000,1.0000] Y:[-1.0000,1.0000] Z:[-1.0000,1.0000]
    level 0: 1 / 1 cells occupied
    level 1: 6 / 8 cells occupied
    level 2: 28 / 64 cells occupied
    level 3: 96 / 512 cells occupied
    level 4: 140 / 4096 cells occupied

[F2: enable fetch timing]

---
=== HOLLOWS ENGINE ===
FPS: 141 | Pixel: 5.6ms | Input: 0.000ms | Texture: 1.169ms
Camera: [0.00, 0.00, 6.00]

--- DATA (valid / total) ---
  Bool               1 / 1
  Int                5 / 5
  I64                2 / 2
  F32                5 / 5
  F64                2 / 2
  CString            6 / 6
  Vec3               1 / 1
  Vertex             140 / 140
  Model              1 / 1
  Texture            1 / 1
  Bounds             6 / 6
  Debug_Stats        1 / 1
  FrameData          1 / 1
  Strings_Builder    1 / 1
  DataPoint          1 / 1
  Field              2 / 2
  Metadata           176 / 176
  TOTAL              352 / 352

--- FETCHES (edit / copy / set) ---
  Int                280 / 0 / 0
  I64                558 / 0 / 0
  F32                279 / 0 / 0
  F64                279 / 0 / 0
  Vec3               559 / 0 / 0
  Texture            279 / 0 / 0
  Debug_Stats        1395 / 0 / 0
  DataPoint          279 / 0 / 0
  Field              279 / 0 / 0

--- FIELD OCCUPANCY ---
  Field[0] 'world_field_meta' levels:4 dims:3
    bounds X:[-8.0000,8.0000] Y:[-8.0000,8.0000] Z:[-8.0000,8.0000]
    level 0: 1 / 1 cells occupied
    level 1: 2 / 8 cells occupied
    level 2: 4 / 64 cells occupied
    level 3: 6 / 512 cells occupied
    level 4: 6 / 4096 cells occupied
  Field[1] 'model_field' levels:4 dims:3
    bounds X:[-1.0000,1.0000] Y:[-1.0000,1.0000] Z:[-1.0000,1.0000]
    level 0: 1 / 1 cells occupied
    level 1: 6 / 8 cells occupied
    level 2: 28 / 64 cells occupied
    level 3: 96 / 512 cells occupied
    level 4: 140 / 4096 cells occupied

[F2: enable fetch timing]

---
=== HOLLOWS ENGINE ===
FPS: 144 | Pixel: 5.8ms | Input: 0.000ms | Texture: 1.179ms
Camera: [0.00, 0.00, 6.00]

--- DATA (valid / total) ---
  Bool               1 / 1
  Int                5 / 5
  I64                2 / 2
  F32                5 / 5
  F64                2 / 2
  CString            6 / 6
  Vec3               1 / 1
  Vertex             140 / 140
  Model              1 / 1
  Texture            1 / 1
  Bounds             6 / 6
  Debug_Stats        1 / 1
  FrameData          1 / 1
  Strings_Builder    1 / 1
  DataPoint          1 / 1
  Field              2 / 2
  Metadata           176 / 176
  TOTAL              352 / 352

--- FETCHES (edit / copy / set) ---
  Int                276 / 0 / 0
  I64                550 / 0 / 0
  F32                275 / 0 / 0
  F64                275 / 0 / 0
  Vec3               551 / 0 / 0
  Texture            275 / 0 / 0
  Debug_Stats        1375 / 0 / 0
  DataPoint          275 / 0 / 0
  Field              275 / 0 / 0

--- FIELD OCCUPANCY ---
  Field[0] 'world_field_meta' levels:4 dims:3
    bounds X:[-8.0000,8.0000] Y:[-8.0000,8.0000] Z:[-8.0000,8.0000]
    level 0: 1 / 1 cells occupied
    level 1: 2 / 8 cells occupied
    level 2: 4 / 64 cells occupied
    level 3: 6 / 512 cells occupied
    level 4: 6 / 4096 cells occupied
  Field[1] 'model_field' levels:4 dims:3
    bounds X:[-1.0000,1.0000] Y:[-1.0000,1.0000] Z:[-1.0000,1.0000]
    level 0: 1 / 1 cells occupied
    level 1: 6 / 8 cells occupied
    level 2: 28 / 64 cells occupied
    level 3: 96 / 512 cells occupied
    level 4: 140 / 4096 cells occupied

[F2: enable fetch timing]

---
=== HOLLOWS ENGINE ===
FPS: 134 | Pixel: 6.1ms | Input: 0.000ms | Texture: 1.140ms
Camera: [0.00, 0.00, 6.00]

--- DATA (valid / total) ---
  Bool               1 / 1
  Int                5 / 5
  I64                2 / 2
  F32                5 / 5
  F64                2 / 2
  CString            6 / 6
  Vec3               1 / 1
  Vertex             140 / 140
  Model              1 / 1
  Texture            1 / 1
  Bounds             6 / 6
  Debug_Stats        1 / 1
  FrameData          1 / 1
  Strings_Builder    1 / 1
  DataPoint          1 / 1
  Field              2 / 2
  Metadata           176 / 176
  TOTAL              352 / 352

--- FETCHES (edit / copy / set) ---
  Int                270 / 0 / 0
  I64                538 / 0 / 0
  F32                269 / 0 / 0
  F64                269 / 0 / 0
  Vec3               539 / 0 / 0
  Texture            269 / 0 / 0
  Debug_Stats        1345 / 0 / 0
  DataPoint          269 / 0 / 0
  Field              269 / 0 / 0

--- FIELD OCCUPANCY ---
  Field[0] 'world_field_meta' levels:4 dims:3
    bounds X:[-8.0000,8.0000] Y:[-8.0000,8.0000] Z:[-8.0000,8.0000]
    level 0: 1 / 1 cells occupied
    level 1: 2 / 8 cells occupied
    level 2: 4 / 64 cells occupied
    level 3: 6 / 512 cells occupied
    level 4: 6 / 4096 cells occupied
  Field[1] 'model_field' levels:4 dims:3
    bounds X:[-1.0000,1.0000] Y:[-1.0000,1.0000] Z:[-1.0000,1.0000]
    level 0: 1 / 1 cells occupied
    level 1: 6 / 8 cells occupied
    level 2: 28 / 64 cells occupied
    level 3: 96 / 512 cells occupied
    level 4: 140 / 4096 cells occupied

[F2: enable fetch timing]

---
=== HOLLOWS ENGINE ===
FPS: 106 | Pixel: 7.7ms | Input: 0.000ms | Texture: 1.234ms
Camera: [0.00, 0.00, 6.00]

--- DATA (valid / total) ---
  Bool               1 / 1
  Int                5 / 5
  I64                2 / 2
  F32                5 / 5
  F64                2 / 2
  CString            6 / 6
  Vec3               1 / 1
  Vertex             140 / 140
  Model              1 / 1
  Texture            1 / 1
  Bounds             6 / 6
  Debug_Stats        1 / 1
  FrameData          1 / 1
  Strings_Builder    1 / 1
  DataPoint          1 / 1
  Field              2 / 2
  Metadata           176 / 176
  TOTAL              352 / 352

--- FETCHES (edit / copy / set) ---
  Int                237 / 0 / 0
  I64                472 / 0 / 0
  F32                236 / 0 / 0
  F64                236 / 0 / 0
  Vec3               473 / 0 / 0
  Texture            236 / 0 / 0
  Debug_Stats        1180 / 0 / 0
  DataPoint          236 / 0 / 0
  Field              236 / 0 / 0

--- FIELD OCCUPANCY ---
  Field[0] 'world_field_meta' levels:4 dims:3
    bounds X:[-8.0000,8.0000] Y:[-8.0000,8.0000] Z:[-8.0000,8.0000]
    level 0: 1 / 1 cells occupied
    level 1: 2 / 8 cells occupied
    level 2: 4 / 64 cells occupied
    level 3: 6 / 512 cells occupied
    level 4: 6 / 4096 cells occupied
  Field[1] 'model_field' levels:4 dims:3
    bounds X:[-1.0000,1.0000] Y:[-1.0000,1.0000] Z:[-1.0000,1.0000]
    level 0: 1 / 1 cells occupied
    level 1: 6 / 8 cells occupied
    level 2: 28 / 64 cells occupied
    level 3: 96 / 512 cells occupied
    level 4: 140 / 4096 cells occupied

[F2: enable fetch timing]

---
=== HOLLOWS ENGINE ===
FPS: 112 | Pixel: 7.6ms | Input: 0.000ms | Texture: 1.162ms
Camera: [0.00, 0.00, 6.00]

--- DATA (valid / total) ---
  Bool               1 / 1
  Int                5 / 5
  I64                2 / 2
  F32                5 / 5
  F64                2 / 2
  CString            6 / 6
  Vec3               1 / 1
  Vertex             140 / 140
  Model              1 / 1
  Texture            1 / 1
  Bounds             6 / 6
  Debug_Stats        1 / 1
  FrameData          1 / 1
  Strings_Builder    1 / 1
  DataPoint          1 / 1
  Field              2 / 2
  Metadata           176 / 176
  TOTAL              352 / 352

--- FETCHES (edit / copy / set) ---
  Int                223 / 0 / 0
  I64                444 / 0 / 0
  F32                222 / 0 / 0
  F64                222 / 0 / 0
  Vec3               445 / 0 / 0
  Texture            222 / 0 / 0
  Debug_Stats        1110 / 0 / 0
  DataPoint          222 / 0 / 0
  Field              222 / 0 / 0

--- FIELD OCCUPANCY ---
  Field[0] 'world_field_meta' levels:4 dims:3
    bounds X:[-8.0000,8.0000] Y:[-8.0000,8.0000] Z:[-8.0000,8.0000]
    level 0: 1 / 1 cells occupied
    level 1: 2 / 8 cells occupied
    level 2: 4 / 64 cells occupied
    level 3: 6 / 512 cells occupied
    level 4: 6 / 4096 cells occupied
  Field[1] 'model_field' levels:4 dims:3
    bounds X:[-1.0000,1.0000] Y:[-1.0000,1.0000] Z:[-1.0000,1.0000]
    level 0: 1 / 1 cells occupied
    level 1: 6 / 8 cells occupied
    level 2: 28 / 64 cells occupied
    level 3: 96 / 512 cells occupied
    level 4: 140 / 4096 cells occupied

[F2: enable fetch timing]

---
=== HOLLOWS ENGINE ===
FPS: 59 | Pixel: 15.0ms | Input: 0.000ms | Texture: 1.950ms
Camera: [0.00, 0.00, 6.00]

--- DATA (valid / total) ---
  Bool               1 / 1
  Int                5 / 5
  I64                2 / 2
  F32                5 / 5
  F64                2 / 2
  CString            6 / 6
  Vec3               1 / 1
  Vertex             140 / 140
  Model              1 / 1
  Texture            1 / 1
  Bounds             6 / 6
  Debug_Stats        1 / 1
  FrameData          1 / 1
  Strings_Builder    1 / 1
  DataPoint          1 / 1
  Field              2 / 2
  Metadata           176 / 176
  TOTAL              352 / 352

--- FETCHES (edit / copy / set) ---
  Int                200 / 0 / 0
  I64                398 / 0 / 0
  F32                199 / 0 / 0
  F64                199 / 0 / 0
  Vec3               399 / 0 / 0
  Texture            199 / 0 / 0
  Debug_Stats        995 / 0 / 0
  DataPoint          199 / 0 / 0
  Field              199 / 0 / 0

--- FIELD OCCUPANCY ---
  Field[0] 'world_field_meta' levels:4 dims:3
    bounds X:[-8.0000,8.0000] Y:[-8.0000,8.0000] Z:[-8.0000,8.0000]
    level 0: 1 / 1 cells occupied
    level 1: 2 / 8 cells occupied
    level 2: 4 / 64 cells occupied
    level 3: 6 / 512 cells occupied
    level 4: 6 / 4096 cells occupied
  Field[1] 'model_field' levels:4 dims:3
    bounds X:[-1.0000,1.0000] Y:[-1.0000,1.0000] Z:[-1.0000,1.0000]
    level 0: 1 / 1 cells occupied
    level 1: 6 / 8 cells occupied
    level 2: 28 / 64 cells occupied
    level 3: 96 / 512 cells occupied
    level 4: 140 / 4096 cells occupied

[F2: enable fetch timing]

---
=== HOLLOWS ENGINE ===
FPS: 103 | Pixel: 7.0ms | Input: 0.001ms | Texture: 1.180ms
Camera: [0.00, 0.00, 6.00]

--- DATA (valid / total) ---
  Bool               1 / 1
  Int                5 / 5
  I64                2 / 2
  F32                5 / 5
  F64                2 / 2
  CString            6 / 6
  Vec3               1 / 1
  Vertex             140 / 140
  Model              1 / 1
  Texture            1 / 1
  Bounds             6 / 6
  Debug_Stats        1 / 1
  FrameData          1 / 1
  Strings_Builder    1 / 1
  DataPoint          1 / 1
  Field              2 / 2
  Metadata           176 / 176
  TOTAL              352 / 352

--- FETCHES (edit / copy / set) ---
  Int                216 / 0 / 0
  I64                430 / 0 / 0
  F32                215 / 0 / 0
  F64                215 / 0 / 0
  Vec3               431 / 0 / 0
  Texture            215 / 0 / 0
  Debug_Stats        1075 / 0 / 0
  DataPoint          215 / 0 / 0
  Field              215 / 0 / 0

--- FIELD OCCUPANCY ---
  Field[0] 'world_field_meta' levels:4 dims:3
    bounds X:[-8.0000,8.0000] Y:[-8.0000,8.0000] Z:[-8.0000,8.0000]
    level 0: 1 / 1 cells occupied
    level 1: 2 / 8 cells occupied
    level 2: 4 / 64 cells occupied
    level 3: 6 / 512 cells occupied
    level 4: 6 / 4096 cells occupied
  Field[1] 'model_field' levels:4 dims:3
    bounds X:[-1.0000,1.0000] Y:[-1.0000,1.0000] Z:[-1.0000,1.0000]
    level 0: 1 / 1 cells occupied
    level 1: 6 / 8 cells occupied
    level 2: 28 / 64 cells occupied
    level 3: 96 / 512 cells occupied
    level 4: 140 / 4096 cells occupied

[F2: enable fetch timing]

---
=== HOLLOWS ENGINE ===
FPS: 130 | Pixel: 6.2ms | Input: 0.000ms | Texture: 1.185ms
Camera: [0.00, 0.00, 6.00]

--- DATA (valid / total) ---
  Bool               1 / 1
  Int                5 / 5
  I64                2 / 2
  F32                5 / 5
  F64                2 / 2
  CString            6 / 6
  Vec3               1 / 1
  Vertex             140 / 140
  Model              1 / 1
  Texture            1 / 1
  Bounds             6 / 6
  Debug_Stats        1 / 1
  FrameData          1 / 1
  Strings_Builder    1 / 1
  DataPoint          1 / 1
  Field              2 / 2
  Metadata           176 / 176
  TOTAL              352 / 352

--- FETCHES (edit / copy / set) ---
  Int                226 / 0 / 0
  I64                450 / 0 / 0
  F32                225 / 0 / 0
  F64                225 / 0 / 0
  Vec3               451 / 0 / 0
  Texture            225 / 0 / 0
  Debug_Stats        1125 / 0 / 0
  DataPoint          225 / 0 / 0
  Field              225 / 0 / 0

--- FIELD OCCUPANCY ---
  Field[0] 'world_field_meta' levels:4 dims:3
    bounds X:[-8.0000,8.0000] Y:[-8.0000,8.0000] Z:[-8.0000,8.0000]
    level 0: 1 / 1 cells occupied
    level 1: 2 / 8 cells occupied
    level 2: 4 / 64 cells occupied
    level 3: 6 / 512 cells occupied
    level 4: 6 / 4096 cells occupied
  Field[1] 'model_field' levels:4 dims:3
    bounds X:[-1.0000,1.0000] Y:[-1.0000,1.0000] Z:[-1.0000,1.0000]
    level 0: 1 / 1 cells occupied
    level 1: 6 / 8 cells occupied
    level 2: 28 / 64 cells occupied
    level 3: 96 / 512 cells occupied
    level 4: 140 / 4096 cells occupied

[F2: enable fetch timing]

---
=== HOLLOWS ENGINE ===
FPS: 137 | Pixel: 5.8ms | Input: 0.000ms | Texture: 1.170ms
Camera: [0.00, 0.00, 6.00]

--- DATA (valid / total) ---
  Bool               1 / 1
  Int                5 / 5
  I64                2 / 2
  F32                5 / 5
  F64                2 / 2
  CString            6 / 6
  Vec3               1 / 1
  Vertex             140 / 140
  Model              1 / 1
  Texture            1 / 1
  Bounds             6 / 6
  Debug_Stats        1 / 1
  FrameData          1 / 1
  Strings_Builder    1 / 1
  DataPoint          1 / 1
  Field              2 / 2
  Metadata           176 / 176
  TOTAL              352 / 352

--- FETCHES (edit / copy / set) ---
  Int                259 / 0 / 0
  I64                516 / 0 / 0
  F32                258 / 0 / 0
  F64                258 / 0 / 0
  Vec3               517 / 0 / 0
  Texture            258 / 0 / 0
  Debug_Stats        1290 / 0 / 0
  DataPoint          258 / 0 / 0
  Field              258 / 0 / 0

--- FIELD OCCUPANCY ---
  Field[0] 'world_field_meta' levels:4 dims:3
    bounds X:[-8.0000,8.0000] Y:[-8.0000,8.0000] Z:[-8.0000,8.0000]
    level 0: 1 / 1 cells occupied
    level 1: 2 / 8 cells occupied
    level 2: 4 / 64 cells occupied
    level 3: 6 / 512 cells occupied
    level 4: 6 / 4096 cells occupied
  Field[1] 'model_field' levels:4 dims:3
    bounds X:[-1.0000,1.0000] Y:[-1.0000,1.0000] Z:[-1.0000,1.0000]
    level 0: 1 / 1 cells occupied
    level 1: 6 / 8 cells occupied
    level 2: 28 / 64 cells occupied
    level 3: 96 / 512 cells occupied
    level 4: 140 / 4096 cells occupied

[F2: enable fetch timing]

---
=== HOLLOWS ENGINE ===
FPS: 151 | Pixel: 5.5ms | Input: 0.000ms | Texture: 1.177ms
Camera: [0.00, 0.00, 6.00]

--- DATA (valid / total) ---
  Bool               1 / 1
  Int                5 / 5
  I64                2 / 2
  F32                5 / 5
  F64                2 / 2
  CString            6 / 6
  Vec3               1 / 1
  Vertex             140 / 140
  Model              1 / 1
  Texture            1 / 1
  Bounds             6 / 6
  Debug_Stats        1 / 1
  FrameData          1 / 1
  Strings_Builder    1 / 1
  DataPoint          1 / 1
  Field              2 / 2
  Metadata           176 / 176
  TOTAL              352 / 352

--- FETCHES (edit / copy / set) ---
  Int                284 / 0 / 0
  I64                566 / 0 / 0
  F32                283 / 0 / 0
  F64                283 / 0 / 0
  Vec3               567 / 0 / 0
  Texture            283 / 0 / 0
  Debug_Stats        1415 / 0 / 0
  DataPoint          283 / 0 / 0
  Field              283 / 0 / 0

--- FIELD OCCUPANCY ---
  Field[0] 'world_field_meta' levels:4 dims:3
    bounds X:[-8.0000,8.0000] Y:[-8.0000,8.0000] Z:[-8.0000,8.0000]
    level 0: 1 / 1 cells occupied
    level 1: 2 / 8 cells occupied
    level 2: 4 / 64 cells occupied
    level 3: 6 / 512 cells occupied
    level 4: 6 / 4096 cells occupied
  Field[1] 'model_field' levels:4 dims:3
    bounds X:[-1.0000,1.0000] Y:[-1.0000,1.0000] Z:[-1.0000,1.0000]
    level 0: 1 / 1 cells occupied
    level 1: 6 / 8 cells occupied
    level 2: 28 / 64 cells occupied
    level 3: 96 / 512 cells occupied
    level 4: 140 / 4096 cells occupied

[F2: enable fetch timing]

---
=== HOLLOWS ENGINE ===
FPS: 145 | Pixel: 6.0ms | Input: 0.000ms | Texture: 1.326ms
Camera: [0.00, 0.00, 6.00]

--- DATA (valid / total) ---
  Bool               1 / 1
  Int                5 / 5
  I64                2 / 2
  F32                5 / 5
  F64                2 / 2
  CString            6 / 6
  Vec3               1 / 1
  Vertex             140 / 140
  Model              1 / 1
  Texture            1 / 1
  Bounds             6 / 6
  Debug_Stats        1 / 1
  FrameData          1 / 1
  Strings_Builder    1 / 1
  DataPoint          1 / 1
  Field              2 / 2
  Metadata           176 / 176
  TOTAL              352 / 352

--- FETCHES (edit / copy / set) ---
  Int                287 / 0 / 0
  I64                572 / 0 / 0
  F32                286 / 0 / 0
  F64                286 / 0 / 0
  Vec3               573 / 0 / 0
  Texture            286 / 0 / 0
  Debug_Stats        1430 / 0 / 0
  DataPoint          286 / 0 / 0
  Field              286 / 0 / 0

--- FIELD OCCUPANCY ---
  Field[0] 'world_field_meta' levels:4 dims:3
    bounds X:[-8.0000,8.0000] Y:[-8.0000,8.0000] Z:[-8.0000,8.0000]
    level 0: 1 / 1 cells occupied
    level 1: 2 / 8 cells occupied
    level 2: 4 / 64 cells occupied
    level 3: 6 / 512 cells occupied
    level 4: 6 / 4096 cells occupied
  Field[1] 'model_field' levels:4 dims:3
    bounds X:[-1.0000,1.0000] Y:[-1.0000,1.0000] Z:[-1.0000,1.0000]
    level 0: 1 / 1 cells occupied
    level 1: 6 / 8 cells occupied
    level 2: 28 / 64 cells occupied
    level 3: 96 / 512 cells occupied
    level 4: 140 / 4096 cells occupied

[F2: enable fetch timing]

---
=== HOLLOWS ENGINE ===
FPS: 139 | Pixel: 5.9ms | Input: 0.000ms | Texture: 1.157ms
Camera: [0.00, 0.00, 6.00]

--- DATA (valid / total) ---
  Bool               1 / 1
  Int                5 / 5
  I64                2 / 2
  F32                5 / 5
  F64                2 / 2
  CString            6 / 6
  Vec3               1 / 1
  Vertex             140 / 140
  Model              1 / 1
  Texture            1 / 1
  Bounds             6 / 6
  Debug_Stats        1 / 1
  FrameData          1 / 1
  Strings_Builder    1 / 1
  DataPoint          1 / 1
  Field              2 / 2
  Metadata           176 / 176
  TOTAL              352 / 352

--- FETCHES (edit / copy / set) ---
  Int                289 / 0 / 0
  I64                576 / 0 / 0
  F32                288 / 0 / 0
  F64                288 / 0 / 0
  Vec3               577 / 0 / 0
  Texture            288 / 0 / 0
  Debug_Stats        1440 / 0 / 0
  DataPoint          288 / 0 / 0
  Field              288 / 0 / 0

--- FIELD OCCUPANCY ---
  Field[0] 'world_field_meta' levels:4 dims:3
    bounds X:[-8.0000,8.0000] Y:[-8.0000,8.0000] Z:[-8.0000,8.0000]
    level 0: 1 / 1 cells occupied
    level 1: 2 / 8 cells occupied
    level 2: 4 / 64 cells occupied
    level 3: 6 / 512 cells occupied
    level 4: 6 / 4096 cells occupied
  Field[1] 'model_field' levels:4 dims:3
    bounds X:[-1.0000,1.0000] Y:[-1.0000,1.0000] Z:[-1.0000,1.0000]
    level 0: 1 / 1 cells occupied
    level 1: 6 / 8 cells occupied
    level 2: 28 / 64 cells occupied
    level 3: 96 / 512 cells occupied
    level 4: 140 / 4096 cells occupied

[F2: enable fetch timing]

---
=== HOLLOWS ENGINE ===
FPS: 113 | Pixel: 8.0ms | Input: 0.000ms | Texture: 1.532ms
Camera: [0.00, 0.00, 6.00]

--- DATA (valid / total) ---
  Bool               1 / 1
  Int                5 / 5
  I64                2 / 2
  F32                5 / 5
  F64                2 / 2
  CString            6 / 6
  Vec3               1 / 1
  Vertex             140 / 140
  Model              1 / 1
  Texture            1 / 1
  Bounds             6 / 6
  Debug_Stats        1 / 1
  FrameData          1 / 1
  Strings_Builder    1 / 1
  DataPoint          1 / 1
  Field              2 / 2
  Metadata           176 / 176
  TOTAL              352 / 352

--- FETCHES (edit / copy / set) ---
  Int                251 / 0 / 0
  I64                500 / 0 / 0
  F32                250 / 0 / 0
  F64                250 / 0 / 0
  Vec3               501 / 0 / 0
  Texture            250 / 0 / 0
  Debug_Stats        1250 / 0 / 0
  DataPoint          250 / 0 / 0
  Field              250 / 0 / 0

--- FIELD OCCUPANCY ---
  Field[0] 'world_field_meta' levels:4 dims:3
    bounds X:[-8.0000,8.0000] Y:[-8.0000,8.0000] Z:[-8.0000,8.0000]
    level 0: 1 / 1 cells occupied
    level 1: 2 / 8 cells occupied
    level 2: 4 / 64 cells occupied
    level 3: 6 / 512 cells occupied
    level 4: 6 / 4096 cells occupied
  Field[1] 'model_field' levels:4 dims:3
    bounds X:[-1.0000,1.0000] Y:[-1.0000,1.0000] Z:[-1.0000,1.0000]
    level 0: 1 / 1 cells occupied
    level 1: 6 / 8 cells occupied
    level 2: 28 / 64 cells occupied
    level 3: 96 / 512 cells occupied
    level 4: 140 / 4096 cells occupied

[F2: enable fetch timing]

---
=== HOLLOWS ENGINE ===
FPS: 127 | Pixel: 6.7ms | Input: 0.000ms | Texture: 1.142ms
Camera: [0.00, 0.00, 6.00]

--- DATA (valid / total) ---
  Bool               1 / 1
  Int                5 / 5
  I64                2 / 2
  F32                5 / 5
  F64                2 / 2
  CString            6 / 6
  Vec3               1 / 1
  Vertex             140 / 140
  Model              1 / 1
  Texture            1 / 1
  Bounds             6 / 6
  Debug_Stats        1 / 1
  FrameData          1 / 1
  Strings_Builder    1 / 1
  DataPoint          1 / 1
  Field              2 / 2
  Metadata           176 / 176
  TOTAL              352 / 352

--- FETCHES (edit / copy / set) ---
  Int                243 / 0 / 0
  I64                484 / 0 / 0
  F32                242 / 0 / 0
  F64                242 / 0 / 0
  Vec3               485 / 0 / 0
  Texture            242 / 0 / 0
  Debug_Stats        1210 / 0 / 0
  DataPoint          242 / 0 / 0
  Field              242 / 0 / 0

--- FIELD OCCUPANCY ---
  Field[0] 'world_field_meta' levels:4 dims:3
    bounds X:[-8.0000,8.0000] Y:[-8.0000,8.0000] Z:[-8.0000,8.0000]
    level 0: 1 / 1 cells occupied
    level 1: 2 / 8 cells occupied
    level 2: 4 / 64 cells occupied
    level 3: 6 / 512 cells occupied
    level 4: 6 / 4096 cells occupied
  Field[1] 'model_field' levels:4 dims:3
    bounds X:[-1.0000,1.0000] Y:[-1.0000,1.0000] Z:[-1.0000,1.0000]
    level 0: 1 / 1 cells occupied
    level 1: 6 / 8 cells occupied
    level 2: 28 / 64 cells occupied
    level 3: 96 / 512 cells occupied
    level 4: 140 / 4096 cells occupied

[F2: enable fetch timing]

---
=== HOLLOWS ENGINE ===
FPS: 154 | Pixel: 5.2ms | Input: 0.000ms | Texture: 1.149ms
Camera: [0.00, 0.00, 6.00]

--- DATA (valid / total) ---
  Bool               1 / 1
  Int                5 / 5
  I64                2 / 2
  F32                5 / 5
  F64                2 / 2
  CString            6 / 6
  Vec3               1 / 1
  Vertex             140 / 140
  Model              1 / 1
  Texture            1 / 1
  Bounds             6 / 6
  Debug_Stats        1 / 1
  FrameData          1 / 1
  Strings_Builder    1 / 1
  DataPoint          1 / 1
  Field              2 / 2
  Metadata           176 / 176
  TOTAL              352 / 352

--- FETCHES (edit / copy / set) ---
  Int                271 / 0 / 0
  I64                540 / 0 / 0
  F32                270 / 0 / 0
  F64                270 / 0 / 0
  Vec3               541 / 0 / 0
  Texture            270 / 0 / 0
  Debug_Stats        1350 / 0 / 0
  DataPoint          270 / 0 / 0
  Field              270 / 0 / 0

--- FIELD OCCUPANCY ---
  Field[0] 'world_field_meta' levels:4 dims:3
    bounds X:[-8.0000,8.0000] Y:[-8.0000,8.0000] Z:[-8.0000,8.0000]
    level 0: 1 / 1 cells occupied
    level 1: 2 / 8 cells occupied
    level 2: 4 / 64 cells occupied
    level 3: 6 / 512 cells occupied
    level 4: 6 / 4096 cells occupied
  Field[1] 'model_field' levels:4 dims:3
    bounds X:[-1.0000,1.0000] Y:[-1.0000,1.0000] Z:[-1.0000,1.0000]
    level 0: 1 / 1 cells occupied
    level 1: 6 / 8 cells occupied
    level 2: 28 / 64 cells occupied
    level 3: 96 / 512 cells occupied
    level 4: 140 / 4096 cells occupied

[F2: enable fetch timing]

---
=== HOLLOWS ENGINE ===
FPS: 146 | Pixel: 5.4ms | Input: 0.000ms | Texture: 1.144ms
Camera: [0.00, 0.00, 6.00]

--- DATA (valid / total) ---
  Bool               1 / 1
  Int                5 / 5
  I64                2 / 2
  F32                5 / 5
  F64                2 / 2
  CString            6 / 6
  Vec3               1 / 1
  Vertex             140 / 140
  Model              1 / 1
  Texture            1 / 1
  Bounds             6 / 6
  Debug_Stats        1 / 1
  FrameData          1 / 1
  Strings_Builder    1 / 1
  DataPoint          1 / 1
  Field              2 / 2
  Metadata           176 / 176
  TOTAL              352 / 352

--- FETCHES (edit / copy / set) ---
  Int                296 / 0 / 0
  I64                590 / 0 / 0
  F32                295 / 0 / 0
  F64                295 / 0 / 0
  Vec3               591 / 0 / 0
  Texture            295 / 0 / 0
  Debug_Stats        1475 / 0 / 0
  DataPoint          295 / 0 / 0
  Field              295 / 0 / 0

--- FIELD OCCUPANCY ---
  Field[0] 'world_field_meta' levels:4 dims:3
    bounds X:[-8.0000,8.0000] Y:[-8.0000,8.0000] Z:[-8.0000,8.0000]
    level 0: 1 / 1 cells occupied
    level 1: 2 / 8 cells occupied
    level 2: 4 / 64 cells occupied
    level 3: 6 / 512 cells occupied
    level 4: 6 / 4096 cells occupied
  Field[1] 'model_field' levels:4 dims:3
    bounds X:[-1.0000,1.0000] Y:[-1.0000,1.0000] Z:[-1.0000,1.0000]
    level 0: 1 / 1 cells occupied
    level 1: 6 / 8 cells occupied
    level 2: 28 / 64 cells occupied
    level 3: 96 / 512 cells occupied
    level 4: 140 / 4096 cells occupied

[F2: enable fetch timing]

---
=== HOLLOWS ENGINE ===
FPS: 147 | Pixel: 5.4ms | Input: 0.000ms | Texture: 1.155ms
Camera: [0.00, 0.00, 6.00]

--- DATA (valid / total) ---
  Bool               1 / 1
  Int                5 / 5
  I64                2 / 2
  F32                5 / 5
  F64                2 / 2
  CString            6 / 6
  Vec3               1 / 1
  Vertex             140 / 140
  Model              1 / 1
  Texture            1 / 1
  Bounds             6 / 6
  Debug_Stats        1 / 1
  FrameData          1 / 1
  Strings_Builder    1 / 1
  DataPoint          1 / 1
  Field              2 / 2
  Metadata           176 / 176
  TOTAL              352 / 352

--- FETCHES (edit / copy / set) ---
  Int                289 / 0 / 0
  I64                576 / 0 / 0
  F32                288 / 0 / 0
  F64                288 / 0 / 0
  Vec3               577 / 0 / 0
  Texture            288 / 0 / 0
  Debug_Stats        1440 / 0 / 0
  DataPoint          288 / 0 / 0
  Field              288 / 0 / 0

--- FIELD OCCUPANCY ---
  Field[0] 'world_field_meta' levels:4 dims:3
    bounds X:[-8.0000,8.0000] Y:[-8.0000,8.0000] Z:[-8.0000,8.0000]
    level 0: 1 / 1 cells occupied
    level 1: 2 / 8 cells occupied
    level 2: 4 / 64 cells occupied
    level 3: 6 / 512 cells occupied
    level 4: 6 / 4096 cells occupied
  Field[1] 'model_field' levels:4 dims:3
    bounds X:[-1.0000,1.0000] Y:[-1.0000,1.0000] Z:[-1.0000,1.0000]
    level 0: 1 / 1 cells occupied
    level 1: 6 / 8 cells occupied
    level 2: 28 / 64 cells occupied
    level 3: 96 / 512 cells occupied
    level 4: 140 / 4096 cells occupied

[F2: enable fetch timing]

---
=== HOLLOWS ENGINE ===
FPS: 135 | Pixel: 6.0ms | Input: 0.000ms | Texture: 1.155ms
Camera: [0.00, 0.00, 6.00]

--- DATA (valid / total) ---
  Bool               1 / 1
  Int                5 / 5
  I64                2 / 2
  F32                5 / 5
  F64                2 / 2
  CString            6 / 6
  Vec3               1 / 1
  Vertex             140 / 140
  Model              1 / 1
  Texture            1 / 1
  Bounds             6 / 6
  Debug_Stats        1 / 1
  FrameData          1 / 1
  Strings_Builder    1 / 1
  DataPoint          1 / 1
  Field              2 / 2
  Metadata           176 / 176
  TOTAL              352 / 352

--- FETCHES (edit / copy / set) ---
  Int                289 / 0 / 0
  I64                576 / 0 / 0
  F32                288 / 0 / 0
  F64                288 / 0 / 0
  Vec3               577 / 0 / 0
  Texture            288 / 0 / 0
  Debug_Stats        1440 / 0 / 0
  DataPoint          288 / 0 / 0
  Field              288 / 0 / 0

--- FIELD OCCUPANCY ---
  Field[0] 'world_field_meta' levels:4 dims:3
    bounds X:[-8.0000,8.0000] Y:[-8.0000,8.0000] Z:[-8.0000,8.0000]
    level 0: 1 / 1 cells occupied
    level 1: 2 / 8 cells occupied
    level 2: 4 / 64 cells occupied
    level 3: 6 / 512 cells occupied
    level 4: 6 / 4096 cells occupied
  Field[1] 'model_field' levels:4 dims:3
    bounds X:[-1.0000,1.0000] Y:[-1.0000,1.0000] Z:[-1.0000,1.0000]
    level 0: 1 / 1 cells occupied
    level 1: 6 / 8 cells occupied
    level 2: 28 / 64 cells occupied
    level 3: 96 / 512 cells occupied
    level 4: 140 / 4096 cells occupied

[F2: enable fetch timing]

---
=== HOLLOWS ENGINE ===
FPS: 130 | Pixel: 6.5ms | Input: 0.000ms | Texture: 1.137ms
Camera: [0.00, 0.00, 6.00]

--- DATA (valid / total) ---
  Bool               1 / 1
  Int                5 / 5
  I64                2 / 2
  F32                5 / 5
  F64                2 / 2
  CString            6 / 6
  Vec3               1 / 1
  Vertex             140 / 140
  Model              1 / 1
  Texture            1 / 1
  Bounds             6 / 6
  Debug_Stats        1 / 1
  FrameData          1 / 1
  Strings_Builder    1 / 1
  DataPoint          1 / 1
  Field              2 / 2
  Metadata           176 / 176
  TOTAL              352 / 352

--- FETCHES (edit / copy / set) ---
  Int                263 / 0 / 0
  I64                524 / 0 / 0
  F32                262 / 0 / 0
  F64                262 / 0 / 0
  Vec3               525 / 0 / 0
  Texture            262 / 0 / 0
  Debug_Stats        1310 / 0 / 0
  DataPoint          262 / 0 / 0
  Field              262 / 0 / 0

--- FIELD OCCUPANCY ---
  Field[0] 'world_field_meta' levels:4 dims:3
    bounds X:[-8.0000,8.0000] Y:[-8.0000,8.0000] Z:[-8.0000,8.0000]
    level 0: 1 / 1 cells occupied
    level 1: 2 / 8 cells occupied
    level 2: 4 / 64 cells occupied
    level 3: 6 / 512 cells occupied
    level 4: 6 / 4096 cells occupied
  Field[1] 'model_field' levels:4 dims:3
    bounds X:[-1.0000,1.0000] Y:[-1.0000,1.0000] Z:[-1.0000,1.0000]
    level 0: 1 / 1 cells occupied
    level 1: 6 / 8 cells occupied
    level 2: 28 / 64 cells occupied
    level 3: 96 / 512 cells occupied
    level 4: 140 / 4096 cells occupied

[F2: enable fetch timing]

---
=== HOLLOWS ENGINE ===
FPS: 115 | Pixel: 7.5ms | Input: 0.000ms | Texture: 1.137ms
Camera: [0.00, 0.00, 6.00]

--- DATA (valid / total) ---
  Bool               1 / 1
  Int                5 / 5
  I64                2 / 2
  F32                5 / 5
  F64                2 / 2
  CString            6 / 6
  Vec3               1 / 1
  Vertex             140 / 140
  Model              1 / 1
  Texture            1 / 1
  Bounds             6 / 6
  Debug_Stats        1 / 1
  FrameData          1 / 1
  Strings_Builder    1 / 1
  DataPoint          1 / 1
  Field              2 / 2
  Metadata           176 / 176
  TOTAL              352 / 352

--- FETCHES (edit / copy / set) ---
  Int                236 / 0 / 0
  I64                470 / 0 / 0
  F32                235 / 0 / 0
  F64                235 / 0 / 0
  Vec3               471 / 0 / 0
  Texture            235 / 0 / 0
  Debug_Stats        1175 / 0 / 0
  DataPoint          235 / 0 / 0
  Field              235 / 0 / 0

--- FIELD OCCUPANCY ---
  Field[0] 'world_field_meta' levels:4 dims:3
    bounds X:[-8.0000,8.0000] Y:[-8.0000,8.0000] Z:[-8.0000,8.0000]
    level 0: 1 / 1 cells occupied
    level 1: 2 / 8 cells occupied
    level 2: 4 / 64 cells occupied
    level 3: 6 / 512 cells occupied
    level 4: 6 / 4096 cells occupied
  Field[1] 'model_field' levels:4 dims:3
    bounds X:[-1.0000,1.0000] Y:[-1.0000,1.0000] Z:[-1.0000,1.0000]
    level 0: 1 / 1 cells occupied
    level 1: 6 / 8 cells occupied
    level 2: 28 / 64 cells occupied
    level 3: 96 / 512 cells occupied
    level 4: 140 / 4096 cells occupied

[F2: enable fetch timing]

---
=== HOLLOWS ENGINE ===
FPS: 115 | Pixel: 7.5ms | Input: 0.000ms | Texture: 1.170ms
Camera: [0.00, 0.00, 6.00]

--- DATA (valid / total) ---
  Bool               1 / 1
  Int                5 / 5
  I64                2 / 2
  F32                5 / 5
  F64                2 / 2
  CString            6 / 6
  Vec3               1 / 1
  Vertex             140 / 140
  Model              1 / 1
  Texture            1 / 1
  Bounds             6 / 6
  Debug_Stats        1 / 1
  FrameData          1 / 1
  Strings_Builder    1 / 1
  DataPoint          1 / 1
  Field              2 / 2
  Metadata           176 / 176
  TOTAL              352 / 352

--- FETCHES (edit / copy / set) ---
  Int                224 / 0 / 0
  I64                446 / 0 / 0
  F32                223 / 0 / 0
  F64                223 / 0 / 0
  Vec3               447 / 0 / 0
  Texture            223 / 0 / 0
  Debug_Stats        1115 / 0 / 0
  DataPoint          223 / 0 / 0
  Field              223 / 0 / 0

--- FIELD OCCUPANCY ---
  Field[0] 'world_field_meta' levels:4 dims:3
    bounds X:[-8.0000,8.0000] Y:[-8.0000,8.0000] Z:[-8.0000,8.0000]
    level 0: 1 / 1 cells occupied
    level 1: 2 / 8 cells occupied
    level 2: 4 / 64 cells occupied
    level 3: 6 / 512 cells occupied
    level 4: 6 / 4096 cells occupied
  Field[1] 'model_field' levels:4 dims:3
    bounds X:[-1.0000,1.0000] Y:[-1.0000,1.0000] Z:[-1.0000,1.0000]
    level 0: 1 / 1 cells occupied
    level 1: 6 / 8 cells occupied
    level 2: 28 / 64 cells occupied
    level 3: 96 / 512 cells occupied
    level 4: 140 / 4096 cells occupied

[F2: enable fetch timing]

---
=== HOLLOWS ENGINE ===
FPS: 117 | Pixel: 7.0ms | Input: 0.000ms | Texture: 1.372ms
Camera: [0.00, 0.00, 6.00]

--- DATA (valid / total) ---
  Bool               1 / 1
  Int                5 / 5
  I64                2 / 2
  F32                5 / 5
  F64                2 / 2
  CString            6 / 6
  Vec3               1 / 1
  Vertex             140 / 140
  Model              1 / 1
  Texture            1 / 1
  Bounds             6 / 6
  Debug_Stats        1 / 1
  FrameData          1 / 1
  Strings_Builder    1 / 1
  DataPoint          1 / 1
  Field              2 / 2
  Metadata           176 / 176
  TOTAL              352 / 352

--- FETCHES (edit / copy / set) ---
  Int                234 / 0 / 0
  I64                466 / 0 / 0
  F32                233 / 0 / 0
  F64                233 / 0 / 0
  Vec3               467 / 0 / 0
  Texture            233 / 0 / 0
  Debug_Stats        1165 / 0 / 0
  DataPoint          233 / 0 / 0
  Field              233 / 0 / 0

--- FIELD OCCUPANCY ---
  Field[0] 'world_field_meta' levels:4 dims:3
    bounds X:[-8.0000,8.0000] Y:[-8.0000,8.0000] Z:[-8.0000,8.0000]
    level 0: 1 / 1 cells occupied
    level 1: 2 / 8 cells occupied
    level 2: 4 / 64 cells occupied
    level 3: 6 / 512 cells occupied
    level 4: 6 / 4096 cells occupied
  Field[1] 'model_field' levels:4 dims:3
    bounds X:[-1.0000,1.0000] Y:[-1.0000,1.0000] Z:[-1.0000,1.0000]
    level 0: 1 / 1 cells occupied
    level 1: 6 / 8 cells occupied
    level 2: 28 / 64 cells occupied
    level 3: 96 / 512 cells occupied
    level 4: 140 / 4096 cells occupied

[F2: enable fetch timing]

---
=== HOLLOWS ENGINE ===
FPS: 134 | Pixel: 6.2ms | Input: 0.000ms | Texture: 1.134ms
Camera: [0.00, 0.00, 6.00]

--- DATA (valid / total) ---
  Bool               1 / 1
  Int                5 / 5
  I64                2 / 2
  F32                5 / 5
  F64                2 / 2
  CString            6 / 6
  Vec3               1 / 1
  Vertex             140 / 140
  Model              1 / 1
  Texture            1 / 1
  Bounds             6 / 6
  Debug_Stats        1 / 1
  FrameData          1 / 1
  Strings_Builder    1 / 1
  DataPoint          1 / 1
  Field              2 / 2
  Metadata           176 / 176
  TOTAL              352 / 352

--- FETCHES (edit / copy / set) ---
  Int                255 / 0 / 0
  I64                508 / 0 / 0
  F32                254 / 0 / 0
  F64                254 / 0 / 0
  Vec3               509 / 0 / 0
  Texture            254 / 0 / 0
  Debug_Stats        1270 / 0 / 0
  DataPoint          254 / 0 / 0
  Field              254 / 0 / 0

--- FIELD OCCUPANCY ---
  Field[0] 'world_field_meta' levels:4 dims:3
    bounds X:[-8.0000,8.0000] Y:[-8.0000,8.0000] Z:[-8.0000,8.0000]
    level 0: 1 / 1 cells occupied
    level 1: 2 / 8 cells occupied
    level 2: 4 / 64 cells occupied
    level 3: 6 / 512 cells occupied
    level 4: 6 / 4096 cells occupied
  Field[1] 'model_field' levels:4 dims:3
    bounds X:[-1.0000,1.0000] Y:[-1.0000,1.0000] Z:[-1.0000,1.0000]
    level 0: 1 / 1 cells occupied
    level 1: 6 / 8 cells occupied
    level 2: 28 / 64 cells occupied
    level 3: 96 / 512 cells occupied
    level 4: 140 / 4096 cells occupied

[F2: enable fetch timing]

---
=== HOLLOWS ENGINE ===
FPS: 125 | Pixel: 5.9ms | Input: 0.000ms | Texture: 1.166ms
Camera: [0.00, 0.00, 6.00]

--- DATA (valid / total) ---
  Bool               1 / 1
  Int                5 / 5
  I64                2 / 2
  F32                5 / 5
  F64                2 / 2
  CString            6 / 6
  Vec3               1 / 1
  Vertex             140 / 140
  Model              1 / 1
  Texture            1 / 1
  Bounds             6 / 6
  Debug_Stats        1 / 1
  FrameData          1 / 1
  Strings_Builder    1 / 1
  DataPoint          1 / 1
  Field              2 / 2
  Metadata           176 / 176
  TOTAL              352 / 352

--- FETCHES (edit / copy / set) ---
  Int                278 / 0 / 0
  I64                554 / 0 / 0
  F32                277 / 0 / 0
  F64                277 / 0 / 0
  Vec3               555 / 0 / 0
  Texture            277 / 0 / 0
  Debug_Stats        1385 / 0 / 0
  DataPoint          277 / 0 / 0
  Field              277 / 0 / 0

--- FIELD OCCUPANCY ---
  Field[0] 'world_field_meta' levels:4 dims:3
    bounds X:[-8.0000,8.0000] Y:[-8.0000,8.0000] Z:[-8.0000,8.0000]
    level 0: 1 / 1 cells occupied
    level 1: 2 / 8 cells occupied
    level 2: 4 / 64 cells occupied
    level 3: 6 / 512 cells occupied
    level 4: 6 / 4096 cells occupied
  Field[1] 'model_field' levels:4 dims:3
    bounds X:[-1.0000,1.0000] Y:[-1.0000,1.0000] Z:[-1.0000,1.0000]
    level 0: 1 / 1 cells occupied
    level 1: 6 / 8 cells occupied
    level 2: 28 / 64 cells occupied
    level 3: 96 / 512 cells occupied
    level 4: 140 / 4096 cells occupied

[F2: enable fetch timing]

---
=== HOLLOWS ENGINE ===
FPS: 149 | Pixel: 5.4ms | Input: 0.000ms | Texture: 1.169ms
Camera: [0.00, 0.00, 6.00]

--- DATA (valid / total) ---
  Bool               1 / 1
  Int                5 / 5
  I64                2 / 2
  F32                5 / 5
  F64                2 / 2
  CString            6 / 6
  Vec3               1 / 1
  Vertex             140 / 140
  Model              1 / 1
  Texture            1 / 1
  Bounds             6 / 6
  Debug_Stats        1 / 1
  FrameData          1 / 1
  Strings_Builder    1 / 1
  DataPoint          1 / 1
  Field              2 / 2
  Metadata           176 / 176
  TOTAL              352 / 352

--- FETCHES (edit / copy / set) ---
  Int                289 / 0 / 0
  I64                576 / 0 / 0
  F32                288 / 0 / 0
  F64                288 / 0 / 0
  Vec3               577 / 0 / 0
  Texture            288 / 0 / 0
  Debug_Stats        1440 / 0 / 0
  DataPoint          288 / 0 / 0
  Field              288 / 0 / 0

--- FIELD OCCUPANCY ---
  Field[0] 'world_field_meta' levels:4 dims:3
    bounds X:[-8.0000,8.0000] Y:[-8.0000,8.0000] Z:[-8.0000,8.0000]
    level 0: 1 / 1 cells occupied
    level 1: 2 / 8 cells occupied
    level 2: 4 / 64 cells occupied
    level 3: 6 / 512 cells occupied
    level 4: 6 / 4096 cells occupied
  Field[1] 'model_field' levels:4 dims:3
    bounds X:[-1.0000,1.0000] Y:[-1.0000,1.0000] Z:[-1.0000,1.0000]
    level 0: 1 / 1 cells occupied
    level 1: 6 / 8 cells occupied
    level 2: 28 / 64 cells occupied
    level 3: 96 / 512 cells occupied
    level 4: 140 / 4096 cells occupied

[F2: enable fetch timing]

---
=== HOLLOWS ENGINE ===
FPS: 150 | Pixel: 5.6ms | Input: 0.000ms | Texture: 1.183ms
Camera: [0.00, 0.00, 6.00]

--- DATA (valid / total) ---
  Bool               1 / 1
  Int                5 / 5
  I64                2 / 2
  F32                5 / 5
  F64                2 / 2
  CString            6 / 6
  Vec3               1 / 1
  Vertex             140 / 140
  Model              1 / 1
  Texture            1 / 1
  Bounds             6 / 6
  Debug_Stats        1 / 1
  FrameData          1 / 1
  Strings_Builder    1 / 1
  DataPoint          1 / 1
  Field              2 / 2
  Metadata           176 / 176
  TOTAL              352 / 352

--- FETCHES (edit / copy / set) ---
  Int                293 / 0 / 0
  I64                584 / 0 / 0
  F32                292 / 0 / 0
  F64                292 / 0 / 0
  Vec3               585 / 0 / 0
  Texture            292 / 0 / 0
  Debug_Stats        1460 / 0 / 0
  DataPoint          292 / 0 / 0
  Field              292 / 0 / 0

--- FIELD OCCUPANCY ---
  Field[0] 'world_field_meta' levels:4 dims:3
    bounds X:[-8.0000,8.0000] Y:[-8.0000,8.0000] Z:[-8.0000,8.0000]
    level 0: 1 / 1 cells occupied
    level 1: 2 / 8 cells occupied
    level 2: 4 / 64 cells occupied
    level 3: 6 / 512 cells occupied
    level 4: 6 / 4096 cells occupied
  Field[1] 'model_field' levels:4 dims:3
    bounds X:[-1.0000,1.0000] Y:[-1.0000,1.0000] Z:[-1.0000,1.0000]
    level 0: 1 / 1 cells occupied
    level 1: 6 / 8 cells occupied
    level 2: 28 / 64 cells occupied
    level 3: 96 / 512 cells occupied
    level 4: 140 / 4096 cells occupied

[F2: enable fetch timing]

---
=== HOLLOWS ENGINE ===
FPS: 127 | Pixel: 6.3ms | Input: 0.000ms | Texture: 1.211ms
Camera: [0.00, 0.00, 6.00]

--- DATA (valid / total) ---
  Bool               1 / 1
  Int                5 / 5
  I64                2 / 2
  F32                5 / 5
  F64                2 / 2
  CString            6 / 6
  Vec3               1 / 1
  Vertex             140 / 140
  Model              1 / 1
  Texture            1 / 1
  Bounds             6 / 6
  Debug_Stats        1 / 1
  FrameData          1 / 1
  Strings_Builder    1 / 1
  DataPoint          1 / 1
  Field              2 / 2
  Metadata           176 / 176
  TOTAL              352 / 352

--- FETCHES (edit / copy / set) ---
  Int                284 / 0 / 0
  I64                566 / 0 / 0
  F32                283 / 0 / 0
  F64                283 / 0 / 0
  Vec3               567 / 0 / 0
  Texture            283 / 0 / 0
  Debug_Stats        1415 / 0 / 0
  DataPoint          283 / 0 / 0
  Field              283 / 0 / 0

--- FIELD OCCUPANCY ---
  Field[0] 'world_field_meta' levels:4 dims:3
    bounds X:[-8.0000,8.0000] Y:[-8.0000,8.0000] Z:[-8.0000,8.0000]
    level 0: 1 / 1 cells occupied
    level 1: 2 / 8 cells occupied
    level 2: 4 / 64 cells occupied
    level 3: 6 / 512 cells occupied
    level 4: 6 / 4096 cells occupied
  Field[1] 'model_field' levels:4 dims:3
    bounds X:[-1.0000,1.0000] Y:[-1.0000,1.0000] Z:[-1.0000,1.0000]
    level 0: 1 / 1 cells occupied
    level 1: 6 / 8 cells occupied
    level 2: 28 / 64 cells occupied
    level 3: 96 / 512 cells occupied
    level 4: 140 / 4096 cells occupied

[F2: enable fetch timing]

---
=== HOLLOWS ENGINE ===
FPS: 119 | Pixel: 7.1ms | Input: 0.000ms | Texture: 1.136ms
Camera: [0.00, 0.00, 6.00]

--- DATA (valid / total) ---
  Bool               1 / 1
  Int                5 / 5
  I64                2 / 2
  F32                5 / 5
  F64                2 / 2
  CString            6 / 6
  Vec3               1 / 1
  Vertex             140 / 140
  Model              1 / 1
  Texture            1 / 1
  Bounds             6 / 6
  Debug_Stats        1 / 1
  FrameData          1 / 1
  Strings_Builder    1 / 1
  DataPoint          1 / 1
  Field              2 / 2
  Metadata           176 / 176
  TOTAL              352 / 352

--- FETCHES (edit / copy / set) ---
  Int                243 / 0 / 0
  I64                484 / 0 / 0
  F32                242 / 0 / 0
  F64                242 / 0 / 0
  Vec3               485 / 0 / 0
  Texture            242 / 0 / 0
  Debug_Stats        1210 / 0 / 0
  DataPoint          242 / 0 / 0
  Field              242 / 0 / 0

--- FIELD OCCUPANCY ---
  Field[0] 'world_field_meta' levels:4 dims:3
    bounds X:[-8.0000,8.0000] Y:[-8.0000,8.0000] Z:[-8.0000,8.0000]
    level 0: 1 / 1 cells occupied
    level 1: 2 / 8 cells occupied
    level 2: 4 / 64 cells occupied
    level 3: 6 / 512 cells occupied
    level 4: 6 / 4096 cells occupied
  Field[1] 'model_field' levels:4 dims:3
    bounds X:[-1.0000,1.0000] Y:[-1.0000,1.0000] Z:[-1.0000,1.0000]
    level 0: 1 / 1 cells occupied
    level 1: 6 / 8 cells occupied
    level 2: 28 / 64 cells occupied
    level 3: 96 / 512 cells occupied
    level 4: 140 / 4096 cells occupied

[F2: enable fetch timing]

---
=== HOLLOWS ENGINE ===
FPS: 128 | Pixel: 6.5ms | Input: 0.000ms | Texture: 1.142ms
Camera: [0.00, 0.00, 6.00]

--- DATA (valid / total) ---
  Bool               1 / 1
  Int                5 / 5
  I64                2 / 2
  F32                5 / 5
  F64                2 / 2
  CString            6 / 6
  Vec3               1 / 1
  Vertex             140 / 140
  Model              1 / 1
  Texture            1 / 1
  Bounds             6 / 6
  Debug_Stats        1 / 1
  FrameData          1 / 1
  Strings_Builder    1 / 1
  DataPoint          1 / 1
  Field              2 / 2
  Metadata           176 / 176
  TOTAL              352 / 352

--- FETCHES (edit / copy / set) ---
  Int                242 / 0 / 0
  I64                482 / 0 / 0
  F32                241 / 0 / 0
  F64                241 / 0 / 0
  Vec3               483 / 0 / 0
  Texture            241 / 0 / 0
  Debug_Stats        1205 / 0 / 0
  DataPoint          241 / 0 / 0
  Field              241 / 0 / 0

--- FIELD OCCUPANCY ---
  Field[0] 'world_field_meta' levels:4 dims:3
    bounds X:[-8.0000,8.0000] Y:[-8.0000,8.0000] Z:[-8.0000,8.0000]
    level 0: 1 / 1 cells occupied
    level 1: 2 / 8 cells occupied
    level 2: 4 / 64 cells occupied
    level 3: 6 / 512 cells occupied
    level 4: 6 / 4096 cells occupied
  Field[1] 'model_field' levels:4 dims:3
    bounds X:[-1.0000,1.0000] Y:[-1.0000,1.0000] Z:[-1.0000,1.0000]
    level 0: 1 / 1 cells occupied
    level 1: 6 / 8 cells occupied
    level 2: 28 / 64 cells occupied
    level 3: 96 / 512 cells occupied
    level 4: 140 / 4096 cells occupied

[F2: enable fetch timing]

---
=== HOLLOWS ENGINE ===
FPS: 147 | Pixel: 5.5ms | Input: 0.000ms | Texture: 1.136ms
Camera: [0.00, 0.00, 6.00]

--- DATA (valid / total) ---
  Bool               1 / 1
  Int                5 / 5
  I64                2 / 2
  F32                5 / 5
  F64                2 / 2
  CString            6 / 6
  Vec3               1 / 1
  Vertex             140 / 140
  Model              1 / 1
  Texture            1 / 1
  Bounds             6 / 6
  Debug_Stats        1 / 1
  FrameData          1 / 1
  Strings_Builder    1 / 1
  DataPoint          1 / 1
  Field              2 / 2
  Metadata           176 / 176
  TOTAL              352 / 352

--- FETCHES (edit / copy / set) ---
  Int                274 / 0 / 0
  I64                546 / 0 / 0
  F32                273 / 0 / 0
  F64                273 / 0 / 0
  Vec3               547 / 0 / 0
  Texture            273 / 0 / 0
  Debug_Stats        1365 / 0 / 0
  DataPoint          273 / 0 / 0
  Field              273 / 0 / 0

--- FIELD OCCUPANCY ---
  Field[0] 'world_field_meta' levels:4 dims:3
    bounds X:[-8.0000,8.0000] Y:[-8.0000,8.0000] Z:[-8.0000,8.0000]
    level 0: 1 / 1 cells occupied
    level 1: 2 / 8 cells occupied
    level 2: 4 / 64 cells occupied
    level 3: 6 / 512 cells occupied
    level 4: 6 / 4096 cells occupied
  Field[1] 'model_field' levels:4 dims:3
    bounds X:[-1.0000,1.0000] Y:[-1.0000,1.0000] Z:[-1.0000,1.0000]
    level 0: 1 / 1 cells occupied
    level 1: 6 / 8 cells occupied
    level 2: 28 / 64 cells occupied
    level 3: 96 / 512 cells occupied
    level 4: 140 / 4096 cells occupied

[F2: enable fetch timing]

---
=== HOLLOWS ENGINE ===
FPS: 147 | Pixel: 5.6ms | Input: 0.000ms | Texture: 1.155ms
Camera: [0.00, 0.00, 6.00]

--- DATA (valid / total) ---
  Bool               1 / 1
  Int                5 / 5
  I64                2 / 2
  F32                5 / 5
  F64                2 / 2
  CString            6 / 6
  Vec3               1 / 1
  Vertex             140 / 140
  Model              1 / 1
  Texture            1 / 1
  Bounds             6 / 6
  Debug_Stats        1 / 1
  FrameData          1 / 1
  Strings_Builder    1 / 1
  DataPoint          1 / 1
  Field              2 / 2
  Metadata           176 / 176
  TOTAL              352 / 352

--- FETCHES (edit / copy / set) ---
  Int                294 / 0 / 0
  I64                586 / 0 / 0
  F32                293 / 0 / 0
  F64                293 / 0 / 0
  Vec3               587 / 0 / 0
  Texture            293 / 0 / 0
  Debug_Stats        1465 / 0 / 0
  DataPoint          293 / 0 / 0
  Field              293 / 0 / 0

--- FIELD OCCUPANCY ---
  Field[0] 'world_field_meta' levels:4 dims:3
    bounds X:[-8.0000,8.0000] Y:[-8.0000,8.0000] Z:[-8.0000,8.0000]
    level 0: 1 / 1 cells occupied
    level 1: 2 / 8 cells occupied
    level 2: 4 / 64 cells occupied
    level 3: 6 / 512 cells occupied
    level 4: 6 / 4096 cells occupied
  Field[1] 'model_field' levels:4 dims:3
    bounds X:[-1.0000,1.0000] Y:[-1.0000,1.0000] Z:[-1.0000,1.0000]
    level 0: 1 / 1 cells occupied
    level 1: 6 / 8 cells occupied
    level 2: 28 / 64 cells occupied
    level 3: 96 / 512 cells occupied
    level 4: 140 / 4096 cells occupied

[F2: enable fetch timing]

---
=== HOLLOWS ENGINE ===
FPS: 150 | Pixel: 5.4ms | Input: 0.000ms | Texture: 1.139ms
Camera: [0.00, 0.00, 6.00]

--- DATA (valid / total) ---
  Bool               1 / 1
  Int                5 / 5
  I64                2 / 2
  F32                5 / 5
  F64                2 / 2
  CString            6 / 6
  Vec3               1 / 1
  Vertex             140 / 140
  Model              1 / 1
  Texture            1 / 1
  Bounds             6 / 6
  Debug_Stats        1 / 1
  FrameData          1 / 1
  Strings_Builder    1 / 1
  DataPoint          1 / 1
  Field              2 / 2
  Metadata           176 / 176
  TOTAL              352 / 352

--- FETCHES (edit / copy / set) ---
  Int                286 / 0 / 0
  I64                570 / 0 / 0
  F32                285 / 0 / 0
  F64                285 / 0 / 0
  Vec3               571 / 0 / 0
  Texture            285 / 0 / 0
  Debug_Stats        1425 / 0 / 0
  DataPoint          285 / 0 / 0
  Field              285 / 0 / 0

--- FIELD OCCUPANCY ---
  Field[0] 'world_field_meta' levels:4 dims:3
    bounds X:[-8.0000,8.0000] Y:[-8.0000,8.0000] Z:[-8.0000,8.0000]
    level 0: 1 / 1 cells occupied
    level 1: 2 / 8 cells occupied
    level 2: 4 / 64 cells occupied
    level 3: 6 / 512 cells occupied
    level 4: 6 / 4096 cells occupied
  Field[1] 'model_field' levels:4 dims:3
    bounds X:[-1.0000,1.0000] Y:[-1.0000,1.0000] Z:[-1.0000,1.0000]
    level 0: 1 / 1 cells occupied
    level 1: 6 / 8 cells occupied
    level 2: 28 / 64 cells occupied
    level 3: 96 / 512 cells occupied
    level 4: 140 / 4096 cells occupied

[F2: enable fetch timing]

---
=== HOLLOWS ENGINE ===
FPS: 137 | Pixel: 6.0ms | Input: 0.000ms | Texture: 1.179ms
Camera: [0.00, 0.00, 6.00]

--- DATA (valid / total) ---
  Bool               1 / 1
  Int                5 / 5
  I64                2 / 2
  F32                5 / 5
  F64                2 / 2
  CString            6 / 6
  Vec3               1 / 1
  Vertex             140 / 140
  Model              1 / 1
  Texture            1 / 1
  Bounds             6 / 6
  Debug_Stats        1 / 1
  FrameData          1 / 1
  Strings_Builder    1 / 1
  DataPoint          1 / 1
  Field              2 / 2
  Metadata           176 / 176
  TOTAL              352 / 352

--- FETCHES (edit / copy / set) ---
  Int                285 / 0 / 0
  I64                568 / 0 / 0
  F32                284 / 0 / 0
  F64                284 / 0 / 0
  Vec3               569 / 0 / 0
  Texture            284 / 0 / 0
  Debug_Stats        1420 / 0 / 0
  DataPoint          284 / 0 / 0
  Field              284 / 0 / 0

--- FIELD OCCUPANCY ---
  Field[0] 'world_field_meta' levels:4 dims:3
    bounds X:[-8.0000,8.0000] Y:[-8.0000,8.0000] Z:[-8.0000,8.0000]
    level 0: 1 / 1 cells occupied
    level 1: 2 / 8 cells occupied
    level 2: 4 / 64 cells occupied
    level 3: 6 / 512 cells occupied
    level 4: 6 / 4096 cells occupied
  Field[1] 'model_field' levels:4 dims:3
    bounds X:[-1.0000,1.0000] Y:[-1.0000,1.0000] Z:[-1.0000,1.0000]
    level 0: 1 / 1 cells occupied
    level 1: 6 / 8 cells occupied
    level 2: 28 / 64 cells occupied
    level 3: 96 / 512 cells occupied
    level 4: 140 / 4096 cells occupied

[F2: enable fetch timing]

---
=== HOLLOWS ENGINE ===
FPS: 125 | Pixel: 6.7ms | Input: 0.000ms | Texture: 1.140ms
Camera: [0.00, 0.00, 6.00]

--- DATA (valid / total) ---
  Bool               1 / 1
  Int                5 / 5
  I64                2 / 2
  F32                5 / 5
  F64                2 / 2
  CString            6 / 6
  Vec3               1 / 1
  Vertex             140 / 140
  Model              1 / 1
  Texture            1 / 1
  Bounds             6 / 6
  Debug_Stats        1 / 1
  FrameData          1 / 1
  Strings_Builder    1 / 1
  DataPoint          1 / 1
  Field              2 / 2
  Metadata           176 / 176
  TOTAL              352 / 352

--- FETCHES (edit / copy / set) ---
  Int                262 / 0 / 0
  I64                522 / 0 / 0
  F32                261 / 0 / 0
  F64                261 / 0 / 0
  Vec3               523 / 0 / 0
  Texture            261 / 0 / 0
  Debug_Stats        1305 / 0 / 0
  DataPoint          261 / 0 / 0
  Field              261 / 0 / 0

--- FIELD OCCUPANCY ---
  Field[0] 'world_field_meta' levels:4 dims:3
    bounds X:[-8.0000,8.0000] Y:[-8.0000,8.0000] Z:[-8.0000,8.0000]
    level 0: 1 / 1 cells occupied
    level 1: 2 / 8 cells occupied
    level 2: 4 / 64 cells occupied
    level 3: 6 / 512 cells occupied
    level 4: 6 / 4096 cells occupied
  Field[1] 'model_field' levels:4 dims:3
    bounds X:[-1.0000,1.0000] Y:[-1.0000,1.0000] Z:[-1.0000,1.0000]
    level 0: 1 / 1 cells occupied
    level 1: 6 / 8 cells occupied
    level 2: 28 / 64 cells occupied
    level 3: 96 / 512 cells occupied
    level 4: 140 / 4096 cells occupied

[F2: enable fetch timing]

---
=== HOLLOWS ENGINE ===
FPS: 112 | Pixel: 7.5ms | Input: 0.000ms | Texture: 1.145ms
Camera: [0.00, 0.00, 6.00]

--- DATA (valid / total) ---
  Bool               1 / 1
  Int                5 / 5
  I64                2 / 2
  F32                5 / 5
  F64                2 / 2
  CString            6 / 6
  Vec3               1 / 1
  Vertex             140 / 140
  Model              1 / 1
  Texture            1 / 1
  Bounds             6 / 6
  Debug_Stats        1 / 1
  FrameData          1 / 1
  Strings_Builder    1 / 1
  DataPoint          1 / 1
  Field              2 / 2
  Metadata           176 / 176
  TOTAL              352 / 352

--- FETCHES (edit / copy / set) ---
  Int                235 / 0 / 0
  I64                468 / 0 / 0
  F32                234 / 0 / 0
  F64                234 / 0 / 0
  Vec3               469 / 0 / 0
  Texture            234 / 0 / 0
  Debug_Stats        1170 / 0 / 0
  DataPoint          234 / 0 / 0
  Field              234 / 0 / 0

--- FIELD OCCUPANCY ---
  Field[0] 'world_field_meta' levels:4 dims:3
    bounds X:[-8.0000,8.0000] Y:[-8.0000,8.0000] Z:[-8.0000,8.0000]
    level 0: 1 / 1 cells occupied
    level 1: 2 / 8 cells occupied
    level 2: 4 / 64 cells occupied
    level 3: 6 / 512 cells occupied
    level 4: 6 / 4096 cells occupied
  Field[1] 'model_field' levels:4 dims:3
    bounds X:[-1.0000,1.0000] Y:[-1.0000,1.0000] Z:[-1.0000,1.0000]
    level 0: 1 / 1 cells occupied
    level 1: 6 / 8 cells occupied
    level 2: 28 / 64 cells occupied
    level 3: 96 / 512 cells occupied
    level 4: 140 / 4096 cells occupied

[F2: enable fetch timing]

---
=== HOLLOWS ENGINE ===
FPS: 113 | Pixel: 7.3ms | Input: 0.000ms | Texture: 1.365ms
Camera: [0.00, 0.00, 6.00]

--- DATA (valid / total) ---
  Bool               1 / 1
  Int                5 / 5
  I64                2 / 2
  F32                5 / 5
  F64                2 / 2
  CString            6 / 6
  Vec3               1 / 1
  Vertex             140 / 140
  Model              1 / 1
  Texture            1 / 1
  Bounds             6 / 6
  Debug_Stats        1 / 1
  FrameData          1 / 1
  Strings_Builder    1 / 1
  DataPoint          1 / 1
  Field              2 / 2
  Metadata           176 / 176
  TOTAL              352 / 352

--- FETCHES (edit / copy / set) ---
  Int                224 / 0 / 0
  I64                446 / 0 / 0
  F32                223 / 0 / 0
  F64                223 / 0 / 0
  Vec3               447 / 0 / 0
  Texture            223 / 0 / 0
  Debug_Stats        1115 / 0 / 0
  DataPoint          223 / 0 / 0
  Field              223 / 0 / 0

--- FIELD OCCUPANCY ---
  Field[0] 'world_field_meta' levels:4 dims:3
    bounds X:[-8.0000,8.0000] Y:[-8.0000,8.0000] Z:[-8.0000,8.0000]
    level 0: 1 / 1 cells occupied
    level 1: 2 / 8 cells occupied
    level 2: 4 / 64 cells occupied
    level 3: 6 / 512 cells occupied
    level 4: 6 / 4096 cells occupied
  Field[1] 'model_field' levels:4 dims:3
    bounds X:[-1.0000,1.0000] Y:[-1.0000,1.0000] Z:[-1.0000,1.0000]
    level 0: 1 / 1 cells occupied
    level 1: 6 / 8 cells occupied
    level 2: 28 / 64 cells occupied
    level 3: 96 / 512 cells occupied
    level 4: 140 / 4096 cells occupied

[F2: enable fetch timing]

---
=== HOLLOWS ENGINE ===
FPS: 119 | Pixel: 6.9ms | Input: 0.000ms | Texture: 1.149ms
Camera: [0.00, 0.00, 6.00]

--- DATA (valid / total) ---
  Bool               1 / 1
  Int                5 / 5
  I64                2 / 2
  F32                5 / 5
  F64                2 / 2
  CString            6 / 6
  Vec3               1 / 1
  Vertex             140 / 140
  Model              1 / 1
  Texture            1 / 1
  Bounds             6 / 6
  Debug_Stats        1 / 1
  FrameData          1 / 1
  Strings_Builder    1 / 1
  DataPoint          1 / 1
  Field              2 / 2
  Metadata           176 / 176
  TOTAL              352 / 352

--- FETCHES (edit / copy / set) ---
  Int                235 / 0 / 0
  I64                468 / 0 / 0
  F32                234 / 0 / 0
  F64                234 / 0 / 0
  Vec3               469 / 0 / 0
  Texture            234 / 0 / 0
  Debug_Stats        1170 / 0 / 0
  DataPoint          234 / 0 / 0
  Field              234 / 0 / 0

--- FIELD OCCUPANCY ---
  Field[0] 'world_field_meta' levels:4 dims:3
    bounds X:[-8.0000,8.0000] Y:[-8.0000,8.0000] Z:[-8.0000,8.0000]
    level 0: 1 / 1 cells occupied
    level 1: 2 / 8 cells occupied
    level 2: 4 / 64 cells occupied
    level 3: 6 / 512 cells occupied
    level 4: 6 / 4096 cells occupied
  Field[1] 'model_field' levels:4 dims:3
    bounds X:[-1.0000,1.0000] Y:[-1.0000,1.0000] Z:[-1.0000,1.0000]
    level 0: 1 / 1 cells occupied
    level 1: 6 / 8 cells occupied
    level 2: 28 / 64 cells occupied
    level 3: 96 / 512 cells occupied
    level 4: 140 / 4096 cells occupied

[F2: enable fetch timing]

---
=== HOLLOWS ENGINE ===
FPS: 135 | Pixel: 6.1ms | Input: 0.000ms | Texture: 1.190ms
Camera: [0.00, 0.00, 6.00]

--- DATA (valid / total) ---
  Bool               1 / 1
  Int                5 / 5
  I64                2 / 2
  F32                5 / 5
  F64                2 / 2
  CString            6 / 6
  Vec3               1 / 1
  Vertex             140 / 140
  Model              1 / 1
  Texture            1 / 1
  Bounds             6 / 6
  Debug_Stats        1 / 1
  FrameData          1 / 1
  Strings_Builder    1 / 1
  DataPoint          1 / 1
  Field              2 / 2
  Metadata           176 / 176
  TOTAL              352 / 352

--- FETCHES (edit / copy / set) ---
  Int                257 / 0 / 0
  I64                512 / 0 / 0
  F32                256 / 0 / 0
  F64                256 / 0 / 0
  Vec3               513 / 0 / 0
  Texture            256 / 0 / 0
  Debug_Stats        1280 / 0 / 0
  DataPoint          256 / 0 / 0
  Field              256 / 0 / 0

--- FIELD OCCUPANCY ---
  Field[0] 'world_field_meta' levels:4 dims:3
    bounds X:[-8.0000,8.0000] Y:[-8.0000,8.0000] Z:[-8.0000,8.0000]
    level 0: 1 / 1 cells occupied
    level 1: 2 / 8 cells occupied
    level 2: 4 / 64 cells occupied
    level 3: 6 / 512 cells occupied
    level 4: 6 / 4096 cells occupied
  Field[1] 'model_field' levels:4 dims:3
    bounds X:[-1.0000,1.0000] Y:[-1.0000,1.0000] Z:[-1.0000,1.0000]
    level 0: 1 / 1 cells occupied
    level 1: 6 / 8 cells occupied
    level 2: 28 / 64 cells occupied
    level 3: 96 / 512 cells occupied
    level 4: 140 / 4096 cells occupied

[F2: enable fetch timing]

---
=== HOLLOWS ENGINE ===
FPS: 142 | Pixel: 5.9ms | Input: 0.000ms | Texture: 1.160ms
Camera: [0.00, 0.00, 6.00]

--- DATA (valid / total) ---
  Bool               1 / 1
  Int                5 / 5
  I64                2 / 2
  F32                5 / 5
  F64                2 / 2
  CString            6 / 6
  Vec3               1 / 1
  Vertex             140 / 140
  Model              1 / 1
  Texture            1 / 1
  Bounds             6 / 6
  Debug_Stats        1 / 1
  FrameData          1 / 1
  Strings_Builder    1 / 1
  DataPoint          1 / 1
  Field              2 / 2
  Metadata           176 / 176
  TOTAL              352 / 352

--- FETCHES (edit / copy / set) ---
  Int                279 / 0 / 0
  I64                556 / 0 / 0
  F32                278 / 0 / 0
  F64                278 / 0 / 0
  Vec3               557 / 0 / 0
  Texture            278 / 0 / 0
  Debug_Stats        1390 / 0 / 0
  DataPoint          278 / 0 / 0
  Field              278 / 0 / 0

--- FIELD OCCUPANCY ---
  Field[0] 'world_field_meta' levels:4 dims:3
    bounds X:[-8.0000,8.0000] Y:[-8.0000,8.0000] Z:[-8.0000,8.0000]
    level 0: 1 / 1 cells occupied
    level 1: 2 / 8 cells occupied
    level 2: 4 / 64 cells occupied
    level 3: 6 / 512 cells occupied
    level 4: 6 / 4096 cells occupied
  Field[1] 'model_field' levels:4 dims:3
    bounds X:[-1.0000,1.0000] Y:[-1.0000,1.0000] Z:[-1.0000,1.0000]
    level 0: 1 / 1 cells occupied
    level 1: 6 / 8 cells occupied
    level 2: 28 / 64 cells occupied
    level 3: 96 / 512 cells occupied
    level 4: 140 / 4096 cells occupied

[F2: enable fetch timing]

---
=== HOLLOWS ENGINE ===
FPS: 145 | Pixel: 5.6ms | Input: 0.000ms | Texture: 1.196ms
Camera: [0.00, 0.00, 6.00]

--- DATA (valid / total) ---
  Bool               1 / 1
  Int                5 / 5
  I64                2 / 2
  F32                5 / 5
  F64                2 / 2
  CString            6 / 6
  Vec3               1 / 1
  Vertex             140 / 140
  Model              1 / 1
  Texture            1 / 1
  Bounds             6 / 6
  Debug_Stats        1 / 1
  FrameData          1 / 1
  Strings_Builder    1 / 1
  DataPoint          1 / 1
  Field              2 / 2
  Metadata           176 / 176
  TOTAL              352 / 352

--- FETCHES (edit / copy / set) ---
  Int                278 / 0 / 0
  I64                554 / 0 / 0
  F32                277 / 0 / 0
  F64                277 / 0 / 0
  Vec3               555 / 0 / 0
  Texture            277 / 0 / 0
  Debug_Stats        1385 / 0 / 0
  DataPoint          277 / 0 / 0
  Field              277 / 0 / 0

--- FIELD OCCUPANCY ---
  Field[0] 'world_field_meta' levels:4 dims:3
    bounds X:[-8.0000,8.0000] Y:[-8.0000,8.0000] Z:[-8.0000,8.0000]
    level 0: 1 / 1 cells occupied
    level 1: 2 / 8 cells occupied
    level 2: 4 / 64 cells occupied
    level 3: 6 / 512 cells occupied
    level 4: 6 / 4096 cells occupied
  Field[1] 'model_field' levels:4 dims:3
    bounds X:[-1.0000,1.0000] Y:[-1.0000,1.0000] Z:[-1.0000,1.0000]
    level 0: 1 / 1 cells occupied
    level 1: 6 / 8 cells occupied
    level 2: 28 / 64 cells occupied
    level 3: 96 / 512 cells occupied
    level 4: 140 / 4096 cells occupied

[F2: enable fetch timing]

---
=== HOLLOWS ENGINE ===
FPS: 146 | Pixel: 5.4ms | Input: 0.000ms | Texture: 1.136ms
Camera: [0.00, 0.00, 6.00]

--- DATA (valid / total) ---
  Bool               1 / 1
  Int                5 / 5
  I64                2 / 2
  F32                5 / 5
  F64                2 / 2
  CString            6 / 6
  Vec3               1 / 1
  Vertex             140 / 140
  Model              1 / 1
  Texture            1 / 1
  Bounds             6 / 6
  Debug_Stats        1 / 1
  FrameData          1 / 1
  Strings_Builder    1 / 1
  DataPoint          1 / 1
  Field              2 / 2
  Metadata           176 / 176
  TOTAL              352 / 352

--- FETCHES (edit / copy / set) ---
  Int                297 / 0 / 0
  I64                592 / 0 / 0
  F32                296 / 0 / 0
  F64                296 / 0 / 0
  Vec3               593 / 0 / 0
  Texture            296 / 0 / 0
  Debug_Stats        1480 / 0 / 0
  DataPoint          296 / 0 / 0
  Field              296 / 0 / 0

--- FIELD OCCUPANCY ---
  Field[0] 'world_field_meta' levels:4 dims:3
    bounds X:[-8.0000,8.0000] Y:[-8.0000,8.0000] Z:[-8.0000,8.0000]
    level 0: 1 / 1 cells occupied
    level 1: 2 / 8 cells occupied
    level 2: 4 / 64 cells occupied
    level 3: 6 / 512 cells occupied
    level 4: 6 / 4096 cells occupied
  Field[1] 'model_field' levels:4 dims:3
    bounds X:[-1.0000,1.0000] Y:[-1.0000,1.0000] Z:[-1.0000,1.0000]
    level 0: 1 / 1 cells occupied
    level 1: 6 / 8 cells occupied
    level 2: 28 / 64 cells occupied
    level 3: 96 / 512 cells occupied
    level 4: 140 / 4096 cells occupied

[F2: enable fetch timing]

---
=== HOLLOWS ENGINE ===
FPS: 130 | Pixel: 6.4ms | Input: 0.000ms | Texture: 1.159ms
Camera: [0.00, 0.00, 6.00]

--- DATA (valid / total) ---
  Bool               1 / 1
  Int                5 / 5
  I64                2 / 2
  F32                5 / 5
  F64                2 / 2
  CString            6 / 6
  Vec3               1 / 1
  Vertex             140 / 140
  Model              1 / 1
  Texture            1 / 1
  Bounds             6 / 6
  Debug_Stats        1 / 1
  FrameData          1 / 1
  Strings_Builder    1 / 1
  DataPoint          1 / 1
  Field              2 / 2
  Metadata           176 / 176
  TOTAL              352 / 352

--- FETCHES (edit / copy / set) ---
  Int                281 / 0 / 0
  I64                560 / 0 / 0
  F32                280 / 0 / 0
  F64                280 / 0 / 0
  Vec3               561 / 0 / 0
  Texture            280 / 0 / 0
  Debug_Stats        1400 / 0 / 0
  DataPoint          280 / 0 / 0
  Field              280 / 0 / 0

--- FIELD OCCUPANCY ---
  Field[0] 'world_field_meta' levels:4 dims:3
    bounds X:[-8.0000,8.0000] Y:[-8.0000,8.0000] Z:[-8.0000,8.0000]
    level 0: 1 / 1 cells occupied
    level 1: 2 / 8 cells occupied
    level 2: 4 / 64 cells occupied
    level 3: 6 / 512 cells occupied
    level 4: 6 / 4096 cells occupied
  Field[1] 'model_field' levels:4 dims:3
    bounds X:[-1.0000,1.0000] Y:[-1.0000,1.0000] Z:[-1.0000,1.0000]
    level 0: 1 / 1 cells occupied
    level 1: 6 / 8 cells occupied
    level 2: 28 / 64 cells occupied
    level 3: 96 / 512 cells occupied
    level 4: 140 / 4096 cells occupied

[F2: enable fetch timing]

---
=== HOLLOWS ENGINE ===
FPS: 119 | Pixel: 7.2ms | Input: 0.000ms | Texture: 1.178ms
Camera: [0.00, 0.00, 6.00]

--- DATA (valid / total) ---
  Bool               1 / 1
  Int                5 / 5
  I64                2 / 2
  F32                5 / 5
  F64                2 / 2
  CString            6 / 6
  Vec3               1 / 1
  Vertex             140 / 140
  Model              1 / 1
  Texture            1 / 1
  Bounds             6 / 6
  Debug_Stats        1 / 1
  FrameData          1 / 1
  Strings_Builder    1 / 1
  DataPoint          1 / 1
  Field              2 / 2
  Metadata           176 / 176
  TOTAL              352 / 352

--- FETCHES (edit / copy / set) ---
  Int                240 / 0 / 0
  I64                478 / 0 / 0
  F32                239 / 0 / 0
  F64                239 / 0 / 0
  Vec3               479 / 0 / 0
  Texture            239 / 0 / 0
  Debug_Stats        1195 / 0 / 0
  DataPoint          239 / 0 / 0
  Field              239 / 0 / 0

--- FIELD OCCUPANCY ---
  Field[0] 'world_field_meta' levels:4 dims:3
    bounds X:[-8.0000,8.0000] Y:[-8.0000,8.0000] Z:[-8.0000,8.0000]
    level 0: 1 / 1 cells occupied
    level 1: 2 / 8 cells occupied
    level 2: 4 / 64 cells occupied
    level 3: 6 / 512 cells occupied
    level 4: 6 / 4096 cells occupied
  Field[1] 'model_field' levels:4 dims:3
    bounds X:[-1.0000,1.0000] Y:[-1.0000,1.0000] Z:[-1.0000,1.0000]
    level 0: 1 / 1 cells occupied
    level 1: 6 / 8 cells occupied
    level 2: 28 / 64 cells occupied
    level 3: 96 / 512 cells occupied
    level 4: 140 / 4096 cells occupied

[F2: enable fetch timing]

---
=== HOLLOWS ENGINE ===
FPS: 127 | Pixel: 6.4ms | Input: 0.000ms | Texture: 1.146ms
Camera: [0.00, 0.00, 6.00]

--- DATA (valid / total) ---
  Bool               1 / 1
  Int                5 / 5
  I64                2 / 2
  F32                5 / 5
  F64                2 / 2
  CString            6 / 6
  Vec3               1 / 1
  Vertex             140 / 140
  Model              1 / 1
  Texture            1 / 1
  Bounds             6 / 6
  Debug_Stats        1 / 1
  FrameData          1 / 1
  Strings_Builder    1 / 1
  DataPoint          1 / 1
  Field              2 / 2
  Metadata           176 / 176
  TOTAL              352 / 352

--- FETCHES (edit / copy / set) ---
  Int                241 / 0 / 0
  I64                480 / 0 / 0
  F32                240 / 0 / 0
  F64                240 / 0 / 0
  Vec3               481 / 0 / 0
  Texture            240 / 0 / 0
  Debug_Stats        1200 / 0 / 0
  DataPoint          240 / 0 / 0
  Field              240 / 0 / 0

--- FIELD OCCUPANCY ---
  Field[0] 'world_field_meta' levels:4 dims:3
    bounds X:[-8.0000,8.0000] Y:[-8.0000,8.0000] Z:[-8.0000,8.0000]
    level 0: 1 / 1 cells occupied
    level 1: 2 / 8 cells occupied
    level 2: 4 / 64 cells occupied
    level 3: 6 / 512 cells occupied
    level 4: 6 / 4096 cells occupied
  Field[1] 'model_field' levels:4 dims:3
    bounds X:[-1.0000,1.0000] Y:[-1.0000,1.0000] Z:[-1.0000,1.0000]
    level 0: 1 / 1 cells occupied
    level 1: 6 / 8 cells occupied
    level 2: 28 / 64 cells occupied
    level 3: 96 / 512 cells occupied
    level 4: 140 / 4096 cells occupied

[F2: enable fetch timing]

---
